id,title,reason
19980101-01-001,迈向充满希望的新世纪——一九九八年新年讲话(附图片1张),no_topic
19980101-01-002,在十五大精神指引下胜利前进——元旦献辞,no_topic
19980101-01-004,李鹏在北京考察企业,no_topic
19980101-01-005,挂起红灯迎新年(图片),short_body
19980101-02-001,全总致全国各族职工慰问信,no_topic
19980101-02-002,"忠诚的共产主义战士,久经考验的无产阶级革命家刘澜涛同志逝世",no_topic
19980101-02-003,党中央国务院关心西藏雪灾救灾工作,no_topic
19980101-02-004,明天气象预报(1998年元月1日20时—元月2日20时),short_body
19980101-02-005,国务院侨办发表新年贺词,no_topic
19980101-02-006,我国将实行播音员主持人持证上岗制度,no_topic
19980101-02-008,于永波会见全军和武警先进典型代表时指出,no_topic
19980101-02-009,沿淮工业污染源达标排放淮河治污第一战役告捷,no_topic
19980101-02-010,九七中国旅游年圆满结束九八华夏城乡游隆重启幕罗干出席开幕式,no_topic
19980101-02-011,冰雕童话世界(图片),short_body
19980101-02-012,外交部发言人谈明年外交工作重点全方位推行独立自主和平外交政策,no_topic
19980101-02-013,胜利海上油田产油创新高,no_topic
19980101-02-014,延安供水工程建成通水,no_topic
19980101-02-015,大连港年吞吐量超七千万吨,no_topic
19980101-03-001,还应坚持『能力支付』原则,no_topic
19980101-03-002,塔拉尔将出任巴基斯坦总统,no_topic
19980101-03-003,中南外长高度评价两国建交,no_topic
19980101-03-004,中南外长联合举行记者招待会阐述两国关系和对台湾问题立场,no_topic
19980101-03-005,外国政要回首1997年俄总统:经济停止下滑趋势,no_topic
19980101-03-006,致读者,title_length
19980101-03-007,世界人口增长形势依然严峻专家预计本世纪内将超过60亿,no_topic
19980101-03-008,钱其琛访问德班,no_topic
19980101-03-009,老挝国会主席会见何鲁丽,no_topic
19980101-03-010,美国马里兰州盖茨堡镇举办新年灯展(图片),short_body
19980101-03-011,越总理谈今年工作指导方针,no_topic
19980101-03-012,苏丹总统强调实现全国和解,no_topic
19980101-03-013,中国驻突尼斯大使吴传福12月30日代表中国政府向突尼斯“全国互助基金”无偿提供了价值300万人民币的录像机、照相机、电脑以及各种球类等体育用品和设备。(本报专电),title_length
19980101-03-014,"中国政府向马达加斯加政府赠送价值50万人民币的药品和医疗器械的交接仪式12月30日在塔那那利佛举行。中国政府自1975年向马派遣医疗队以来,每年都向马方赠送药品和医疗器械。中国驻马大使赵宝珍和马卫生部长昂里埃特女士出席了交接仪式。",title_length
19980101-03-015,"截至1997年底,利用中国政府向蒙古政府提供的无息贷款而建成的11个中小型项目,已陆续移交给蒙方。蒙古对外关系部长阿勒坦格列尔和中国驻蒙古大使齐治家日前分别代表本国政府在交接证书上签字。已交给蒙古政府的11个项目中有煤矿、水电站、裘皮加工厂、洗衣粉厂、公路沥青厂、瓦楞纸板箱厂、油漆厂、兽药厂、牛血提取SOD(超氧化物化歧化酶)厂等。",title_length
19980101-03-016,"中国首次制造和首批出口的80多个多用途液体罐式集装箱12月30日在达累斯萨拉姆顺利通过坦赞铁路局的验收,开始在坦赞铁路线上投入使用。",title_length
19980101-05-001,阔步迈向新世纪(附图片8张),no_topic
19980101-07-001,唱国歌与写杂文,no_topic
19980101-07-002,黄土地上的蒲公英(外一首),no_topic
19980101-07-003,迎虎年(书法),short_body
19980101-07-004,凝眸岁月,title_length
19980101-07-005,温馨的贺卡,no_topic
19980101-07-006,贺新年(附图片4张),short_body
19980101-07-007,细语(中国画),short_body
19980101-07-008,我爱逛农贸市场,no_topic
19980101-07-009,新年的祝福(二首),no_topic
19980101-07-010,国泰民安(篆刻),short_body
19980102-01-001,在全国政协新年茶话会上的讲话,no_topic
19980102-01-002,全国政协举行新年茶话会欢聚一堂庆佳节团结一致展宏图,no_topic
19980102-01-003,北国有寒趣南疆闻花香各地群众喜庆元旦,no_topic
19980102-01-005,我驻南非大使馆开馆钱其琛揭牌并讲话,no_topic
19980102-01-006,农民乐队新年为群众义演(图片),short_body
19980102-02-001,黑龙江:省领导走访慰问困难职工,no_topic
19980102-02-002,图片新闻,title_length
19980102-02-003,南京:给特困户解决困难,no_topic
19980102-02-004,重庆:关怀孤寡老人,no_topic
19980102-02-005,济南:多管齐下为民解困,no_topic
19980102-02-006,明天气象预报(1月2日20时—3日20时),no_topic
19980102-02-007,华夏城乡游首迎式在沪举行罗干及近千名海内外游客出席欢庆活动,no_topic
19980102-02-008,居民生活如常事业蒸蒸日上香港特区政府发表回归半年大事录,no_topic
19980102-02-009,澳门舆论发表社论评论中国成就斐然前程锦绣,no_topic
19980102-02-010,香港报纸刊登新年致词香港正朝着美好明天发展,no_topic
19980102-02-011,香港各界举行活动喜庆元旦,no_topic
19980102-02-012,京沪元旦登高活动别具一格万人奋勇争先电视双向传送,no_topic
19980102-02-013,汪道涵在《两岸关系》杂志发表新年祝辞一年春事早耕耘,no_topic
19980102-02-014,较强冷空气将影响我国大部地区,no_topic
19980102-03-001,各国政要发表新年贺词,no_topic
19980102-03-002,使馆来了小客人(附图片1张),no_topic
19980102-03-003,激动人心的时刻(附图片1张),no_topic
19980102-03-004,南非华人华侨庆祝中南建交,no_topic
19980102-03-005,中国常驻联合国代表秦华孙说我多边外交赢得广泛好评,no_topic
19980102-03-006,巴基斯坦新总统宣誓就职,no_topic
19980102-03-007,"赞比亚总统奇卢巴去年十二月三十一日下令释放上周被拘留的前总统、赞最大反对党联合民族独立党领导人卡翁达,但将其软禁家中。奇卢巴在总统府举行记者招待会时当场签署了总统令,命令警方把被拘留的卡翁达送出监狱并将其软禁在他在卢萨卡的家中。奇卢巴说:『在软禁期间,警察将对卡翁达进行看管,在警方对政变进行的调查全部结束之前,禁止他从事一切政治活动。』",title_length
19980102-03-008,"俄罗斯联邦边防局一日发表通告说,该局管辖下的边防军将从今年开始改组为边防警卫队。俄边防军改组的一个重要内容是分阶段把边防军拥有的重武器转交给国防部。这些重武器包括二分之一的步兵战车和装甲车,一百毫米以上口径的火炮、米24式战斗直升机。以及其他不适于用来保卫国界的技术兵器。通告同时强调,边防军改组以不损害其战斗力为前提。",title_length
19980102-03-009,"以色列政府决定自一日起对巴勒斯坦自治区的农副产品开放市场,放宽进口限制,以满足以国内市场对农副产品的需求。这项决定是以色列农业部经过多次协商后于日前作出的。以农业部认为,增加从巴自治区进口农副产品将导致以色列市场的蔬菜和水果价格下降,有利于以国内消费者,从长远观点看,也有利于平衡以巴农副产品价格和促进双方经济的发展。",title_length
19980102-03-010,"印度尼西亚财政部长马里十二月三十一日在雅加达宣布,印尼政府决定将四家国营银行合并成一个新的银行,并允许外国银行在印尼国营银行中参股。据宣布,将被合并的四家银行是大地银行、国家商业银行、进出口银行和印度尼西亚建设银行。合并工作最迟在一九九八年七月三十一日完成。",title_length
19980102-03-011,"瑞士的科学家们目前正借助激光冷却原子的技术,研制世界上迄今为止最精确的原子钟,其精确程度将为每三千万年误差一秒。据介绍,激光冷却原子的技术是一九九七年诺贝尔物理奖获得者们的科研成果,其原理是利用激光束俘获原子以减缓其运行速度,从而使其降温。这一新技术可以使原子钟的精度比目前提高十倍。",title_length
19980102-04-002,待到山花烂漫时——记花鸟画家、美术教育家孙其峰先生(附图片1张),multiple_topics
19980102-04-003,一元复始(篆刻),short_body
19980102-04-004,『中国青年油画展』初现新世纪油画走向,no_topic
19980102-04-005,特型演员出版书画集,short_body
19980102-04-006,黄河腹地的回声——山西画院作品展在京举行(附图片3张),no_topic
19980102-04-007,万象更新(篆刻),short_body
19980103-01-002,人民没有忘记——访孔繁森、李润五、马恩华的亲人(附图片1张),no_topic
19980103-01-004,节前的文化科技卫生三下乡活动(图片),short_body
19980103-01-005,人车分流减少堵塞净化环境重庆综合整治市区交通,no_topic
19980103-01-006,各地青年志愿者开展义务服务假日献真情新年树新风,no_topic
19980103-01-007,给黄土地“拜年”,no_topic
19980103-02-001,云南建成第一条高架公路(图片),short_body
19980103-02-002,大批藏文古代经典得到整理保护,no_topic
19980103-02-004,都市里的村庄,no_topic
19980103-02-005,冬泳迎新年(图片),short_body
19980103-02-006,明天气象预报(1998年1月3日20时—1998年1月4日20时),no_topic
19980103-02-007,中港集团中标吐乌大高等级公路项目,no_topic
19980103-02-008,石家庄机场跑道延长工程通过验收,no_topic
19980103-02-009,话剧《沧海横流》在京上演,no_topic
19980103-02-010,钱其琛结束访问中东和南非回京途经香港时会见董建华等,no_topic
19980103-02-011,中华书局恢复出版中华活页文选,no_topic
19980103-02-012,海南超额完成人民日报发行任务,short_body
19980103-02-013,云南全面完成党报党刊发行任务,short_body
19980103-02-014,安全飞行又一年,no_topic
19980103-02-015,空军八一飞行表演队展示新风采,no_topic
19980103-03-001,一九九七年全球企业兼并创纪录美一国占兼并总额半数以上,no_topic
19980103-03-002,意大利新年桌边添餐椅有家人请无家人,no_topic
19980103-03-003,菲律宾元旦狂欢鸣枪放炮乐极生悲丧命十七,no_topic
19980103-03-006,巴以就以军重新部署达成妥协,no_topic
19980103-03-007,俄罗斯三改卢布面值,no_topic
19980103-03-008,俄罗斯新卢布开始流通,no_topic
19980103-03-009,香榭大街狂欢夜,no_topic
19980103-03-010,祈祷新年好运(图片),short_body
19980103-03-011,日本人民欢庆元旦(图片),short_body
19980103-03-012,维也纳举行新年音乐会(图片),short_body
19980103-03-014,墨西哥波波卡特佩特火山再次喷发,no_topic
19980103-03-015,尼加拉瓜反政府武装全部被遣散,no_topic
19980103-03-016,1997大地震减少伤亡者增多,no_topic
19980103-03-017,"日本新能源财团最近发表的调查报告表明,日本新能源事业取得了新进展,截至1997年8月,日本太阳能、风能等新能源发电能力已占全国总发电能力的7%。",title_length
19980103-03-018,"德国自1日起取消了已有125年历史的联邦邮电部,从而使9年前开始的邮电系统改革进入全新的阶段。德国邮电部决定从1989年7月1日起实施改革方案。开始的改革是将邮电部下属的邮政总局改为三个独立的国有企业,但它们在同业竞争中仍处于不利地位。1995年,第二套改革措施出台,核心内容是将三个国有企业逐步转变为控股公司,并使邮电业务逐步向国内外开放市场。",title_length
19980103-03-019,"据日本警察厅1月2日发表的统计数字,日本去年有9640人死于交通事故,但同上年相比减少了302人,减少的幅度为3%。据统计,1997年日本平均每天有26.4人死于交通事故,每过55分钟就有1人在交通事故中丧生。",title_length
19980103-03-020,"据英国气象局公布的最新数据,1997年英国全年平均气温为10.57摄氏度,是英国有气温记录的300多年来最热的年份之一。英国早在1659年就开始进行气温记录,是世界上最早开始这项工作的国家。300多年来,仅有1990年和1949年的年平均气温高于1997年,分别为10.63摄氏度和10.62摄氏度。(据新华社电)",title_length
19980103-04-001,历史深处的回音——读《中国历代智囊人物丛书》,no_topic
19980103-04-002,高奏华夏浩歌——《战斗故事丛书》读后,no_topic
19980103-04-004,雨滴落海声——读《往事知多少》,no_topic
19980103-04-006,发乎情贵乎理,no_topic
19980103-04-009,《中国书院辞典》浙江教育出版社出版(图片),short_body
19980104-01-001,优秀退伍兵盛云龙(附图片1张),no_topic
19980104-01-003,“称谓”之忧,no_topic
19980104-01-004,改变空域拥挤状况保证航班安全正点首都国际机场实行空中雷达管制,no_topic
19980104-01-005,冬寒爱意浓,no_topic
19980104-01-008,浙江率先消灭贫困县(图片),no_topic
19980104-02-001,贵阳:筹集慰问金千万元,no_topic
19980104-02-002,不忘藏北人民的拉萨市民(图片),short_body
19980104-02-003,省长的问候,no_topic
19980104-02-004,昆明:实施优惠政策12项,no_topic
19980104-02-005,推广特区基本法香港成立督导委员会,no_topic
19980104-02-006,香港首届立法会选举5月24日举行市民踊跃进行选民登记,no_topic
19980104-02-007,明天气象预报(1月4日20时—5日20时),no_topic
19980104-02-008,发展经济交通先行鹤山做好“路文章”,no_topic
19980104-02-009,政府重视好事办实蓉城今日面貌新,no_topic
19980104-02-010,1997:竞技场上佳音频传,no_topic
19980104-02-011,越共发表八届四中全会决议,no_topic
19980104-02-012,联合国特委会驻伊总部遭袭击,no_topic
19980104-03-001,东非大草原上的驰想(附图片1张),no_topic
19980104-03-002,历史不会空白,no_topic
19980104-03-003,古城清真寺揽胜,no_topic
19980104-03-004,科威特散记,no_topic
19980104-03-005,汪洋中的小木屋(附图片1张),no_topic
19980104-03-006,时光倒流年少时,no_topic
19980104-04-001,致读者,title_length
19980104-04-002,安徽:开会静下心来严禁请客串门,no_topic
19980104-04-003,宁波突击检查娱乐场所公款消费禁而不止,no_topic
19980104-04-004,“塔里木河有救了”新疆依法管理流域水资源,no_topic
19980104-04-005,如此美容美发店!,no_topic
19980104-04-006,南昌拆迁户无一上访虎年佳节近万户居民搬新居,no_topic
19980104-04-007,文明窗口名不虚传(图片),short_body
19980104-04-008,先进模范近如何(1),no_topic
19980104-04-009,陈金水(附图片1张),no_topic
19980104-04-010,徐虎(附图片1张),no_topic
19980104-04-011,李国安(附图片1张),no_topic
19980104-04-012,邱娥国(附图片1张),no_topic
19980104-04-013,李素丽(附图片1张),no_topic
19980104-04-014,谭彦(附图片1张),no_topic
19980104-04-015,天津读者好福气邮局送报到家门,no_topic
19980104-04-016,居委会来了新主任福州140余名下岗职工到街区当家,no_topic
19980104-04-017,东方不亮西方亮三万下岗职工上吕梁,no_topic
19980105-01-002,目前企业集团发展值得注意的几个问题,no_topic
19980105-01-003,论“从当地实际出发”,no_topic
19980105-01-004,江苏年初布置年中检查年底总结办实事靠制度,no_topic
19980105-01-005,西安致力改善群众生产生活条件十项承诺兑现,no_topic
19980105-01-006,乔石观看“慈善之春”芭蕾舞演出,no_topic
19980105-01-007,文化下乡农民欢迎(图片),short_body
19980105-01-008,上海国内生产总值突破3000亿元,no_topic
19980105-01-009,南京长江大桥铁路桥大修竣工,short_body
19980105-01-010,郑州建大型污水处理厂,no_topic
19980105-01-011,开发沙漠结硕果(图片),short_body
19980105-01-012,湖南涌现35万养猪大户,short_body
19980105-02-001,"联查『威绿达』——查了三户都不合格,旧米充新米,缺斤又短两",no_topic
19980105-02-002,本报《经济周刊》今日出场,no_topic
19980105-02-003,吴邦国致信全国铁路领导干部会议着力抓好政企分开减员增效,no_topic
19980105-02-004,吉林省产粮大县农民踊跃交售爱国粮(图片),short_body
19980105-02-005,我国铁路营业里程亚洲第一,no_topic
19980105-02-006,集中资金保证重点加强服务工行投放巨款支持节日市场供应,no_topic
19980105-02-008,国家计委劳动部决定开展全国劳动系统收费检查,no_topic
19980105-03-001,经济发展和党建工作同步进行台州股份制企业有了三千『党代表』,no_topic
19980105-03-002,济南交警带头人,no_topic
19980105-03-003,省委书记的菜单,no_topic
19980105-03-004,警长公开栏,no_topic
19980105-03-005,我军唯一『锚索部队』完成四百多项工程抢险,no_topic
19980105-03-006,锦州市民向交通违章行为告别,no_topic
19980105-03-007,为党和政府分忧替人民群众解愁武汉民政局实行政务公开,no_topic
19980105-03-008,金口河区构建“文明走廊”,no_topic
19980105-03-009,运城党组织为群众致富架金桥,no_topic
19980105-03-010,图片新闻,title_length
19980105-03-011,"本报讯一部艺术再现首都公安干警严惩刑事犯罪分子,保卫首都社会安全的八集电视系列剧《京都警魂》日前在北京杀青,并将于春节前夕在北京有线电视台首播。北京市公安局长张良基任该剧总顾问并为该片题写片名。(苏宁)",title_length
19980105-03-012,"本报讯日前,北京市第二中级人民法院、北京大学法律系和丰台区南苑乡三方会聚一堂,就加强社会治安综合治理,共建精神文明等议题达成共识,决心发挥各自优势,采取有效措施,通过举办法律与实践问题研讨,开展法律咨询等各种形式的法律服务工作,为首都的经济建设和精神文明建设做出各自的贡献。",title_length
19980105-03-013,"本报讯北空各级后勤和场站开展『争创飞行后勤保障全优场站』活动取得可喜成果,截至去年底,所有场站飞行后勤保障工作基本达到组织指挥严密,外场秩序井然,装备设施良好,人员尽心尽职,全优场站占百分之八十以上,优良场次率达百分之九十九点九。(满东燕冯春林)",title_length
19980105-03-014,"本报讯武警驻北京昌平某农场时刻牢记自身职责,生产不忘执勤。该农场在抓好农业生产的同时,始终把执勤等业务技术作为『农闲』训练的重点,取得了生产与执勤训练『双丰收』。一九九七年底,该部农业生产创利三十余万元。",title_length
19980105-04-001,慎始而敬终,no_topic
19980105-04-002,九七中国国际歌剧舞剧年落幕丁关根观看闭幕演出,no_topic
19980105-04-003,问卷征求意见一石激浪千层广西请基层评议区直机关作风,no_topic
19980105-04-004,天津:万户文明家庭扶老助孤,no_topic
19980105-04-005,汕头:电视录像剪彩省力省财,no_topic
19980105-04-006,明天气象预报(1月5日20时—1月6日20时),no_topic
19980105-04-007,『虎翁』慕凌飞病逝,no_topic
19980105-04-008,刘光亮——呕心沥血育白莲(附图片1张),no_topic
19980105-04-009,军委总部救灾物资运抵拉萨,no_topic
19980105-04-010,拥军办实事爱民献忠诚江西“双拥”工作常抓不懈,no_topic
19980105-04-011,图片新闻,title_length
19980105-04-012,拉萨海关追回被盗国宝,no_topic
19980105-04-015,青岛黄岛口岸截获谷斑皮蠹,short_body
19980105-04-016,福州开通两条招商信息热线,short_body
19980105-04-017,昆明世博会接受社会捐赠,no_topic
19980105-05-006,“首都在线”开通市民尽享信息服务,no_topic
19980105-05-007,《怎样走向成功》揭示成功之道,no_topic
19980105-05-008,江苏淮安新华书店新开设“周恩来图书专柜”(图片),short_body
19980105-05-010,“可爱的本溪”史展重现英烈形象,no_topic
19980105-05-012,北方交大与北京建工学院联合办学,no_topic
19980105-06-001,俄罗斯外交拓宽经贸路,no_topic
19980105-06-002,以表示拟从黎南部撤军前提是双方签署临时安全协定,no_topic
19980105-06-003,伊拉克媒体报道美英军舰阻挠赴伊商船,no_topic
19980105-06-004,伊拉克外交官在安曼遭枪击,no_topic
19980105-06-005,格鲁吉亚总统警告说将武力解决阿布哈兹冲突,no_topic
19980105-06-006,俄法总统商谈加强两国合作,no_topic
19980105-06-007,移民多艰辛寄语须三思,no_topic
19980105-06-008,针对前国王欲恢复帝制罗总统强调政体不容改变,no_topic
19980105-06-009,华夏绝技惊悉尼——记中国大马戏团访澳演出,no_topic
19980105-06-010,怪病袭击肯尼亚(图片),short_body
19980105-06-011,日本成立3个新政党,no_topic
19980105-06-012,以色列外长宣布辞职,no_topic
19980105-06-013,埃及政府加强旅游景点的保护(附图片2张),no_topic
19980105-06-014,"以色列总理府三日晚宣布,以总理内塔尼亚胡定于一月二十日赴华盛顿,同美国总统克林顿就中东和平进程问题举行会谈。与此同时,巴勒斯坦民族权力机构宣布:阿拉法特主席也将于一月二十二日在华盛顿同克林顿就中东和平进程问题举行会谈。据悉,克林顿同内塔尼亚胡和阿拉法特在华盛顿会谈的中心内容将是以方在约旦河西岸实施第二阶段军事重新部署问题。",title_length
19980105-06-015,"据刚果民主共和国国家电视台报道,卡比拉总统三日对政府进行了改组,使新政府成员增至二十三人。这次改组增设了两名国务部长,并接纳了两名反对派成员入阁。卡比拉在政府改组前说,这次改组旨在增强政府的管理能力,使其能够应付面临的各种挑战。",title_length
19980105-06-016,"捷克总统哈韦尔二日在布拉格宫任命了捷克新政府成员。由托绍夫斯基出任总理的新政府共有十八名成员,其中新入阁的人数占一半。本届政府中有七名无党派人士,这是历届政府中少有的现象。以克劳斯为首的捷克原政府是一九九七年十一月三十日被迫辞职的。托绍夫斯基二日在新政府成立后会见记者时表示,本届政府优先考虑的问题是,积极争取加入北约和欧盟,同经济犯罪行为作斗争,加快经济改革。",title_length
19980105-06-017,"越南国防部三日举行了对一批高级将领的授衔、授职仪式。根据越南国家主席和政府总理的决定,国防部长范文茶由中将提升为上将。陶仲历少将任国防部副部长、越南人民军总参谋长,范清银中将任人民军总政治局主任,阮华盛少将任人民军总技术局主任,阮文沱大校任人民军总后勤局主任。",title_length
19980105-06-018,"阿尔巴尼亚前人民议会主席团主席列希一日晚在地拉那病逝,终年八十五岁。列希是阿尔巴尼亚反法西斯民族解放战争中的杰出人物。列希曾连续担任过十一届议员,并在一九五三年至一九八二年期间担任阿尔巴尼亚人民议会主席团主席(国家元首)之职。(据新华社电)",title_length
19980105-07-002,日本企业:经济前景不佳,no_topic
19980105-07-004,图片新闻,title_length
19980105-07-005,美国烟民致癌上公堂厂商服软赔巨款,no_topic
19980105-07-006,芬兰众鸟欣有托群兽爱人庐,no_topic
19980105-08-004,“达瓦孜”传人阿地力京城献技将在20层楼高塔柱间走钢丝,no_topic
19980105-08-005,新年足坛打响第一炮广东女足捧得李宁杯,short_body
19980105-08-008,感受『李宁』,no_topic
19980105-09-001,出场的话(附图片1张),no_topic
19980105-09-002,国产数字彩电来了,no_topic
19980105-09-003,婴幼儿配方乳粉:质量问题严重,no_topic
19980105-09-004,『洋马』怎么变成了『海马』,no_topic
19980105-09-005,信息专递,title_length
19980105-09-006,回眸九七:增长质量改善展望九八:继续保持增势,no_topic
19980105-10-002,K线介绍(附图片2张),no_topic
19980105-10-003,学金融,title_length
19980105-10-004,公平税负增强国力(附图片1张),no_topic
19980105-10-005,深化改革防范风险(附图片1张),no_topic
19980105-10-006,"新年伊始,向全国金融战线干部职工致以节日问候,祝大家身体健康,工作顺利。",short_body
19980105-10-007,坚定信心稳步前进(附图片1张),no_topic
19980105-10-008,积极发展规范运作(附图片1张),no_topic
19980105-10-009,改革平稳发展——’97财金大势回眸,no_topic
19980105-11-001,国产品牌称雄,no_topic
19980105-11-002,收费电话请给消费者亮个底(附图片1张),no_topic
19980105-11-003,飞机上开不得玩笑——向旅客进一言,no_topic
19980105-11-004,展现本土模特的风采,no_topic
19980105-11-006,"“瞧你批发的染发剂,出点汗就成这个样!”(图片)",short_body
19980105-11-007,营造温馨舒适的家园,no_topic
19980105-11-008,说指标,title_length
19980105-11-009,"我以为,订指标必须实事求是,尤其是增长幅度更应如此。否则,为了达到上级规定的增长额,下级必然要瞒天过海,也来个“大跃进”什么的。这是一。其二,我们今天的考核,不少都是沿用计划经济时代的坐标体系,显然有许多地方与现在的市场经济体系不相适应。因此,到了修正、调整过去的考核坐标体系的时候了。",title_length
19980105-11-010,工人自报“免检岗”,no_topic
19980105-12-001,因特网发展迅速世界上网人数一亿中国上网人数六十万,no_topic
19980105-12-002,"金长城拓宽电脑家用功能网校,把教育家请进家",multiple_topics
19980105-12-004,你的公司如何上网,no_topic
19980105-12-005,CDMA数字移动通讯新阶段,no_topic
19980105-12-006,寻呼台会泄露用户隐私吗,no_topic
19980105-12-007,如何选择联网漫游寻呼台,no_topic
19980105-12-008,"本报讯日前,中国电信与美国ATT公司签订协议,启用一条45Mbps国际专线接入因特网。这将使国内用户访问国际站点线路紧张的状况得以根本改观,为因特网在商业、教育和娱乐等方面的应用起到巨大的推动作用。该专线将于近期开通。(许可)",title_length
19980105-12-009,"由国内技术人员独立开发设计的97厘米“轰天炮王”超大屏幕彩电,最近在康佳集团投产。它采用97厘米“超丽珑”显像管,音响系统结合画中画、丽音、数码立体声等先进功能,该机还具有抽屉键盘按钮、中文菜单操作、多用途接驳端子、全频段有线电视接收、环绕立体声等功能。(王璐)",title_length
19980105-12-010,"诺基亚公司近日在中国市场推出其最新型的6110型GSM手机。百变通功能可为用户提供五种情景模式选择、中文短信息服务及日历备忘录等人性化服务。其中情景模式与电话簿号码分组功能相结合,能给用户优先选择接听哪个电话的权利。诺基亚6110最长可接收70个汉字的短信息,使用900毫安超薄锂电池或标准镍氢电池,通话时间可长达3—5小时,或待机时间60—270小时。",title_length
19980105-12-011,"国内首家自主版权的婚纱摄影软件厂商北京远潮公司日前加入惠普大幅面打印软件联盟,成为惠普第一家正式选定的合作伙伴。惠普大幅面喷墨打印机能进行各种比例的打印,还可以打印信封、标签以及小包装礼品包上的图案等。远潮的V97MMX形象设计软件则可以减少化妆的时间及费用,两家的合作,将给电子摄影带来广阔的发展前景。(吴雷)",title_length
19980106-01-001,上海:强化街道管理职能,no_topic
19980106-01-002,江泽民主席签署命令颁发解放军后方仓库条例,no_topic
19980106-01-003,图片新闻,title_length
19980106-01-004,供给丰足价格回落居民满意菜篮子十年有成,no_topic
19980106-01-005,我国核工业发展进入新阶段李鹏为核工业总公司工作会议发来贺信,no_topic
19980106-01-006,乔石会见伊拉克议长,no_topic
19980106-01-007,特殊的省委常委扩大会,no_topic
19980106-01-010,"我国去年新增电话用户二千二百万户。这样,我国目前拥有电话用户八千三百六十万户。去年移动电话用户全年新增六百四十万户,使我国移动电话用户达到一千三百二十五万户,居世界第三位。我国电话普及率已达百分之八点零七,城市电话普及率达到百分之二十六点一。",title_length
19980106-01-011,"建设部最近发出通知,决定制止10种收费项目。这10种收费项目是:小康住宅推荐产品评估费、项目经理资质证书费、塔吊拆装许可证费、造价工程师执业资格证书费、工程造价咨询单位资质证书费、甲级工程造价咨询单位评审公告费、城市供水企业资质证书费、城市燃气热力企业资质证书费、房地产管理先进单位等铜牌成本费、房地产开发企业资质证书费。(均据新华社)",title_length
19980106-01-012,"中科院微生物研究所最近选育出一株高产纤维素酶菌种,它将改变中国目前纤维素酶生产成本高、产量低的现状。纤维素酶是一种生物催化剂,广泛用于食品饮料、酿造、纺织、医药、油田等方面,有助于提高原料利用率和产品的产出率和质量。",title_length
19980106-01-013,"湖南湘乡、醴陵、临澧三县(市)实施的『国家水稻』工程,去年又获高产。一点一八万亩超高产样板田,平均亩产达到一千二百二十五公斤;九点七四万亩试验区,平均亩产达到一千一百公斤;一百三十一点四五万亩示范区,平均亩产达到一千零二十公斤。一千零六十五万亩辐射区,平均亩产达到九百二十七点三公斤,均比上年增产。",title_length
19980106-02-001,中华人民共和国价格法,no_topic
19980106-02-002,学习《价格法》贯彻《价格法》,no_topic
19980106-02-003,贾庆林在北京经济工作会上提出稳中求进加快首都经济发展,no_topic
19980106-02-004,“中国光明工程”正式启动,no_topic
19980106-02-005,农业科技推广结硕果去年农业科技进步贡献率42%,multiple_topics
19980106-02-007,"本报讯山东兖州矿业集团公司去年再创我国煤炭综采生产新纪录:到去年十二月二十四日,该集团东滩矿综采二队累计产煤四百万吨,率先达到世界先进水平。(王琤)",title_length
19980106-02-008,"本报讯山西晋城近年私营经济发展迅猛,该市地税部门狠抓个人所得税征管工作,去年一至十月份,共完成四千一百五十二万元,为上年同期百分之一百一十七点六二。(陈张杨福印)",title_length
19980106-02-009,"本报讯唐山南站在改革用工制度上大胆尝试,截止到去年十一月底已经有三十六名职工愉快地离开了岗位,减轻了车站超员压力。车站全员劳动生产率提高了一点四个百分点。(张德义)",title_length
19980106-02-010,本报讯美国波音公司日前在西雅图总部将一架波音737300客机交付中国武汉航空公司运营。这是武汉航空公司首次购买波音客机。(刘进荣),title_length
19980106-02-011,"本报讯去年十二月二十二日,由巨龙公司提供的我国自行研制开发并拥有自主知识产权的、具有当今世界先进水平的HJD04数字程控交换系统在中国驻俄罗斯大使馆正式开通运行。(邓浩)",title_length
19980106-02-012,"本报讯河南省安阳市文峰区国税局重视抓优质服务,制定了一系列服务规范,严格落实到位,建立了多功能的『办税服务厅』,为纳税人提供方便。该局在最近组织的『文明办税各界评』活动中,满意率达百分之九十以上。",title_length
19980106-02-013,"本报讯去年十二月二十二日,我国煤炭系统最大的煤泥热电厂山东兖州矿业集团公司东滩矿煤泥热电厂一期工程一号机组一次性点火成功,并网发电。该电厂总装机容量九点二万千瓦。(李亚南)",title_length
19980106-03-001,广西从严治党关键从严『治官』,no_topic
19980106-03-002,太铁专项检查领导干部住房,no_topic
19980106-03-003,“保姆”的骨气,no_topic
19980106-03-004,农民夫妇考取公务员,review: 公务员招考，非农业生产报道
19980106-03-005,广东群众普遍反映——民警态度变好了,no_topic
19980106-03-006,鞍山破获特大抢枪案,no_topic
19980106-03-007,工作不断档发展不停步石家庄班子换届有条不紊,no_topic
19980106-03-008,丹东市部分企业优待军嫂——调岗不下岗全部留工厂,no_topic
19980106-03-009,迎新年为盲童献爱心(图片),short_body
19980106-03-010,母子当选人大代表(图片),short_body
19980106-04-001,《党建》杂志迎来创刊十周年丁关根同志发来贺词,no_topic
19980106-04-003,吴邦国会见荷兰客人,no_topic
19980106-04-004,明天气象预报(1月6日20时—7日20时),no_topic
19980106-04-005,中共代表团出访非洲三国,short_body
19980106-04-007,松花江上冰帆扬(图片),short_body
19980106-04-008,陈方安生启程赴京,no_topic
19980106-04-009,邮电部发行《戊寅年》特种邮票(附图片1张),no_topic
19980106-04-010,罗布泊可望找到淡水阿其克谷地勘查出淡水富存区,no_topic
19980106-04-011,冷水性珍稀鱼类获保护专家建议重点保护8种濒危鱼类,no_topic
19980106-04-012,广东对外开放上新水平,no_topic
19980106-05-001,投入——播种希望,no_topic
19980106-05-003,住房:《让老师满意》,no_topic
19980106-05-005,周恩来风采摄影艺术展举办,short_body
19980106-05-006,《周恩来手迹大字典》永成摹本,no_topic
19980106-06-001,美国东亚关系的微妙变化,no_topic
19980106-06-002,莫伊蝉联肯尼亚总统(附图片1张),no_topic
19980106-06-003,利比亚赞扬南非与我建交,no_topic
19980106-06-004,吉总统谈内政外交强调与我保持睦邻关系,no_topic
19980106-06-005,塔乌两国总统会谈,no_topic
19980106-06-006,纳扎尔巴耶夫指出改革为哈发展奠定基础,no_topic
19980106-06-007,以色列预算之争与内阁危机,no_topic
19980106-06-008,以总理希望利维收回辞呈(附图片1张),no_topic
19980106-06-009,布总统要求谴责胡图族叛乱者,no_topic
19980106-06-010,立陶宛总统选举揭晓,no_topic
19980106-06-011,“花园”景美游客多——哥斯达黎加见闻(上)(附图片1张),no_topic
19980106-06-012,阿拉伯国家将联手对付恐怖行动阿盟谴责阿尔及利亚极端分子,no_topic
19980106-06-013,"罗多尔佛·塞尔特扎·塞维里诺五日在雅加达正式就任东南亚国家联盟(东盟)新一任秘书长。塞维里诺于去年七月在吉隆坡召开的第三十届东盟外长会议上被任命为东盟秘书长。他的任期将于二○○二年结束。塞维里诺是菲律宾的一位外交家,曾先后担任菲律宾驻美国、中国和马来西亚等国的外交使节。一九九二至一九九七年间,塞维里诺任菲外交部副部长,负责与东盟有关的事务等。",title_length
19980106-06-014,"阿根廷政府二日发表新闻公报,强调阿根廷对马尔维纳斯群岛及其周围海域拥有无可争议的主权。公报说,阿根廷政府根据本国宪法和国际社会的要求,决定采取和平谈判的方式收回马岛主权。阿政府深信,尽快恢复谈判有利于创造一个合适的环境,以求公正和彻底地解决与英国在此问题上的争端。",title_length
19980106-06-015,"瑞典警方四日上午同进行种族主义宣传的新纳粹分子发生冲突,一名警察被打伤。据报道,一大批来自德国、美国、挪威和瑞典等国的新纳粹分子,三日晚聚集在斯德哥尔摩北郊布罗特比,借举办音乐会的名义,进行煽动种族仇视的活动。当瑞典警方进行干预时,一些新纳粹分子突然用酒瓶、灭火器等器具攻击警察,警方共逮捕了三百一十四名新纳粹分子。",title_length
19980106-06-016,"尼日尔警方日前破获一个企图暗杀迈纳萨拉总统的阴谋团伙。尼日尔通讯社二日报道说,被捕的三名团伙成员供认,他们原定于去年十二月二十九日行动,暗杀对象除总统以外,还包括几名政府重要成员。据报道,该暗杀团伙的主谋是哈马·阿马杜。他现任尼反对派『社会发展全国运动』总书记,过去曾担任过政府总理。警方一日已逮捕了哈马·阿马杜,但他不承认与这起暗杀活动有关,称自己『被人诬陷』。",title_length
19980106-06-017,"约旦官方三日宣布,应土耳其的邀请,约旦已决定以观察员身份参加定于本月七日在地中海举行的土耳其、以色列和美国三方联合军事演习。土耳其驻约旦大使艾哈迈德·苏哈·奥马尔此前对记者说,在中东地区,土耳其只邀请约旦参加这次演习。他声称,这『是一次营救和搜索演习,纯粹出于人道主义目的』。",title_length
19980106-07-001,拉莫斯看好亚洲经济前景菲律宾通货膨胀率下降,no_topic
19980106-07-002,虎:莫斯科人新宠物,no_topic
19980106-07-004,金大中会见绍罗什,no_topic
19980106-07-005,图片新闻,title_length
19980106-07-006,加拿大发行虎年纪念币,no_topic
19980106-07-007,盼神奇旅游显神威——访泰国旅游机构总裁舍里,no_topic
19980106-07-008,星云绚丽似锦绣恒星弄巧染九天,no_topic
19980106-07-009,控制基因有利保存,no_topic
19980106-07-010,天然物质催熟保鲜,no_topic
19980106-07-011,新标签检验新鲜度,no_topic
19980106-07-013,热气球供暖不足环球行难以为继,no_topic
19980106-09-001,关爱不当酿悲剧呼吁环保进课堂,no_topic
19980106-09-002,些微小事看温州(新闻随笔),no_topic
19980106-09-003,又见『歪嘴和尚』,no_topic
19980106-09-004,要有“拼”的精神(附图片1张),no_topic
19980106-09-005,哈尔滨万人空巷看卡通(附图片1张),no_topic
19980106-09-006,乌鲁木齐只争朝夕忙签约,no_topic
19980106-09-007,天津农民进城包医院,multiple_topics
19980106-09-008,英雄不悔少年时——访病中的戴碧蓉(附图片1张),no_topic
19980106-09-009,郑州新景观(图片),short_body
19980106-10-001,开辟未来,title_length
19980106-10-002,十五大与马克思主义新发展学术研讨会,no_topic
19980106-10-003,环渤海区域经济发展战略研讨会,no_topic
19980106-10-004,源于实践的思考,no_topic
19980106-10-005,鲜血和生命写成的历史——读《冀中回民支队》感言,no_topic
19980106-10-006,很不寻常的五年(附图片1张),no_topic
19980106-11-002,“假种”坑农国法不容,no_topic
19980106-11-005,图片新闻,title_length
19980106-11-006,法律还农民以清白检察院道歉又赔偿,multiple_topics
19980106-11-007,国门“神眼”,no_topic
19980106-11-008,送你一束阳光,no_topic
19980106-11-009,从金榜题名的抢劫犯说起,no_topic
19980106-11-010,"本报讯陕西西安市公安局交警支队进行勤务机制改革一年来,交警执法力度大大增强,平均纠正违章率提高160%,交警排除交通障碍、堵塞的时间也由10—15分钟,缩短到了3—5分钟,大大缓解了城市交通拥挤堵塞的程度。",title_length
19980106-11-011,"本报讯位于辽西贫困山区的古城朝阳,从1997年12月1日起全市实行道路监控系统试运行,市区内10个岗区及线路实行24小时全天候监控。这表明朝阳市率中等城市之先,向科技要警力,跻身于城市交通管理现代化行列。",title_length
19980106-11-012,"本报讯日前,由司法部法学教材编辑部编审、著名刑法学家何秉松教授主编,根据1997年刑法修订的高等政法院校规划教材《刑法教科书》由中国法制出版社出版。该书对1997年刑法提出的一系列主要的新问题进行了全面、系统、科学的解释,广泛吸收了国内外刑法和刑法理论的最新成果。(翟雪梅)",title_length
19980106-11-013,"本报讯最近,辽宁省北票市法院人民法庭建设工作受到省高院的表彰,省高院给北票市法院记集体二等功,给院长王景龙记个人二等功。在两年时间里,他们改建了9个人民法庭办公用房。经省高院验收,全部达到规范化人民法庭的标准。",title_length
19980106-11-014,"本报讯由山东电影电视剧制作中心、济南市公安局和中央电视台联合摄制的我国第一部以110公安民警为题材的电视连续剧《警方110》近日在山东省济南市开拍。全剧共分8集,以济南为背景,以110公安民警排除万难、为民服务的感人事迹为内容。(陈佳)",title_length
19980106-11-015,"本报讯日前,为了解各地公安机关加强党风廉政建设的情况,公安部直属机关第三十期党校班20余名处级干部学员深入到广东、河南、贵州、重庆等省、市开展调研,掌握了大量的一手资料,受到有关部门的好评。(尹仲利)",title_length
19980106-12-001,蓝天芭蕾——空军『八一』飞行表演队(附图片2张),no_topic
19980106-12-002,"思念,根植在军营",no_topic
19980106-12-003,军中走出的虎,no_topic
19980106-12-004,致读者,title_length
19980106-12-005,除恶英雄吴宏权,no_topic
19980106-12-006,高原老兵(图片),short_body
19980106-12-007,珊瑚滩上种菜王,no_topic
19980106-12-008,乐得清贫,title_length
19980106-12-009,『兵妈妈』做红娘老军官当新郎,no_topic
19980106-12-010,"本报讯全军最大的军需企业集团———中国新兴(集团)总公司始终坚持走质量效益型的发展道路,所属企业中有4家荣获“全国质量效益型企业”称号,4家通过ISO9000质量体系认证,18个班组被授予“全国优秀质量管理小组”,7种产品荣获“全国用户满意产品”称号。(于玉婷孟召兵)",title_length
19980106-12-011,"本报讯隆冬时节,从塞外青城传出喜讯,内蒙古军区边防军官住宅基地正式建成,第一期安居工程胜利告竣,来自八千里边防线和遍布八盟四市的180名老边防、老山沟、老基层在自治区首府呼和浩特市安家落户。(王西钊武平)",title_length
19980106-12-012,"本报讯广州军事法院牢固树立军法干部既是法官又是普法先锋的思想,积极协助部队开展法制宣传教育,先后开展法律知识咨询服务百余次,上法制课28场次,被官兵誉为普法“先行官”。(吴天鹏刘远芳)",title_length
19980106-12-013,"本报讯入冬以来,安徽巢湖军分区所属的各人武部把发动民兵兴修水利作为率兵参建、实施民兵形象工程的一种重要形式,在全区掀起了民兵积极投身兴修水利的热潮。10万打工返乡民兵正奋战在失曹河、永安河、得胜河及巢湖大堤冬修现场。(裴先长熊国洪)",title_length
19980107-01-002,忠诚的共产主义战士、久经考验的无产阶级革命家,no_topic
19980107-01-003,活跃农村文化生活满足农民文化需求三下乡先进受表彰,multiple_topics
19980107-01-004,怀念——毛主席纪念堂重新开放见闻,no_topic
19980107-01-005,周恩来风采摄影展举行李鹏为展览题词,no_topic
19980107-01-006,淮安周恩来遗物陈列馆竣工开放,short_body
19980107-01-007,江泽民观看话剧《虎踞钟山》,no_topic
19980107-02-001,放小:让企业轻装前进,no_topic
19980107-02-002,灾民新村话农闲,no_topic
19980107-02-003,兼并有三忌●一忌政府『拉郎配』、『乱点鸳鸯谱』,no_topic
19980107-02-004,突破口如何突破?——纺织总会会长石万鹏谈打好纺织解困攻坚战,no_topic
19980107-02-006,图片新闻,title_length
19980107-02-008,国家计委发布外商投资产业指导目录,no_topic
19980107-02-009,"本报讯湖北省房县采取粮食部门集中储存与农民分散储存相结合,引导农民兴建家庭小粮仓。目前房县已有三点二万农户建成小粮仓,储粮达三百五十万公斤。粮食损失率由过去百分之十五降为百分之三。(杜若原刘贻文)",title_length
19980107-02-010,"本报讯为国内外七十家航空公司提供供油服务的中国航空油料华北公司,日前通过ISO9002国际质量体系认证。这是我国民航油料系统首家地区公司通过国际质量认证。(彭振海)",title_length
19980107-02-011,"本报讯京杭运河苏南段四级航道日前通航。整治一新的京杭运河苏南段,既极大地改善了航运条件,同时又具有防洪、排涝、灌溉等综合效益。京杭运河苏南段自镇江谏壁口至苏浙交界的鸭子坝,全长二百零八点二公里。(龚永泉)",title_length
19980107-02-012,"本报讯截至去年十二月十七日,天津农村三千一百二十五个自然村全部装上了直拨国内外的程控电话。至此,『市话』、『农话』全部纳入本地电话网,使天津电话网的容量达到二百万门。(陈杰杨颖)",title_length
19980107-02-013,"本报讯由铁道部第十二工程局独家施工、全长二千二百零一点八米的上海奉浦大桥,日前获得国家优质工程『鲁班奖』。此桥一九九五年十月二十六日建成通车。(江耀明)",title_length
19980107-02-014,"本报讯国家重点建设项目京郑(州)铁路电气化工程石家庄至安阳段最近开通。石安段电气化铁路全长二百二十五点九公里,是由铁道部电气化工程局施工的,开通后列车牵引重量将达五千五百吨,大大提高了区段运输能力。",title_length
19980107-02-015,"本报讯中国乡镇企业总公司受中国农业大学的委托,日前与国际一流十九家科教仪器供应商就中国农业大学『二一一工程』进口设备举行了签字仪式,这标志着中国农业大学『二一一工程』建设的全面启动。中国农业大学是一所以农、工为主,兼有文、理、经、贸、医的综合性的大学。(夏珺)",title_length
19980107-03-001,不忘群众疾苦温暖送进万家,no_topic
19980107-03-004,法律硕士学位教育指导委员会成立,multiple_topics
19980107-03-005,北京市开展送温暖活动(图片),short_body
19980107-03-006,"本报讯南京军区某部引导官兵爱岗敬业,立足山沟奉献,部队连续29年安全无事故。近3年来,该部军事训练、文化建设等20多项工作受到总部和军区的表彰。(曹宝余)",title_length
19980107-03-007,"本报讯陕西长武县采取果断措施刹风整纪。全县共梳理揭摆违纪问题12大类,批评教育60多人,30多名中层干部就自身存在的不正之风作了书面检查,5名科级干部被免职。(马俊孝)",title_length
19980107-03-008,"本报讯由人民出版社近期出版的新时期公安边防部队质量建设专著《精兵严治探索》在读者中引起反响。该书作者是广东省公安边防总队党委书记、政委孙克雄。作者从历史、哲学和现实的角度,对精兵严治思路产生的历史和现实动因,作了思考和探索。(忠辉)",title_length
19980107-04-001,刘澜涛同志生平(附图片5张),no_topic
19980107-04-002,明天气象预报(1月7日20时—8日20时),short_body
19980107-04-004,"港岛一商住大厦发生大火已证实一人死亡,三十多人受伤",no_topic
19980107-04-005,艮秋艮新立交桥竣工通车杭州敞开了东大门,no_topic
19980107-04-006,钱其琛会见陈方安生,no_topic
19980107-04-007,王学贤被任命为驻南非大使,short_body
19980107-04-008,京郊电信扶贫,short_body
19980107-04-009,图片新闻,title_length
19980107-04-010,千只丹顶鹤光顾盐城,short_body
19980107-04-011,漳平发现桫椤树群落,no_topic
19980107-04-012,"新华社北京一月六日电外交部发言人沈国放今天下午在此间宣布:应全国人大常委会的邀请,由议长托马斯·萨维率领的爱沙尼亚共和国议会代表团将于一月十二日至十九日对中国进行正式友好访问。",title_length
19980107-04-013,新华社北京一月六日电柬埔寨诺罗敦·西哈努克国王和诺罗敦·莫尼列·西哈努克王后今天抵京查体和休养。外交部副部长唐家璇、柬埔寨驻华大使凯·西索达等到机场迎接。,title_length
19980107-04-014,据新华社北京一月六日电国务院副总理兼外长钱其琛今天在京会见了伊拉克国民议会议长萨阿东·哈马迪。,short_body
19980107-05-002,朝阳——“楹联之市”,no_topic
19980107-05-003,"画漫画,咱也会!(图片)",no_topic
19980107-05-004,周恩来精神在母校光大南开举办系列纪念活动,no_topic
19980107-05-005,’97医药科技大事令人欣喜,multiple_topics
19980107-05-006,山野作证,title_length
19980107-05-009,全国少年速滑赛在牡丹江开赛,no_topic
19980107-05-010,中国登山队登上非洲最高峰,short_body
19980107-06-001,线装珍本传友情——记薄一波赠书阿尔希波夫,no_topic
19980107-06-003,黎可漂强调勤俭建国,no_topic
19980107-06-004,中亚五国首脑会晤,no_topic
19980107-06-005,以议会通过本年度预算案约旦认为利维辞职不利和平进程(附图片1张),no_topic
19980107-06-006,外国政要祝贺《环球时报》五岁“生日”,no_topic
19980107-06-007,布莱尔对北爱和平表示乐观,no_topic
19980107-06-008,咖啡飘香醉人心——哥斯达黎加见闻(下)(附图片1张),no_topic
19980107-06-009,朝《劳动新闻》发表评论敦促美放弃敌视政策,no_topic
19980107-06-010,马吉德重申坚持和平选择美表示将继续推动中东和平,no_topic
19980107-06-011,新进党一分为六日政局纷乱不已,no_topic
19980107-06-013,黎拒绝以撤军建议,no_topic
19980107-06-014,"联合国秘书长安南5日向安理会提交报告,建议将联合国驻普雷夫拉卡半岛军事观察团的任期再延长6个月,至今年7月15日止。普雷夫拉卡半岛位于南联盟和克罗地亚的交界处,扼守南联盟重要的海军基地科托尔湾的出海口。南联盟同克罗地亚于1992年9月达成关于该半岛的非军事化协议,安理会随后也宣布该半岛为非军事区。",title_length
19980107-06-015,"葡萄牙外长伽马同来访的法国外长韦德里纳5日在里斯本就葡法双边关系以及欧洲建设等问题交换了意见。在会谈结束后举行的记者招待会上,两国外长对葡法双边关系给予了积极的评价。他们还表示,在有关欧盟未来建设、欧洲安全和波黑局势等问题上,双方对各自所采取的态度和立场是充分理解的。",title_length
19980107-06-016,"意大利总理普罗迪4日说,欧洲国家将采取行动,共同对付库尔德难民涌入问题。普罗迪4日晚召开了由意外长、内政和国防部长参加的紧急会议,商讨应付库尔德难民问题的对策。会前,普罗迪说,“在经过最初的混乱后,欧洲国家的行动已经大大加强”,今后几天内将在此问题上进行系统合作。",title_length
19980107-06-017,"伊朗外长哈拉齐5日致信联合国秘书长安南,呼吁联合国采取紧急措施,制止在阿尔及利亚再次发生屠杀无辜平民事件。哈拉齐在信中对本月3日发生在阿尔及利亚的残酷屠杀无辜平民事件表示遗憾。他说,阿尔及利亚发生的事件表明,国际社会应当采取“果断、全面的”措施来结束这种惨绝人寰的屠杀行为。",title_length
19980107-07-002,图片新闻,title_length
19980107-07-005,斋月干果俏,no_topic
19980107-07-006,月球勘探者最后一刻雷达故障延缓一天出使蟾宫,no_topic
19980107-07-007,配套设施“老掉牙”纽约地铁“蜗牛爬”,no_topic
19980107-07-008,学者解梦有新说如幻梦境不稀奇,no_topic
19980107-07-009,暖冬时节舞风筝青草地上乐融融(图片),short_body
19980107-09-001,恪守做人规矩,no_topic
19980107-09-003,请给劳模“减负”,no_topic
19980107-09-004,面对五千元境界不相同,no_topic
19980107-09-005,江城母虎觅配偶盼望虎年得虎仔(附图片2张),no_topic
19980107-09-006,致读者,title_length
19980107-10-001,"拜年变了味,当刹!",no_topic
19980107-10-002,节日谨防公款送礼,no_topic
19980107-10-003,“人情债”越来越沉重,no_topic
19980107-10-004,重视:私营企业工伤事故多,no_topic
19980107-10-005,人才中介市场需要规范,no_topic
19980107-10-006,农村青年早婚现象堪忧,review: 农村早婚社会问题，非农业主题
19980107-10-007,企业改制要守法,no_topic
19980107-10-008,请保护好三清山,no_topic
19980107-10-009,别让孩子“公务缠身”(附图片2张),no_topic
19980107-10-010,驾驶证不能随意买卖,no_topic
19980107-10-011,新县那段国道修复了,short_body
19980107-10-012,栀子丰收栀农犯愁,no_topic
19980107-10-013,优先百姓好!,no_topic
19980107-10-014,走出交通肇事后的误区,no_topic
19980107-11-001,“幸福工程”让我们走上致富路,no_topic
19980107-11-002,只要人人都献出爱(附图片2张),no_topic
19980107-11-003,照片人物的故事(附图片1张),no_topic
19980107-11-004,母亲的情怀,no_topic
19980107-11-005,收了停车费当赔丢车款,no_topic
19980107-11-006,方便居民的信报箱群,no_topic
19980107-11-007,入伍到队第一天(附图片2张),no_topic
19980107-11-008,中年求学的经历,no_topic
19980107-12-001,燃太岳烽火树浩然正气——忆太岳根据地时期的安子文同志,no_topic
19980107-12-002,乐给党旗添光彩甘为人民扛『长工』,no_topic
19980108-01-001,论统揽全局,no_topic
19980108-01-002,江泽民会见伊拉克议长哈马迪,no_topic
19980108-01-003,“家庭出身”栏还有必要吗?,no_topic
19980108-01-005,正确认识当前物价形势,no_topic
19980108-01-006,纪念周恩来百年诞辰,no_topic
19980108-01-007,春运开始,title_length
19980108-01-008,永恒的思念,no_topic
19980108-02-001,1997九个机场相继竣工通航新增邮路三十三万公里,no_topic
19980108-02-002,走上大山顶,no_topic
19980108-02-003,吴邦国致信兵器工业工作会议提出兵器工业力争三年扭亏解困,no_topic
19980108-02-005,四部委联合通知要求严格限制进口旧机电产品,no_topic
19980108-02-006,’97中国企业十大新闻评出,no_topic
19980108-02-007,国家旅游局推出’98华夏城乡游(图片),short_body
19980108-02-008,国家统计制度将加快改革提高统计数据质量成为中心工作,no_topic
19980108-02-009,本报讯中央电视台《商务电视》和《中国投资与建设》杂志最近共同推出1997年中国投资建设10件大事。党的十五大和全国金融工作会议召开、《证券投资基金管理暂行办法》发布实施等入选。(勇庆),title_length
19980108-02-010,"本报讯由北京市设备安装工程公司承建的一座15万立方米煤气储罐,于日前建成投产。该特大型煤气储罐的建成投产,加强了北京市煤气供应的安全可靠性。该工程创造了8个月内快速建成的高速度。(秦泽克)",title_length
19980108-02-011,"本报讯由东北农业大学何万云教授主持研制的绿色完全肥料———泥炭全肥日前在黑龙江通过专家鉴定。这种以泥炭为主要原料的有机无机混成复合肥料,经过7种土壤和12种农作物试验,增产幅度为10%—15%。(董浓)",title_length
19980108-02-012,"本报讯由济南军区东方药业集团和山东省中医药研究所共同研制开发的国家四类中药新药感冒止咳合剂,最近经国家卫生部鉴定批准,在济南军区东方药业集团东方制药厂投产。(李虹)",title_length
19980108-02-013,"本报讯我国第一套大型全精馏(无氢)制氩空气分离设备,日前在湖北鄂城钢铁公司投入运行。由河南开封空分集团公司研制的这套设备,采用了多项当代国际先进技术,完全可以替代机械、化工等行业同类设备的进口。(杜若原)",title_length
19980108-02-014,"本报讯天津中药六厂以其全面质量控制和技术进步,最近通过国家卫生部严格检查,成为国内同行业第一家获得GMP认证的国有企业。(若愚肖荻)",title_length
19980108-02-015,"本报讯截至1997年底,新疆航空公司已安全飞行42年无事故。新航每年运送旅客100多万人次,始终把安全飞行放在首位,从而创造了全国安全飞行的先进纪录。(祝谦)",title_length
19980108-03-001,伟大的军事家周恩来——读《周恩来军事文选》(附图片2张),no_topic
19980108-04-001,做好语言文字工作为现代化建设服务,no_topic
19980108-04-002,忌辰的思念,no_topic
19980108-04-003,中纪委监察部召开新闻工作座谈会提出全社会形成反腐倡廉舆论环境,no_topic
19980108-04-004,明天气象预报(1月8日20时—9日20时),no_topic
19980108-04-005,党中央国务院关心西藏灾情北京赴藏慰问组抵达拉萨,no_topic
19980108-04-006,陈方安生返港后表示中央政府重视贯彻『一国两制』,no_topic
19980108-04-007,邵逸夫再捐2.1亿港元助教累计向内地捐款14.7亿港元,no_topic
19980108-04-009,福州拆“西游记宫”改建绿地,no_topic
19980108-04-010,新亚欧大陆桥集装箱运数激增,short_body
19980108-04-011,中国东海水晶城将兴建,no_topic
19980108-04-012,沈阳市妇联开展再就业工程(附图片2张),no_topic
19980108-04-013,“五月的风”落户山东青岛市(图片),short_body
19980108-04-014,"新华社北京一月七日电应摩洛哥王国首相兼外交与合作大臣阿卜杜勒拉蒂夫·菲拉利、阿尔及利亚民主人民共和国外交部长艾哈迈德·阿塔夫、马耳他共和国副总理兼外交和环境部长乔治·韦拉、意大利共和国外交部长兰贝托·迪尼圣马力诺共和国外交部长加布里埃莱·加蒂的邀请,国务院副总理兼外交部长钱其琛今天离开北京,前往上述五国进行正式友好访问。国务院副秘书长何椿霖、外交部副部长唐家璇及有关国家驻华使节前往机场送行。",title_length
19980108-04-015,新华社沈阳1月7日电沈阳市第十二届人民代表大会第一次会议1月7日选举张荣茂为市人大常委会主任;选举慕绥新为市长。任殿喜在政协沈阳市十一届一次会议上当选为市政协主席。,title_length
19980108-04-016,据新华社北京一月七日电(记者张荣典)全国人大常委会副委员长王汉斌今天下午在人民大会堂会见了由众议院左翼民主党党团主席法比奥·穆西率领的意大利中左联盟议员团。意大利客人是应中联部邀请访华的。,title_length
19980108-04-017,"新华社武汉1月7日电(记者金风)在今天举行的武汉市第十届人民代表大会第一次会议上,李岩当选为武汉市第十届人大常委会主任;王守海当选为武汉市市长。在今天闭幕的政协武汉市第九届委员会第一次会议上,刘善璧当选为武汉市政协主席。",title_length
19980108-04-018,"本报北京1月7日讯记者王力军报道:今天上午,资产新闻实业有限公司董事长杨建华宣布捐资500万元人民币,用于与中国作协共同设立鲁迅文学奖、茅盾文学奖和全国优秀儿童文学奖的专项文学奖励发展基金。",title_length
19980108-04-019,"本报讯由新华社和北京市教委合编的《辉煌十五大迈向新世纪》彩色展览挂图,日前赠送给全国4000多所希望小学。挂图深入浅出地概括了中华民族近百年来的奋斗历史,特别是展现了党的十四大以来,全国各行各业所取得的辉煌成就。(叶达泉)",title_length
19980108-04-020,"本报北京1月7日讯记者向兵报道:在皖南事变发生57周年之际,8集电视剧《上饶集中营》作为敬献给在事变中为民族解放而牺牲的先烈们的花环,昨日在北京举行了隆重的首播仪式。该剧8日在中央电视台播出。",title_length
19980108-05-001,彭珮云在天津计生会议上强调同心协力加强计生服务工作,no_topic
19980108-05-002,群雄逐鹿竞风流——记深圳万德莱通讯有限公司董事长徐杰的成功谋略,no_topic
19980108-05-003,天津蓟县发现17亿年前宇宙尘,no_topic
19980108-05-004,《学人文库》展理性魅力,no_topic
19980108-05-006,全国文化科技卫生“三下乡”活动先进集体、先进个人名单,multiple_topics
19980108-05-007,戏迷团长——侯树忱,no_topic
19980108-05-008,迈向绿色的一大步中国环境管理体系认证指导委员会成立,no_topic
19980108-05-010,深入牧区传播文化(图片),short_body
19980108-06-001,俄主张加快独联体一体化,no_topic
19980108-06-002,伟人风范举世景仰——国际友人题辞纪念周恩来(附图片6张),no_topic
19980108-06-003,中亚五国发表联合声明加强相互间联系与合作独立自主地参加独联体,no_topic
19980108-06-004,独联体:生存还是灭亡,no_topic
19980108-06-005,俄反对在阿布哈兹动武,no_topic
19980108-06-006,阿拉伯联手反恐怖,no_topic
19980108-06-007,阿尔及利亚反对美干涉内政拒绝就屠杀事件组建国际调委会,no_topic
19980108-06-008,再负中东和平使命力图化解当前僵局挪威任命巴以冲突调解人,no_topic
19980108-06-009,安南批准伊拉克食品分配计划并将建议增加伊石油出口量,no_topic
19980108-06-010,联合国三委谴责现行国际制裁朝党报发表评论支持三委声明,no_topic
19980108-06-011,以土美举行联合海军演习,no_topic
19980108-06-012,华府隆冬暖英伦风暴寒(附图片2张),no_topic
19980108-07-004,美国探险家放弃环球飞行(图片),short_body
19980108-07-005,丹麦可恶贼三伸恶手美人鱼又失人头,no_topic
19980108-07-006,太空通行弱肉强食超大星系巧取豪夺,no_topic
19980108-07-007,洪都拉斯清新空气抵万金欧盟开价九百万,no_topic
19980108-08-003,珀斯真热,title_length
19980108-08-004,四年不是两年泳联不是田联,no_topic
19980108-08-005,本赛季男篮职业联赛取消,short_body
19980108-09-001,新年伊始话农桑(附图片1张),short_body
19980108-09-002,内容提要,title_length
19980108-09-005,继续加强水利的基础地位,no_topic
19980108-09-006,优化结构要适应市场变化,no_topic
19980108-09-008,要具体分析“买方市场”,no_topic
19980108-09-009,认识产业化经营的实质,no_topic
19980108-09-010,大力发展新型合作经济,no_topic
19980108-09-012,图片新闻,title_length
19980108-10-001,解放思想需要勇气,no_topic
19980108-10-003,正确理解国有经济控制力,no_topic
19980108-10-005,《图说精神文明》简介,no_topic
19980108-10-006,企业增效的重要途径,no_topic
19980108-11-001,"饭桌上,谁先动筷子?——孩子,还是老人?",no_topic
19980108-11-002,生肖篆刻:和合雅俗的魅力(附图片6张),no_topic
19980108-11-003,给闲暇一个迷人的空间——游乐业现状透视(附图片1张),no_topic
19980108-11-004,一条美丽的星河——读《追寻永恒———共和国英模的昨天和今天》,no_topic
19980108-11-006,走入家庭的精品藏书——《中国大百科全书(简明版)》评析,no_topic
19980108-11-007,江南游子的水乡情结——施怀谷的色彩世界(附图片1张),no_topic
19980109-01-001,论精心部署,no_topic
19980109-01-002,大亚湾之光(附图片1张),no_topic
19980109-01-004,话剧《虎踞钟山》引起轰动各界群众踊跃观看普遍赞扬,no_topic
19980109-01-006,李鹏会见日本建设大臣,no_topic
19980109-01-007,北京经济运行态势喜人,no_topic
19980109-01-008,钻井忙(图片),short_body
19980109-01-009,过新闸(图片),short_body
19980109-01-011,"内蒙古自治区1997年共完成财政收入107·2亿元,首次突破100亿元,比上年增长15%,实现了历史性跨越。",short_body
19980109-01-012,"北京城市合作银行综合业务网络系统中的储蓄通存通兑系统近日全面开通,目前该银行已有九十个网点采用储蓄新系统软件上机联网。这标志着北京合作银行从自动化向网络化迈出了第一步。该行下设九十家支行和一个营业部,共有营业网点一百四十二个。(赵军)",title_length
19980109-01-013,"七年来,浦东版图面积由五百二十二平方公里扩大到五百三十三平方公里。这扩大的十一平方公里土地,是通过围海造地长出来的。由于长江泥沙的冲积,江海潮流、径流的相互作用,使浦东海岸滩涂不断向外扩展,给围海造地提供了有利条件。浦东的围海造地,是严格按照以保护生态环境为主的规划进行的。",title_length
19980109-01-014,"实施“供水解困”工程5年来,山西省已有330万农村人口解决了吃水问题。从1993年起,山西省把解决贫困山区人畜吃水困难作为扶贫的一项重点内容来抓,加大政府的资金、物质投入,提倡广大农民大搞股份合作制办水,平均每年使70余万农村人口摆脱“吃水难”。",title_length
19980109-02-003,多点挣钱门路才好!,no_topic
19980109-02-004,李铁映在全国政策咨询工作会议上说政策咨询研究应贴近政府决策,no_topic
19980109-02-005,中保集团去年保费收入七百八十八亿元,no_topic
19980109-02-006,当代企业改革论坛首届年会召开,no_topic
19980109-02-007,控制废旧汽车回收拆解企业数量,no_topic
19980109-02-008,长沙:租台彩电过新年,no_topic
19980109-02-009,上海:查补税款三亿元,no_topic
19980109-02-010,长沙纺织职工多渠道就业,no_topic
19980109-02-011,廊坊职工下了岗上市场,no_topic
19980109-02-012,江苏供销社分流职工13万,no_topic
19980109-02-013,图片新闻,title_length
19980109-03-002,迟浩田在国防大学讲课时强调现代高技术条件下仍要坚持人民战争,multiple_topics
19980109-03-004,送还一顶帽奖励上千元,no_topic
19980109-03-005,台湾省出席九届全国人大代表选出刘亦铭等13人当选,no_topic
19980109-03-006,也说标语文明,no_topic
19980109-03-007,团组织参与再就业工程的重要形式——培养青年兴业领头人,no_topic
19980109-03-008,温暖进农家(图片),short_body
19980109-03-009,"本报讯歌颂爱国拥军模范的五集电视连续剧《刘金鱼的故事》于近日在北京首映。该片由中共中央政治局委员、中央军委副主席迟浩田题写片名。本剧的主人公刘金鱼几十年如一日,以一位山村妇女朴素的拥军热情,为部队建设做出了突出贡献。一九九二年一月,国家民政部、解放军总政治部授予她『爱国拥军模范』光荣称号。(昊玺)",title_length
19980109-03-010,"本报讯一月八日是春运的第一天。北京铁路公安处与西站公安段在北京西站开展了『雷锋在我心中,干警在您身边』的爱民便民活动。二百余名干警在北京西站向旅客发放了『致旅客一封信』,对旅客进行安全宣传教育;义务为旅客修理提包拉锁;免费为旅客理发,送开水;他们还表演了文艺节目,丰富了旅客的旅途生活。(刘建峰)",title_length
19980109-03-011,"本报讯全国总工会中国职工音像出版社等多家单位联合组成的摄制组一月八日在北京人民大会堂宣布:为进一步宣传和塑造党的改革开放政策下成长起来的中国新一代民族企业家的形象,一部以百名优秀企业家艰苦创业和商海拼搏的亲身经历为主题的百集电视系列剧『商海风流』即将开机。它们的主题是:民族企业如何面对商海沉浮、民族企业家如何面对人生的成功与失败。(尔冬)",title_length
19980109-03-012,"本报讯截至去年十一月,武警广东总队提拔交流了一百九十九名团职干部。每一位拟提对象,都要组织百分之八十以上的机关干部和所有连队主官评议,然后集中起来过普通一兵的生活。在连队,通过多种方法,全面考核他们的理论知识、军事技能、业务素质、工作思路等综合素质,每一个阶段的考核成绩都张榜公布。",title_length
19980109-03-013,"本报讯为了保证铁路运输生产安全,沈阳铁路公安局通辽铁路公安处始终把站车查堵『危禁品』当做头等大事,实行站车联防联控,不断加大查缉打击力度。冬运以来,共查缴『危禁品』二百零八起。(维瑜)",title_length
19980109-04-001,未来一周天气趋势全国大部地区气温较常年同期偏高,no_topic
19980109-04-002,一杯清茶满座春风首都老新闻工作者喜迎新春,no_topic
19980109-04-003,中华爱国工程联合会举行会议,no_topic
19980109-04-004,经常微调避免大修,no_topic
19980109-04-005,尉健行会见奥地利客人,no_topic
19980109-04-006,明天气象预报(1月9日20时—10日20时),short_body
19980109-04-007,李鹏会见美国客人中美合作开发淮北煤层气项目在京签字,no_topic
19980109-04-008,李鹏会见德国客人,no_topic
19980109-04-009,全国双拥工作电视电话会议要求做好双拥工作凝聚军心民心,no_topic
19980109-04-011,《虎踞钟山》撼人心(附图片3张),no_topic
19980109-04-012,《周恩来军事文选》出版发行江苏隆重纪念一代伟人,no_topic
19980109-05-003,闻喜营造百村书库,no_topic
19980109-05-004,罗布泊干涸探秘,no_topic
19980109-05-005,河北专家咨询团服务经济去年创直接经济效益39亿元,no_topic
19980109-05-006,专家指出脱贫在于改善生态,no_topic
19980109-05-007,北大与美商学院结盟,no_topic
19980109-05-008,蒲公英奖出台,no_topic
19980109-05-009,漓江岸边树新风(图片),short_body
19980109-05-010,《怎样发现新闻》令人耳目一新,no_topic
19980109-05-011,罕见海龟(图片),short_body
19980109-05-014,回首苦乐途前瞻漫漫路核二院创建40年功绩卓著,no_topic
19980109-05-016,"本报讯为庆祝江苏省国画院四十华诞,该院组织了一百多幅风格各异、生动活泼、气势浩然的书画作品,于一九九七年十二月下旬在中国美术馆展出。同时展出的还有文化部主办的『林散之百年诞辰书画作品展览』。(杨泓)",title_length
19980109-05-017,"本报讯北京医科大学王奎庆医师近日到本报义诊。王奎庆在治疗高血压、心脏病等病症方面积累了丰富的经验。在为期一个星期的义诊期间,本报一百多名患者接受了治疗。每天,他冒着寒风来本报,认真为患者诊断、处方,次日还将煎好的中药汤装在瓶子里带来。(吴迎春)",title_length
19980109-05-018,"本报讯一月七日,世达电脑科技公司在京举办了Plasmon全系列光记录产品演示会。Plasmon光盘库占世界市场的百分之三十,其系列产品还包括可擦写光盘机和CD库系统。世达公司全面代理这些产品在中国的业务。",title_length
19980109-05-019,"本报讯日前,中国人民大学出版社举行了『网络与二十一世纪人类生活』学术研讨会。研讨会上与会代表就开放的网络与开放的社会、网络与社会文明等话题作了深入浅出的讨论。网络文化丛书的问世是他们在这一领域中研究的重要成果。这套丛书共七种,它们是《网络创世纪》、《黑客》等。(范占英)",title_length
19980109-05-020,"本报讯进入春运以来,山西太原火车站在做好车站正常售票的同时,派人走访学校,征询意见,并把票价表、列车时刻表免费赠送学生。目前,全市七十二所大中学校的三点三万名春节探亲的学生车票已全部落实。(安智燕)",title_length
19980109-05-021,"本报讯通过高科技手段,步步高学生电脑兼容性能明显改善,全部检测项目达到国家标准GB9254。日前,国家技术监督局委托广东省技术监督局的专家对此结果进行评定,认为步步高学生电脑质量完全合格。步步高公司自一九九五年以来,就开始推行全面的质量管理,不断提升产品质量及完善质量管理体系。",title_length
19980109-06-001,切戒傲慢,title_length
19980109-06-002,土以美军事演习约旦称观摩无结盟之意巴解组织发表谴责声明,no_topic
19980109-06-003,对政府拖延西岸撤军不满以色列国防部长扬言要辞职,no_topic
19980109-06-004,日本六在野党结盟要求桥本下台不与小泽合作,no_topic
19980109-06-005,六年沉默一鸣惊人索尼亚步入印政坛,no_topic
19980109-06-006,波黑美军胡不归,no_topic
19980109-06-007,美一州遭受暴雨灾害(图片),short_body
19980109-06-008,南非将起诉前总统,no_topic
19980109-06-009,摩托送餐风行开罗,no_topic
19980109-06-010,意大利总理普罗迪强调安理会扩大不宜过快联合国应有更多民主,no_topic
19980109-06-011,哈将着力打击官员违法乱纪,no_topic
19980109-06-012,哈塔米总统称伊朗尚无需同美恢复外交关系,no_topic
19980109-06-013,"越南共产党八届四中全会补充调整后的中央政治局6日决定,分工组成新的政治局常委会。新组成的越共中央政治局常委会成员共5名,包括总书记黎可漂、国家主席陈德良、政府总理潘文凯、国会主席农德孟和范世阅。范世阅还担任政治局“常值”。根据越共八大党章规定,政治局常委按照政治局内的分工,负责处理政治局日常工作。",title_length
19980109-06-014,"摩洛哥新一届两院制议会7日选出第一任参议院议长,原摩洛哥一院制议会议长艾赛义德当选为第一任议长。代表院议长已于6日选举产生,原议会第一副议长拉迪当选。至此,摩洛哥议会从一院制向两院制的转变宣告完成。现年60岁的艾赛义德是摩右翼党派宪政联盟的议员,法学博士,曾担任过国务秘书和阿拉伯议会联盟委员会主席等职。",title_length
19980109-06-015,"墨西哥总统塞迪略7日任命女参议员罗萨里奥·格林为外交部长。格林同日在就职后宣布,墨西哥外交部将本着尊重主权,不干涉别国内政的对外政策原则,发展与世界各国的关系。格林在谈到与亚太国家关系时指出,亚太国家具有巨大的投资、贸易与合作潜力,墨西哥将加强与该地区的合作。格林1941年生于墨西哥城。她是墨西哥历史上第一位女外交部长和第四位女部长。",title_length
19980109-06-016,"墨西哥恰帕斯州议会7日批准胡利奥·鲁伊斯辞去州长职务,并任命众议员罗伯托·阿尔沃雷斯·纪廉为新州长。自去年12月22日在恰帕斯州切纳洛市发生45名印第安人被杀惨案后,该州和全国各地要求鲁伊斯引咎辞职的呼声愈来愈高。鲁伊斯的辞职受到各方欢迎。一些人士认为,这样做可以对公正解决屠杀惨案,推动政府与该州游击队组织萨帕塔民族解放军恢复和谈,产生积极影响。",title_length
19980109-07-001,拉美吸引外资猛增去年引资一千一百多亿美元,no_topic
19980109-07-002,国家有难匹夫有责(附图片1张),no_topic
19980109-07-004,暌违蟾宫廿五载勘探飞船再奔月(附图片1张),no_topic
19980109-07-005,世界市场原油价格下降纽约商交所二月份期价创两年来新低,no_topic
19980109-07-006,共渡难关韩国报纸减版面自愿救国泰国百姓卖美元,no_topic
19980109-07-007,CT扫描木乃伊生前曾寄血吸虫,no_topic
19980109-07-008,美国发行虎年邮票,no_topic
19980109-08-004,国家体委通报两大赛事备战情况,no_topic
19980109-08-005,新闻传媒大有用武之地(附图片1张),no_topic
19980109-08-007,"本报讯’98东方巨人杯北京市第三届室内五人制国际业余足球赛,将于1月10日在北京光彩体育馆手球馆拉开序幕。比赛将历时一个半月。",title_length
19980109-08-008,本报讯1月8日在北京人民大会堂举行了1997年千里明杯世界十佳运动员评选揭晓仪式。罗纳尔多(巴西)、乔丹(美国)、基普凯特(丹麦)、辛吉斯(瑞士)、陈妍(中国)、维伦纽夫(加拿大)、霍利菲尔德(美国)、霍尔金娜(俄罗斯)、葛菲(中国)、乌尔里希(德国)当选。这次活动由新体育杂志社、中央电视台体育部、辽宁华森医药保健品集团有限公司共同主办。,title_length
19980109-08-009,"本报讯印有法国世界杯标志和吉祥物的标志产品在世界各地已陆续上市,受到世界各国足球爱好者和普通消费者的青睐。中国福特宝足球产业发展公司与美国(香港)劲体有限公司合作,获得法国世界杯5大类305种标志产品在中国的生产、销售、推介权利。",title_length
19980109-08-010,"本报讯1月6日,一向以支持中国体育事业的格威特体育用品公司在北京展览馆剧场举行“格威特之夜———经典芭蕾舞剧《红色娘子军》专场演出”。国家体委主任伍绍祖和北京市市区党政机关有关领导、新闻记者以及广大“格威特”产品消费者2700余人出席晚会,欢聚一堂。(李惟一)",title_length
19980109-09-001,我们的心愿,no_topic
19980109-09-002,"《百年恩来》:要说的太多,太多(附图片1张)",no_topic
19980109-09-003,克拉玛依用舞剧塑造创业者形象生命赞歌从大油田唱出,no_topic
19980109-09-004,痛说赝品,title_length
19980109-09-005,"周小燕老师,您辛苦了!",no_topic
19980109-09-006,千锤万锤不如一槌(图片),short_body
19980109-10-001,荧屏走来108将(附图片2张),no_topic
19980109-10-002,想起了剧组评优,no_topic
19980109-10-003,观众评论获奖影片,no_topic
19980109-10-004,专家研讨《人民子弟兵》,no_topic
19980109-10-005,《远湖》——讲述农村新故事,review: 农村题材文艺作品，非农业生产报道
19980109-10-006,中影中唱组建VCD生产线,no_topic
19980109-10-007,石学海:牵着骆驼闯影坛(附图片1张),no_topic
19980109-10-008,十八台作品在京亮相话剧舞台不萧条(附图片2张),no_topic
19980109-10-009,高墙内同样阳光普照《监狱风云》展狱警风采,no_topic
19980109-10-010,刘罗锅又来了(附图片1张),no_topic
19980109-11-003,用作品本身说话的优秀创作,no_topic
19980109-11-004,读者心中的长篇,no_topic
19980109-12-001,但得夕阳无限好——与菡子书,no_topic
19980109-12-002,年底能不能下基层(附图片1张),no_topic
19980109-12-003,“法学博士”,no_topic
19980109-12-004,鸟儿的飞翔,no_topic
19980109-12-005,俄罗斯之湖(油画),short_body
19980109-12-006,『诸事不宜』?,no_topic
19980109-12-007,陕北腰鼓,title_length
19980110-01-003,国务院召开第65次常务会议,no_topic
19980110-02-001,我国对外贸易持续增长去年进出口总值逾三千二百五十亿美元,no_topic
19980110-02-002,国家防总、水利部通知要求各地全力以赴抗旱保春播保夏粮,no_topic
19980110-02-003,邹家华会见全国统计工作会议代表时指出统计工作要把准确性放在首位,no_topic
19980110-02-004,中日将联手治理长江水利环境重点为中上游防护林建设和水土保持,no_topic
19980110-02-005,带兵爱兵表现突出总参总政表彰优秀基层干部,no_topic
19980110-02-006,北京市举行老干部迎春团拜会,no_topic
19980110-02-007,明天气象预报(1月10日20时—11日20时),short_body
19980110-02-008,二○○○年长城将竖立倒计时钟,no_topic
19980110-02-009,四川省节前举办文化下乡活动(图片),short_body
19980110-02-010,就香港决定取消第一收容港政策外交部发言人发表谈话,no_topic
19980110-02-011,全国清理公款电话收回资金4.84亿元,no_topic
19980110-02-012,陈方安生将率团出访美加,short_body
19980110-02-013,春节期间香港将举行盛大烟花汇演,no_topic
19980110-02-014,"据新华社北京1月9日电(记者于海生)中央军委副主席、国务委员兼国防部长迟浩田上将今天下午在钓鱼台国宾馆同塔吉克斯坦国防部长舍拉利·海鲁拉耶夫中将举行了会谈。会谈前,迟浩田主持仪式欢迎海鲁拉耶夫一行访华。中国人民解放军副总参谋长吴铨叙中将参加了欢迎仪式和会谈。",title_length
19980110-02-015,据新华社北京1月9日电(记者刘云非)中央军委委员、中国人民解放军总后勤部部长王克上将今天在这里会见了由荷兰国防部秘书长巴斯率领的荷兰军队后勤代表团。中国人民解放军总后勤部副部长温光春中将、荷兰驻华大使伍思德等参加了会见。,title_length
19980110-02-016,"据新华社广州1月9日电(记者车晓蕙)伊拉克国民议会议长萨阿东·哈马迪结束对中国的访问,今天下午乘飞机离开广州前往越南。哈马迪一行六人是1月8日由北京飞抵广州的。昨天晚上,广东省人大主任朱森林会见并宴请了哈马迪一行。",title_length
19980110-03-001,摩洛哥国王会见钱其琛钱其琛与菲拉利首相会谈,no_topic
19980110-03-002,埃及《金字塔报》发表文章盛赞周恩来为世界和平作出贡献,no_topic
19980110-03-003,华府住户请『门神』,no_topic
19980110-03-004,购物中心像『围城』,no_topic
19980110-03-006,以总理称将分步骤从西岸撤军黎游击队和以军激战,no_topic
19980110-03-007,英允诺做建设性欧盟主席国,no_topic
19980110-03-008,韩国将提升汽油价(图片),short_body
19980110-03-009,阿联酋呼吁欧佩克成员恪守配额,no_topic
19980110-03-010,冰暴横扫加拿大所到之处险象生(附图片1张),no_topic
19980110-03-011,英冻结贝·布托存款,no_topic
19980110-03-013,丹麦美人鱼头部失而复得,no_topic
19980110-03-014,先系“安全带”再拉“扎根绳”拯救比萨斜塔有新招,no_topic
19980110-04-002,体育的产业定位要科学(附图片1张),multiple_topics
19980110-04-004,再立潮头看何人——评世界女板跳水大势,no_topic
19980110-04-006,从单纯赞助到全面参与(附图片1张),no_topic
19980110-04-007,图片新闻,title_length
19980110-04-008,从评选最佳中场球员想到的,no_topic
19980110-04-009,"本报北京一月九日讯中国第一个航空运动俱乐部中国航空运动协会飞行俱乐部,今天在这里挂牌成立。俱乐部的第一个基地北京十三陵基地今天也同时宣布成立。",title_length
19980110-04-010,"本报讯一月六日,北京泰达士经贸公司与北京宏景文化传播公司共同合作,合力推出一九九八年世界杯足球赛标志产品展示会。这次他们从国际足联指定的全球总代理LOGOHOUSE手中获取了中国的总代理权,范围包括制造、销售带有法国世界杯足球赛会徽或吉祥物标志的各种手表、眼镜、服装等纪念品及企业对此标志的使用权。(刘勇)",title_length
19980110-04-011,"本报讯体育器材中科技含量高、前期投资大的保龄球成套设备,已打破洋货一统天下的局面,北京海燕优美加体育器材有限公司研制生产的大石牌DS97型电脑全自动保龄球成套设备日前在京推出。",title_length
19980110-05-001,历史命运和当代创新——评《马克思主义哲学史》八卷本(附图片1张),no_topic
19980110-05-002,用整合观点看社会稳定问题,no_topic
19980110-05-003,股份制改革要解决好四个问题,no_topic
19980110-05-004,“可持续发展与环境保护”研讨会,no_topic
19980110-05-005,“全球经济与中国经济发展”研讨会,no_topic
19980110-05-006,《正确处理我国社会转型期的人民内部矛盾》,no_topic
19980110-05-007,《马克思主义哲学基础新编》,no_topic
19980110-05-008,《人品质量学》,no_topic
19980110-05-009,“社会史及社会变迁”研讨会,no_topic
19980110-06-001,冰清玉洁水仙花,no_topic
19980110-06-002,普通的水(外二首),no_topic
19980110-06-003,珠江奏鸣曲,no_topic
19980110-06-004,焊花如血,title_length
19980110-07-001,巾帼扶贫加大攻坚力度,no_topic
19980110-07-003,自主·自立·自强,no_topic
19980110-07-004,云南省举办百对新人集体婚礼(图片),short_body
19980110-07-005,杨丽华:蓝天“金凤凰”,no_topic
19980110-07-006,山东集中投入智力扶贫,no_topic
19980110-07-007,图片新闻,title_length
19980110-07-008,残害女童者伏法,no_topic
19980110-07-009,离别三十六年梦想终于成真,no_topic
19980110-07-010,"北京市怀柔县妇联积极组建妇女发展互助会和妇女发展互助互扶基金会。3年来,发展会员300多人,会员存款达190万元,帮助70多名妇女走上了致富路。同时,已帮助5个乡20多名贫困妇女发展了养殖业、种植业。",title_length
19980110-07-011,"辽宁省营口市老边区妇联组织、带领农村妇女向“白色企业”、“蓝色企业”、“绿色企业”和“黄色企业”进军。向“白色企业”进军是指开展“一座大棚,一户小康”致富活动;向“蓝色企业”进军是指发展海水养殖、淡水养殖;向“绿色企业”进军是指大力推广水稻抛秧新技术;向“黄色企业”进军是指开展家庭养禽活动。目前,全区参加养蟹等海、淡水养殖业的妇女达40%,年产值可达5000万元。推广水稻抛秧技术面积达11.5万亩,总产量达0.625亿公斤。全区畜禽饲养量达130万只(头)。",title_length
19980110-07-012,"●前不久,兰州医学高等专科学校戎发制药厂将一批经卫生部批准生产的治疗妇科病的新药“斯娜格”药膜,捐赠给甘肃省贫困山区的妇女。(杨小平)",title_length
19980110-07-013,"●日前,全国妇联妇女研究所组织召开了市场经济与妇女就业研讨会。会议讨论了当前妇女就业的趋势与对策,城镇女工下岗与再就业问题,农村妇女发展与非农转移问题。代表们从不同的视角畅谈了各自的观点和意见,提出了解决问题的对策与建议。(新园)",title_length
19980110-08-001,福寿满人间,no_topic
19980110-08-002,我心中的歌《红岩颂》——献给伟人周总理(附图片1张),no_topic
19980110-08-003,小黑板两题,no_topic
19980110-08-004,多想,title_length
19980110-08-005,古茶楼情新韵,no_topic
19980110-08-006,上晃,title_length
19980110-08-007,唐岩书画展在京举办,no_topic
19980110-08-008,圆梦(中国画),short_body
19980111-01-001,煤挖完了怎么办?,no_topic
19980111-01-002,实施四大工程促进稳定振兴河西建成千里双拥模范走廊,no_topic
19980111-01-003,双拥的创举,no_topic
19980111-01-004,党中央国务院十分关心地震灾区人民江泽民李鹏打电话亲切慰问,no_topic
19980111-01-005,谢世杰当选中共四川省委书记,no_topic
19980111-01-006,张北-尚义发生六点二级地震,no_topic
19980111-01-007,本报最后消息,no_topic
19980111-01-008,石油工人战隆冬(图片),short_body
19980111-01-010,"全国重点文物保护单位、中小学爱国主义教育基地———周恩来故居,自从1979年对外开放以来,累计接待海内外瞻仰观众已突破1000万人次。为纪念周恩来同志诞辰100周年,周恩来故居管理处还建成占地近千平方米的周恩来墨迹碑廊,收录了周恩来同志各个时期书法题词。(杨大生)",title_length
19980111-01-011,"去年天津实现财政收入一百六十九点一亿元,完成预算的百分之一百零二点三,按可比口径比上年增长百分之十三点五,连续六年保持两位数增长。各项税收有不同程度的增加,其中增值税六十九点二亿元,增长百分之二点七,营业税二十七点六亿元,增长百分之十一点九,企业所得税、外商投资企业和外国企业所得税二十一点五亿元,增长百分之十二点六。(陈杰)",title_length
19980111-01-012,"记者从正在召开的新疆维吾尔自治区九届人大一次会议上传来喜讯:新疆继国内生产总值突破一千亿元大关后,一九九七年财政收入达到一百点○五亿元,首次突破百亿元大关。其中,自治区地方财政收入完成五十点○七亿元,比上年增长百分之十八。(祝谦)",title_length
19980111-01-013,"据湖南省减轻农民负担办公室近日提供的材料,去年,湖南省减轻农民负担12亿元,农民人均减少24元。全省共清理涉及农民负担文件5635个,废止文件和收费项目1114个,发放农民负担监督卡1100万份。(吴兴华)",title_length
19980111-01-014,"浙江全面建立的城乡最低生活保障制度,已让全省近20万人得到最低生活保障救助。记者从浙江省民政厅获悉,到9日为止,其中58个县(市、区)已经实施保障制度,30个县(市、区)出台了方案并于今年上半年实施。(袁亚平)",title_length
19980111-01-015,"南昌多渠道、多形式安置下岗职工取得进展,去年以来已安置5万下岗职工重新就业。南昌市目前国有企业占70%以上,历史包袱重,下岗职工多,就业压力大。(程曦)",title_length
19980111-02-002,湖南11个部门服务到基层,no_topic
19980111-02-004,钱其琛结束访问摩洛哥时指出中非合作前景美好,no_topic
19980111-02-005,驻京部队官兵座谈《虎踞钟山》表示以改革创新精神推进我军建设,no_topic
19980111-02-006,明天气象预报(1月11日20时—12日20时),no_topic
19980111-02-007,江西抓四十八件实事,no_topic
19980111-02-008,真情动人心,no_topic
19980111-02-009,中直机关工会联合会召开换届会,no_topic
19980111-02-010,谈家桢基金褒奖优秀青年学子,no_topic
19980111-02-012,孤身斗歹徒邱玲获殊荣,no_topic
19980111-02-013,图片新闻,title_length
19980111-02-014,大昭寺喇嘛向藏北灾区捐款捐物,no_topic
19980111-02-016,新华社大连1月10日电大连市第十二届人民代表大会第一次会议1月10日选举于学祥为市人大常委会主任;选举薄熙来为大连市市长。,title_length
19980111-02-017,新华社长春1月10日电(记者李亚彪)吉林省长春市第十一届人民代表大会第一次全体会议今天选举张明远为市人大常委会主任;选举李述为长春市市长。,title_length
19980111-02-018,据新华社北京1月10日电(记者刘云非)中央军委委员、中国人民解放军总参谋长傅全有上将今天在这里会见了塔吉克斯坦国防部长舍拉利·海鲁拉耶夫中将。,title_length
19980111-03-001,友谊的丰碑——读胡志明主席发表的对华文章,no_topic
19980111-03-002,“007”与冷战思维,no_topic
19980111-03-003,奔驰在德国高速公路上,no_topic
19980111-03-004,喜爱中国歌曲的日本姑娘(附图片1张),no_topic
19980111-03-005,走近米兰大教堂,no_topic
19980111-03-006,开罗萍水几人家,no_topic
19980111-03-007,美加边境大门。门楣上的题字是:同一母亲的孩子(图片),short_body
19980111-04-001,轿车、股份制和市场经济,no_topic
19980111-04-002,『大哥大』:说大真大说小真小,no_topic
19980111-04-003,视点开栏的话,no_topic
19980111-04-004,来个『政绩打假』,no_topic
19980111-04-005,消除『过结儿』,no_topic
19980111-04-007,情洒太旧路昔日过难关百姓慷慨解囊今朝履诺言政府深情还款,no_topic
19980111-04-008,长沙市着手整治所谓美容美发店,no_topic
19980111-04-009,浙江地矿厅处理不称职干部六名处级干部就地免职,no_topic
19980111-04-010,内蒙古草原退化日益严重有识之士欲种草发财,no_topic
19980111-04-011,特殊家庭(图片),short_body
19980111-04-012,镇江建成一批名人墓葬陵园,no_topic
19980111-04-014,广州街头“走鬼”多,no_topic
19980111-04-015,贺卡:太俗太滥,no_topic
19980111-04-016,赞民乐走进“金色大厅”,no_topic
19980112-01-001,论狠抓落实,no_topic
19980112-01-003,调减产量保护资源分流人员提高效益,no_topic
19980112-01-004,事在人为———记吉林市电力器材有限公司,no_topic
19980112-01-005,图片新闻,title_length
19980112-01-006,满洲里边贸持续发展(图片),short_body
19980112-01-007,新疆石油工业进入“快车道”,no_topic
19980112-01-008,军民携手战天灾生产自救建家园,no_topic
19980112-01-010,"去年,我国开工建设或建成14条长途光缆干线,新建光缆干线长逾3·3万多公里,从而使我国目前拥有的光缆总长达82万公里。“八五”期间建成了22条国家一级干线。“九五”期间,我国还要再建23条全长3·5万公里的国家一级光缆干线。",title_length
19980112-01-011,"经国务院和中央军委批准,云南省海拔最高的迪庆机场日前开始兴建。迪庆藏族自治州的中甸县,海拔3200多米,是国内外盛传的“香格里拉”的所在地。经过5年的前期准备,元旦刚过施工队伍就开进雪山草原。机场占地2375亩,设计概算投资2·5亿元,建成后能起降波音737—300型客机。据介绍,机场将于1999年6月建成。(除署名外均据新华社)",title_length
19980112-01-012,"『八五』国家重点工程石长铁路一月九日全线铺通。石长铁路是国家一级路网干线,西起焦枝铁路线新增的石门北站,东接京广铁路线的捞刀河车站,全长二百六十四公里。石长铁路的建成,将为湖南西北三市十二县(区)开辟一条新的运输大动脉。(吴兴华)",title_length
19980112-01-013,"国家大型航运企业中远集团深化航运体制改革,实行集装箱运输和散货运输经营管理一体化。一月十一日,中远散货运输有限公司迁往天津,与天津远洋运输公司合二为一,成立中散(天远)公司。公司拥有世界上最大的散货船队。(张悦)",title_length
19980112-02-002,无形的扩张———调整中的北京大商业(上),no_topic
19980112-02-003,工商管理培训全面铺开『九五』期间国有企业应培训人数一百万人,no_topic
19980112-02-004,图片新闻,title_length
19980112-02-005,1997年全国产金166吨提前三年实现“九五”计划目标,no_topic
19980112-02-006,我国海洋油气产量突破两千万吨,no_topic
19980112-02-007,农行河南分行靠改革促发展,no_topic
19980112-02-008,中行授信海南航空六十五亿元,no_topic
19980112-02-009,痛定思痛搞整顿依法办矿保资源大同查封私开乱采矿井,no_topic
19980112-02-010,九家旅行社联合推出『风兰之旅』,no_topic
19980112-02-011,兰州海关积极支持大中型企业,no_topic
19980112-02-012,陕西农发行扶贫贷款到户,short_body
19980112-02-013,"本报讯为加快西部经济发展,新疆八一棉纺织厂等12家棉纺企业被国家经贸委列入“老工业基地改造振兴工程”专项实施规划项目,占全国纺织企业项目的近四成。该规划共393项,总投资数百亿元。(焦秋生银春)",title_length
19980112-02-014,"本报讯美国西屋电气公司最近表示,今后要积极开发适合中国需要的先进核技术并扩大与中国的合作。目前,西屋电气已经培训了1000多名中国工程技术人员,并向上海锅炉厂转让为秦山二期核电工程配套的蒸发器设备等。(石武)",title_length
19980112-02-015,"本报讯中日合资华糖洋华堂商业有限公司1号店———华堂商场十里堡店1月8日员工就任。该商场十里堡店坐落在北京京港城市广场,引入日本伊藤洋华堂的经营管理体制,实施“买断”经营。(李建兴)",title_length
19980112-02-016,"本报讯近日,国家技术监督局对全国燃气热水器产品进行了抽查,广东神州燃气用具有限公司生产的5G、8G型燃气热水器抽检合格率为100%。",title_length
19980112-02-017,"本报讯截至日前,北京市14个区县乡镇企业局开全国之先河,全部纳入了国际互联网络,实现了信息查询、信息发布、电子信函的传输等功能,使全市的乡镇企业信息网络建设进入一个新的阶段。(谢东光)",title_length
19980112-02-018,"本报讯大韩再保险公司北京代表处日前正式成立。这是韩国唯一的专业再保险公司,其北京代表处的成立,将促进中韩两国保险机构的相互协助,推动两国保险业共同发展。(梅文)",title_length
19980112-02-019,本报讯中国南方航空(集团)公司的6架波音B—777客机日前全部通过了“全国卫生客机”验收。该公司去年上半年飞机清洁费投入42.5万元。,title_length
19980112-02-020,"本报讯我国最大的生物工程产业化基地,长春金赛药业有限责任公司近日投产。首批开发的人生长素和人粒细胞集落刺激因子两项高科技、高附加值新产品,最近已被国家计委正式列为“九五”国家重大科技成果产业化项目。(汪波)",title_length
19980112-03-002,动人的故事激励千万人——甘肃“河西千里双拥模范走廊”创建纪实(上),no_topic
19980112-03-003,一跤跌出“儿女”满堂,no_topic
19980112-03-004,不忘群众疾苦温暖送进万家,no_topic
19980112-03-005,驻藏部队援助西藏灾区(图片),short_body
19980112-03-006,文明与不文明,no_topic
19980112-03-008,北京举行“110宣传日”咨询活动,no_topic
19980112-03-009,鞍山交警整顿“三乱”,no_topic
19980112-03-010,"本报讯国务院军转办7日在京召开1998年中直和中央国家机关接收安置军队转业干部工作会议,部署军转干部安置计划。今年,中直和中央国家机关将接收720余名转业干部,数量较往年有所增加,其中团职干部和女干部的比例有较大幅度增长。(家贵军敏)",title_length
19980112-03-011,"本报讯陕西咸阳市秦都区在物质扶贫的同时,发动全区企事业单位积极文化扶贫赠报下乡,受到群众欢迎。秦都区在全面完成党报党刊征订任务的同时,发现部分老干部、学校、农村村干部,特别是计划生育双女户等,长期看不到报纸。经区委、区政府决定,发动全区企事业单位,积极向老干部、下派干部、农村基层组织干部、学校、计划生育双女户以及十星级文明户赠阅党报党刊。先后赠订《人民日报》、《陕西日报》1000余份。(任军锋李君郁赵冲)",title_length
19980112-03-012,"本报讯近10年来,解放军南京军区102医院医护人员利用业余时间为地方患者义务信诊,累计达1·4万封,有效率达85%以上,有效解除了病人痛苦,减轻了社会负担。(向宁翠玉)",title_length
19980112-03-013,"本报讯春节即将来临之际,由中国老龄协会和中国老年基金会倡导的『助老工程』开始了一九九八年新的行动,本月中旬,助老工程办公室人员将分赴各地,首先对百岁以上老人及曾对国家有过特殊贡献的八十岁以上老人送去助养金。",title_length
19980112-03-014,"本报讯1月9日,北京军区总医院和宋庆龄基金会、中国和平出版社、杨晓霞救治金管理委员会在北京举行赠书仪式,将翔实记载救助农家少女杨晓霞情况的《爱心在这里汇聚》一书,赠送给北京市中小学生和参与救助工作的社会各界代表。(张向东)",title_length
19980112-04-001,地震灾区写真(附图片3张),short_body
19980112-04-002,拒绝无聊,title_length
19980112-04-003,识其利用其利——嘉兴接轨上海侧记,no_topic
19980112-04-004,游德馨当选福建省政协主席,short_body
19980112-04-005,安启元当选陕西省政协主席,short_body
19980112-04-007,明天气象预报(1月12日20时—1月13日20时),no_topic
19980112-04-008,傅全有在总参军人代表大会上强调实现军队建设跨世纪发展,no_topic
19980112-04-009,万国权会见澳大利亚客人,short_body
19980112-04-010,维宝光盘生产线在京投产,no_topic
19980112-04-011,选举法和地方组织法修改后首次实施各级人大换届选举全面展开,no_topic
19980112-04-012,部队官兵盛赞《虎踞钟山》,no_topic
19980112-04-013,黄公略铜像在湘乡揭幕,no_topic
19980112-04-014,《人权百科全书》翻译出版,short_body
19980112-04-015,《景德镇瓷的故乡》在台展出反响大,no_topic
19980112-04-016,中国审计代表团离京访美,short_body
19980112-05-002,定位——求实为上,no_topic
19980112-05-006,1997年又有400个县达到普九扫盲要求,no_topic
19980112-05-007,协会联农户科普富高原云南省科协实施『六个一百』工程,no_topic
19980112-05-009,《绿色经典文库》吹来环保新风,no_topic
19980112-05-010,我国会跳国标舞的人数近亿,no_topic
19980112-05-011,秦皇岛野生动物园为剑羚上角套(图片),short_body
19980112-05-012,《中国人才库》收录劳模事迹,short_body
19980112-05-013,瑞士历史图片展资料珍贵,short_body
19980112-06-001,钱其琛与阿尔及利亚外长会谈,no_topic
19980112-06-002,亚太议会论坛第六届年会闭幕,no_topic
19980112-06-003,埃及挪威对中东和平前景悲观,no_topic
19980112-06-004,以撤军仍无具体方案,no_topic
19980112-06-005,俄官员会晤车臣领导人讨论稳定车臣局势问题,no_topic
19980112-06-006,巴总理电慰我地震灾民,no_topic
19980112-06-007,北爱和平进程获新进展,no_topic
19980112-06-008,监狱里的会谈(图片),short_body
19980112-06-009,土耳其驱逐十四名伊拉克移民欧洲土耳其合作防止非法移民,no_topic
19980112-06-010,巨款还失主,no_topic
19980112-06-011,欧盟将向阿派遣代表团阿尔及利亚政府已表示接受,no_topic
19980112-06-012,塔利班欲借重伊斯兰学者议和反塔联盟接受和谈建议,no_topic
19980112-06-014,美国看反差,no_topic
19980112-06-015,阿拉伯世界的汉语人才摇篮(附图片2张),no_topic
19980112-06-016,"赞比亚司法当局十日对前总统、反对党领导人卡翁达提出正式起诉,指控他参与去年发生的赞比亚未遂政变。据赞比亚《星期日时报》十一日报道,卡翁达的律师已经证实,卡翁达被指控与另外两名反对党领导人和部分军官共同策划了去年十月的未遂军事政变。卡翁达还被指控与政变军人达成协议,一旦政变成功,军人先执政三个月,然后由他接管政权。",title_length
19980112-06-017,"土井多贺子十日下午在无竞选对手的情况下再次当选为日本社民党党首。按照社民党的规定,土井的新任期为五年。土井当选后会见记者时说,当前社民党将继续保持与桥本政权的『阁外合作』关系。但她强调说:『如果出现自民党侮辱社民党主张的事态,社民党就要作出重大的决定。』",title_length
19980112-06-018,"应孟加拉国总理谢赫·哈希娜的邀请,印度和巴基斯坦两国总理将于本月十五日出席在孟加拉国首都达卡举行的孟、印、巴三国首脑会议。在此期间,古杰拉尔和谢里夫将再次举行会晤。自去年以来,印巴两国政府首脑举行了多次会晤,双方就改善两国关系深入交换了意见,并在一些问题上达成共识。",title_length
19980112-06-019,"根据一九七七年同巴拿马签订的《新运河条约》,美国政府八日把美国南方司令部总部『夸里高地』军事基地和设施移交给巴拿马。『夸里高地』军事基地建于一九一四年,面积二十七公顷,拥有三十三幢房屋建筑。目前,巴拿马政府计划将移交后的军事基地建成一些国家的使团所在地,巴拿马外交部也将临时迁至『夸里高地』。",title_length
19980112-06-020,"据伊拉克《共和国报》十日报道,集结在海湾的美英军舰严重污染海湾水域,造成大批鱼类和海鸟死亡。该报援引海湾地区渔民的话说,美英军舰在海湾水域投掷的大量腐烂变质的食品和维修军舰时泄漏在海面的重油是造成数百种鱼类和海鸟中毒死亡的主要原因。报道说,由于美英军舰严重污染海湾水域,当地渔民不敢在该水域继续进行捕捞作业,因而他们的生计难以维持。",title_length
19980112-06-021,"鉴于阿尔巴尼亚严峻的治安形势,阿五个执政党八日在地拉那达成一项政治协议,表示完全支持国家机构同犯罪活动,尤其是同有组织的犯罪活动进行斗争。近来,阿尔巴尼亚的犯罪活动日益猖獗,有组织的犯罪和恐怖活动有增无减。仅一九九八年头一周,就有十人被打死,更多的人被打伤,抢劫、盗窃案件更是层出不穷。(据新华社电)",title_length
19980112-07-001,拉莫斯呼吁东盟旅游业合作东南亚旅游业面临转机,no_topic
19980112-07-002,图片新闻,title_length
19980112-07-007,美警方没收借展名画奥政要希望澄清历史,no_topic
19980112-07-008,《十日谈》抄本重见天日十八幅插图蔚为大观,no_topic
19980112-07-009,风光纵美只堪游生活不便难久居威尼斯人纷纷外迁,no_topic
19980112-08-009,省港杯广东队战平香港队,short_body
19980112-09-001,毛毯·没事儿·安安小姐,no_topic
19980112-09-002,郑州我怎么对你说......(附图片1张),no_topic
19980112-09-003,对无证者说不,no_topic
19980112-09-004,房改你真要改吗(附图片2张),no_topic
19980112-09-005,图片观新:电脑时代(附图片4张),short_body
19980112-09-006,提醒:车祸猛于虎(图片),short_body
19980112-09-007,沟通你和我,no_topic
19980112-09-008,听听游子心里话,no_topic
19980112-10-002,"不乱贷,也不能惜贷",no_topic
19980112-10-003,补充说明,title_length
19980112-10-004,发挥优势争创一流(附图片1张),no_topic
19980112-10-005,开拓进取良好发展(附图片1张),no_topic
19980112-10-008,利率,title_length
19980112-10-009,上海综合指数日K线图(图片),short_body
19980112-10-010,深圳成份股指数日K线图(图片),short_body
19980112-10-012,沪市上涨前五名(%),short_body
19980112-10-013,沪市下跌前五名(%),short_body
19980112-10-014,深市上涨前五名(%),short_body
19980112-10-015,深市下跌前五名(%),short_body
19980112-10-016,工行北京分行效益上新台阶,no_topic
19980112-11-001,『打』出来的防伪产业,no_topic
19980112-11-002,汽车防盗器报警先须自警,no_topic
19980112-11-003,慎选汽车防盗报警器,no_topic
19980112-11-004,典礼冷点好,no_topic
19980112-11-005,东滩中国第一矿,no_topic
19980112-11-006,海南瓜菜评名牌(图片),short_body
19980112-11-007,糖葫芦与观念,no_topic
19980112-11-008,六千年大米今树『品牌』,no_topic
19980112-11-009,本溪钢铁集团公司新领导班子上任后——封车堵嘴补漏,no_topic
19980112-11-010,雨中偶见(漫画),short_body
19980112-11-011,翰海’97秋拍成交额超九千万,no_topic
19980112-11-012,"我国VCD生产厂家中唯一一家生产电脑的企业———实达集团率先通过ISO9002质量体系认证。该集团除在生产中采用世界上最先进的自动插件机、自动波峰焊接工艺外,零件采购方面也要求配套零件厂商达到ISO9002的采购规范。日前,实达集团又引进美国专利技术SRS,使VCD音色表现圆润、细致,声场定位准确、自然。(广文)",title_length
19980112-11-013,"北京华通包装材料公司推出HTA—1型和2型纸浆模塑生产线,这套生产线由制浆、成型、裁边、消毒、包装等系统组成,日产10万只快餐纸盒、30万只方便面碗,所生产的纸制餐具均采用无毒无味的原浆,经科学配制、模压成型。",title_length
19980112-11-014,"湖北省矿产开发总公司研制的新型ZH系列铸造涂料和SCC系列涂料悬浮剂日前通过国家鉴定。鉴定委员会认为,该新型铸造涂料质地细腻,耐高温,涂刷性能好,附着力强,易脱模,无毒无污染,成本低廉,解决了黑色污染,提高了铸件一级成品率。(韩亚卿)",title_length
19980112-12-001,回眸’97房地产景气水平缓缓回升,no_topic
19980112-12-002,卖旧房买新房上海已售公房上市试点受居民欢迎,no_topic
19980112-12-003,分类提高住宅有效需求,no_topic
19980112-12-004,1997年公房租金水平,short_body
19980113-01-001,论团结一致,no_topic
19980113-01-002,建立脱贫有效机制挂钩结对共求发展江苏浙江告别贫困县,no_topic
19980113-01-003,国务院三峡建委第七次会议召开,no_topic
19980113-01-004,乔石在上海考察时提出经济上实现新发展改革上争取新突破,no_topic
19980113-01-005,中央军委致电慰问驻震区部队,no_topic
19980113-01-007,李鹏会见英国客人,no_topic
19980113-01-008,救灾又见子弟兵,no_topic
19980113-01-009,鱼水真情,title_length
19980113-01-010,震区牵动八方人心救灾工作全面展开(附图片2张),no_topic
19980113-02-001,国有企业改革要有突破性进展——二论今年经济工作主要任务,no_topic
19980113-02-002,辽宁省大洼县认真落实国家粮食征购政策(图片),short_body
19980113-02-004,吴邦国致信全国建材工作会议提出开展好“脱困增效年”活动,no_topic
19980113-02-006,船舶工业进入发展新时期李鹏为船舶工业工作会议题词吴邦国发来贺信,no_topic
19980113-02-007,实施『双优发展战略』农行重点支持优势产业优良客户,no_topic
19980113-03-001,国之枢纽气象新——中央国家机关开展『三优一满意』活动综述,no_topic
19980113-03-002,共建花开千万里——甘肃“河西千里双拥模范走廊”创建纪实(下篇),no_topic
19980113-03-003,无悔的选择,no_topic
19980113-03-004,公财当公理,no_topic
19980113-03-006,李贵鲜走访慰问北京贫困群众,no_topic
19980113-03-007,北京市实行机关工作人员戴胸卡上岗(图片),short_body
19980113-03-008,"本报讯最近,湖北省洪湖市从全市五百余名机关青年干部中挑选了十七名三十五岁以下、大专以上学历、有两年以上助理级任职经历的优秀青年干部,派驻到十七家改制企业中担任挂职厂长(经理)助理、副厂长(副经理)。",title_length
19980113-03-009,"本报讯全国优秀公安局山东省长清县公安局从去年四月起,在全县开展『开门评警』活动,通过对民警的政治素质、执法质量和行为规范等进行评议,促进了警风警纪的根本好转,改善了警民关系。(张宇鸿梁魁元)",title_length
19980113-03-010,"本报讯成都铁路公安处警务督察大队采取各种形式进行明察暗访。据不完全统计,去年,该大队共检查一千二百三十九人次,纠正违章事项和警容不整二百零六人次,发整改通知书二份,促进了队伍作风转变。(赵凤章李茜)",title_length
19980113-03-011,"本报讯北京俊邦国际文化公司制定出二百多项内部管理规章,加强对员工的法制教育。这家公司在被评为朝阳区社会治安综合治理先进单位后,在一九九七年的考核中又以无火灾、无案件、无违纪、无交通事故而在各企业中名列前茅。",title_length
19980113-03-012,"本报讯四川省泸州市纳溪区从每个家庭入手,先后组织开展了遵纪守法等一系列教育、竞赛活动,吸引农民争创『遵纪守法户』、『五好家庭户』和『双文明户』。目前,全区已有百分之九十五的农户进入『三户』行列。(董善浦)",title_length
19980113-04-001,中直机关党的工作会议要求建设廉洁高效务实文明的机关,no_topic
19980113-04-002,李岚清会见美国客人,no_topic
19980113-04-003,李鹏会见希腊客人,no_topic
19980113-04-004,李岚清会见法国客人,no_topic
19980113-04-005,明天气象预报(1月13日20时—1月14日20时),no_topic
19980113-04-006,中央慰问组到那曲,no_topic
19980113-04-007,尉健行在京慰问困难企业职工时指出越是困难越要依靠工人阶级,no_topic
19980113-04-008,山西查处腐败分子一批群众反映强烈的重点案件公开处理,no_topic
19980113-04-009,热情报道正确引导首都新闻界聚焦《虎踞钟山》,no_topic
19980113-04-011,中英经贸联委会会议举行,no_topic
19980113-04-012,图片新闻,title_length
19980113-04-013,姜春云会见沃尔沃公司总裁,short_body
19980113-04-014,迟浩田会见美国前国防部长,no_topic
19980113-04-015,温家宝会见西班牙客人,short_body
19980113-04-016,傅全有会见美国前国防部长,short_body
19980113-05-001,喜看火箭排云上——访长三甲、长三乙运载火箭总设计师龙乐豪,no_topic
19980113-05-002,天津查处招生受贿案高玉林等人分别受到严惩,no_topic
19980113-05-003,清扫精神垃圾打击违法经营广东大力整顿出版物市场,no_topic
19980113-05-004,三峡库区作物品种资源抢救工作完成,no_topic
19980113-05-006,"本报西安电记者孟西安报道:1月10日上午,绝版发行的《秦始皇兵马俑》纯金银制邮品的毁版仪式在西安举行。去年11月30日,经邮电部批准,由西安临潼邮票公司限量发行的《秦始皇兵马俑》纯金银制邮品在西安公开发行。为确保这一稀世珍品的绝版发行,发行者在西安市公证处及数百位社会名流的注目下,当众毁掉了制作邮品的模版。",title_length
19980113-05-007,"本报讯北京市教委、北京市科协、北京青少年科学基金会日前联合召开青少年科普教育工作表彰会,160余名中小学科技辅导教师、区县科普组织工作者受到表彰,26名在科技活动中取得优异成绩的中小学生获得“居庸杯”少年科学奖。北京市近年来涌现出一大批科技活动有特色的科技示范学校,中小学生科技素质有了明显提高。(董洪亮)",title_length
19980113-05-008,"本报讯由全天然保健食品公司生产的纯天然保健食品大阔海牌深海鱼油,近日获得卫生部颁发的保健食品批准证书,投放市场。大阔海牌深水鱼油取自于北极带冷水域的深海鱼类,无污染,含有丰富的降血脂和降胆固醇的保健物质。",title_length
19980113-05-009,"本报讯涿州市劳动技工学校日前对严重资不抵债,长期陷入困境的涿州市胶合板厂实行跨行业兼并。河北省涿州市劳动技工学校是经河北省人民政府批准、由国家劳动部颁发证书认定、培养现代技能型人才的正规全日制学校。",title_length
19980113-06-001,阿总统总理会见钱其琛钱其琛说非洲将在新世纪取得发展新成就,no_topic
19980113-06-002,从『对抗』到『融入』,no_topic
19980113-06-003,伊斯兰会议组织发表声明,no_topic
19980113-06-004,古巴举行全国大选,no_topic
19980113-06-006,泰人助泰共渡时艰,no_topic
19980113-06-007,巴基斯坦的拉合尔市发生严重枪击事件(图片),short_body
19980113-06-008,桥本和布莱尔会谈,no_topic
19980113-06-009,针对美国和英国人员过多,no_topic
19980113-06-010,《欧洲时报》庆祝创刊十五周年本报副社长许中田专程前往祝贺,no_topic
19980113-06-011,友好往来,title_length
19980113-06-012,"德国各地的10多万各阶层人士11日上午9时到下午1时纷纷来到柏林弗里德里希斯菲尔德社会主义者公墓,纪念德国工人运动领袖罗莎·卢森堡和卡尔·李卜克内西遇害79周年。在今年的纪念活动中,组织者根据德国当前情况,提出了实行民主、反对新纳粹、反对种族歧视和敌视外国人、反对德国追求军国主义和谋求大国地位、反对削减社会福利等口号。",title_length
19980113-06-013,"阿尔巴尼亚负责安全问题的总理顾问贾塔10日宣布,阿总理纳诺已签署了一项命令,决定成立一个由有关部门负责人组成的政府反犯罪委员会。这个委员会由国务部长伊斯拉米担任协调员,其成员有内务部长采卡和内务部国务秘书、国防部有关局长、国家情报局的一些负责人等。其工作主要集中在两个方面:制定有关反犯罪活动的法律和采取具体的反犯罪斗争行动。",title_length
19980113-06-014,"据《每日新闻》11日报道,日本政府10日决定在修改日本自卫队法时,将增加派遣海上自卫队的作战舰艇前往海外营救日本人的条款。日本政府认为,为了保证救援活动的顺利进行,配备有舰载直升机的护卫舰是必不可少的。因此必须派遣拥有护卫舰等作战舰艇的舰队前往出事地点。(据新华社电)",title_length
19980113-07-003,美能源部:油价将微涨,no_topic
19980113-07-004,图片新闻,title_length
19980113-07-005,美东北部遭冰风暴袭击,no_topic
19980113-07-006,莱茵隆冬暖如春几家欢乐几家愁,no_topic
19980113-07-007,黑金勾结野村大搞舞弊交易丑闻迭出制衡体系形同虚设,no_topic
19980113-07-008,节能环保电视机,no_topic
19980113-07-009,新数字视盘容量增两倍,no_topic
19980113-07-010,成像机合成立体图像,no_topic
19980113-07-011,影碟机不足一公斤,no_topic
19980113-07-012,『哈勃』望远镜观测到木星极光,no_topic
19980113-08-001,碧波扬威小陈妍握定金牌零的突破曾启亮勇夺一银(附图片1张),no_topic
19980113-08-002,观赛小记,title_length
19980113-08-004,大石牌国产保龄球道受好评,no_topic
19980113-08-007,中国大饭店请首都记者健身,no_topic
19980113-09-001,跟着大动脉一起跳动——南昆铁路沿线见闻(附图片1张),no_topic
19980113-09-002,合肥大红灯笼当街舞,no_topic
19980113-09-004,恩施特困户告别茅屋,no_topic
19980113-09-005,立足长远办实事(附图片1张),no_topic
19980113-09-006,眼见有虚兼听则实,no_topic
19980113-09-007,岁月如歌,title_length
19980113-09-008,下岗职工摊位(图片),short_body
19980113-10-001,认清“我们站的是什么位置”,no_topic
19980113-10-002,改进干部考核和工作检查的思考,no_topic
19980113-10-003,努力提高国民素质,no_topic
19980113-10-004,以我为主为我所用,no_topic
19980113-10-005,社会主义能够消除贫穷,no_topic
19980113-11-001,"警惕,又到公款送礼时(附图片1张)",no_topic
19980113-11-002,年关亦是廉政关,no_topic
19980113-11-003,过好『廉政节』,no_topic
19980113-11-004,“公贿”现象应予整治,no_topic
19980113-11-005,吃派饭,title_length
19980113-11-006,这里有透明行政——广东顺德廉政建设采访札记,no_topic
19980113-11-007,一封下级对上级的表扬信,no_topic
19980113-11-008,新春不忘革命老区(图片),short_body
19980113-11-009,给部门、单位提个醒过年莫刮“三风”,no_topic
19980113-12-001,鸿雁添毛病了,no_topic
19980113-12-002,蒋干见事太迟(附图片1张),no_topic
19980113-12-003,雪融黄河不断流,no_topic
19980113-12-004,走访牧奎村,no_topic
19980113-12-005,蓉园看菊,title_length
19980113-12-006,峡山行(中国画),short_body
19980113-12-007,一百三十八个弹孔,no_topic
19980113-12-008,在翠亨品红薯,no_topic
19980113-12-009,一碗肉丝面,no_topic
19980114-01-001,论艰苦奋斗,no_topic
19980114-01-002,江泽民会见美国客人,no_topic
19980114-01-003,江泽民会见西班牙客人,no_topic
19980114-01-004,茂名石油化工公司乙烯工程短时间内产量达标(图片),short_body
19980114-01-005,王建功当选黑龙江省人大主任田凤山当选黑龙江省省长,no_topic
19980114-01-006,李鹏接见海关关长会议代表时强调海关职能要加强,no_topic
19980114-01-008,去年工业生产稳定增长主要产品受市场影响较为明显,no_topic
19980114-01-009,让每个灾民进棚过冬,no_topic
19980114-01-010,中国红十字总会发出有限呼吁灾区急需援助,no_topic
19980114-01-011,专家分析指出震区更强地震可能性不大,no_topic
19980114-01-012,抢险初战告竣安居迫在眉睫灾区打响建房攻坚战(附图片1张),no_topic
19980114-01-013,社会各界踊跃捐赠,no_topic
19980114-02-001,国务院关于修改《电力设施保护条例》的决定,no_topic
19980114-02-002,经济结构调整要锲而不舍——三论今年经济工作主要任务,no_topic
19980114-02-004,工行加大支持国企改革力度,no_topic
19980114-02-005,电力设施保护条例,no_topic
19980114-02-006,建行加快机构调整改革步伐,no_topic
19980114-02-007,住房消费市场逐步回升,no_topic
19980114-03-001,五部门通知要求清理整顿警车警灯警报器,no_topic
19980114-03-002,整顿财经纪律反对铺张浪费反对官僚主义山西整财治本反腐败,no_topic
19980114-03-004,空军涌现二千多双拥先进,no_topic
19980114-03-006,手持“海岛军人购票卡”踏上“海上拥军铁路线”,no_topic
19980114-03-007,“我看香港回归”征文评奖揭晓,no_topic
19980114-03-008,济南交警先进岗(图片),short_body
19980114-03-009,某炮兵师落实“两个武装”,no_topic
19980114-04-001,刘帅的魅力——观话剧《虎踞钟山》感言,no_topic
19980114-04-002,江泽民会见美国客人,no_topic
19980114-04-003,李鹏会见六国离到任大使,no_topic
19980114-04-004,乔石会见爱沙尼亚议长,no_topic
19980114-04-005,李岚清会见爱沙尼亚议长,no_topic
19980114-04-006,明天气象预报(1月14日20时—1月15日20时),no_topic
19980114-04-007,李岚清会见美国客人,no_topic
19980114-04-008,李岚清会见古巴客人,no_topic
19980114-04-009,张万年会见美前国防部长,no_topic
19980114-04-010,英国外交大臣将访华,short_body
19980114-04-012,国际广播电台听众来信超过65万封,no_topic
19980114-04-013,瑞雪降京城(图片),short_body
19980114-04-014,送票子出点子树样子安徽40万人摆脱贫困,no_topic
19980114-04-015,严冬抓供热,no_topic
19980114-04-016,《虎踞钟山》剧组人员座谈表示弘扬主旋律再创新精品,no_topic
19980114-04-017,李贵鲜会见希腊客人,short_body
19980114-04-018,逐户摸底全力攻坚贵州174万人越过温饱线,no_topic
19980114-04-019,"新华社石家庄1月13日电(记者吕国庆、罗绮)政协河北省第八届委员会第一次全体会议1月13日选举吕传赞为省政协主席,刘荣惠、韩立成、都本洁、王幼辉、郭洪岐、陈慧、赵燕(女)、李月辉、吴振华、杨国春、齐续春(满族)、王士昌为省政协副主席。",title_length
19980114-04-020,"新华社呼和浩特1月13日电(记者尹洪东)政协内蒙古自治区第八届委员会第一次全体会议1月13日选举千奋勇(蒙古族)为内蒙古自治区政协主席,冯秦、乃登(蒙古族)、谭博文(土家族)、乌兰(蒙古族)、格日勒图(蒙古族)、夏日(蒙古族)、许柏年、罗锡恩、奇英成(蒙古族)、盖山林(满族)、李仕臣为自治区政协副主席。",title_length
19980114-04-021,"新华社哈尔滨1月13日电政协黑龙江省第八届委员会第一次全体会议1月12日选举周文华为省政协主席,马国良、谭方之、曹亚范、沈根荣、王玉柱、王谦、欧阳吟、刘文泮为省政协副主席。",title_length
19980114-04-022,"新华社贵阳1月13日电(记者石新荣、龙向超)政协贵州省第八届委员会第一次全体会议1月13日选举王思齐为省政协主席,袁荣贵、李元栋、吴若秋、程天赋、杨光林(苗族)、王惠业(女)、王中刚、吴静波、许乐仁、吴嘉甫(布依族)为省政协副主席。",title_length
19980114-05-001,国家环保局调查组专家组联手调查徐州市地面水源污染事故再敲警钟,no_topic
19980114-05-002,今年普高招生数比去年增七万人,no_topic
19980114-05-003,脊索动物演化史前推一千万年华夏鳗脊椎动物祖先,no_topic
19980114-05-004,雨中情(附图片2张),short_body
19980114-05-005,产业规模扩大近百倍国有资产净增30倍,no_topic
19980114-05-006,『高氏疗法』使万余失聪者恢复听力,no_topic
19980114-05-007,『丹参滴丸』在美国进入临床试验,no_topic
19980114-05-008,消毒知识走进家庭,no_topic
19980114-05-009,『大篷车』冲破严寒流动戏台遍燕赵,no_topic
19980114-05-011,青岛交通调流成果获证书,no_topic
19980114-05-012,《中国上市公司基本分析》光盘面世,no_topic
19980114-06-001,大国关系调整与俄外交,no_topic
19980114-06-002,马耳他总统会见钱其琛钱其琛同韦拉副总理会谈,no_topic
19980114-06-003,我常驻联合国代表指出77国集团是重要国际力量,no_topic
19980114-06-004,西哈努克国王日本政府向我震区捐款,no_topic
19980114-06-005,图片新闻,title_length
19980114-06-006,美伊关系出现松动,no_topic
19980114-06-007,伊拉克禁止核查小组执行任务安南规劝巴格达不要激化矛盾,no_topic
19980114-06-008,和平是国家最大成就——访塔吉克斯坦民族和解委员会主席努里,no_topic
19980114-06-009,古巴全国人大选举揭晓,no_topic
19980114-06-010,内塔尼亚胡又渡政治难关以内阁提出撤军先决条件,no_topic
19980114-06-011,既不供货又不退款巴将状告美国,no_topic
19980114-06-012,本报珍藏版在意首发,no_topic
19980114-06-014,白俄罗斯担忧独联体前途,no_topic
19980114-07-001,东亚经济传真,no_topic
19980114-07-003,无视风险交易员有意钻空子吞食苦果西敏寺无奈补窟窿,no_topic
19980114-07-004,美国经济增速将放缓,no_topic
19980114-07-006,欧洲十九国巴黎签约克隆人明令禁止,no_topic
19980114-07-007,俄卢布改值未引发通货膨胀,no_topic
19980114-07-008,『月球勘探者』进入环月轨道,no_topic
19980114-07-009,开罗开辟埃及国内第一条步行街(图片),short_body
19980114-08-002,陈运鹏“押宝”,no_topic
19980114-08-003,王天凌因病退出世锦赛,no_topic
19980114-08-007,中国足协将加速培养青年队员,no_topic
19980114-08-008,香港国际七人制橄榄球赛将如期举行,no_topic
19980114-08-009,罗纳尔多当选国际足联最佳球员,short_body
19980114-08-010,教体结合全面推进——大连陆军学院开展群体活动纪实(附图片1张),no_topic
19980114-08-011,待(图片),short_body
19980114-09-001,行政职能商品化怪健全监督机制刻不容缓,no_topic
19980114-09-003,辛苦修路反遭歹徒殴打快速反应主凶当晚落网,no_topic
19980114-09-004,武汉:自学考试升温(附图片2张),no_topic
19980114-09-005,升官岂可带走公物,no_topic
19980114-10-001,推行股份制不可强求,no_topic
19980114-10-002,并非“一股就灵”,no_topic
19980114-10-003,莫把入股当“集资”,no_topic
19980114-10-004,重在疏导,title_length
19980114-10-005,警惕“连环骗”,no_topic
19980114-10-006,该管一管了!(附图片3张),no_topic
19980114-10-007,消防工作要常抓不懈,no_topic
19980114-10-008,征收排污费是否属于行政处罚?,no_topic
19980114-10-009,多形式开展“再就业工程”,no_topic
19980114-10-010,救救渭北排碱渠,no_topic
19980114-11-001,企业经营管理者应如何『充电』,no_topic
19980114-11-003,"『有人没活干,有活没人干』探由",no_topic
19980114-11-004,守井人家的孩子(附图片3张),no_topic
19980114-11-005,工地课堂的力量,no_topic
19980114-11-006,第一次打工的经历,no_topic
19980114-11-007,我报考公务员,no_topic
19980114-11-009,乘车期间意外受伤运输企业赔偿损失,no_topic
19980114-11-010,大雾的危害,no_topic
19980114-12-001,历史潮流不可逆转——一九九七年海峡两岸关系回顾,no_topic
19980114-12-002,“我看香港回归”征文获奖名单,no_topic
19980114-12-003,共享喜悦——写在『我看香港回归』征文评奖揭晓之时,no_topic
19980114-12-004,图片新闻,title_length
19980114-12-005,海外华侨华人社团出现新变化,no_topic
19980114-12-006,致读者,title_length
19980114-12-007,姹紫嫣红开遍——南北昆剧台湾争艳(附图片3张),no_topic
19980114-12-008,王启人新年“三愿”,no_topic
19980114-12-009,"据台湾“内政部”最新发布的人口统计,截至去年11月底,台湾地区人口已达2172万人,较前年同期增长了1%。其中,台湾省辖的人口是1763万人;台北市人口为260万人;高雄市人口为143万人。另外,在各县市中,以台北县人口为最多,高达342万人,占台湾地区总人口的15·7%。据统计,台湾地区人口密度为每平方公里600人,其中台北市人口密度最高,为每平方公里9500多人。",title_length
19980114-12-010,"去年香港的整体治安状况进一步改善,犯罪案件较上年同期下降15%。1997年1月至11月期间,有6·1万多宗案件,较上年同期下降15%。其中抢劫案件下降23%,盗窃案减少近30%,涉及黑社会及毒品犯罪的案件下降20%,青少年犯罪案件亦减少了11%。",title_length
19980115-01-002,海中“蛟龙”——看船舶业是怎样利用国际市场发展自己的(附图片1张),no_topic
19980115-01-003,论开拓前进,no_topic
19980115-01-004,图片新闻,title_length
19980115-01-005,欣闻重出《中华活页文选》,no_topic
19980115-01-006,广东协作扶贫力度大六十万绝对贫困人口基本解决温饱问题,no_topic
19980115-01-007,河北实施共富工程贫困人口脱贫率达到80%,no_topic
19980115-01-008,袁启彤当选福建省人大常委会主任贺国强当选福建省省长,no_topic
19980115-01-011,"香港股市连续两日猛升1105.39点,成交224亿港元。港股13日开始反弹,报升598.84点、收市8720、成交110亿港元;14日继续攀高,以升506.55点、成交114亿、收市9226.55点的高位收市,两日升幅分别为7.38%与5.81%。(冯霄)",title_length
19980115-01-012,"投资1390多万元的北京轻型汽车有限公司总装配线1月12日正式投产。这条新总装线是北轻汽技改工程的一部分,全长278米,39个工位,主要用于生产BJ1045和BJ1061系列汽车,生产节拍最快为2.4分钟一辆车,规模设施均属国内一流。(颜世贵邓丽娟)",title_length
19980115-01-013,"湖北省全面加强电力扶贫力度,到去年底,全省大电网内的73个县、市、区的32900多个村全部通电。近3年来,这个省先后筹措1·6亿元资金,架设10千伏线路1697·2公里,安装风力发电机24台,新建或续建输变电工程18项。",title_length
19980115-01-014,"新疆吐鲁番进入因特网以来已接受500多人访问。吐鲁番网址建在新疆环保信息中心网下。网上主页包括城市概况、名胜古迹、民族风情、旅行指南等几部分,图文并茂,可读性强。(除署名外均据新华社)",title_length
19980115-02-001,继续加强和改善宏观调控——四论今年经济工作主要任务,no_topic
19980115-02-002,我国今年将新建公路2370公里,no_topic
19980115-02-003,邹家华在全国建设工作会议上强调规划是建设工作的“龙头”,no_topic
19980115-02-004,中行保持盈利大户地位,no_topic
19980115-02-005,首都机场:大雪纷飞航班正常,no_topic
19980115-02-006,1997年四季度质量抽查显示消费类产品回升获认证产品滑坡,no_topic
19980115-02-007,六类商品专业市场整顿见成效16个重点市场商品抽样合格近八成,no_topic
19980115-02-008,八达岭隧道建成(图片),short_body
19980115-02-010,姜春云对全国防汛抗旱指挥部办公室主任会议批示指出,no_topic
19980115-02-012,本报讯著名家用电器生产商瑞典伊莱克斯公司于一月十四日在海口向来自全国的六百多名代理商宣布:推出九八冰箱新系列『新静界』系列。其最突出的特点是低噪音设计。(马艳),title_length
19980115-02-013,"本报讯深圳先科电子有限公司努力提高产品质量,该公司生产的VCD视盘机最近通过电子工业部优等品检测。为促进销售,先科公司最近推出一元行动,凡购买先科产品的消费者,只要再加一元钱,即可得到麦克风一支或卡拉OK碟一套。(唐纯)",title_length
19980115-02-014,"本报讯辽河油田在稳定石油、天然气生产的同时,以国家利益为重,克服资金紧张等困难因素,及时申报缴纳税款,去年共实现增值税、消费税十三点七亿元,比上年增加一点六八亿元。(夏才源李兴华)",title_length
19980115-02-015,"本报讯一九九七年,青岛市国税局深入推行税收征管改革,完善构建了税收收入全过程监控体系,确保了税收足额、均衡入库。全年实现工商各税七十六点九六亿元,比去年同期增长百分之二十三点四一,增收十五点六亿元。(张梦谦)",title_length
19980115-02-016,"本报讯茂名石化三十万吨乙烯装置投料试车第一年成功地生产三十万吨乙烯,实现了一九九七年度产量达标,而且投产后装置不需停车检修,节约检修费一亿多元,这在国内还没有先例。(王琨董巍)",title_length
19980115-02-017,"本报讯为增强消费者自我防范意识和能力,减少损害及事后投诉,中国消费者协会决定建立旨在提醒消费者注意的发布消费警示制度,并从一九九八年一月一日启动。作为落实警示制度的开端,中国消费者协会近日开展『三一五忠告』征集活动。(允端)",title_length
19980115-02-018,"本报讯隶属国内最大的零售百货业联盟华联商厦集团的北京华联商厦,成立不到一年销售额便达六亿余元,成为京城商界有影响的一支新军。(乔文)",title_length
19980115-03-001,用理论照亮人生路——记武警部队『模范指导员』武定远,no_topic
19980115-03-002,面对交通违章者首都交警这样说——你有权陈述和申辩,no_topic
19980115-03-003,处理交通事故武汉交警新承诺——抢救不忘清扫现场,no_topic
19980115-03-004,铁路,title_length
19980115-03-005,萍乡,title_length
19980115-03-006,图片新闻,title_length
19980115-03-007,少讲套话,title_length
19980115-03-008,“河西千里双拥模范走廊”经验座谈会召开,no_topic
19980115-03-009,团结出版社纪念建社10周年,no_topic
19980115-03-010,商城卫士,title_length
19980115-04-001,乔石等观看世界华人书画展,no_topic
19980115-04-002,胡宁同志逝世,no_topic
19980115-04-003,潘承洞同志逝世,no_topic
19980115-04-005,明天气象预报(1月15日20时—1月16日20时),no_topic
19980115-04-006,震区初雪夜(附图片1张),no_topic
19980115-04-007,帐篷里的婚礼,no_topic
19980115-04-008,灾后第一顿热饭(图片),short_body
19980115-04-010,国务院新闻办举行迎春招待会,no_topic
19980115-04-011,朝鲜驻华大使举行新年宴会,no_topic
19980115-04-012,吴仪率团出访斐济萨摩亚,no_topic
19980115-04-014,社会各界踊跃捐赠,no_topic
19980115-04-015,信阳人的眼光,no_topic
19980115-04-016,香港特区临立会举行全体会议,no_topic
19980115-04-019,"新华社太原1月14日电(记者张运)政协山西省第八届委员会第一次全体会议今天选举郭裕怀为省政协主席,万良适、宋绍华、靳承序、祁寿椿、吴慧琴、赵凤翔、聂向庭、张正明、李龙城、徐大毅为省政协副主席。",title_length
19980115-04-020,"新华社昆明1月14日电(记者屈明光)政协云南省第八届委员会第一次全体会议1月14日选举令狐安为省政协主席,赵淑敏(女)、孟继尧、刀世勋(傣族)、项朝宗(苗族)、和占钧(纳西族)、麦赐球、王兆民、马开贤(回族)、江巴吉才(藏族)、张学文(哈尼族)、许克敏为省政协副主席。",title_length
19980115-04-021,"新华社广州1月14日电(记者史美泗)政协广东省第八届委员会第一次全体会议1月14日选举郭荣昌为省政协主席,王宗春、刘维明、李金培、张展霞(女)、康乐书、彭禹贤、韩大建(女)、潘金培、王章、林东海为省政协副主席。",title_length
19980115-05-001,姜春云在中国科协科教兴农论坛上强调,no_topic
19980115-05-003,建得广厦千万间教职员工喜开颜,no_topic
19980115-05-005,贡献在天涯——访华南热带农业大学校长余让水,multiple_topics
19980115-05-009,京城喜降瑞雪(图片),short_body
19980115-05-012,联合国人口基金为我六女孩颁奖,no_topic
19980115-05-013,国际青少年消除贫困奖颁发,no_topic
19980115-05-015,太原军分区医疗队赴山区义诊,short_body
19980115-05-016,『我喜欢这种游法』陈妍夺魁侧记,no_topic
19980115-06-001,难民牵动德意神经,no_topic
19980115-06-002,马耳他总理会见钱其琛,no_topic
19980115-06-003,我常驻联合国代表指出联合国应关注伊拉克正当要求,no_topic
19980115-06-004,图片新闻,title_length
19980115-06-005,朝代总理表示深切同情,short_body
19980115-06-006,美声称不排除单独对伊采取行动,no_topic
19980115-06-007,阿富汗和谈出现转机,no_topic
19980115-06-008,哈总统敦促加快新都建设,no_topic
19980115-06-009,扩大合作共同发展——访拉丁美洲议会副议长本西德,no_topic
19980115-06-010,梅内姆总统做客中国使馆,no_topic
19980115-06-011,联合国拨款三万美元,no_topic
19980115-06-012,外国政要发来慰问电函,no_topic
19980115-06-013,加拿大华人开始赈灾行动,no_topic
19980115-06-014,德国将向中东欧纳粹受害者赔偿,no_topic
19980115-06-015,"13日上午约8时30分,3名蒙面匪徒潜入纽约世贸中心大楼的第十一层,跟着前往楼内美国银行外汇办公室的运钞公司警卫进入运货电梯后,用枪制服了警卫及其他5名乘客,劫走了警卫所携的价值160万美元的日元外钞。待大楼警卫得知此事时,劫匪已逃逸无踪。",title_length
19980115-06-016,"阿富汗一架客机13日晚在巴基斯坦俾路支省首府奎塔以北100公里处坠毁,机上80多位乘客和机组人员全部遇难。这架客机是从阿富汗西南城市坎大哈起飞,目的地为阿西部城市赫拉特。因天气恶劣飞往巴基斯坦境内的奎塔机场迫降。由于奎塔机场也是恶劣天气,加之缺乏夜间飞机起降引导设备,阿客机在无法确认机场具体方位和燃油耗尽的情况下坠毁。(本报专电)",title_length
19980115-06-017,"白俄罗斯一架L—410型客机13日晚在捷第二大城市布尔诺附近坠毁,两名机组人员遇难。据捷通社14日报道,这架没有载客的飞机原定13日晚降落在捷克东部城市库诺维采,后改飞布尔诺机场降落。飞机在飞行途中突然从雷达显示屏上消失。捷有关方面立即展开搜寻救援工作,直到14日清晨才在田地里发现飞机的残骸和机组人员的尸体。",title_length
19980115-06-018,"正在丹麦访问的挪威外交大臣沃勒贝克13日在哥本哈根举行的记者招待会上说,挪威将派一名观察员前往阿尔及利亚,以便同阿当局讨论其严重的国内局势和挪威向阿尔及利亚的暴力受害者提供人道援助问题。据报道,挪威将要派出的观察员是其外交部中东问题顾问欧德·威博。他到阿尔及尔后将同阿当局主要讨论制定一项对大屠杀受害者的援助计划。(据新华社电)",title_length
19980115-07-001,非洲经济发展势头喜人去年增长率达百分之三点八,no_topic
19980115-07-003,中国民乐除夕回荡维也纳中奥两国元首题词祝贺,no_topic
19980115-07-005,捐献(图片),short_body
19980115-07-006,英国贸工大臣在京发表演讲“中英携手共创未来”活动揭幕,no_topic
19980115-09-001,菜篮子:十年巨变(附图片2张),short_body
19980115-09-002,回顾与展望,no_topic
19980115-09-003,菜篮子工程建设大事记,no_topic
19980115-09-004,从流通看变化(附图片2张),no_topic
19980115-09-005,八方评说菜篮子,no_topic
19980115-09-006,从生产看变化(附图片1张),no_topic
19980115-10-001,提高对外开放水平的几个认识问题,no_topic
19980115-10-002,反腐败要提高思想境界,no_topic
19980115-11-001,我们期盼......(附图片4张),no_topic
19980115-11-002,栾老寨的奇迹,no_topic
19980115-11-003,短短的风景,no_topic
19980115-11-004,藏族姑娘淘粪忙,no_topic
19980115-11-005,静静的心贴着土地,no_topic
19980115-11-006,卖葡萄干的热瓦甫,no_topic
19980115-11-007,教授女儿捐资助教,no_topic
19980115-11-009,《中华民族》栏目元旦献礼,short_body
19980115-11-010,欢乐的山寨(拉祜族)(图片),short_body
19980116-01-001,江泽民会见全国宣传部长会议代表时强调,no_topic
19980116-01-002,李鹏接见石油天然气总公司会议代表要求,no_topic
19980116-01-003,《罗荣桓军事文选》出版座谈会举行江泽民出席并发表重要讲话,no_topic
19980116-01-004,在《罗荣桓军事文选》出版座谈会上江泽民同志的讲话,no_topic
19980116-01-005,我国旅游收入大幅增长去年一至十一月来华旅游人数逾五千万,no_topic
19980116-01-006,贝宁总统将访华,short_body
19980116-01-007,尉健行在全国精神文明建设工作会议上强调坚持不懈加强精神文明建设,no_topic
19980116-02-001,扩大开放提高水平——五论今年经济工作主要任务,no_topic
19980116-02-002,桂光:创自己名牌,no_topic
19980116-02-003,坚持打假『假郎』被逐,no_topic
19980116-02-004,河北省平山县地税局加强税收宣传力度(图片),short_body
19980116-02-007,有形的壮大——调整中的北京大商业(下),no_topic
19980116-02-008,烟草行业实现税利九百亿比上年增加七十亿元,no_topic
19980116-02-009,治理高定价砍掉大回扣首批中央管理药品价格公布,no_topic
19980116-02-010,邮电部推出新举措电话装机时限20天,no_topic
19980116-02-011,我国将实行统一供种,no_topic
19980116-02-012,甘肃工行大力扶持商业企业,no_topic
19980116-02-013,电码电话防伪悄然兴起,no_topic
19980116-02-014,"本报讯被列为国家“九五”港口发展计划和江苏省“九五”重点基础建设的大丰港,1月5日举行开工典礼。该港建成后,5万吨级的船舶可全天候进出。这项工程是江苏省实施“海上苏东”战略的重要举措。(蒋安全)",title_length
19980116-02-015,"本报讯北京建行深化稽审体制改革,成立了作为内部控制和稽核审计最高决策机构的稽核审计委员会,对支行的稽审监督职能进行上收,发挥分行稽审中心作用。(李妲)",title_length
19980116-02-016,"本报讯由机械工业部首次主办,中国文化办公设备制造行业协会、长城国际传播有限公司等联合承办的’98中国国际照相机械影像器材与技术博览会将于1998年7月在京举办。(刘桂莲)",title_length
19980116-02-017,"本报讯南昌市国税局稽查分局依法治税,依靠广大群众堵塞税收漏洞,取得明显成效。1997年共查补税款及罚款2012.9万元。(胡勇辉余清楚)",title_length
19980116-02-018,"本报讯贵州省绥阳县纳佛莱辣味食品有限公司,利用黔北丰富的辣椒资源,以绥阳“朝天椒”为原料,生产的纯天然绿色食品———纳佛莱系列辣味食品,深得广大消费者的喜爱。(谢跃文樊萌)",title_length
19980116-03-002,任建新在中国法学会四届二次理事会上要求,no_topic
19980116-03-003,广东完善优抚制度,no_topic
19980116-03-004,手足情深,title_length
19980116-03-005,在京台胞迎新春,no_topic
19980116-03-006,民革中央举行迎春茶话会,no_topic
19980116-03-007,下岗职工:走出一片新天地(附图片4张),no_topic
19980116-04-001,未来一周天气趋势,no_topic
19980116-04-002,全国宣传部长会议在京举行,no_topic
19980116-04-003,切莫泪洒黄昏路,no_topic
19980116-04-004,李鹏会见美国客人,no_topic
19980116-04-005,明天气象预报(1月16日20时—1月17日20时),no_topic
19980116-04-006,朱镕基会见美国客人,no_topic
19980116-04-007,荣毅仁会见塔吉克斯坦客人,no_topic
19980116-04-008,就伊拉克武器核查问题外交部发言人答记者问,no_topic
19980116-04-010,震区军民打响救灾第二战役让群众在保暖房中暖暖和和过春节,no_topic
19980116-04-011,吴邦国会见美国客人,short_body
19980116-04-012,红十字会红新月会提供援助,no_topic
19980116-04-014,宋健会见马拉维新闻部长,short_body
19980116-05-004,广电部表彰59个广播电视先进县李鹏总理致信祝贺,no_topic
19980116-05-005,雪中送炭:农民的企盼——记华广卫星有线电视有限公司(附图片1张),multiple_topics
19980116-05-007,肥力高可使瓜甜果香,no_topic
19980116-05-008,“五优”遍左云校校讲素质,no_topic
19980116-05-011,上海暖冬已十年,no_topic
19980116-05-012,腊梅傲雪(图片),short_body
19980116-05-013,华北明珠放异彩,no_topic
19980116-05-014,"本报北京1月12日讯记者王娜梅报道:在今天召开的发展“春蕾计划”恳谈会上,中国儿童少年基金会公布了经过多方努力,去年一年基金会各项工作取得的可喜成绩。1997年,基金会共募集基金和专款折合人民币1174.8万元,募集物资折合人民币35.6万元。基金和固定资产增值175.9万元。总收入折合人民币1386.3万元。“春蕾计划”已覆盖全国28个省、市、自治区,累计救助失学女童60万人次。已有15万人完成小学学业,取得合格毕业证书。",title_length
19980116-05-015,"本报讯由财政部、国家科委颁布的《科学事业单位会计制度》已从一月一日起在全国全面实施,目前实施情况良好。新会计制度结合科学事业单位会计核算特点,对科学事业单位会计制度进行了重大改革。它的颁布实施标志着我国科技财务会计改革和制度建设取得了重要进展。(肖佳)",title_length
19980116-05-016,"本报讯由中国唱片总公司录制发行的《白燕升戏曲·歌曲演唱集》春节后将与听众见面。这位中央电视台节目主持人在他录制的第一盘磁带里展示他多方面的才华。唱流行歌曲,白燕升的演唱浑厚高亢,而华丽的梅派《霸王别姬》,哀怨的程派《锁麟囊》,则唱得动情而到位。(王兰)",title_length
19980116-06-001,意总统总理会见钱其琛钱其琛与意大利外长会谈,no_topic
19980116-06-002,颇有意味的唱和,no_topic
19980116-06-003,街头沙箱防路滑,no_topic
19980116-06-005,伊朗大雪崩死亡数十秘鲁泥石流失踪百余,no_topic
19980116-06-006,伊拉克武器核查俄反对用武力解决核查问题,no_topic
19980116-06-007,图片新闻,title_length
19980116-06-009,华盛顿会谈前夕美国对巴以提出建议阿拉法特称这是最后机会,no_topic
19980116-06-010,外国政要电慰我地震灾民,no_topic
19980116-06-011,孟巴印三国经贸峰会召开印巴同意继续进行双边对话,no_topic
19980116-06-012,桥本就二战日本暴行向英忏悔,no_topic
19980116-06-013,蒙今年将着重开展与大国外交,no_topic
19980116-07-004,欧委会网开一面北爱牛冲破禁令,no_topic
19980116-07-005,埃特纳火山在喷发(图片),short_body
19980116-08-002,波波夫雄风不减,no_topic
19980116-08-003,就四名运动员A瓶尿样检测呈阳性中国奥委会发表声明,no_topic
19980116-08-005,缩短战线突出重点培养新人九运会竞赛框架初拟,no_topic
19980116-08-006,"为备战长野冬奥会,我国健儿正全力投入训练(图片)",short_body
19980116-08-007,国际泳联公布赛前药检结果四名中国选手A瓶呈阳性,no_topic
19980116-09-001,专题综艺晚会不能成风,no_topic
19980116-09-003,太多则滥,title_length
19980116-09-004,可能出现的文化机构(附图片1张),short_body
19980116-09-007,一曲《貂蝉》首次完整推出中西合奏迎新年(附图片2张),no_topic
19980116-09-008,刘兰芳、唐耿良、袁阔成等聚集北京评书评话名家今起展演,no_topic
19980116-10-002,生命的风景——关于传记,no_topic
19980116-10-003,读新书(附图片4张),no_topic
19980116-10-004,"武侠,看热闹与看门道",no_topic
19980116-10-005,对全球化的另一种沉思,no_topic
19980116-10-006,瓦尔登湖的涟漪(附图片1张),no_topic
19980116-10-007,知道一点陈寅恪,no_topic
19980116-10-008,编者按,title_length
19980116-11-001,从南极到罗布泊,no_topic
19980116-11-002,三分侠气一点素心——“竹箫斋”主许麟庐先生逸话(附图片2张),no_topic
19980116-11-003,高莽神农架速写(附图片2张),no_topic
19980116-11-004,批评没有家,no_topic
19980116-11-006,云横苍岭(中国画),short_body
19980116-11-007,归山望月(中国画),short_body
19980116-12-001,导弹、圆珠笔及其他(附图片1张),no_topic
19980116-12-002,府南河记(附图片1张),no_topic
19980116-12-003,五岁读医书,no_topic
19980116-12-004,拜年,title_length
19980116-12-005,文关公(附图片1张),no_topic
19980116-12-006,琢玉名匠陆子冈(附图片1张),no_topic
19980116-12-007,有鸢尾花的阿尔风光(油画),short_body
19980116-12-008,腊月望归(附图片1张),no_topic
19980117-01-002,关心困难职工佳节雪中送炭各地解困工作有计划有重点展开,no_topic
19980117-01-003,把困难职工冷暖放心上,no_topic
19980117-01-004,江主席分别会见美国客人,no_topic
19980117-01-005,全国政协举行第五十一次主席会议,no_topic
19980117-01-006,"中央机关干部职工心系灾区已捐款八百多万元,捐衣被等物品七十余万件",no_topic
19980117-01-007,中央党校举行冬季毕业典礼胡锦涛出席并为学员颁发毕业证书,no_topic
19980117-01-008,程维高当选河北省人大主任叶连松当选河北省省长,no_topic
19980117-01-009,刘方仁当选贵州省人大主任吴亦侠当选贵州省省长,no_topic
19980117-01-010,北京增开列车疏散滞京旅客,no_topic
19980117-01-011,为使震区灾民过上温暖的春节(附图片2张),short_body
19980117-01-012,李岚清在全国教职工住房建设会议上要求几年内根本解决教职工住房困难,no_topic
19980117-02-001,李岚清致信全国海关关长会议指出把海关改革与建设提高到新水平,no_topic
19980117-02-003,李铁映在全国体委主任会议上强调,no_topic
19980117-02-004,中国奥委会召开反兴奋剂会议伍绍祖袁伟民严厉批评使用兴奋剂现象,no_topic
19980117-02-006,明天气象预报(1月17日20时—1月18日20时),no_topic
19980117-02-007,邹家华要求中国新星石油公司抓好主业提高开放水平,no_topic
19980117-02-008,纪念陶铸诞辰90周年大会在湘举行,no_topic
19980117-02-009,国防部举行新春招待会,no_topic
19980117-02-010,人民日报社举行迎春酒会,no_topic
19980117-02-011,《市场报·财富周刊》创刊,no_topic
19980117-02-012,"新华社南昌1月15日电(记者沈虹冰)政协江西省第八届委员会第一次全体会议1月15日选举朱治宏为省政协主席,梅亦龙、罗明、江国镇、厉志成、韩京承、黄定元、喻长林、刘运来、沃祖全、张华康为省政协副主席。",title_length
19980117-02-013,"新华社西宁1月15日电政协青海省第八届委员会第一次全体会议1月14日选举韩应选(撒拉族)为省政协主席,程步云、松布(土族)、韩生贵(回族)、阿嘉·洛桑图旦·久美加措(蒙古族)、李希、卓玛(藏族)、蔡巨乐、王孝榆、任震宇、岳世淑(女)为省政协副主席。",title_length
19980117-02-014,"新华社乌鲁木齐1月15日电政协新疆维吾尔自治区第八届委员会第一次全体会议1月15日选举贾那布尔(哈萨克族)为自治区政协主席,王友三、毛德华、李东辉、玉素甫·艾沙(维吾尔族)、别克木哈买提·木沙(哈萨克族)、谢志强、王汉儒、张贵亭(回族)、阿荣汗阿吉(维吾尔族)、帕夏·依夏(女、维吾尔族)、赛尔杰(蒙古族)、阿不都热依木·阿吉依明(维吾尔族)、朱振中为自治区政协副主席。",title_length
19980117-03-001,钱其琛访问圣马力诺,no_topic
19980117-03-002,阿拉伯国家议会联盟召开反恐怖紧急会议(图片),short_body
19980117-03-003,东亚经济传真,no_topic
19980117-03-004,伊朗抗议美国侵犯主权,no_topic
19980117-03-005,本报代表团访问法国新闻媒体,no_topic
19980117-03-006,陈方安生政务司长访美时说香港政经形势很好,no_topic
19980117-03-007,"第三届美洲国家能源部长会议15日上午在委内瑞拉首都加拉加斯开幕。来自美洲26个国家的能源部长及主管能源的高级官员出席了会议。美洲国家能源部长会议是根据1994年12月在迈阿密举行的美洲国家首脑会议的提议召开的,目的是促进该地区的能源合作和一体化。(本报专电)",title_length
19980117-03-008,"正在伊拉克首都巴格达访问的美国民间组织“旷野之声”的成员,15日起在联合国销毁伊拉克化学、生物和核武器特别委员会驻巴格达总部门前开始为期3天的静坐示威,抗议联合国对伊拉克长达7年的经济制裁。该组织一位负责人说,他们这一行动的目的是要求国际社会尽快结束对伊拉克的制裁,并要求美国政府停止对伊拉克的威胁。",title_length
19980117-03-009,"南斯拉夫联盟黑山共和国去年底总统选举中获胜的米洛·久卡诺维奇15日下午在采蒂涅宣誓就职。久卡诺维奇在就职演说中强调指出,他将努力捍卫黑山共和国和南斯拉夫联盟的主权和统一。",title_length
19980117-03-010,"据英国《金融时报》15日援引伦敦黄金市场协会提供的数字显示,去年12月份伦敦市场黄金和白银的日均交易量分别达到4370万盎司和3·96亿盎司,均创下了自1996年10月有记载以来的最高纪录。(据新华社电)",title_length
19980117-04-001,迎接新世纪铸造新辉煌,no_topic
19980117-04-002,迎接更辉煌的新世纪,no_topic
19980117-04-003,继承我国话剧的光荣传统,no_topic
19980117-04-004,对话剧发展的几点看法,no_topic
19980117-04-006,认识『不可替代』承担『不可替代』,no_topic
19980117-04-008,关注时代开拓创新走向大众,no_topic
19980117-04-009,展话剧长翼发时代声光,no_topic
19980117-05-001,’97政治经济学研究点评,no_topic
19980117-05-002,从文明的冲突到文明的忧患,no_topic
19980117-05-004,宏观经济理论实证化趋向,no_topic
19980117-05-005,关于价值观的学术争鸣,no_topic
19980117-05-006,《世界现代化进程中的中国社会主义》,no_topic
19980117-05-007,《转型期中国经济关系研究》,no_topic
19980117-06-001,加快商品流通体系建设,no_topic
19980117-06-002,审计:实行监督的最好武器,no_topic
19980117-06-003,“巧妇”也能为“无米之炊”,no_topic
19980117-06-004,我国经济林现状及发展趋势,no_topic
19980117-06-006,江苏省宿豫县重视『菜篮子工程』(图片),short_body
19980117-07-003,北大方正进入日本市场(图片),short_body
19980117-07-006,"清华,有这样一个学术沙龙",no_topic
19980117-07-007,为光盘沐浴更衣,no_topic
19980117-07-008,安徽高新机械产业群星闪耀,no_topic
19980117-08-001,"乡野,扬起欢笑(附图片4张)",no_topic
19980117-08-002,科普之冬(附图片2张),no_topic
19980117-08-003,互联网络进课堂(图片),short_body
19980117-08-004,残疾老人乐解困(图片),short_body
19980117-08-005,警队英花竞飒爽(图片),short_body
19980117-08-006,干部怎么样群众论短长(图片),no_topic
19980117-08-007,“北极”边陲戍边人(附图片2张),no_topic
19980117-08-008,拾金不昧好少年(图片),short_body
19980118-01-001,壮歌撼塞北——河北张家口抗震救灾纪实(附图片1张),no_topic
19980118-01-003,全国精神文明建设工作会议强调精神文明建设要求深求实求精,no_topic
19980118-01-004,走必由之路,no_topic
19980118-01-005,开放促开发先富帮后富老区晋城整体基本达小康,no_topic
19980118-01-006,多学科多领域交叉研究协同攻关夏商周断代工程曙光初现,no_topic
19980118-01-007,大量物资运抵灾区香港各界继续捐款捐物,no_topic
19980118-01-008,扭亏增盈的中国第二重型机械集团公司(图片),short_body
19980118-01-010,"新华社西安一月十七日电陕西省第九届人民代表大会第一次会议一月十七日选举李建国为省人大常委会主任,徐山林、刘揆楚、李天文、唐绩初、马大谋、桂中岳、陈跃、刘枢机为副主任;选举程安东为省长,贾治邦、范肖梅、巩德顺、潘连生、王寿森、赵德全、张伟、陈宗兴为副省长;选举王发荣为省高级人民法院院长。",title_length
19980118-01-011,"新华社南宁一月十七日电(记者陆汉魁)广西壮族自治区第九届人民代表大会第一次会议一月十七日选举赵富林为自治区人大常委会主任,丁廷模、覃日飞(壮族)、李振潜、张敦颢、张慕洁、韦家能(壮族)、洪普洲、甘幼坪(壮族)为自治区人大常委会副主任;选举李兆焯(壮族)为自治区主席,刘知炳、徐炳松、袁凤兰(女)、张文学、周明甫、吴恒、孙瑜(壮族)为自治区副主席;选举黄任文(壮族)为自治区高级人民法院院长。",title_length
19980118-01-012,"新华社呼和浩特一月十七日电(记者柴海亮、尹洪东)内蒙古自治区第九届人民代表大会第一次会议一月十七日选举刘明祖为自治区人大常委会主任,白音(蒙古族)、宋志民、张廷武、包文发(蒙古族)、贾才、王秀梅(女、蒙古族)、舍勒巴图(鄂伦春族)、张鹤松、陈瑞清为自治区人大常委会副主任;选举云布龙(蒙古族)为自治区主席,周德海、沈淑济(女)、周维德、王凤岐(蒙古族)、宝音德力格尔(蒙古族)、云公民(蒙古族)、傅守正、郝益东为自治区副主席;选举巴士杰(蒙古族)为自治区高级人民法院院长。",title_length
19980118-02-001,送温暖常抓不懈解忧困贯穿始终北京两亿专款扶助困难户,no_topic
19980118-02-002,特困柜台(图片),short_body
19980118-02-005,王兆国在党外专家无党派人士迎春会上指出党外知识分子舞台广阔,no_topic
19980118-02-006,香港选民登记工作结束,no_topic
19980118-02-007,明天气象预报(1月18日20时—1月19日20时),no_topic
19980118-02-008,萨达姆呼吁联合国取消制裁,no_topic
19980118-02-009,武器核查小组撤离伊拉克,no_topic
19980118-02-010,哈梅内伊重申伊不与美会谈,no_topic
19980118-02-011,送温暖常抓不懈解忧困贯穿始终合肥四万下岗职工再就业,no_topic
19980118-03-001,东方情缘(附图片1张),no_topic
19980118-03-002,靠近南极的城市,no_topic
19980118-03-003,"边界上,两国国旗同降——印巴瓦加边界降旗仪式参观记(附图片1张)",no_topic
19980118-03-004,一张名片,title_length
19980118-03-005,花园洋房的代价,no_topic
19980118-03-006,"塞纳河,女人河",no_topic
19980118-03-007,便士邮票,title_length
19980118-03-008,劳动创造世界(图片),short_body
19980118-04-001,王启民先进模范近如何(2)(附图片1张),no_topic
19980118-04-002,侯殿禄先进模范近如何(2)(附图片1张),no_topic
19980118-04-003,包起帆先进模范近如何(2)(附图片1张),no_topic
19980118-04-004,王廷江先进模范近如何(2)(附图片1张),no_topic
19980118-04-005,田沛发先进模范近如何(2)(附图片1张),no_topic
19980118-04-006,韩素云先进模范近如何(2)(附图片1张),no_topic
19980118-04-007,此时无声胜有声郑州商战斗阵法,no_topic
19980118-04-008,兰州“垃圾猪”成灾(附图片1张),no_topic
19980118-04-009,丝织《孙子兵法》问世,no_topic
19980118-04-010,当年老大哥帮扶今天小兄弟还情摆勺村出租土地助煤矿新村解困,no_topic
19980118-04-012,天津人怎么过年轻吃重玩,no_topic
19980118-04-013,盆装净菜直接入厨下锅『厨房工程』在沪启动,no_topic
19980118-04-014,一个烟头七天拘留机上吸烟引发火警付出代价,no_topic
19980118-04-015,山区小信使(图片),short_body
19980119-01-001,继续做好价格工作着力促进结构调整,no_topic
19980119-01-002,《邓小平理论与当代中国》出版,no_topic
19980119-01-003,贝宁总统克雷库今日起对我国进行国事访问(附图片1张),no_topic
19980119-01-004,“扶贫司令”彭楚政(附图片1张),no_topic
19980119-01-005,位尊不移公仆心,no_topic
19980119-01-006,张北尚义抗灾第二战役初胜灾民大多迁入保暖房,no_topic
19980119-01-007,今年硕士生入学考试举行报考人数27万计划招收5·8万,no_topic
19980119-01-008,风雪运输线(附图片3张),no_topic
19980119-01-010,"新华社西宁一月十七日电青海省第九届人民代表大会第一次会议一月十七日选举田成平为青海省人大常委会主任,喇秉礼(回族)、李明金、格桑多杰(藏族)、高尼(蒙古族)、才旦(藏族)、王恩科、宋彭生、文林为省人大常委会副主任;选举白恩培为省长,王汉民、白玛(藏族)、刘光和、贾锡太、徐良、穆东升(回族)、苏森为副省长;选举钱应学为省高级人民法院院长。",title_length
19980119-01-011,"新华社南昌一月十八日电江西省第九届人民代表大会第一次会议今天选举舒惠国为省人大常委会主任,卢秀珍(女)、周平、陈癸尊、黄名鑫、华桐、钱梓弘、周述荣、全文甫为省人大常委会副主任;选举舒圣佑为省长,黄智权、黄懋衡(女)、孙用和、朱英培、蒋仲平、胡长清为副省长;选举李修源为省高级人民法院院长。",title_length
19980119-01-012,"新华社长沙一月十八日电(记者金林鹏)湖南省第九届人民代表大会第一次会议一月十七日和十八日选举王茂林为省人大常委会主任,王克英、罗海藩、吴运昌、谢佑卿、罗桂求、颜永盛、高锦屏(女)、郭俊秀为省人大常委会副主任;选举杨正午为省长(土家族),周伯华、周时昌、唐之享、潘贵玉(女)、庞道沐、贺同新、郑茂清为副省长;选举吴振汉为省高级人民法院院长。",title_length
19980119-01-013,"新华社昆明一月十八日电(记者屈明光)云南省第九届人民代表大会第一次会议一月十八日选举尹俊(白族)为省人大常委会主任,张宝三、邱创教、保洪忠(佤族)、卢邦正(彝族)、戴光禄(壮族)、吴光范、王义明(女)、高晓宇为省人大常委会副主任;选举李嘉廷(彝族)为省长,牛绍尧、梁公卿、刘京、黄炳生、李汉柏(白族)、程映萱(女)为副省长;选举孙小虹为省高级人民法院院长。",title_length
19980119-02-001,切实安排好群众生活——六论今年经济工作主要任务,no_topic
19980119-02-002,吴邦国在听取烟草专卖局工作汇报时强调坚持专卖控制总量,no_topic
19980119-02-003,想试一把不容易,no_topic
19980119-02-004,图片新闻,title_length
19980119-02-005,春兰集团对被兼并企业注重改制改造亏损企业个个成为『小巨人』,no_topic
19980119-02-006,湖北车桥公司注重调整产品结构兼并企业转换机制效益大增,no_topic
19980119-02-007,神龙汽车产销势头好日产量达214辆产销率超过90%,no_topic
19980119-02-009,首钢结构调整初见成效去年实现利润三点五亿元比上年增百分之七,no_topic
19980119-02-010,国际北方城市市长会议在哈闭幕,no_topic
19980119-02-011,1997年全年和12月份各省(区、市)商品零售价格变动幅度,no_topic
19980119-02-012,1997年全年和12月份36个大中城市商品零售价格变动幅度,no_topic
19980119-02-013,吴仁宝当选中国农村新闻人物,short_body
19980119-02-014,本报讯福特汽车公司与江铃汽车股份有限公司最近推出双方联合开发的“全顺”(Transit)商用汽车。“全顺”是符合国际质量标准并满足中国道路条件和驾驶需要的汽车。(徐德伟),title_length
19980119-02-015,"本报讯一部反映全国劳模、河北省粮食系统职工尚金锁的电视专题片《尚金锁》,近日由中央电视台第七套农业节目《大地红绿蓝》摄制完成,并于近日播出。(马卫星)",title_length
19980119-02-016,"本报讯去年12月31日,株洲至娄底复线铁路开通投入运营。株娄复线铁路运营后,使该区段年运输能力由1700万吨提高到3600万吨。",title_length
19980119-02-017,"本报讯铁道部电气化工程局近日通过ISO9001国际标准质量体系认证。该局是从事铁路电气化建设,集科研、设计、施工为一体的大型综合性施工企业。(宋连友王健)",title_length
19980119-02-018,"本报讯浪潮电子信息产业集团公司日前向全国19所高等院校赠送PC服务器。捐赠的总价值为119.86万元的浪潮ALTServer520R服务器,将用于国家重点高校和实验室的系统工程。(费伟伟)",title_length
19980119-02-019,"本报讯总部在加拿大安大略省的北方电讯有限公司,在“广交会”展厅举办为期4天的’97华南地区国际电讯、计算机及办公自动化展览,着重展示“北电”在华开展业务25周年的历史及其享誉世界的产品系列。(广梁)",title_length
19980119-02-020,"本报讯由铁道部一局三处承建的国家“九五”铁路重点建设项目———大秦线秦皇岛西疏解上下联线工程,最近通过验收交付运营。",short_body
19980119-02-021,"本报讯由中国自动化学会等单位主办的中国国际自动化和质量控制与检测设备展览会,将于今年10月底在北京举行。(谢文)",short_body
19980119-03-001,反腐倡廉从身边做起——领导干部要管好亲属和身边工作人员,no_topic
19980119-03-002,新疆党员到特困企业过组织生活,no_topic
19980119-03-003,瑞丽打击社会丑恶现象,no_topic
19980119-03-004,“没有准备”就别说,no_topic
19980119-03-007,七位“亲闺女”(图片),short_body
19980119-03-008,镇江市委“从严治党”抓关键层次,no_topic
19980119-03-009,"本报讯三年多来,湖北当阳市政协在全市政协委员中开展了为市区『龙头』企业、主导产业和本地经济建设发展提出一条意见和建议、引进一个项目、联系一个村组或企业、写一份调查报告、提一件提案的『五个一』活动。据统计,驻当阳的省政协委员、宜昌市政协委员和本市政协委员先后共献良策四百五十条,引进资金三千八百万元。(李栋善袁斌)",title_length
19980119-03-010,"本报讯日前,解放军参谋学院政委、少将李殿仁撰著的《实践与思考》一书,已由人民出版社出版。该书运用马列主义的观点、方法,紧密联系新时期军队建设的实际。本书共辑入九十三篇文章。按内容分为『善立主脑』、『固我长城』、『领导艺术』、『人才培养』、『院校建设』、『温故求新』六辑。(老懋)",title_length
19980119-03-011,"本报讯前不久,深圳至北京西一百零六次列车工作人员在南昌查验旅客携带品时,先后查获乘客李某携带的黄色光盘一百余张,乘客陈某携带的黄色光盘十六张,现已交由公安部门处理。(关长宇)",title_length
19980119-03-012,"本报讯为狠狠打击票贩子,从一九九七年底开始,北京铁路公安局开展了打击票贩的『京城会战』。他们专门抽调干警组成打击票贩子小分队,在售票厅、退票处等重点区域进行严密监控,共清理抓获倒票人员二百五十五名。",title_length
19980119-03-013,"本报讯已故著名台湾作家吕赫若作品研讨会日前在京举行,来自海峡两岸的三十多位专家学者参加了研讨。吕赫若是位怀有民族情、爱国心的台湾同胞,他的作品揭示了在日本殖民主义统治下台湾同胞艰辛的生活和愤闷的情绪;揭露了殖民统治的残酷无情与社会的不公。(吴亚明)",title_length
19980119-04-001,学会接受道歉,no_topic
19980119-04-002,愿《人民论坛》越办越好,no_topic
19980119-04-003,寒风凛冽英姿依然(图片),short_body
19980119-04-004,四座新建核电站进展顺利,no_topic
19980119-04-005,明天气象预报(1月19日20时—1月20日20时),no_topic
19980119-04-006,火车今年继续提速,no_topic
19980119-04-007,香港将建特区政府总部,no_topic
19980119-04-008,新东安市场开业(图片),no_topic
19980119-04-009,大型舞剧《元神祭》晋京演出,no_topic
19980119-04-012,迟浩田欢宴美国防部长,no_topic
19980119-04-014,"新华社南宁一月十五日电(记者邓亚平)政协广西壮族自治区第八届委员会第一次全体会议一月十五日选举陈辉光为自治区政协主席,袁正中、陈雷卿、王庆录、宋福民、俞曙霞(女)、梁超然、陈震宇、卢湖山(壮族)、邓浦东、梁裕宁(女、壮族)为自治区政协副主席。",title_length
19980119-04-015,"新华社北京1月18日电国务院副总理兼外交部长钱其琛结束对摩洛哥、阿尔及利亚、马耳他、意大利和圣马力诺5国的正式友好访问,于今天中午乘航班回到北京。何椿霖、唐家璇及有关国家驻华使节前往机场迎接。",title_length
19980119-04-016,"新华社兰州一月十六日电政协甘肃省第八届委员会第一次全体会议一月十六日选举杨振杰为省政协主席,贡唐仓·丹贝旺旭(藏族)、陈剑虹、拜玉凤(女、回族)、邓成城、朱作勇、杜颖(女)、喇敏智(回族)、杨震刚(藏族)、周宜兴、李宇鸿为省政协副主席。",title_length
19980119-04-017,"新华社北京1月16日电外交部发言人沈国放今天在此间宣布:应钱其琛副总理兼外长的邀请,法国外长于贝尔·韦德里纳将于1月22日至23日对中国进行正式访问。",title_length
19980119-04-018,"新华社长沙一月十六日电(记者金林鹏)政协湖南省第八届委员会第一次全体会议一月十六日选举刘夫生为省政协主席,石玉珍(女,苗族)、陈彰嘉、袁隆平、阳忠恕、方毓棠、范多富、游碧竹、蔡自兴、姚守拙、林子亮、卢光(女)为省政协副主席。",title_length
19980119-04-019,"据新华社北京1月16日电应执政的巴基斯坦穆斯林联盟(谢里夫派)的邀请,由副部长马文普率领的中联部代表团一行5人今天离京赴巴基斯坦进行友好访问。马文普在访巴后还将赴尼泊尔,代表中国共产党出席尼泊尔共产党(联合马列)第六次全国代表大会。",title_length
19980119-04-020,"新华社长春一月十六日电(记者李亚彪)政协吉林省第八届委员会第一次全体会议一月十六日选举张岳琦为省政协主席,刘希林、赵家治、阎洪臣、梁植文、郑龙(朝鲜族)、常万海、唐格森、伍龙章、李慧珍(女)、曾凡煦为省政协副主席。",title_length
19980119-04-021,"新华社成都一月十七日电(记者任硌)政协四川省第八届委员会第一次全体会议今天选举聂荣贵为省政协主席,孙同川、郝振贤、史志义、曾平江、章玉钧、陈官权、杨光华、吴正德、阿称、陈昌智、苟建丽、唐运张为省政协副主席。",title_length
19980119-04-022,"新华社杭州一月十八日电(记者方益波)政协浙江省第八届委员会第一次全体会议一月十八日选举刘枫为省政协主席,龙安定、耿典华、丁德云、陈文韶、阙端麟、李青、汪希萱、程炜、王务迪、陈昭典为省政协副主席。",title_length
19980119-04-023,"新华社武汉一月十八日电(记者唐卫彬)政协湖北省第九届委员会第一次全体会议一月十八日选举钱运录为省政协主席,丁凤英(女)、王重农、韩南鹏、蒙美路(女)、程运铁、杨斌庆、陶醒世、蔡述明、肖谷欣、郑楚光、张荣国为省政协副主席。",title_length
19980119-04-024,"新华社郑州一月十八日电(记者程红根)政协河南省第八届委员会第一次全体会议一月十八日选举林英海为省政协主席,姚如学、张国荣、郭国三、胡廷积、梅养正、杨显明、杨光喜、冯宏顺、张汉英(女)、张广兴、张玉麟为省政协副主席。",title_length
19980119-05-001,全国广播影视厅局长会议强调新闻节目位置更突出,no_topic
19980119-05-003,香港特区行政长官董建华表示香港致力保护知识产权,no_topic
19980119-05-005,重组人红细胞生成素研制成功,no_topic
19980119-05-006,小小生态箱展示自然美,no_topic
19980119-05-007,京味小说赠京城老字号,no_topic
19980119-05-008,《霍春阳画集》文雅高古,no_topic
19980119-05-009,丰原公司作核电后盾,no_topic
19980119-05-010,图片新闻,title_length
19980119-05-012,分选电池新方法诞生手机电池增寿命,no_topic
19980119-05-013,邢台读书广告走上大屏幕,no_topic
19980119-05-014,全国新闻出版局长会议指出出版改革寻求新突破,no_topic
19980119-06-001,伊拉克外长首访伊朗,no_topic
19980119-06-002,伊拉克驻约旦公使遇刺身亡,no_topic
19980119-06-003,『伙伴关系』的潜台词,no_topic
19980119-06-004,互信合作发展经济——孟巴印经贸首脑会议圆满结束,no_topic
19980119-06-005,反对雇用童工“全球大游行”在菲拉开帷幕,no_topic
19980119-06-007,法俄签署军事合作意向书,no_topic
19980119-06-008,捷波匈三国军队总长会晤,no_topic
19980119-06-009,海湾战争遗害英国老兵,no_topic
19980119-06-010,美与波罗的海三国签署伙伴关系宪章(附图片1张),no_topic
19980119-06-011,示威(图片),short_body
19980119-06-012,波黑塞族共和国议会批准多迪克出任总理,no_topic
19980119-06-013,罗总统呼吁保持国家稳定,no_topic
19980119-06-014,克表示将加快同南关系正常化,no_topic
19980119-06-015,非洲召开反腐败会议,no_topic
19980119-06-016,贝宁共和国,no_topic
19980119-06-017,"日本最大的在野党民主党十八日在冲绳县那霸市举行一九九八年度定期党代表大会。大会通过的政治方针指出,民主党要以国会众院统一会派民友联为核心,争取建立一个『值得信赖的新政府』。前厚生大臣、现任民主党党首菅直人在会上再次当选该党领袖。",title_length
19980119-06-018,"希腊副外长帕潘德里欧十六日在议会会议上说,希腊反对科索沃从南斯拉夫联盟共和国中独立出来,并尊重南斯拉夫联盟共和国的边境现状。他说,雅典愿意主持召开有南斯拉夫联盟总统米洛舍维奇、阿尔巴尼亚总理纳诺及科索沃省阿尔巴尼亚族领导人鲁戈瓦参加的会议,共同探讨解决科索沃问题的途径。",title_length
19980119-06-019,"摩洛哥首相兼外交和合作大臣菲拉利日前在接受《金字塔报》采访时指出,以色列政府的态度是『敌视和平的』,是『令人不能接受的』。菲拉利重申,摩洛哥属于阿拉伯民族大家庭,因此它采取与阿拉伯国家站在一起的立场。他说,基于这一立场,摩洛哥认为它自己不是中东和平的调解人,而是和平进程的参与者。",title_length
19980119-06-020,"一艘悬挂圣文森特和格林纳丁斯旗的两万吨级货轮因遇到特大风浪,十五日在墨西哥湾韦拉克鲁斯港口附近的海面沉没,船上的一名海员死亡,其余七人获救。",title_length
19980119-06-021,"一艘在塞浦路斯注册的名为『火焰号』货轮十六日在加拿大新斯科舍省以东的大西洋海面沉没,加救援人员共救起四名船员并打捞起十五具尸体,六人失踪。哈利法克斯救援中心发言人张伯伦少校说,这艘有二十六年船龄、长达一百八十米的散装空货轮是在前往蒙特利尔途中断裂沉没的,出事地点在圣皮埃尔岛附近水域。",title_length
19980119-07-001,『中国参与世界经济』研讨会在美举行,no_topic
19980119-07-002,欧洲继续看好亚洲经济前景,no_topic
19980119-07-003,成也规模败也规模,no_topic
19980119-07-004,东亚经济传真,no_topic
19980119-07-005,图片新闻,title_length
19980119-07-007,战后日本产业政策的启示,no_topic
19980119-07-008,菜花西红柿橙子可抗癌,no_topic
19980119-07-009,食用橄榄油防乳腺癌,no_topic
19980119-07-010,南美树蛙皮能制镇痛剂,no_topic
19980119-08-002,新风格的胜利——胡恩勇谈男子十米跳台决赛,no_topic
19980119-08-003,袁伟民在全国体委主任会议上指出警惕唯金牌论危害体育事业健康发展,multiple_topics
19980119-08-004,金鹏杯亚洲十佳运动员评选揭晓(附图片1张),no_topic
19980119-08-006,常昊喜捧NEC奖杯叶桂获新秀战冠军,no_topic
19980119-08-007,广东足球队夺得省港杯,short_body
19980119-08-008,豫沪男排领先势头不减女排比赛仍呈混战局面,no_topic
19980119-08-010,刺探军情重整河山——访中国水球队主教练彭绍荣,no_topic
19980119-09-001,再就业难在哪儿(附图片1张),no_topic
19980119-09-002,衣食住行(附图片4张),no_topic
19980119-09-003,买赝品却输官司,no_topic
19980119-09-004,扼住疯狂(附图片1张),no_topic
19980119-09-005,图片观新:汽车时代(附图片2张),short_body
19980119-09-006,快过年了,title_length
19980119-09-007,沟通你和我,no_topic
19980119-10-001,百富勤为何清盘,no_topic
19980119-10-002,把商业银行办成真正的银行——四大银行行长谈取消贷款限额控制,short_body
19980119-10-003,资金管理更要加强计划性(附图片1张),no_topic
19980119-10-004,变事后约束为事前控制(附图片1张),no_topic
19980119-10-005,增强总行的调控能力(附图片1张),no_topic
19980119-10-006,扭转超负荷经营状况(附图片1张),no_topic
19980119-10-008,初步识“大盘”,no_topic
19980119-10-009,沪市上周上涨前五名(%),short_body
19980119-10-010,深市上周下跌前五名(%),short_body
19980119-10-012,上海综合指数日K线图(图片),short_body
19980119-10-013,深圳成份股指数日K线图(图片),short_body
19980119-10-014,沪市上周下跌前五名(%),short_body
19980119-10-015,深市上周上涨前五名(%),short_body
19980119-10-016,"本报讯来自中国投资银行的信息表明,在过去的一年里,该行开拓经营,强化管理,促使资产总量进一步增加,资产负债结构得到改善。截至一九九七年末,投行一般性存款余额比年初增长百分之四十二,贷款余额增长百分之十六点八;全年累计回收中长期贷款本金完成年计划的百分之一百零五;与上年相比,国际结算业务增长百分之八,结售汇总量增长百分之十八;资产总额达到七百四十六亿元,增幅为百分之二十二。(杨罗)",title_length
19980119-10-017,本报讯国际经济及金融市场研讨会一月十六日在北京举行。研讨会由香港汇丰投资银行、汇丰资本市场联合举办。研讨会将就美国及亚洲经济回顾及展望、亚洲债券市场回顾及展望、香港股票市场回顾及中资机构股本融资市场分析等方面进行讨论。汇丰银行执行董事郑海泉先生及汇丰资本市场总经理欧智华先生和中外经济界、企业界代表一百多人参加了研讨会。(李建兴),title_length
19980119-10-018,"本报讯继去年《中国证券大全》出版之后,近日,沪、深证券交易所共同协办的《中国证券大全》(一九九七)由中国经济出版社出版。《中国证券大全》(一九九七)共十五大卷,一千三百五十万字。在去年编辑的基础上广泛征求各方意见,并参照证券从业人员资格培训及考试大纲作出了大量知识卷的调整和补充,从内容上来看,更全面地汇集上市公司信息资料、最新的『基金管理办法、上市公司章程指引』,权威详细地阐述了国企改革、资产重组和企业并购、证券研究、风险防范与监管、证券文化等内容。(陈国华)",title_length
19980119-11-001,进口旧家电别买,no_topic
19980119-11-002,邮电:有“礼”了(附图片1张),no_topic
19980119-11-003,飞越珠穆朗玛(附图片1张),no_topic
19980119-11-004,上海:开行百日客流增,no_topic
19980119-11-006,信息廊,title_length
19980119-11-007,东瀛看丰田(附图片1张),no_topic
19980119-11-008,驾驶证岂可买卖?,no_topic
19980119-11-009,小家电合格不足二成,no_topic
19980119-11-010,北京:一票可乘多班车,no_topic
19980120-01-001,渤西油田供能津门,no_topic
19980120-01-003,政协举行第二十三次常委会议李瑞环主持为政协九届一次会议作准备,no_topic
19980120-01-004,江泽民分别会见美国客人,no_topic
19980120-01-005,李岚清会见日本客人,no_topic
19980120-01-006,勿忘父老乡亲——『扶贫司令』彭楚政访谈录,no_topic
19980120-01-007,卢克俭当选甘肃省人大常委会主任孙英当选甘肃省省长,no_topic
19980120-01-008,值得肯定的重奖,no_topic
19980120-01-009,贝宁总统抵京,no_topic
19980120-01-010,地震灾区人心安定受伤群众全部得到治疗(附图片1张),no_topic
19980120-01-012,朱森林当选广东省人大常委会主任卢瑞华当选广东省省长,no_topic
19980120-01-013,阿木冬·尼牙孜当选新疆维吾尔自治区人大常委会主任,no_topic
19980120-01-014,"1997年,我国制造的34架飞机出口到巴基斯坦等12个国家,其中包括运十二、运七、运八、K8、歼教七等型号的飞机。据介绍,去年中航技系统的飞机和航空机电产品等外贸进出口总值超过15亿美元,出口交付值约6.8亿美元,进口到货值约8.2亿美元,基本达到年初制定的目标。",title_length
19980120-01-015,"近日,一条长达285公里的110KV等级的输电线路,从青海的东部贵德县延伸到南部海拔4000米以上的果洛藏族自治州,成为目前我国110KV等级的最长输电线路。这项旨在解决果洛10多万牧民生活用电的工程是1994年开工的。",title_length
19980120-01-016,"据广东省地方税务局负责人介绍,去年广东省个人所得税征收额达35.52亿元,比上年增长28·6%,增收7.9亿元。据介绍,为确保个人所得税持续、稳定增长,广东省地方税务部门加强了对高收入群体的税收控管。",title_length
19980120-02-003,从短缺走向平衡——菜篮子工程建设十年述评(上)(附图片1张),no_topic
19980120-02-005,昆明:邻国旅游成时尚,no_topic
19980120-02-006,承德:科技良种作年礼,review: 赠送良种与农业交叉
19980120-02-007,行政事业性收费和基金纳税政策有调整,no_topic
19980120-02-008,去年国债发行兑付工作顺利结束,no_topic
19980120-02-009,福州市华都大酒店注重服务(图片),short_body
19980120-02-010,石漫滩水库复建工程竣工,no_topic
19980120-02-011,栾城妥善安置下岗人员逾九成,no_topic
19980120-02-012,洛铜产品出口超过1万吨,no_topic
19980120-03-001,党中央国务院要求切实保证困难职工过好春节,no_topic
19980120-03-003,冬日助老情,no_topic
19980120-03-004,民政部财政部发出通知提高部分优抚对象抚恤补助标准,review: 社会优抚补助政策，非主要金融报道
19980120-03-005,河南交通事故伤残鉴定中心成立,no_topic
19980120-03-006,中央统战部举行台胞迎春招待会,no_topic
19980120-03-007,武警重庆市总队成立,short_body
19980120-03-008,送法下乡(图片),short_body
19980120-03-009,"据新华社成都电(记者岳林才)成都军区从1997年起,结合“争创先进连队、争当优秀士兵”活动,每年在全区部队中培养、评选、表彰10名优秀旅团主官、100名优秀连队主官、1000名优秀班长。在实施中,各部队严格按照《纲要》规定的基层建设五条标准和优秀士兵的四项条件进行评比。部队全训率和训练成绩创造了历史上的最高水平,全区涌现出数万名“神枪手”、“神炮手”和“技术能手”,完成了一系列重大演习、训练和边防执勤任务。",title_length
19980120-03-010,"据新华社济南1月19日电(记者王雷鸣)济南交警的带头人李长水日前被公安部授予全国公安战线一级英雄模范荣誉称号。今天,在泉城济南,济南市委、市政府为李长水举行庆功大会。国务院授予济南交警“严格执法、热情服务交警支队”荣誉称号挂牌仪式同时举行。",title_length
19980120-04-001,总政治部发出通知要求全军深入开展学雷锋活动,no_topic
19980120-04-002,钱其琛会见美国防部长,no_topic
19980120-04-003,张万年会见美国防部长,no_topic
19980120-04-004,明天气象预报(1月20日20时—1月21日20时),no_topic
19980120-04-005,长航集团推出春运优质服务标准公布监督电话请社会监督,no_topic
19980120-04-006,春运进入高峰(图片),short_body
19980120-04-007,傅全有会见美国防部长,no_topic
19980120-04-008,《人民日报版面备要》出版,no_topic
19980120-04-009,关于建立加强海上军事安全磋商机制中美签署相关协定,no_topic
19980120-04-010,水清了灯亮了路平了新疆群众盛赞政府办实事,no_topic
19980120-04-011,钱其琛会见美国参议员,no_topic
19980120-04-012,震不断的『银线』(附图片1张),no_topic
19980120-04-013,中英外长会谈,no_topic
19980120-04-014,中俄友协理事会年会在京举行,no_topic
19980120-04-015,中美国防部长会谈,no_topic
19980120-04-016,水质好树木多通讯灵杭州市民生活质量提高,no_topic
19980120-04-017,"新华社北京1月19日电(记者徐仁杰)政协北京市第九届委员会第一次全体会议1月19日选举陈广文为市政协主席,沈仁道、卢松华、万嗣铨、钱易(女)、杜宜谨、李荻生、宋维良、韩汝琦、朱相远、陆道培、孙安民、傅铁山为市政协副主席。",title_length
19980120-04-018,新华社南京1月19日电(记者徐机玲)政协南京市第十届委员会第一次全体会议1月19日选举张晔(女)为市政协主席。,short_body
19980120-05-001,捍卫知识产权各地联手防盗我国将建反盗版联盟,no_topic
19980120-05-003,王姬自述《我的世界》面世,no_topic
19980120-05-004,宋健在中科院工作会议上指出中科院要做科教兴国尖兵,no_topic
19980120-05-005,一改默默无闻形象服务社会各个领域档案成为信息资源,no_topic
19980120-05-006,农科院肩负科教兴农使命“九五”期间力争取得重大成果100项,no_topic
19980120-05-008,常德鼎城一中注重教研活动,no_topic
19980120-05-010,’99世界邮展筹备正酣,no_topic
19980120-06-001,北爱和谈与布莱尔改革,no_topic
19980120-06-002,外国领导人电慰我灾民,no_topic
19980120-06-003,美国华裔华侨纷献爱心,no_topic
19980120-06-004,德国向我提供援助,short_body
19980120-06-005,冰暴袭击蒙特利尔,no_topic
19980120-06-006,退中有进守中有攻——俄罗斯的欧洲外交试析,no_topic
19980120-06-007,民防治安见成效,no_topic
19980120-06-008,图片新闻,title_length
19980120-06-009,奥地利将不加入北约,no_topic
19980120-06-010,格主张和平解决阿布哈兹冲突,no_topic
19980120-06-011,萨达姆下令释放约旦囚犯马贾利谴责刺杀伊外交官事件,no_topic
19980120-06-012,美以美巴首脑会晤前夕阿拉法特与穆巴拉克协调立场,no_topic
19980120-06-013,突尼斯呼吁铲除恐怖主义,no_topic
19980120-06-014,我驻越大使举行庆祝中越建交招待会,no_topic
19980120-07-001,东亚购买力下降加州调整出口客机提货期推迟波音面临困境,no_topic
19980120-07-002,图片新闻,title_length
19980120-07-003,失业痼疾困扰法国,no_topic
19980120-07-004,臭氧层有望修补俄提出激光照射法,no_topic
19980120-07-005,巴西将建大型生态宾馆,no_topic
19980120-07-007,意发现莫扎特四十二首舞曲,no_topic
19980120-07-008,『世界经济与中国:一九九七』报告会在京举行,no_topic
19980120-08-004,"珀斯,留下问号——评世锦赛上的中国跳水",no_topic
19980120-08-008,"本报北京1月19日讯1997年“濠景艺杯”全国体操最佳运动员教练员评选揭晓颁奖大会今天在京举行。最佳男女运动员分别是张津京和奎媛媛,最佳男女队教练员分别是黄玉斌和陆善真。此次当选的最佳运动员和教练员是由在京的50多名体操教练和专家根据1997年国内外重大比赛的成绩而评出的。评选活动由国家体委体操运动管理中心和深圳濠景艺印刷实业有限公司共同举办。",title_length
19980120-08-010,"本报讯1月16日,中国奥委会新闻委员会和江苏康博集团公司在京举行仪式,向即将赴日本采访第十八届冬奥会的中国体育记者团赠送了保暖采访服。",title_length
19980120-09-001,防震减灾西部先行,no_topic
19980120-09-002,为西部鼓掌,no_topic
19980120-09-003,『铁老大』练摊,no_topic
19980120-09-004,强强回故乡,no_topic
19980120-09-005,人心顺事业兴(附图片1张),no_topic
19980120-09-006,重在开拓市场,no_topic
19980120-09-007,京城新景观(附图片2张),no_topic
19980120-09-008,磁卡电话进村(图片),short_body
19980120-09-009,农家剧团义演(图片),short_body
19980120-10-001,拒绝变化就不能进步,no_topic
19980120-10-002,“党的十五大与中国的改革和发展”理论研讨会述要,no_topic
19980120-10-003,完善创新“苏南模式”积极探索发展新路,no_topic
19980120-10-004,社会主义初级阶段与多种所有制,no_topic
19980120-11-002,"老师,你的住房现在好吗",no_topic
19980120-11-004,让孩子的天空阳光灿烂,no_topic
19980120-11-005,喜迁新居(图片),short_body
19980120-12-001,迎战世纪之敌,no_topic
19980120-12-002,欢欢喜喜过佳节平平安安保计生——谈谈节日避孕方法,no_topic
19980120-12-003,垃圾成资源包袱变财富,no_topic
19980120-12-004,中药牵手欧美市场——中国中医研究院博士鄢良通关记,no_topic
19980120-12-006,苏州喜添华南虎(图片),no_topic
19980120-12-008,通经祛顽痹,no_topic
19980120-12-009,刷牙还要洗牙,no_topic
19980120-12-010,高压氧舱添活力,no_topic
19980120-12-011,喜鹊和长颈鹿(附图片2张),short_body
19980120-12-012,资源之本——人,no_topic
19980121-01-001,雄师抗震歌——子弟兵在张家口抗震救灾第一线,no_topic
19980121-01-002,江主席与克雷库总统会谈,no_topic
19980121-01-003,中纪委召开第二次全会,no_topic
19980121-01-004,党中央国务院十分关心西藏雪灾江泽民李鹏指示要做好西藏抗灾救灾工作,no_topic
19980121-01-005,在京老同志迎春茶话会举行,no_topic
19980121-01-007,"新华社武汉一月十八日电(记者唐卫彬)湖北省第九届人民代表大会第一次会议一月十七日选举关广富为省人大常委会主任,邓国政、刘荣礼、李其凡、朱纯宣、郝国道、章治文、鲍隆清、吴华品、张忠俭为省人大常委会副主任;选举蒋祝平为省长,王生铁、苏晓云、张洪祥、周坚卫、高瑞科、王少阶、邓道坤为副省长;选举吴家友为省高级人民法院院长。",title_length
19980121-01-008,"新华社太原一月十九日电(记者张运)山西省第九届人民代表大会第一次会议一月十七日、十八日选举卢功勋为省人大常委会主任,梁国英、崔光祖、徐生岚、王文学、彭致圭、曹馨仪(女)、姚新章、白、李玉璋、张铭为省人大常委会副主任;选举孙文盛为省长,刘振华、杜五安、薛军、王昕(女)、范堆相、杨志明为副省长;选举李玉臻为省高级人民法院院长。",title_length
19980121-01-009,"新华社郑州一月十九日电(记者王阿敏)河南省第九届人民代表大会第一次会议一月十九日选举任克礼为省人大常委会主任,张德广、马宪章(回族)、钟力生、张世英、俞家骅、亢崇仁、李长铎、袁祖亮为省人大常委会副主任;选举马忠臣为省长,李成玉(回族)、张洪华、李志斌、张以祥、王明义、陈全国、张涛为副省长;选举李道民为省高级人民法院院长。",title_length
19980121-02-001,为了更加丰盛的『菜篮子』——菜篮子工程建设十周年述评(下),no_topic
19980121-02-002,从资源性城市向综合性城市转型大庆走向全方位开放,no_topic
19980121-02-003,内贸部等抽查9类商品近半产品不合格,no_topic
19980121-02-004,“块头”大了更要求效益凯乐集团兼并扩张不忘练内功,no_topic
19980121-02-005,合同上岗信息引导北京规范外来劳动力市场,no_topic
19980121-02-006,架桥筑路铺坦途(图片),no_topic
19980121-02-008,赛格集团挺进数字化领域,no_topic
19980121-02-009,利民药厂强化管理出效益,no_topic
19980121-02-010,会友线缆集团效益连年增长,no_topic
19980121-02-011,朔黄铁路资金联行成立,no_topic
19980121-02-012,好戏还要唱好,no_topic
19980121-02-013,精干主线放活辅线分灶吃饭本钢靠改革增活力,no_topic
19980121-02-014,注意热水器安全建设部要求开展入户大检查,no_topic
19980121-02-015,"本报讯北京建工集团六建公司施工的中化大厦,历经用户两年多的使用及专家的严格检查,近日再获1997年度鲁班奖。这是该公司第七次获该奖。",title_length
19980121-02-016,本报讯河北省衡水市源源不断地把特色农副产品销往京城。深州蜜桃、武邑黄口大枣和鲜嫩质优的瘦肉型猪肉深受北京市民喜爱。(李晓宏),title_length
19980121-02-017,"本报讯河北雄县农业发展银行充分发挥信贷作用,加大支农力度。1997年累计投放贷款逾4000万元,重点支持农田水利基本建设、种植大户发展“高效”农业和中低产田改造,促进了全县农业发展。(章锁志强)",title_length
19980121-02-018,"本报讯山东省荣成市去年共完成涉外税收12053万元,较上年增长18%。该局积极宣传涉外税收政策,运用涉外税收优惠政策促进企业经济发展,创造良好的外商投资环境,并加大涉外征管力度,保证了涉外税收的增长。",title_length
19980121-02-019,"本报讯山东青岛市十佳文明村之一的古镇村日前成立古镇集团公司,实行农工商一体化经营。现在古镇村拥有塑料、电子、农业等多种产业,1997年产值6.67亿元,实现利税3800万元。(高云才)",title_length
19980121-02-020,"本报讯由海南神龙股份有限公司研制的“中发”牌氨基酸有机肥在新疆、海南等地试验获得成功,可以取代单一化肥和无机复合肥,比等价值的化肥或农家肥增产幅度为15%—20%。(沈龙文)",title_length
19980121-02-021,"本报讯京郊大兴县北普陀影视城日前举办洛阳牡丹灯会,共有36组彩灯参展,灯会至2月底结束。(田宝印张凌)",short_body
19980121-04-001,江主席会见英外交大臣,no_topic
19980121-04-002,江主席会见美国防部长,no_topic
19980121-04-003,『卑微』者的崇高,no_topic
19980121-04-004,钱其琛会见美国客人,short_body
19980121-04-005,明天气象预报(1月21日20时—1月22日20时),no_topic
19980121-04-007,中央台春节联欢晚会进入彩排丁关根李铁映看望晚会演职人员,no_topic
19980121-04-008,纪念邓小平逝世一周年纪念邮票将发行,no_topic
19980121-04-010,红红火火过大年(图片),short_body
19980121-04-011,就台湾政要频繁到部分东南亚国家活动外交部发言人发表谈话,no_topic
19980121-04-012,迟浩田将出访四国,short_body
19980121-04-013,科恩在记者招待会上说访华将推动中美关系发展,no_topic
19980121-05-001,辽阳记者大篷车现场直播,no_topic
19980121-05-002,文汇报喜庆六十华诞,no_topic
19980121-05-003,图片新闻,title_length
19980121-05-004,贺岁影片《甲方乙方》票房火爆,no_topic
19980121-05-005,中汇:现代中药的一方新绿,no_topic
19980121-05-006,衡南出土五代窑,no_topic
19980121-05-007,珙县发现恐龙化石群,no_topic
19980121-05-008,大连育出多头铁树(图片),no_topic
19980121-05-010,本报讯第二届德彪中国癌症研究基金会『中国奖』颁奖会日前在香港会展中心举行。来自法国、瑞士、比利时和中国的肿瘤学家参加了会议。,title_length
19980121-05-011,"本报讯首都骨伤病研究所第三届学术研讨会及三花接骨散研究成果发布会日前在京举行。与会专家认为,由首都骨伤病研究所所长柳海峰研究员发明的国家级新药三花接骨散,有促进生长激素的生成和骨折早期愈合的作用,为证实纯中药制剂的科学性起到了重要作用。(杨晨)",title_length
19980121-05-012,"本报讯日前,DEC电脑中国有限公司与通源科技公司共同宣布,通源成为DEC公司WINDOWSNT工作站在中国的总代理。这是继通源公司成功代理DEC公司个人电脑及网络产品后,双方在工作站市场的再次携手。通源公司丰富的分销经验与DEC先进的工作站产品相结合,堪称电脑业优势互补、联合发展的典范。(晓白)",title_length
19980121-05-013,"本报讯为消除传统灭火剂挥发出的气体对大气臭氧层破坏,湖北省公安厅消防局局长、高级工程师李金文等经过三年的刻苦攻关,研制成功HFM1型高效低毒灭火剂,经专家鉴定其灭火效能好,对生态环境无污染。(腾华)",title_length
19980121-06-001,两伊外长会谈取得成果同意尽快解决战争遗留问题,no_topic
19980121-06-002,联合国特委会负责人强调伊应无条件允许武器核查,no_topic
19980121-06-003,商讨政治解决北爱危机布莱尔同亚当斯会谈,no_topic
19980121-06-004,游行集会(图片),short_body
19980121-06-005,韦德里纳外长访华前表示希望增进法中合作,no_topic
19980121-06-006,俄积极支持建立多极世界叶利钦说应加强独联体工作,no_topic
19980121-06-007,迎接日中邦交正常化25周年日两团体举行特别演讲会,no_topic
19980121-06-008,国际社会向我震区提供援助,no_topic
19980121-06-009,"印度尼西亚总统苏哈托二十日表示接受执政党专业集团提名他为一九九八年至二○○三年任期的总统候选人。今年三月上旬,印尼人民协商会议将选举下届总统和副总统并制定国家的方针大纲。印尼总统和副总统每届任期为五年。苏哈托是一九六八年三月正式就任印尼总统的。",title_length
19980121-06-010,"伊朗总统哈塔米十九日重申,伊朗不需要同美国恢复和发展关系。哈塔米在伊朗前最高领袖霍梅尼陵墓前发表讲话时说:『我们不需要美国在我们身边,没有美国的帮助,我们照样能够继续前进。』哈塔米说,美国现在以世界霸主自居,对任何不屈服于美国的国家实行制裁,伊朗伊斯兰革命的成果就是『将伊朗从美国的枷锁下解放出来』。",title_length
19980121-06-011,"英国外交国务大臣德雷克率欧盟『三驾马车』代表团十九日晚抵达阿尔及利亚访问。德雷克说,欧盟代表团此次访问旨在保持并推动欧盟与阿尔及利亚的政治对话。『三驾马车』代表团成员还包括奥地利和卢森堡两国外交国务秘书。阿尔及利亚最近发生一系列屠杀无辜平民事件。欧盟派出『三驾马车』代表团访阿,以便为定于二十六日在布鲁塞尔举行的欧盟总务委员会讨论阿局势做准备。",title_length
19980121-07-001,世贸组织总干事呼吁联合对付贸易保护主义,no_topic
19980121-07-002,金价创近二十年最低,no_topic
19980121-07-003,欧佩克原油产量去年大幅增加,no_topic
19980121-07-004,意可望搭上欧元『头班车』,no_topic
19980121-07-006,石油跌价冲击波,no_topic
19980121-07-007,纽约公祭赵艳珍(图片),short_body
19980121-07-008,英国疯牛病未去德国瘟猪疫又来,no_topic
19980121-07-009,四岁儿童食物过敏百次诊断束手无策,no_topic
19980121-07-010,埃及展出古埃及第六王朝法老王青铜像(图片),no_topic
19980121-07-011,东亚经济传真日预测今年经济低增长韩国采取措施稳定物价,no_topic
19980121-08-001,举重若轻显本色荣登金榜扬美名,no_topic
19980121-08-002,北京市举办大规模少年儿童棋赛(附图片1张),no_topic
19980121-08-004,共铸女排辉煌,no_topic
19980121-08-005,昔日『冰球沙皇』今朝认罪服法,no_topic
19980121-08-007,第四届全国城运会筹备工作进展顺利,no_topic
19980121-08-008,1998世界杯足球赛快报6月创办,short_body
19980121-08-009,沈阳军区举办迎新春体育游艺赛,short_body
19980121-09-001,1998年:难以忘却的日子《共产党宣言》发表一百五十周年,no_topic
19980121-09-002,华水发和他的义务茶亭,no_topic
19980121-09-003,好妈妈教出好儿女,no_topic
19980121-09-004,敢说向我看齐,no_topic
19980121-09-005,爷爷办起“托儿所”,no_topic
19980121-09-007,从封闭到透明(附图片2张),no_topic
19980121-09-008,刘志祥与他的扶贫户,no_topic
19980121-09-009,难忘和平火车站真情温暖老人心,no_topic
19980121-10-001,谨防“金蝉脱壳”,no_topic
19980121-10-004,319线渝长路段何时不再堵车?,no_topic
19980121-10-005,盲目挖砂影响江堤安全,no_topic
19980121-10-006,对交通事故调解不服怎么办?,no_topic
19980121-10-007,进京施工『不扰民』,no_topic
19980121-10-008,扶贫资金急需归位,no_topic
19980121-10-009,酒广告管理须规范,no_topic
19980121-10-010,莫把『意见箱』当摆设,no_topic
19980121-10-011,警惕身边的骗局,no_topic
19980121-10-012,燃放爆竹莫忘安全(附图片2张),no_topic
19980121-11-001,北京老人牵挂小王磊(附图片3张),no_topic
19980121-11-002,切实为困难职工送温暖,no_topic
19980121-11-003,违背“程序”吃官司,no_topic
19980121-11-004,贴近社会贴近读者,no_topic
19980121-11-005,深圳有个打工者阅览室,no_topic
19980121-11-006,卖灯草的老人(图片),no_topic
19980121-11-008,不得克扣打工者工资,no_topic
19980121-12-001,从轻松的话题说起,no_topic
19980121-12-003,“清洗专家”,no_topic
19980121-12-004,追求,title_length
19980121-12-005,马德海和他的“杯水工程”,no_topic
19980121-12-006,荆楚大地涌动『温暖』潮,no_topic
19980121-12-007,群众的认可,no_topic
19980121-12-008,减员不宜只盯着老工人,no_topic
19980121-12-009,企业破产厂长“破产”吗?,no_topic
19980121-12-010,与工地合影(图片),no_topic
19980121-12-011,可口饭菜送井下(图片),short_body
19980122-01-001,江泽民为中国青年志愿者题名热情勉励广大青年服务社会弘扬新风,no_topic
19980122-01-002,中宣部总政治部湖南省委联合举办报告会彭楚政先进事迹感人至深,no_topic
19980122-01-004,李岚清会见美国客人,short_body
19980122-01-005,乔石会见贝宁总统,no_topic
19980122-01-006,政协举行52次主席会议李瑞环主持,no_topic
19980122-01-007,李瑞环会见中国天主教代表时希望爱国爱教团结进步振兴中华,no_topic
19980122-01-008,兴修水利泽被子孙(图片),short_body
19980122-01-009,欢欢喜喜迎接虎年(图片),short_body
19980122-01-011,上海新春观光旅游特色鲜明新颖别致,no_topic
19980122-01-012,武汉:燃气服务进万家,no_topic
19980122-01-013,山西省府妥善安排困难职工舒心过年,no_topic
19980122-01-015,"新华社长春一月十九日电(记者李亚彪)吉林省第九届人民代表大会第一次会议一月十九日选举张德江为吉林省人大常委会主任,桑逢文、刘树林、曾孝箴、徐如人、阿古拉(蒙古族)、李政文、李玉堂、李世学、郭永德为省人大常委会副主任;选举王云坤为省长,王国发、全哲洙(朝鲜族)、魏敏学、刘淑莹(女)、杨庆才、李介车为副省长;选举蔡彰为省高级人民法院院长。",title_length
19980122-01-016,"新华社成都一月十九日电四川省第九届人民代表大会第一次会议一月十九日选举谢世杰为省人大常委会主任,孟俊修、牟绪珩、孙自强、刘子寿、李永寿、张宗源、刘永顺、张国辉、钮小明(女)、卢铁城为省人大常委会副主任;选举宋宝瑞为省长,张中伟、徐世群、欧泽高、邹广严、李达昌、敬正书、王金祥、李进(女)、王恒丰为副省长;选举敬瑞祥为省高级人民法院院长。",title_length
19980122-01-017,"新华社杭州一月二十日电(记者陈瑶)浙江省第九届人民代表大会第一次会议一月二十日选举李泽民为省人大常委会主任,斯大孝、张友余、孔祥有、徐志纯、祝耀祖、李志雄、孙优贤为省人大常委会副主任;选举柴松岳为省长,鲁松庭、卢文舸、叶荣宝、章猛进、李长江、黄兴国为副省长;选举张启楣为省高级人民法院院长。",title_length
19980122-01-018,"新华社北京一月二十一日电(记者徐江善、徐仁杰)北京市第十一届人民代表大会第一次会议一月二十日选举张健民为北京市人大常委会主任,汪统、段柄仁、陶西平、洪绂曾、王大中、范远谋、王维城、张燕丽(女)为市人大常委会副主任;选举贾庆林为市长,金人庆、孟学农、林文漪(女)、岳福洪、汪光焘、刘海燕、刘敬民、张茅为副市长;选举秦正安为市高级人民法院院长。",title_length
19980122-02-001,今年出口态势如何?,no_topic
19980122-02-002,浇树要浇根,no_topic
19980122-02-005,省力的头戴伞,no_topic
19980122-02-006,山西运城展开“打假”战役(图片),short_body
19980122-02-008,去年地质找矿有重大进展,no_topic
19980122-02-009,为政府分忧为群众解愁,no_topic
19980122-02-012,去年全国电力安全形势平稳,no_topic
19980122-03-002,不忘群众疾苦温暖送进万家(图片),short_body
19980122-03-005,市委书记开“后门”,no_topic
19980122-03-006,赣州送温暖重实效,no_topic
19980122-03-007,便民『指路卡』——平顶山交警为民服务记事,no_topic
19980122-03-008,湖州学先进蔚然成风,no_topic
19980122-03-009,哈达情深(图片),no_topic
19980122-03-010,民政部慰问三总部和武警,no_topic
19980122-03-011,"本报讯秦皇岛交警支队车管所考试场实行了一系列廉政为民新举措,受到群众称赞。该考场全体干警自觉遵守各项廉政规定,在业务大厅和办公楼前还设置了政务公开栏,并公布举报电话和《群众监督意见簿》,还设置了便民服务台,为参考人员提供服务,对来自边远县的农民考生随到随办手续。(石平)",title_length
19980122-03-012,"本报讯内蒙古边防总队将维护边境稳定,支援地方经济建设和帮助群众脱贫致富作为拥政爱民工作的重点。仅一九九七年全区部队为支援灾区、捐资办学、群众脱贫等共投入六十八点七万元,其中个人捐款达十万元。据了解全区有百分之九十以上的团级单位都包村了一个贫困村。(包金华)",title_length
19980122-03-013,"本报讯由兰州军区政治部文化部主编的《中国人民解放军六位英模丛书》,最近已由敦煌文艺出版社正式出版发行。这套丛书记录了张思德、董存瑞、黄继光、邱少云、雷锋、苏宁等六位英模光辉的一生和英雄的业绩,多侧面地塑造了英模的形象,是引导官兵继承和发扬我军优良传统,学英模思想、创英模业绩的好教材。(师永刚范青)",title_length
19980122-03-014,"本报讯山东兖州矿业集团公司党委积极参与企业重大问题决策和经营管理工作。在股票上市、企业兼并等重大问题决策上,该公司党委从方案制定到组织实施全过程参与,做到参与求『精品』,引导不干扰,使党委工作切实成了董事会、经理层重大问题决策上的『好向导』。(周玉峰高波川)",title_length
19980122-03-015,"本报讯总参工程兵科研四所成立四十五年来,为我国国防、人防工程建设立下殊功。先后完成各类科研课题五百多项,有一百零四项成果获得国家、军队和部级科技进步奖、四十四项设计成果获得国家、军队和部队优秀设计奖。",title_length
19980122-04-001,乔石会见日本客人,no_topic
19980122-04-002,荣毅仁会见日本客人,no_topic
19980122-04-003,钱其琛会见贝宁外长,short_body
19980122-04-004,张建良同志逝世,no_topic
19980122-04-005,明天气象预报(1月22日20时—1月23日20时),no_topic
19980122-04-006,罗干任建新到首都基层单位看望干警,no_topic
19980122-04-007,《讽刺与幽默》召开漫画家新年座谈会,no_topic
19980122-04-008,黄埔同学会理事欢聚一堂,no_topic
19980122-04-009,帐篷里建起『少儿之家』,no_topic
19980122-04-010,残疾农民石风科千里送爱心(图片),short_body
19980122-04-011,河北部署下阶段抗震救灾工作引导灾民恢复生产重建家园,no_topic
19980122-04-012,首都纪念许广平诞辰一百周年,no_topic
19980122-04-014,董建华会见英外交大臣,no_topic
19980122-04-015,国务院办公厅等招待参事馆员,no_topic
19980122-04-016,滑石片战斗纪念馆在五台县落成,short_body
19980122-04-018,中国记协举行中外记者联谊会,no_topic
19980122-04-019,首都各族人士品茗迎新春,no_topic
19980122-04-020,美国时代华纳公司董事长结束访华,no_topic
19980122-05-001,有决心就有魄力有突破才有希望出版产业造『大船』,no_topic
19980122-05-005,子弟兵送医到乡村(图片),short_body
19980122-05-008,彩墨传真情——记泰国华侨、著名画家林耀先生,no_topic
19980122-05-009,菊苣为餐桌添新菜,no_topic
19980122-05-010,包头二院送医行万里,no_topic
19980122-05-011,首例足掌再造术在哈完成,no_topic
19980122-05-012,"北京龙潭庙会韵味浓本报讯北京第十五届龙潭庙会将突出文化品位,其中来自青海、吉林、山东、广西等十几个省、区的民间艺术团精选出上百档花会代表队来京献艺。而香港民间花会代表队与首都观众共度香港回归后的第一个春节。(鲍玉慧)",title_length
19980122-05-013,长春举办净月潭冰雪节(图片),short_body
19980122-06-001,讲不完的美好故事——记俄汉学家的中国情结,no_topic
19980122-06-002,美以首脑两轮会谈无进展,no_topic
19980122-06-003,中亚:战略地位凸显,no_topic
19980122-06-004,图片新闻,title_length
19980122-06-005,联合国伊拉克将讨论导弹问题五十名约旦获释囚犯离伊回国,no_topic
19980122-06-006,普里马科夫重申俄反对波海三国加入北约,no_topic
19980122-06-007,泰国高法判处首例贿选案,no_topic
19980122-06-008,欧盟与阿尔及利亚对话有成果,no_topic
19980122-06-009,蒙古社会治安状况恶化黎巴嫩盗汽车事件激增,no_topic
19980122-06-010,中美洲左派政党声援古巴,no_topic
19980122-06-011,哈韦尔蝉联捷克总统,no_topic
19980122-06-012,日暮无归意,no_topic
19980122-06-013,海外有乡情,no_topic
19980122-07-001,我首席谈判代表在华盛顿表示妥善解决中美贸易问题,no_topic
19980122-07-002,东亚经济传真日企业认为经济不会好转,no_topic
19980122-07-003,月球探索又升温,no_topic
19980122-07-004,图片新闻,title_length
19980122-07-006,美食品和药物管理局宣布研究克隆人违法,no_topic
19980122-07-007,恐龙时代有巨鸟骨粗体重似牛犊,no_topic
19980122-07-008,克鲁吉荣膺“马可·波罗奖”,no_topic
19980122-07-010,罗医疗保险改革起步,multiple_topics
19980122-08-001,阿地力在京初试身手,no_topic
19980122-08-002,昔日『冰球沙皇』今朝黯然认罪,no_topic
19980122-08-004,久负盛名的橄榄球赛(附图片1张),no_topic
19980122-08-006,四国女足赛又战一轮中国队逼和美国队,no_topic
19980122-08-007,亚俱杯东亚四强赛将在宁波举行,no_topic
19980122-08-008,"本报北京1月21日讯“格威特杯”中国足球三金奖今天在北京举行颁奖仪式。大连万达队前锋郝海东包揽金球奖和金鞋奖。北京籍国际级裁判陆俊再次捧走金哨奖奖杯,这是他连续第三年得到此项奖励。",title_length
19980122-08-009,"本报北京1月21日讯一项旨在发展青少年足球运动的“猎鹰杯”全国青少年足球锦标赛将于3月初开赛。这项由中国足球协会和阿迪达斯体育用品公司联合主办的比赛将有全国192支14岁以下的青少年球队参加,预赛将在广州、成都、武汉、沈阳、北京和上海六城市举行,决赛将于4月11日在上海进行。冠军球队则可以于今年6月世界杯足球赛期间赴法国,与来自世界各地的100多支球队一起角逐“’98阿迪达斯猎鹰杯足球锦标赛”。",title_length
19980122-08-010,"本报讯今夏世界杯足球赛期间,国际足联将与世界著名巧克力品牌士力架共同举办公平竞赛活动。届时,士力架将在中国挑选两名青少年,与来自各大洲的382位伙伴一起成为士力架公平竞赛大使,参加每场比赛开球前的执旗仪式,展示公平竞赛的旗帜。",title_length
19980122-09-001,到非洲办农场——中几科巴农场访问记(附图片1张),no_topic
19980122-09-002,灵寿腾起石材龙,no_topic
19980122-09-003,从此点灯不靠油(图片),short_body
19980122-09-006,浙江黄岩柑桔栽培省力化,no_topic
19980122-09-007,四川信用社改革发展两不误,no_topic
19980122-09-008,包户扶贫重在『扶』,no_topic
19980122-09-010,图片新闻,title_length
19980122-10-001,浅谈研究新情况,no_topic
19980122-10-003,巩固和发展民族团结进步事业的必由之路,no_topic
19980122-11-001,"周日,让我们志愿服务去!(附图片1张)",no_topic
19980122-11-002,回眸九七(附图片3张),no_topic
19980122-11-003,西峡助学情,no_topic
19980122-11-004,把好事办好,no_topic
19980122-11-005,许国富投递温馨,no_topic
19980122-11-006,王振昌小康功臣,no_topic
19980122-11-007,上山下乡记,no_topic
19980123-01-001,江泽民在中纪委二次全会上发表重要讲话强调,no_topic
19980123-01-002,中纪委第二次全体会议公报(一九九八年一月二十二日),no_topic
19980123-01-003,中国外贸跻身全球十强去年进出口总值3250亿美元,no_topic
19980123-01-004,政协八届第二十三次常委会议决定,no_topic
19980123-01-005,李鹏会见俄罗斯客人,no_topic
19980123-01-006,张家口抗灾初告捷众乡亲惜别子弟兵,no_topic
19980123-01-007,万盏红灯迎新岁(图片),short_body
19980123-02-001,戏要大家唱——武汉实施再就业工程的启示,no_topic
19980123-02-002,邹家华在全国土地管理厅局长会议上说管好用好土地,no_topic
19980123-02-003,物价的监管与疏导,no_topic
19980123-02-004,老区扶贫(图片),short_body
19980123-02-005,踏雪造访“阿巴基”,no_topic
19980123-02-006,“一把手工程”——沈阳市地税局队伍建设纪实,no_topic
19980123-02-007,『赛宝』质量检测业务活跃,no_topic
19980123-02-008,邹家华在全国资源委六次会议上强调加大矿业秩序治理整顿力度,no_topic
19980123-02-009,海关查私案值67亿元,no_topic
19980123-02-010,伊化集团盘活六亿资产,no_topic
19980123-02-011,恒安集团市场占有率扩大,no_topic
19980123-02-012,中外代成为世界最大远洋代理系统邹家华为该公司成立45周年题词,no_topic
19980123-02-013,"本报讯由首都绿化委员会办公室推出的1998年迎新春花卉大联展近日陆续开展。据悉,举办迎春花卉展,在北京尚属首次。此次参展单位有市林业局花卉公司、农展馆、丰台花乡等10多家。(赵兴林)",title_length
19980123-02-014,本报讯中质协质量保证中心日前向大同机车厂颁发了质量体系认证证书。该厂韶山型电力机车及配件和内燃机车活塞、电传动内燃机车及配件等通过国际质量体系认证。(李昭范志远),title_length
19980123-02-015,"本报讯国家“八五”重点图书《海商法大辞典》近日出版。这是一部全面诠释海商法方面专业词汇,系统介绍有关公约、惯例和外国立法的辞典。(谢宗惠)",title_length
19980123-02-016,"本报讯美国联邦快递公司日前与深圳机场(集团)公司签订合作意向书,联邦快递将开航黄田机场,为中国华南地区提供快递服务。美国联邦快递公司已在北京和上海建立了快递网络系统,每周有4个快递航班飞往中国。(刘进荣)",title_length
19980123-02-017,"本报讯民航内蒙古区局近日开通俄罗斯货运包机航线。呼和浩特白塔机场自1993年被批准为国际航空口岸以来,内蒙古自治区投入巨资对机场进行改造,具备了起降波音757、波音767及以下机型飞机的条件。(崔东旺刘红艳)",title_length
19980123-02-018,"本报讯一种专门刊登广告,定期以直接投递和邮寄方式快速地送达读者的《亿邦广告》,最近通过有关部门批准在北京创刊。(仲文)",short_body
19980123-02-019,"本报讯中国工商银行广东省分行全力支持全省工商企业改革和搞活经营,1997年新增贷款198亿元,促使一批困难企业走出困境。(罗宏宇)",title_length
19980123-03-001,盼实现两岸政治谈判,no_topic
19980123-03-002,市长一家与孤儿,no_topic
19980123-03-003,不让军属犯愁不让士兵担忧山西四千余户军属脱贫,no_topic
19980123-03-004,人事部领导走访三总部和武警,no_topic
19980123-03-005,解放军大坪医院转换科研机制,multiple_topics
19980123-03-006,城镇“巾帼建功”活动开创新局面,no_topic
19980123-03-007,军民鱼水情(图片),short_body
19980123-04-001,未来一周天气趋势,no_topic
19980123-04-002,在政协八届二十三次常委会上的讲话,no_topic
19980123-04-003,明天气象预报(1月23日20时—1月24日20时),no_topic
19980123-04-004,各民主党派中央全国工商联机关共话新春,no_topic
19980123-04-005,向农民拜年送科技厚礼中宣部等向五百县赠送农技录像带,multiple_topics
19980123-04-006,首都劳模联欢,no_topic
19980123-04-008,庆新春新闻摄影比赛启事,no_topic
19980123-04-009,侨界欢聚迎佳节,no_topic
19980123-04-010,第八世夏茸尕布活佛转世灵童认定,no_topic
19980123-04-011,山东航空公司引进波音737飞机,short_body
19980123-04-012,新春即景(附图片2张),short_body
19980123-04-013,据新华社北京1月22日电(记者张荣典)中央军委副主席、国务委员兼国防部长迟浩田上将今晚在人民大会堂会见了俄罗斯联邦军事总监、国防会议秘书安德烈·科科申一行。,title_length
19980123-04-014,"新华社合肥1月21日电(记者周剑虹、崔海教)政协安徽省第八届委员会第一次全体会议选举卢荣景为省政协主席,杜诚、张润霞(女)、季家宏、岳书仓、秦德文、陈心昭、方兆本、俞祖彭、王鹤龄为省政协副主席。",title_length
19980123-04-015,"据新华社北京1月22日电(记者刘东凯)国务委员兼国务院秘书长罗干今天下午在中南海会见了莫桑比克总统府秘书长穆拉德·穆拉尔吉。罗干说,中国愿与莫方共同努力,把两国友好合作关系提高到新的水平。",title_length
19980123-04-016,"新华社沈阳1月22日电(记者魏运亨)政协辽宁省第八届委员会第一次全体会议1月22日选举孙奇为省政协主席,肖作福、李国忠、张成伦、龚世萍、吕炳华、张毓茂、姜笑琴、郭燕杰、陈洪铎、王植时为省政协副主席。",title_length
19980123-04-017,"新华社北京1月22日电法国外长于贝尔·韦德里纳今天上午抵达北京,开始对中国进行为期两天的正式访问。",short_body
19980123-04-018,"新华社南京1月22日电(记者徐机玲)江苏省南京市第十二届人民代表大会第一次会议1月22日选举王武龙为市人大常委会主任,选举王宏民为市长。",title_length
19980123-05-001,穿越地质迷宫,no_topic
19980123-05-003,沙市区壮大少生快富合作社,no_topic
19980123-05-004,牡丹江计生农户受优惠,no_topic
19980123-05-006,朝阳区年画送到计生户,no_topic
19980123-05-008,北京铁路总医院接生一巨大女婴(图片),short_body
19980123-05-009,绿冷无氟制冷剂原料全部国产化,no_topic
19980123-05-010,我颁布农业科技新政策,multiple_topics
19980123-05-011,社会蓝皮书揭示公众对社会走向有信心,no_topic
19980123-05-012,全国环保先进企业受表彰,no_topic
19980123-05-013,三基金会接受捐赠,no_topic
19980123-05-014,"本报讯近日,由北京祯永卓越商务数据有限公司策划并付诸实施的中国乡镇跨世纪信息工程中国乡镇概览与招商合作大型数据库暨光盘项目全面启动。",title_length
19980123-05-015,"本报讯美赞臣(中国)基金会举办的『脂肪酸与婴儿营养』研讨会,日前在北京举行。北京医科大学附属人民医院儿科专家徐婉芳教授作了专题发言,二百余名医务人员围绕脂肪酸与婴儿发育的关系、婴幼儿科学喂养等进行了研讨。",title_length
19980123-06-001,西班牙全面加入北约,no_topic
19980123-06-002,武器核查美国总统克林顿声称,no_topic
19980123-06-004,伊拉克危机新动向,no_topic
19980123-06-005,俄白联盟最高委员会举行会议双方表示继续推进一体化,no_topic
19980123-06-006,图片新闻,title_length
19980123-06-007,阿总理重申要根除恐怖主义,no_topic
19980123-06-008,外国政要电慰我地震灾民美国华侨华人踊跃赈灾,no_topic
19980123-06-009,向制造新药迈出可喜一步美科学家成功实现克隆牛,review: 药物与克隆技术交叉
19980123-06-010,巴内阁批准反恐怖行动计划,no_topic
19980123-06-011,柬埔寨又一批政治家回国,no_topic
19980123-06-012,南非一飞机被迫降安哥拉,no_topic
19980123-06-013,"巴伦支海欧洲北冰洋地区理事会第五次外长会议十九日至二十日在瑞典北部沿海城市吕勒奥举行,俄罗斯和北欧五国外长、美国副国务卿塔尔博特、欧盟外交政策专员等与会。会议决定继续努力发展巴伦支海地区的合作。巴伦支海欧洲北冰洋地区理事会一九九三年一月由挪威倡议成立,成员包括北欧五国、俄罗斯和欧盟委员会、美国、加拿大、英国、德国、法国、意大利、荷兰、波兰和日本作为观察员参与合作,其宗旨为加强这一面积为一百二十万平方公里地区的经济、环保和科技合作,同时支持俄罗斯的改革进程。",title_length
19980123-06-014,"加拿大总理克雷蒂安日前向新闻界表示,加拿大准备按照智利的模式与南方市场成员国签署协定,争取尽快成为这个区域性经济集团的联系国。",title_length
19980123-06-015,"据罗马尼亚警方一九九七年工作报告,去年罗打击有组织犯罪行为成果显著,破获了一些毒品走私集团,共缴获走私毒品二点五吨以上,没收的走私黄金达五十公斤,查获了八千万列伊假币。罗警方说,伪造假币的犯罪集团一九九五年在意大利印制了面值五千列伊的假币共三百五十亿列伊,目前只收缴到二点四亿列伊假币。(本报专电)",title_length
19980123-06-016,"加拿大北方电讯有限公司一月二十日宣布,将以五点九三亿加元的报价收购宽带网络公司(BNI)全部发行和未发行的普通股票。北方电讯公司是加拿大最大的电讯公司,年营业额一百二十八亿美元。全球拥有雇员七万人。宽带网络公司在设计和制造固定宽带无线通讯网络方面处于领先地位。(段若石)",title_length
19980123-07-001,如何看待美国“新经济”(附图片1张),no_topic
19980123-07-002,美国经济增长特点和成因,no_topic
19980123-07-003,美“新经济”及增长周期,no_topic
19980123-07-004,制约美经济扩展的深层次问题(附图片1张),no_topic
19980123-08-003,女排当自强,no_topic
19980123-08-005,我心目中的国安球星评选揭晓,no_topic
19980123-08-006,贯彻落实全民健身计划纲要北京市体委加大力度见成效,no_topic
19980123-08-007,东洋证券杯围棋赛首轮常昊遭淘汰周鹤洋再战赵治勋,multiple_topics
19980123-08-009,不上拳台改行摔跤泰森又出新招,no_topic
19980123-09-001,舞台贺年深情厚意屏幕迎春欢天喜地(附图片2张),short_body
19980123-09-002,小品增加明星齐全,no_topic
19980123-09-003,新春祝愿,title_length
19980123-09-004,舞出春意歌出春光,no_topic
19980123-09-006,指挥大师孔泽尔今晚一展风姿(附图片1张),no_topic
19980123-09-007,新世纪音乐学校用教学成就迎新年北京音乐厅春节好戏已登台,multiple_topics
19980123-09-008,成龙变成非洲土著香港故事片《我是谁》惊险场面迭出(附图片1张),no_topic
19980123-09-009,游本昌再扮济公新春讲一段善恶故事(附图片1张),short_body
19980123-09-010,上海人会念服务经,no_topic
19980123-09-011,北京观众又添欣赏好去处大铁塔梦幻剧场开业在即,no_topic
19980123-09-012,春节不忘扶贫荧屏将播放助贫特别节目,no_topic
19980123-09-013,只做不说包蕴更多,no_topic
19980123-10-001,走近春节联欢晚会(附图片1张),no_topic
19980123-10-002,剧团争奖为哪般,no_topic
19980123-10-003,北京电视台:春节播出不停机,no_topic
19980123-10-005,雄风图(图片),short_body
19980123-10-006,中央电视台收获一批好剧本,no_topic
19980123-10-007,《朗朗星空》:难忘『知青』经历,no_topic
19980123-10-008,中央台将播出《张俊以真情到永远》,no_topic
19980123-10-009,贝尔曼终于又来了,no_topic
19980123-10-010,导演聚会贺《甲方乙方》放映成功,no_topic
19980123-11-001,黄河精魂,title_length
19980123-11-002,普者黑,title_length
19980123-11-003,难忘的手,title_length
19980123-11-004,枯立木,title_length
19980123-11-005,元旦从九月开始,no_topic
19980123-12-001,把酒台北说神州(外一首),no_topic
19980123-12-002,心醉凤凰岭,no_topic
19980123-12-003,盼雪,title_length
19980123-12-004,苍岩山(附图片1张),no_topic
19980123-12-005,老鼠的口味(附图片1张),no_topic
19980123-12-006,三道石碑拒『钓公』,no_topic
19980123-12-007,祖孙四代(中国画),short_body
19980124-01-001,江泽民会见法国外长,no_topic
19980124-01-002,经贸委中国经济效益纵深行组委会推出管理培训工程,no_topic
19980124-01-003,“秦惠(君音)—李政道基金”设立朱镕基致信表示祝贺,no_topic
19980124-01-005,李瑞环与全国性宗教团体领导人迎春座谈时强调,no_topic
19980124-01-006,虎年一愿,title_length
19980124-01-007,大亚湾核电站1号机组安全运行260天,no_topic
19980124-01-008,最好的祝福送给您(图片),short_body
19980124-01-010,"浙江省甬(宁波)台(州)温(州)高速公路台州段一期工程日前建成通车。该段高速公路长10.1公里,双向4车道,是国家沿海大通道黑龙江同江到海南岛三亚高速公路中的一段,是采用股份制形式修建的,1994年10月开工,由铁18局5处等单位承建。(王超英李慧川)",title_length
19980124-01-011,"由铁道部西安车辆厂开发、研制的八十台ICCJ24B液体集装箱,经过一个多月的海运,现已顺利交付用户。这是国家专项贷款对坦赞铁路的经援项目,也是国内目前唯一通过中国船级社认证的液体罐式集装箱产品。(孟西安张治国)",title_length
19980124-01-012,"截至目前,在我国140多个运营机场中,已有北京首都、上海虹桥、广州白云等36个机场对外籍飞机开放使用。这些对外开放机场均有良好的通信、导航设施和空中交通管制服务。(于宝井)",title_length
19980124-01-013,"江西彭泽县日前投资9000万元,实施有“鲫鱼之王”美誉的“彭泽鲫”养殖产业化工程。预计1999年工程建成投产后,可年产“彭泽鲫”鱼种1亿尾。",title_length
19980124-02-001,招标:节省的不仅仅是巨额资金,no_topic
19980124-02-002,现在种田省心多了,no_topic
19980124-02-003,我国调整完善境外发债政策境内机构累计对外发债一百七十亿美元,no_topic
19980124-02-004,广东雷州半岛蔬菜喜获丰收(图片),short_body
19980124-02-005,去年中美贸易额达489亿美元美占我对外贸易份额达15.1%,no_topic
19980124-02-006,『哪种米好吃?』,no_topic
19980124-02-007,香港回归第一春深圳口岸春运忙,no_topic
19980124-02-008,西湖发生一起毁林案,no_topic
19980124-02-009,中国民航订购7架波音客机,no_topic
19980124-02-010,首批12万纱锭真正被淘汰上海敲响全国压锭第一锤,no_topic
19980124-02-011,上汽调整桑塔纳轿车销售政策,no_topic
19980124-02-012,"本报讯江苏省武进市农资集团有限公司近日成立,从此该市农资供应工作实行集团化运作、一体化经营。目前集团公司已落实了全市今年春耕所需一点六万多吨尿素的货源。(薛亚清荆成)",title_length
19980124-02-013,"本报讯北京实宝来公司日前通过ISO9001质量认证。这个公司是专业生产游乐设备的厂家之一,产品有海盗船、太空船、自控空战机等十三个种类五十多个品种。(林文)",title_length
19980124-02-014,"本报讯北京建工集团总公司日前顺利通过中建协质量体系认证中心的审核、批准,通过ISO9002标准质量体系认证。至此,该集团主导企业已全部通过认证。(荀永利王殿东)",title_length
19980124-02-015,"本报讯由美国克劳斯顿有限公司和武汉市公汽总公司合资经营的武汉华中强化轮胎有限公司,近日在武汉建成投产。该项目投资五百万元人民币,中方占百分之五十一、美方占百分之四十九,年产强化翻新轮胎可达三万条。(于烈)",title_length
19980124-02-016,"本报讯经过近两年艰苦奋战,元旦前夕,一艘满载着万吨煤炭的『太仓号』货轮从秦皇岛首抵新建成的常州港,结束了龙城无港口的历史。常州港万吨级通用码头工程是常州港的一期工程,港口年吞吐能力为二百四十八万吨。",title_length
19980124-02-017,"本报讯辽宁营口东北钢琴(集团)公司近日荣获西班牙第二十三届国际优秀管理优质产品金星奖。该奖由美国及欧洲各主要工业国权威管理部门联合评比,这标志着我国钢琴制造工业已经接近和达到国际水平。(晓飞)",title_length
19980124-02-018,"本报讯上海三菱电梯北京分公司日前获得由国际上具有权威性的英国劳氏船级社颁发的ISO9001的体系认证。上海三菱电梯北京分公司成立六年来,销售量已达六百至八百部,市场占有率达百分之三十以上。(韩军)",title_length
19980124-03-001,中国人民政治协商会议第九届全国委员会委员名单,no_topic
19980124-03-002,首都举行迎新春外交官联谊会,no_topic
19980124-04-001,李岚清会见法国外长,no_topic
19980124-04-002,李岚清会见李政道教授,short_body
19980124-04-003,明天气象预报(1月24日20时—1月25日20时),no_topic
19980124-04-004,出席世界经济论坛年会并访问欧洲李岚清月底出访,no_topic
19980124-04-005,围绕大政方针深入调查研究积极进言献策,no_topic
19980124-04-006,全国政协举行迎春茶话会,no_topic
19980124-04-007,首都宗教界人士欢聚迎佳节,no_topic
19980124-04-009,法外长在记者招待会上表示推进法中建立全面合作伙伴关系,no_topic
19980124-04-010,天涯哨兵向全国人民拜年(图片),short_body
19980124-04-011,洛阳牡丹盛开闹新春,no_topic
19980124-04-012,王兆国就第九届全国政协委员人选建议名单作说明,no_topic
19980124-04-014,中法外长举行会谈,no_topic
19980124-04-016,桂林特殊年礼到瑶乡,no_topic
19980124-04-017,年货送给老红军,no_topic
19980124-04-018,春联喜赠小井庄,no_topic
19980124-04-019,对外友协中波友协举行新春茶话会,no_topic
19980124-05-001,中直机关纪检工作会议在京举行,no_topic
19980124-05-002,张万年在全军纪检工作会议上强调把军队党风廉政建设引向深入,no_topic
19980124-05-004,贝宁总统访问海南,no_topic
19980124-05-005,台湾白晓燕案主犯陈进兴被判死刑,no_topic
19980124-05-006,北京各大商场喜迎新春(图片),short_body
19980124-05-008,三百种读物获评畅销书,no_topic
19980124-05-009,《五星红旗》出版座谈会举行,no_topic
19980124-05-012,大批鲜活货运往港澳市场,no_topic
19980124-05-013,中国红十字总会发出紧急通知大规模救助青藏雪灾,no_topic
19980124-05-015,广深铁路广州段恢复单线通车,no_topic
19980124-05-016,老同志看望失足青少年,no_topic
19980124-06-001,中亚:美欧大国瞩目,no_topic
19980124-06-002,美巴首脑会谈,no_topic
19980124-06-003,美总统再次否认绯闻,no_topic
19980124-06-004,孩子爱上劳动课,no_topic
19980124-06-005,我常驻联合国代表认为应尽快结束伊拉克核查,no_topic
19980124-06-006,巴解政治部主任卡杜米表示需召开世界巴人大会,no_topic
19980124-06-007,利维宣布角逐以下届总理,no_topic
19980124-06-008,埃及将增加苏伊士运河通航能力(图片),short_body
19980124-06-009,俄日成立和约联合会,no_topic
19980124-06-010,西岸撤军缘何难,no_topic
19980124-06-011,索拉纳秘书长说波匈捷将按期加入北约,no_topic
19980124-06-012,日本三党合并为民政党,no_topic
19980124-06-013,洪森拒绝与拉那烈媾和,no_topic
19980124-07-002,拉美地区经济增长将放慢,no_topic
19980124-07-004,东亚经济传真日将再向印尼提供援助,no_topic
19980124-07-005,金正日提出五项建设任务,no_topic
19980124-07-006,巴黎展出’98春夏时装(附图片3张),no_topic
19980124-07-007,世界经济论坛确定今年年会主题,no_topic
19980124-07-008,委大力吸引外资,no_topic
19980124-07-010,澳用亚硝化螺处理污水,no_topic
19980124-07-011,“伽利略”天外发回图像“木卫二”冰下疑有海洋,no_topic
19980124-07-012,白内障病因有新说,no_topic
19980124-07-013,俄经济形势出现积极变化,no_topic
19980124-07-014,"日本政府二十三日决定终止执行一九六五年日韩双方缔结的渔业协定,并将这一决定正式通告韩国政府。韩国政府、国会和朝野各党对日本政府今天单方废止韩日渔业协定反应强烈,纷纷谴责这一举动。",title_length
19980124-07-015,"随着南非总统曼德拉和莱索托国王莱齐耶三世二十二日在穆尔拉按下开闸按钮,滚滚波涛从莱索托流入南非。这标志着历时十一年、耗资七十五亿兰特的莱索托高原水利一期工程竣工。",title_length
19980124-07-016,"加拿大元对美元汇率一月二十二日一度跌破一百四十年来的最低纪录,即降至一加元兑换零点六九一六美元。到收市时为止,加元对美元贬值零点一七美分,以一加元兑换零点六九二○美元收市。",title_length
19980124-07-017,"罗马尼亚新的《银行法》经众议院表决通过后,参议院在二十二日举行的特别会议上也通过了此法案。新的外汇管制法也将于二月一日起生效。罗国家银行日前公布了新的外汇管制法,决定从二月一日起放开外汇管制。罗马尼亚公民可以自由兑换外汇,不受限制。",title_length
19980124-07-018,"巴西伯南布哥农牧业研究公司最近开发出新的西红柿品种。这种黄色表皮的西红柿含有丰富的胡萝卜素,单位产量高,能够在炎热干燥的气候条件下生长。黄皮西红柿是通过传统的杂交方法开发的。黄皮西红柿每个重七十五克至一百克,每公顷产量达一百吨。每百克黄皮西红柿含二点二七毫克的胡萝卜素。",title_length
19980124-07-019,"巴西伯南布哥联邦大学药理系的科学家发现,当地盛产的单雄蕊羊蹄甲植物(BauhiniaMonandrA)具有治疗糖尿病的功效。巴西东北部地区民间也有饮用羊蹄甲茶治疗糖尿病的风俗。这个大学的科研人员在老鼠身上做的实验证明,羊蹄甲汁液能够促使胰腺贝塔细胞再生,从而产生足够的胰岛素,清除血液中多余的糖分,经注射羊蹄甲汁液的老鼠,在四小时后,血液中糖分降低了百分之六十四。现在,科学家正在试验这种植物是否会引起肝脏和胰腺细胞纤维组织的变化。(本报专电)",title_length
19980124-08-001,东洋证券杯围棋赛马晓春周鹤洋出局俞斌孤身闯入八强,multiple_topics
19980124-08-004,射击射箭运动将走向市场,no_topic
19980124-08-006,武术发烧友——恩米(附图片1张),no_topic
19980124-08-008,澳网公开赛马约莉被淘汰,no_topic
19980124-09-001,中国社科院社会学所的分析报告回眸’97社会学研究,no_topic
19980124-09-002,中国社科院研究员徐崇温辨析矛盾的多元决定论(附图片1张),no_topic
19980124-09-004,“西方马克思主义”的新进展,no_topic
19980124-09-006,学术动态(图片),short_body
19980124-09-007,"为落实十五大精神,配合党性党风教育,帮助广大干部更好地学习、理解三代领导人关于“三讲”的论述,中央党校出版社出版了邢贲思主编的《导读》。本书从理论和实际的结合上,对毛泽东、邓小平、江泽民关于“三讲”的论述进行了详细的阐释,观点正确,文笔流畅,既有助于读者充分领会这些论述的精神实质,又进一步说明,我们党讲学习、讲政治、讲正气是前后衔接的,侧重点虽有所不同,但都把“三讲”作为团结奋斗、开拓创新的精神武器。“三讲”既是我们党的优良传统,也是党的真正优势所在。(克敏)",title_length
19980124-09-008,"陈岱孙主编的《经济科学译丛》,由中国人民大学出版社出版,在我国经济学界和出版界产生了一定反响。已经与读者见面的四种书各具特色:斯蒂格利茨的《经济学》对现代西方经济学的方方面面提供了百科全书式的系统论述,平狄克和鲁宾费尔德的《微观经济学》融会了博弈论、信息经济学、新制度经济学等方面的最新成果,泰勒尔的《产业组织理论》是微观经济学博弈论革命的结晶,多恩布什和费希尔的《宏观经济学》则是当今欧美大学流行的教科书。《译丛》还将陆续推出《国际经济学》、《发展经济学》、《货币金融学》、《公共财政》、《计量经济学》等。(杨国亮)",title_length
19980124-09-009,"本世纪70年代初,在秦始皇帝陵出土了大型陶马和陶俑,从那时至今,经过考古发掘,将已探明的三个坑内的千余件陶马陶俑及其它珍贵文物展示出来,被誉为“世界奇迹”、“人类古代文明的瑰宝”。由秦始皇兵马俑博物馆主编,陕西人民教育出版社出版的《秦俑学研究》,是20年来学术界对秦俑研究的成果,按类编排,分绪论、综论编、秦陵编、军事编、艺术编、科技编、建筑编、保护编。此外,本书还收进了秦至清时期有关秦陵、秦俑的文献资料、研究动态等。本书的出版,使秦俑学作为一个学科的雏形显现出来。(文一)",title_length
19980124-09-010,"陈开仁撰写的《冷战———实力与谋略的较量》一书已由中共党史出版社出版。作者根据大量详实的资料,运用史论结合的写作方法,追溯了冷战起因及其过程,分析了冷战诸方得失,对于冷战史及当代国际政治研究具有一定的参考价值。",title_length
19980124-10-001,弘扬民族文化振兴京剧艺术,short_body
19980124-10-002,培养人才是根本,no_topic
19980124-10-003,扩大对外交流,no_topic
19980124-10-004,开拓培育新市场,no_topic
19980124-10-006,德艺双馨继往开来,no_topic
19980124-10-007,树立企业形象的需要,no_topic
19980124-10-008,继承传统勇于创新,no_topic
19980124-10-010,剧本创作是关键,no_topic
19980124-10-011,步履坚实地迈向新世纪,no_topic
19980124-11-001,"现代人,何处是家乡?——流动中的乡情和亲情",no_topic
19980124-11-002,中国杂技:墙里开花墙外香,no_topic
19980124-11-003,一代人的青春体验——《知青老照片》的魅力,no_topic
19980124-11-005,江苏工艺:传统与现代的交响(附图片1张),no_topic
19980124-11-006,《东方书林之旅》告诉你什么叫出版策划——书海弄潮儿,no_topic
19980124-11-008,山西吕梁地区晋剧团送戏进山村(图片),short_body
19980124-12-001,栅栏随笔,title_length
19980124-12-002,《开拓者的足迹》征文优秀作品评选揭晓(以文章发表先后为序),no_topic
19980124-12-003,故乡竹桥情,no_topic
19980124-12-004,亮亮的镰刀青青的草,no_topic
19980124-12-005,清风出袖,title_length
19980124-12-007,报纸副刊作品大赛评选揭晓,no_topic
19980124-12-008,鲁迅的年终书账,no_topic
19980124-12-009,玉山晴雪(中国画),short_body
19980125-01-001,不与企业争利政府搞好服务天津塘沽区成为投资热点,no_topic
19980125-01-002,春风满堂商国是戮力同心开新局中共中央举行党外人士迎春座谈会,no_topic
19980125-01-003,尉健行等看望已故全国劳模家属,no_topic
19980125-01-004,论讲礼貌,title_length
19980125-01-005,孟富林当选安徽省人大常委会主任回良玉当选安徽省省长,no_topic
19980125-01-007,上海十五万志愿者进社区张家港开展文明市民教育(附图片1张),review: 文明市民教育，非学校教育主题
19980125-02-001,上海抽查旅游商品,no_topic
19980125-02-002,郑州杆秤退出市场,no_topic
19980125-02-003,石家庄开展专项治理,no_topic
19980125-02-004,太原猪肉放心羊肉小心,no_topic
19980125-02-005,再造秀美新山川——全国拍卖『四荒』使用权述评,no_topic
19980125-02-006,“一体两翼”富象山,no_topic
19980125-02-007,加强调控用好基金长沙“菜篮子”价格平稳,no_topic
19980125-02-009,图片新闻,title_length
19980125-02-011,我海上稠油田又建新区,no_topic
19980125-02-012,"中外合资生产民用飞机材料本报讯记者刘桂莲报道:中国航空工业总公司与波音公司、赫氏公司将在中国合资建立民用飞机复合材料制造公司,谈判圆满完成。",title_length
19980125-02-013,中桥商场以诚待客利税翻番,no_topic
19980125-02-014,呼市特困职工得到生活救助,no_topic
19980125-02-015,湖南组织特困矿工共同脱贫,no_topic
19980125-02-016,"本报讯新疆管道输水线最长的大型防病改水工程兴地山泉输水工程、苏盖特泉工程,已在垦区三十一团至三十五团的五个团场兴建和即将兴建。一期工程已正式通水。(顾水根李艳芳)",title_length
19980125-02-017,"本报讯西安海星现代科技股份有限公司近日成立。该公司由西安海星公司等九家公司共同发起,是以募集方式设立的股份公司。(孟西安)",title_length
19980125-02-018,"本报讯铁道部柳州木材防腐厂生产的竹材人造板与防腐木材两大系列产品,年前双双通过ISO9002认证,成为全国竹材人造板行业首家通过国际质量体系认证的企业。(大江)",title_length
19980125-02-019,"本报讯由国务院发展研究中心和瑞典沃尔沃公司共同组织的第一届交通与环保国际研讨会,日前在北京举行。与此同时,双方合作创办的『交通与环保国际研究交流中心』,也正式宣告成立。(江文)",title_length
19980125-02-020,"本报讯江苏宜兴金望电器有限公司生产出以钢板做内心,内外涂宜兴紫砂泥、经高温烧结而成的电饭煲、电火锅,不炸不裂,省电、轻便。(晓胡)",title_length
19980125-02-021,本报讯河南省亚世达集团春节前夕向北京第一社会福利院老人赠送了价值万元的无公害高档水果和蔬菜。亚世达集团下属的农业高科技示范园是河南省农业产业化重点龙头企业。(石达),title_length
19980125-03-001,编者按,title_length
19980125-03-004,新华社“三讲”教育注重解决实际问题,review: 三讲教育，非学校教育主题
19980125-03-005,张万年迟浩田会见彭楚政事迹报告团时强调,no_topic
19980125-03-007,总政发出通知要求向彭楚政学习促进部队思想政治建设,no_topic
19980125-03-008,中组部组织专家赴海南休假,no_topic
19980125-03-009,按照“公平、公开、公正”原则湖北万名税官竞争上岗,no_topic
19980125-03-010,《企业管理人才测评系统》通过鉴定,no_topic
19980125-03-011,图片新闻,title_length
19980125-03-012,"本报讯近日,民政部部长多吉才让、副部长杨衍银来到八宝山革命烈士公墓,看望和慰问了北京市工作在殡葬事业第一线的职工。多吉才让希望各级领导部门和殡葬管理机构加大科技和设备改进投入,使殡葬工作再上一个新的台阶。北京市委常委、政法委书记强卫等参加了慰问活动。(张向东)",title_length
19980125-03-013,"本报讯在喜迎新春佳节之际,司法部领导更加牵挂战斗在一线尤其是老少边穷地区司法行政干警的衣食冷暖。近日,几位部领导分别到宁夏、贵州、江西、青海、内蒙古等地看望基层干警,访贫问苦,为广大基层司法行政干部职工送温暖、鼓干劲。(范菊)",title_length
19980125-03-014,"本报讯新疆军区各级政治机关注重对官兵进行民族团结教育。每年新兵入伍期间,驻疆部队都要对新战士进行『两个离不开』教育和『双语』的学习,并介绍维吾尔、哈萨克、内蒙古、回等各少数民族的风俗习惯。官兵经常资助失学儿童返校、帮助贫困乡亲脱贫、给孤寡老人送去温暖等。目前,驻疆部队官兵和各族人民结下了深厚的感情。(刘传好)",title_length
19980125-03-015,"本报讯为纪念刘少奇同志百年诞辰,由中国老区建设促进会组织筹划,辽宁盼盼集团捐资八十万元人民币在刘少奇同志的家乡湖南省宁乡县援建一所希望学校『花明楼希望学校』,并向全国一千三百八十九个老区的县、市捐赠由江泽民总书记亲笔题写书名、刊名的《中国革命老区》专著一千六百部、《中国老区建设》画报六期二千套。捐赠仪式于近日在北京人民大会堂举行。(晓章)",title_length
19980125-03-016,"本报讯中煤秦皇岛分公司五年来企业效益不断提高壮大,这得利于公司党建工作的坚强有力和管理水平不断提高。该分公司在党员队伍不断壮大的同时,不断完善内部管理,逐年做到科学化、规范化、制度化,使公司党建工作与经济建设同步发展。(韩宗宏)",title_length
19980125-03-017,"本报讯一月二十日,武警湖北总队党委作出决定,把原计划用于春节『迎来送往』的二十余万元经费全部用于解决干部战士的家庭困难。一百多名『特困户』官兵将领到一千二百元的生活补贴。干部战士一致表示,以优异的成绩回报总队党委无微不至的关怀。(张修客)",title_length
19980125-03-018,"本报讯年末岁初,江苏省宝应县委、县政府召开千名干部联系千名困难职工家庭动员大会,发动一千名县级机关副股级以上干部与城区一千户下岗职工、困难家庭结对帮扶,通过帮思想、帮思路、帮困难,改善困难职工生活,谋求就业门路,保持社会稳定,促进机关作风转变。(姜启荣赵家宽)",title_length
19980125-04-001,把联系贫困户工作制度化经常化黑龙江领导干部结『穷亲』,no_topic
19980125-04-002,袁熙坤虎年画虎(附图片1张),no_topic
19980125-04-003,明天气象预报(1月25日20时—1月26日20时),no_topic
19980125-04-004,董建华参观驻港部队军营慰问官兵时说香港繁荣稳定有你们一份功劳,no_topic
19980125-04-005,外交部发言人答记者问,no_topic
19980125-04-006,装点京城万象新(图片),short_body
19980125-04-007,南昌书记写联赠乡亲,no_topic
19980125-04-008,海口满城金桔伴佳节,no_topic
19980125-04-009,石河子豪歌壮鼓迎新春,no_topic
19980125-04-010,枯水季节起冬汛武汉出现百年不遇冬季最高水位,no_topic
19980125-04-012,广西年货特供困难职工,no_topic
19980125-04-013,巫山移民新村万户春,no_topic
19980125-04-014,张家口震区处处见新联,no_topic
19980125-04-015,香港新任政协委员纷纷表示当好桥梁多作贡献,no_topic
19980125-05-001,迎佳节龙腾虎跃闹春意姹紫嫣红(附图片3张),no_topic
19980125-05-003,中华人民共和国防震减灾法,no_topic
19980125-06-001,我代表呼吁关注伊主权尊严,no_topic
19980125-06-002,中美空间合作新开端,no_topic
19980125-06-004,罗马尼亚政坛风波,no_topic
19980125-06-005,越南实施经济紧缩政策,no_topic
19980125-06-006,图片新闻,title_length
19980125-06-007,闹市熙攘排队人,no_topic
19980125-06-008,寒风凛冽吸烟客,no_topic
19980125-06-009,中亚:五国联合图强,no_topic
19980125-06-010,国际耶路撒冷日黎南部局势骤然恶化,no_topic
19980125-06-011,韩着手调整产业结构,no_topic
19980125-06-012,"为期两天的第二届环波罗的海国家首脑会议二十三日在拉脱维亚首都里加结束,俄罗斯、德国、波兰、北欧五国和波罗的海三国共十一个成员国的政府首脑、欧盟委员会主席桑特等参加了会议。会议发表了联合声明,呼吁环波海国家加强经济合作,消除贸易壁垒,打击集团犯罪等。",title_length
19980125-06-013,"去年,哈萨克斯坦共生产原油二千五百七十五点八三万吨,创独立后最高水平。哈去年共出口原油一千六百八十万吨。今年,哈计划将年产油量提高到二千九百一十二万吨。这是哈国家石油股份公司总裁库恩德科夫一月二十四日在阿拉木图举行的记者招待会上透露的。(本报专电)",title_length
19980125-06-014,"麦当劳中国餐厅二十三日向河北张家口地震灾区捐款二十万元人民币,以表达中国麦当劳全体工作伙伴对灾区人民的爱心。据悉,这笔捐款将用做教育基金,资助当地教育事业的发展,使灾区的孩子能够尽早返回校园。(张紫云)",title_length
19980125-06-015,"阿根廷经济部二十三日宣布,阿根廷将发行四亿欧元债券(约合四点三九亿美元),期限五年,年息百分之八点七五。阿经济部发表的公报说,这是阿根廷首次发行欧元债券。这批债券将于今年二月四日上市,二○○三年二月四日到期,利息在期满后一次付清。阿根廷一直看好欧元市场,认为欧元在不久的将来会成为阿根廷的第二大资金来源。(据新华社电)",title_length
19980125-07-001,外国人怎么过年?,no_topic
19980125-07-002,威尼斯的迎春狂欢节,no_topic
19980125-07-003,环球虎年?(附图片1张),no_topic
19980125-07-004,各国的年夜饭,no_topic
19980125-07-005,走进圣诞夜,no_topic
19980125-07-006,迎新年送海神,no_topic
19980125-07-007,感受啤酒节,no_topic
19980125-07-008,黑人鼓手(图片),short_body
19980125-07-009,新年促销新招(图片),short_body
19980125-08-001,张北尚义震区现场报道(附图片8张),no_topic
19980125-08-002,广州国际女足赛曲终人散中国队名列第三(附图片1张),no_topic
19980125-08-003,一项吉尼斯新纪录在宁产生,no_topic
19980125-08-004,北京举办迎新春万人健身秧歌赛,no_topic
19980125-08-005,澳网公开赛第三轮辛吉斯淘汰库尔尼科娃,no_topic
19980125-08-009,广西自治区和柳州市领导慰问国家女篮祝愿篮坛健儿新年再立新功,no_topic
19980125-09-002,同样是改制结局大不同——对湖北蒲圻两家股份合作制企业沉浮的思考,no_topic
19980125-09-004,乡镇企业不应是乡镇长企业,no_topic
19980125-09-005,虎年来啦,title_length
19980125-09-006,从产品经营走向资本经营——记四川新兴集团公司的企业扩张发展战略,no_topic
19980125-09-007,专家建议在乡镇企业推广清洁生产,no_topic
19980125-09-009,“波司登”羽绒服销量质量再创佳绩,short_body
19980125-09-010,雅戈尔西服通过了ISO9000国际质量体系认证(图片),short_body
19980125-09-011,虎年迎新图(图片),short_body
19980125-09-012,大杨集团通过ISO9001质量体系认证,short_body
19980125-10-001,“结合”的文章靠自己做,no_topic
19980125-10-002,企业所有制结构调整研讨会简述,no_topic
19980125-10-003,切实抓好再就业工程,no_topic
19980125-10-004,建立和完善反腐败工作机制,no_topic
19980125-10-005,社会主义本质要求的生动体现——关于刘桥一矿改革的调查与思考,no_topic
19980125-11-001,寒冬送暖情系乡间——“百万农村青年科技传播”在行动,multiple_topics
19980125-11-002,志愿者服务队在西藏(图片),short_body
19980125-11-003,绿色的呼唤(附图片2张),no_topic
19980125-11-004,智慧资本呼风唤雨,no_topic
19980125-11-005,《三国志事典》光盘问世,no_topic
19980125-11-007,谁在网上游,no_topic
19980125-11-008,信息产品汉字显示走向规范,no_topic
19980125-11-009,《塑造未来》探索可持续发展之路,no_topic
19980125-12-001,说“泡沫”,no_topic
19980125-12-002,飞雪迎春(中国画),short_body
19980125-12-003,泉林归来思泉涌,no_topic
19980125-12-004,大雪,title_length
19980125-12-005,过年,title_length
19980125-12-006,一九九七年第三、四季度杂文『金台奖』获奖名单,no_topic
19980125-12-007,春联,title_length
19980125-12-008,乖蛋蛋(中国画),short_body
19980125-12-009,海南看海,title_length
19980125-12-010,拜年的方向,no_topic
19980126-01-001,中央领导人向老同志祝贺新春,no_topic
19980126-01-002,贪污受贿数额巨大严重违反党纪国法,no_topic
19980126-01-003,再接再厉夺取抗震救灾全面胜利,no_topic
19980126-01-004,《周恩来行政管理思想与政府建设》出版李鹏题词,no_topic
19980126-01-005,大庆的“双子星座”——春节前夕访1205和1202钻井队,no_topic
19980126-01-006,北京十多万人清除白色污染,no_topic
19980126-01-007,石家庄公布七十项便民措施,no_topic
19980126-01-008,云岭菜花香(图片),short_body
19980126-01-009,李岚清宴请在华工作外国专家向他们致以节日问候,no_topic
19980126-01-010,王怀远当选辽宁省人大常委会主任张国光当选辽宁省省长,no_topic
19980126-01-011,选举说『正』,no_topic
19980126-01-012,文明小使者在行动(图片),short_body
19980126-02-001,抓好新一轮『菜篮子工程』,no_topic
19980126-02-002,驻马店农行支持示范园,no_topic
19980126-02-003,质量体系认证取得国际互认,no_topic
19980126-02-004,宜兴推进乡镇企业改革,no_topic
19980126-02-005,大干水利笑开怀各地兴修水利迎春节,no_topic
19980126-02-006,扶危济困送温暖四川救助困难职工,no_topic
19980126-02-007,图片新闻,title_length
19980126-02-008,灾民喜迁新房来江西灾民迁入新居,no_topic
19980126-02-009,国色天香凌冬开菏泽暖棚牡丹含苞待放,no_topic
19980126-02-010,大庆石化总厂消化减利因素十七亿元,no_topic
19980126-02-011,小冰棍闯出大市场——记内蒙古伊利实业集团股份有限公司,no_topic
19980126-02-012,"本报讯1月24日,四川省人民政府在北京人民大会堂举行中法合作攀西红古堡酿酒葡萄基地项目签字仪式。该项目计划在3至5年内建成5万亩高品质酿酒葡萄基地。(卢传友)",title_length
19980126-02-013,本报讯山东电建一公司中标广西来宾B电厂安装施工合同日前在京签字。来宾B电厂为我国第一个规范化BOT项目。(王剑),short_body
19980126-02-014,"本报讯近日,北京市怀柔县杨宋镇农民迎来了来自京城的十几位老书法家与老画家,他们将自己带来的100余幅书画作品赠送给了杨宋镇的农民朋友。这次活动是由中国农业新闻工作者协会组织的。(龙新)",title_length
19980126-02-015,"本报讯1月18日18时,承担中国第一长隧西康铁路秦岭隧道II线进口施工的铁一局五处秦岭公司,提前160天率先打到交会点。他们用36个月的时间,掘进9505米,平均月掘进264米。(张兆东牛荣健)",title_length
19980126-02-016,"本报讯全国优秀退伍军人魏德义创办的河北太行集团依靠科技进步,滚动发展,现在已发展成为拥有固定资产近亿元,由12家成员单位组成的大型集团企业,产品市场占有率达80%以上。(杨志娟王常顺)",title_length
19980126-03-001,“烟草大王”的人生悲剧——褚时健严重经济违法违纪案件警示录,no_topic
19980126-03-003,太原双拥工作动真情,no_topic
19980126-03-004,朝阳区团委开展“送温暖”活动,no_topic
19980126-03-005,五好家庭创建活动协调会召开,short_body
19980126-03-006,图片新闻,title_length
19980126-03-007,"本报讯山东省烟台市牟平区人事局在工作中接受社会监督。在录用公务员工作中,他们公开张榜通报各阶段的情况,以便群众随时监督,并聘请纪检、监察部门的人员参加全过程。在“农转非”、调资等项工作中,他们都以文件的形式,把条件、范围、办法等公开,使弄虚作假搞“关系”的人无隙可乘。",title_length
19980126-03-008,"本报讯郑州铁路东站党委反腐倡廉从机关领导干部抓起,制定了领导干部“五不准”制度:不准以车谋私,不准在公务活动中接受下属物资单位及个人礼物、礼金,不准利用手中的权力给子女亲属谋私利,不准用公款大吃大喝,不准利用各种方式解决子女住房和亲属安排工作等。去年全站没有出现过一起违章违纪现象。",title_length
19980126-03-009,"本报讯驻扎在河北省秦皇岛市的海军某部官兵们,十年如一日为驻地群众服务。为支援地方城市建设投入劳动日6万多个,出动车辆5000多台次,为群众义务看病、治病5900多人次,为学校军训学生、培训各类专业人才6万多人次。(王仲平)",title_length
19980126-03-010,"本报讯总后驻石家庄某物资供应站的官兵积极帮助驻地井陉县胡家滩的乡亲走上了脱贫致富路。他们聘请农业技术人员定期到村里教授果树栽培、畜牧养殖等农业知识,并在农闲时节招收村里的年轻人到站里做临时工,培养了一批汽车驾驶、机加工、电气焊、电器维修等专业技术人才。(刘宁)",title_length
19980126-03-011,"本报讯近日,江苏省见义勇为基金会、南京铁路公安处派人专程赶赴北京,向在426次列车上勇斗歹徒光荣负伤的铁道部专业设计院开发公司副总经理庞国标颁发见义勇为奖金。据悉,这是江苏省见义勇为基金会奖励的第三位外省籍见义勇为的群众。(周振全沈宫轩)",title_length
19980126-04-001,话说『好好先生』,no_topic
19980126-04-002,解放军三总部举行老干部迎春茶话会,no_topic
19980126-04-003,田中角荣纪念馆落成李鹏总理致电祝贺,no_topic
19980126-04-004,党中央中央军委关怀驻艰苦地区官兵,no_topic
19980126-04-005,服务质量调查将在全国展开李岚清要求采取措施提高服务质量,no_topic
19980126-04-006,戈壁滩上的蔬菜大棚(图片),short_body
19980126-04-007,明天气象预报(1月26日20时—1月27日20时),no_topic
19980126-04-008,邓永清同志逝世,no_topic
19980126-04-010,大理航站文明风景,no_topic
19980126-04-011,武汉五彩缤纷灯如海,no_topic
19980126-04-012,杭州吉祥如意年味浓,no_topic
19980126-04-014,东西南北闹新春(附图片1张),no_topic
19980126-05-001,人民不会忘记——温家宝宋健看望五院士,no_topic
19980126-05-002,我切实加强湿地保护152个“自然之肾”遍布华夏,no_topic
19980126-05-003,县委书记和他的“孙女”,no_topic
19980126-05-004,小浪底发现陶窑和古栈道(附图片2张),no_topic
19980126-05-006,科技富农家(图片),short_body
19980126-05-008,国际海洋学院为中外合作搭桥,no_topic
19980126-05-009,科龙:驶入绿色快车道,no_topic
19980126-05-010,国旗护卫队等喜获百家期刊,short_body
19980126-05-011,“眼睛闭合报警器”防瞌睡,no_topic
19980126-05-013,新水箱研制成功,no_topic
19980126-06-002,安南夫妇话虎年(附图片1张),no_topic
19980126-06-004,“奋进”“和平”顺利对接太空换岗如期进行,no_topic
19980126-06-005,东南非领导人论坛会闭幕,no_topic
19980126-06-006,朝报谴责美制裁别国,no_topic
19980126-06-007,留英人士支援地震灾区(图片),short_body
19980126-06-008,南非前总统博塔否认有罪,no_topic
19980126-06-009,武器核查危机未缓解白宫意欲打击伊拉克,no_topic
19980126-06-010,欧佩克油价续跌,no_topic
19980126-07-004,资本竞争激烈资金流动加快(附图片1张),no_topic
19980126-07-005,IMF救援药方(附图片1张),no_topic
19980126-07-006,重新审视经济全球化(附图片1张),no_topic
19980126-07-007,印尼盾对美元汇率继续下跌(图片),short_body
19980126-07-008,东亚货币贬值示意图(图片),short_body
19980126-08-002,首都武坛喜迎新春,no_topic
19980126-08-003,北京市桥牌协会与华远续约,short_body
19980126-08-008,巴西球星罗纳尔多被罚款,no_topic
19980126-08-010,澳网公开赛第四轮桑普拉斯威廉姆斯顺利过关,no_topic
19980126-09-001,消费奔小康,no_topic
19980126-09-002,瞧这一大家子,no_topic
19980126-09-003,过大年啦,title_length
19980126-09-004,好日子苦中来,no_topic
19980126-09-005,剪纸(图片),short_body
19980126-09-006,养猪专业户供应春节市场(图片),short_body
19980126-09-007,喜迎春(图片),short_body
19980126-10-003,假票背后的图谋,no_topic
19980126-10-004,影响市场的因素众多而复杂(附图片1张),short_body
19980126-10-005,九七十大财税新闻揭晓,no_topic
19980126-10-006,建行北京市分行经营效益显著,no_topic
19980126-10-007,工行以多种方式支持国企改革,no_topic
19980126-10-008,证券机构,title_length
19980126-10-009,上证综合指数日K线图(图片),short_body
19980126-10-010,深证成份股指数日K线图(图片),short_body
19980126-10-012,沪市上周上涨前五名(%),short_body
19980126-10-013,沪市上周下跌前五名(%),short_body
19980126-10-014,深市上周上涨前五名(%),short_body
19980126-10-015,深市上周下跌前五名(%),short_body
19980126-11-001,151封信:一封一万元,no_topic
19980126-11-002,您选什么样的电话机,no_topic
19980126-11-003,国泰民安辞旧岁龙腾虎跃迎新春(附图片7张),no_topic
19980126-11-004,逛“东安”去!,no_topic
19980126-11-005,瑞雪兆丰年(图片),short_body
19980126-11-006,"一种可循环利用的塑料便当容器新产品CT,最近由北京雁栖中央化学公司研制成功,并批量进入国内市场,该产品原料50%是滑石粉,耐热温度高,并可回收再利用,被有关专家称为彻底解决废物处理的优良产品。(仲文)",title_length
19980126-11-007,"上海华腾软件系统有限公司自主开发的目前唯一拥有自主知识产权的银行卡交换中心应用软件TOPLINK,日前被全国银行卡信息交换中心采用。同时被采用的还有天腾公司容错计算机产品喜玛拉雅系列K2000。(孙瑞)",title_length
19980126-11-008,"美国康柏电脑公司近日在北京举行的“1998年康柏Presario多媒体新产品发布会”上推出了2240、4500、4600等一系列新型康柏Presario多媒体电脑。新机型均具有扩展能力,包括功能强大的MMX增强型处理器、卓越的多媒体功能、大容量内存、硬盘、可升级的33.6K或56KModem。(书炜)",title_length
19980126-11-009,"就在INTEL正式发布PII333处理器的当天,同创集团推出了基于PII333处理器的图形工作站和服务器产品。同创RISSY8400图形工作站,采用INTEL440LX以上芯片组,3D高级图形加速器,配以64M内存。基于PII333的同创服务器产品,采用双CPU的SMP技术,具有高可靠性、高容错性、高可管理性,有强大的吞吐能力。(小马)",title_length
19980126-11-010,"NEC公司日前推出的光存储设备PD为人们提供了CD—ROM无法达到的特性。它可以记录多达650MB的数据,在读光碟时相当于8倍速的CD—ROM;它采用直接覆盖数据的方式,实现了数据的快速重写,次数可达50万次。",title_length
19980126-12-001,’98火车这样开,no_topic
19980126-12-002,今年铁路营销战略,no_topic
19980126-12-003,面对公路挑战——来自哈尔滨铁路局的报告(附图片1张),no_topic
19980126-12-004,让您买票不再难,no_topic
19980126-12-005,让您运货更方便,no_topic
19980126-12-006,听编图者说——访铁道部副部长刘志军,no_topic
19980126-12-007,图片新闻,title_length
19980126-12-008,’98列车运行图新特色,short_body
19980127-01-001,政治谈判是推动两岸关系发展的关键,no_topic
19980127-01-002,首都各界纪念江泽民主席重要讲话发表三周年,no_topic
19980127-01-003,国务院办公厅举行春节团拜会,no_topic
19980127-01-004,中央民族乐团应邀访问奥地利江泽民致贺词祝演出圆满成功,no_topic
19980127-01-005,江泽民为中国南极长城站题名,no_topic
19980127-01-006,首都举行春节联欢晚会尉健行李岚清和万名群众共度良宵,no_topic
19980127-01-007,"新春佳节临近,全国各地充满了喜庆祥和的气氛(附图片3张)",short_body
19980127-02-001,同行问计和盘托出“八方”出招又胜一筹,no_topic
19980127-02-002,白银整肃市场百姓舒心,no_topic
19980127-02-003,欢欢喜喜过个年(附图片2张),short_body
19980127-02-004,“庄园经济”兴化州(附图片1张),no_topic
19980127-02-005,公路通到咱村啦(图片),short_body
19980127-02-006,安阳年年减农负,no_topic
19980127-02-007,中国消费者协会对十大行业的一项调查显示,no_topic
19980127-02-008,福建又有二十七万人脱贫,no_topic
19980127-02-009,以效定产以产定人精简分流西山矿务局从数量扩张转向质量效益,no_topic
19980127-02-010,武汉团圆年饭上酒楼,no_topic
19980127-02-011,浙江农行砍掉240个网点,no_topic
19980127-02-012,杭州一家流通企业全由职工出资改制,no_topic
19980127-02-013,“成飞”交付第一百个波音机头,no_topic
19980127-02-014,增强规范性取信消费者建设部加强商品房销售管理,no_topic
19980127-02-015,国务院发出紧急通知确保减负“切一刀”,no_topic
19980127-02-016,帮帮对手,title_length
19980127-02-017,"本报讯中国消费者协会近日宣布正式启用新会徽。新会徽由双手、地球、人形、眼睛、“3·15”字样组成,主体为金黄色,象征保护消费者权益事业的辉煌;绿色底色象征这一事业充满生机与活力。(钟霄)",title_length
19980127-02-018,"本报讯1月23日,中国发展战略学研究会与利兹·简广告公司在京联合举办了’98经济发展与广告市场战略研讨会。专家指出目前广告市场急需加强规范,提高科技文化含量,精心培养专门人才。(钢江)",title_length
19980127-02-019,"本报讯继中央音乐学院、中国音乐学院将东北钢琴(集团)公司生产的诺的斯卡牌钢琴选定为教学、考级专用琴之后,沈阳音乐学院、四川音乐学院、武汉音乐学院最近也选定该琴为教学、考级专用琴。(铁铮)",title_length
19980127-02-020,"本报讯湖北孝感市金龙泉集团公司摒弃以往“秋后算账”的粗放型管理方法和模式,将微机管理全面搬上了企业经营的舞台,年劳动生产率以24%的速度递增。(晏乐安)",title_length
19980127-02-021,本报讯中国第一家中日合资的公关公司———普乐普公共关系策划有限公司近日在北京正式成立。该公司主要业务包括:媒体关系、政府关系、新产品发布等。(晓朱),title_length
19980127-02-022,"本报讯济南世界购物广场日前建成开业。这是山东省第一家大型仓储式、会员制物流和配送中心。营业面积3万平方米,停车场设有1500个免费停车位。",title_length
19980127-02-023,"本报讯河南省长葛市消费者协会积极受理消费者投诉,为消费者排忧解难,去年共受理各类消费者投诉193起,处理投诉正确率达95%以上,为消费者挽回经济损失52万余元。(胡占彪)",title_length
19980127-02-024,"本报讯湛江海关积极探索直通式海铁联运海关监管模式,为湛江港发展海铁联运创造宽松的通关环境。目前该港已开通了香港、曼谷两条航线。(李南彪)",title_length
19980127-03-001,不忘群众疾苦温暖送进万家,no_topic
19980127-03-002,同吃年夜饭,no_topic
19980127-03-003,赞天津的新事,no_topic
19980127-03-004,吕梁妹子下江南,no_topic
19980127-03-006,西昌农行两个文明并举,no_topic
19980127-03-007,图片新闻,title_length
19980127-03-008,石家庄整顿警车警灯警报器,no_topic
19980127-03-009,"本报讯湖北省消防官兵共投入警力十万人次,出动消防车辆一点五万台次,接警灭火五千一百零三次,疏散营救被困群众三百七十余人,抢救和保护国家财产一百七十亿元。老百姓亲切地称他们是『火凤凰』。(腾华)",title_length
19980127-03-010,"本报讯二十三日下午,全国政协副主席钱正英在北京人民大会堂代表中国妇女发展基金会接受糜老大集团捐赠的四万五千件羊毛衫裤,折合人民币四百万元。这批物资将以义卖转换为资金,用于设立妇女扶贫专项基金。(马利)",title_length
19980127-03-011,"本报讯北京住宅三公司党委实施党支部方针目标管理,建立给入党积极分子写回信制度。各支部试行的十八项新的工作方法均取得良好效果。公司党委被北京市委表彰为先进基层党委。(李文高)",title_length
19980127-03-012,"本报讯记者从有关部门了解到,空军去年共向『希望工程』、『春蕾计划』捐款七百二十九万元,援建『蓝天希望小学』一百四十所,直接资助失学儿童近五千名。(孙茂庆徐壮志)",title_length
19980127-03-013,"本报讯春节将临,北京市崇文公安分局加大了对违法贩卖烟花爆竹的查禁力度。日前,该分局龙潭湖公园派出所查获了三个贩卖违禁花炮的摊主,收缴花炮四百零五包,三人现已被拘留。(胡建强)",title_length
19980127-03-014,"本报讯河南省郑州市管城公安分局近年来实施提高民警队伍素质工程,每月一评『十佳民警』,并率先在全市公安系统实施了民警全员聘用上岗制,对侵犯群众利益、败坏公安机关声誉的民警,坚决予以清除,涌现出了十八名『全国优秀人民警察』和『全省优秀人民警察』,分局被授予『市级文明单位』称号。",title_length
19980127-03-015,"本报讯济南军区某炮兵师送法上门,深受基层官兵的欢迎。该师专门成立法律咨询小组,深入到各分队,进行法律宣传;制订了具体措施,每月下基层三天上门服务,讲解法律常识,用历年战士中发生的典型案例教育官兵。去年,咨询小组为基层官兵及其家属解决各种纠纷一百二十起,处理涉法事务二十件,消除事故隐患八十五起,为部队挽回各种损失三十五万余元。(刘全应)",title_length
19980127-04-001,政协台港澳侨联委会、中国和平统一促进会举行座谈会呼吁,no_topic
19980127-04-002,钟敬之同志逝世,no_topic
19980127-04-003,牟爱牧同志逝世(附图片1张),no_topic
19980127-04-004,挥师金马河,no_topic
19980127-04-005,台盟中央全国台联台湾研究会召开座谈会,no_topic
19980127-04-006,百万人次出国旅游商务活动迅速增加,no_topic
19980127-04-007,明天气象预报(1月27日20时—1月28日20时),no_topic
19980127-04-008,合肥『精神年货』好丰盛,no_topic
19980127-04-009,唐山特困生免费返乡,no_topic
19980127-04-010,海南黎族乡亲迁新居,no_topic
19980127-04-011,香港娱乐活动多姿彩,no_topic
19980127-04-012,外籍家庭在上海(图片),short_body
19980127-04-013,张万年会见俄罗斯客人,no_topic
19980127-04-014,到祖国内地过年(图片),short_body
19980127-04-015,广州地区军民联欢庆新春乔石、荣毅仁等出席,no_topic
19980127-04-016,政治稳定经济发展民族团结边防巩固新疆各族人民喜迎春节肉孜节,no_topic
19980127-05-001,每逢佳节倍思亲重洋阻隔心相连宋健电话慰问南极考察队员,no_topic
19980127-05-002,中华人民共和国献血法,no_topic
19980127-05-003,海河水润凉山州,no_topic
19980127-05-004,肖像怪杰魏德运,no_topic
19980127-05-006,湖北连天飞雪挡不住送医送药到山乡,no_topic
19980127-06-001,徒呼奈何的紧迫感,no_topic
19980127-06-002,纪念江主席重要讲话发表三周年旅法侨界共话祖国统一,no_topic
19980127-06-003,阿拉法特访问北非三国呼吁召开阿拉伯首脑会议,no_topic
19980127-06-004,埃里卡特指出华盛顿会谈令人失望,no_topic
19980127-06-005,尼共六大开幕,no_topic
19980127-06-006,塔帕首相会见我代表团时重申决不许利用尼领土反华,no_topic
19980127-06-007,海外学子的心声(图片),short_body
19980127-06-008,金正日视察朝人民军,no_topic
19980127-06-009,加拿大『国家队』再访南美,no_topic
19980127-06-010,伊不想同美军事对抗指责武器核查专家撒谎,no_topic
19980127-06-011,大国介入矛盾增多波海合作日趋复杂,no_topic
19980127-06-012,谢瓦尔德纳泽表示独联体国家应重视自由贸易,no_topic
19980127-06-014,英一航母抵海湾,no_topic
19980127-06-015,"印度领导人和正在访印的法国总统希拉克二十六日在新德里表示,印度和法国应全面加强合作关系。希拉克是二十四日抵印访问的。二十五日希拉克与印度总理古杰拉尔举行会谈,详细讨论了两国在核电、交通、石油勘探等方面的交流与合作问题,并就地区和国际局势以及联合国改革等问题交换了意见。",title_length
19980127-06-016,为期两天的第五次中东欧国家首脑会议二十四日在斯洛伐克东部历史名城莱沃恰落下帷幕。与会的中东欧国家首脑共同商讨了中东欧政治、经济和社会发展等问题。出席这次首脑会议的有来自十一个中东欧国家的国家元首。这些国家是斯洛伐克、捷克、波兰、匈牙利、斯洛文尼亚、奥地利、德国、意大利、罗马尼亚、保加利亚和乌克兰。此次会议的主题是『公民社会统一的欧洲的希望』。,title_length
19980127-06-017,"哥伦比亚执政党自由党二十五日推选奥拉西奥·塞尔帕·乌里韦为该党下届总统候选人。塞尔帕现年五十四岁,是一名律师,他曾在哥伦比亚现总统桑佩尔的内阁中担任内政部长。在最近进行的全国民意测验中,塞尔帕被看好是将于今年五月三十一日举行的下届总统大选的最佳人选。(据新华社电)",title_length
19980127-07-002,美宇航员进入『和平』号,no_topic
19980127-07-003,日本强调改革速度,no_topic
19980127-07-004,图片新闻,title_length
19980127-07-005,阿根廷监管纳税大户千余名人上榜,no_topic
19980127-07-006,泰国回收废品节约资源,no_topic
19980127-07-007,日本甲醛污染反受害居室装修为舒适,no_topic
19980127-07-008,英国可怜鱼儿雄变雌奈何污水肆意流,no_topic
19980127-07-009,治疗乳腺癌有新药,no_topic
19980127-07-010,新抗癌基因被发现,no_topic
19980127-07-011,英试验新低温疗法,no_topic
19980127-07-012,勿滥用胡萝卜素药片,no_topic
19980127-07-013,德外长呼吁设立论坛协调西方工业国与亚洲国家经济,no_topic
19980127-08-001,呼和浩特全民健身热浪高,no_topic
19980127-08-003,明天会更好——访北京武术队,no_topic
19980127-08-005,全民健身贺新岁体育春潮涌神州(附图片2张),short_body
19980127-08-006,同创杯桥牌赛在京举行,short_body
19980127-08-007,诗一首——听伍绍祖论武术有感,short_body
19980127-08-008,波兰举行『精武』春节武术赛,no_topic
19980127-08-009,宁夏全民健身真抓实干见成效,no_topic
19980127-09-001,追寻雷锋的足迹(附图片1张),no_topic
19980127-09-002,更有青绿在源头——漓江上游行(上)(附图片2张),no_topic
19980127-09-003,依靠职工推进改革(附图片1张),no_topic
19980127-09-004,『赶趟』种种,no_topic
19980127-09-005,引民间资金投公益事业(附图片2张),no_topic
19980127-09-006,山寨有了卫星接收站(新年新事)(图片),short_body
19980127-09-007,安徽“三下乡”如火如荼(新年新事)(图片),short_body
19980127-09-008,福建招收宁夏女工(图片),short_body
19980127-09-009,愿有更多的王国栋,no_topic
19980127-10-001,“切实加强”的要义,no_topic
19980127-10-002,“五个一工程”是导向工程,no_topic
19980127-10-003,《股份制——现代企业的重要形式》,no_topic
19980127-10-004,正确认识世界格局的多极化,no_topic
19980127-11-001,"“输血”,更需“造血”",no_topic
19980127-11-002,温暖送出之后......,no_topic
19980127-11-003,下基层送温暖(附图片5张),no_topic
19980127-11-004,党委书记的“私房钱”,no_topic
19980127-11-005,西坑村的领路人,no_topic
19980127-11-006,扶贫书记,title_length
19980127-11-007,满负荷的陈永贵(附图片1张),no_topic
19980127-11-008,公仆深情洒云山,no_topic
19980127-11-009,"本报讯山东烟台开发区把人才视为投资环境的重要组成部分,大力实施学者型干部培养战略,努力将人才优势转化成开放优势,使全区涌现出一大批业务熟练,行政能力过硬的高素质干部,为经济高质量运行奠定了坚实的基础。",title_length
19980127-11-010,"本报讯江苏省镇江市对县级以上领导干部严格要求,加强对领导干部的监督管理,把诫勉作为组织处理的一种前置教育,采取过硬措施,实行对领导班子和领导干部的诫勉制度。最近,该市出台了《关于对市管领导干部实施诫勉的意见》,把领导干部的党性党风教育引向深入。",title_length
19980127-12-001,盘活“死脑筋”,no_topic
19980127-12-003,花边饺,title_length
19980127-12-004,忽接乡书喜不禁,no_topic
19980127-12-005,春节庙会即景(附图片4张),short_body
19980127-12-006,观雪,title_length
19980127-12-007,北京市杂文学会换届,short_body
19980127-12-009,北京市举办『迎新年送年画』活动,no_topic
19980127-12-010,大地书讯,title_length
19980127-12-011,春到花灯村,no_topic
19980128-01-001,中共中央国务院举行春节团拜会,no_topic
19980128-01-002,在春节团拜会上的讲话(附图片1张),no_topic
19980128-01-003,节日的北京(图片),short_body
19980128-01-004,那曲军民鱼水情,no_topic
19980128-01-005,声声关切情意深,no_topic
19980128-01-006,虎年虎园听虎啸(附图片1张),no_topic
19980128-01-007,瑶山老寨过大年,no_topic
19980128-02-001,外交部发言人评伊拉克武器核查问题,no_topic
19980128-02-002,明天气象预报(1月28日20时—1月29日20时),no_topic
19980128-02-003,图片新闻,title_length
19980128-02-004,各民主党派中央和全国工商联座谈江主席对台重要讲话发表三周年强调,no_topic
19980128-02-005,长江口深水航道治理一期工程开工,no_topic
19980128-02-007,上海春节团拜同心共勉,no_topic
19980128-02-008,中远集装箱运输有限公司在沪成立吴邦国出席揭牌仪式,no_topic
19980128-02-009,南京网上拜年新鲜便捷,no_topic
19980128-02-010,澳门迎接虎年喜庆祥和,no_topic
19980128-02-011,红十字会首批救灾物资运抵那曲,no_topic
19980128-02-012,『八仙』娃迎春(图片),short_body
19980128-03-001,纪念江主席对台发表重要讲话三周年旅日华侨举行座谈会,no_topic
19980128-03-002,“微笑列车”将驶来中国(附图片1张),no_topic
19980128-03-003,八方同庆虎年春节,no_topic
19980128-03-004,祝万象更新愿世界和平(图片),short_body
19980128-03-005,欧盟将与我举行首次首脑会议,no_topic
19980128-03-006,纽约华裔庆新春(图片),short_body
19980128-03-007,欢乐祥和自豪,no_topic
19980128-03-008,克林顿向美华人华侨贺春节,no_topic
19980128-03-009,澳洲虎年热,no_topic
19980128-03-011,韩将大幅缩编政府机构,no_topic
19980128-03-012,伊对美发出警告俄派特使寻求解决危机阿盟反对对伊拉克动武,no_topic
19980128-04-001,神州大地春来早(附图片7张),short_body
19980129-01-001,解放军三总部致电驻藏部队慰问参加抗雪救灾指战员,no_topic
19980129-01-002,近三百家跨国公司来华投资,no_topic
19980129-01-003,图片新闻,title_length
19980129-01-004,李鹏到京郊向乡亲们拜年(附图片1张),no_topic
19980129-01-005,中国民乐轰动维也纳,no_topic
19980129-01-006,充满欢乐祥和展现虎虎生气各地群众欢度春节,no_topic
19980129-01-007,灾区除夕夜,no_topic
19980129-01-008,礼花映红京郊夜(附图片1张),no_topic
19980129-01-009,孤儿欢笑迎虎年,no_topic
19980129-01-010,节日港口生产忙,no_topic
19980129-02-001,新春捷报吃得实惠买得便宜,no_topic
19980129-02-002,《周恩来———伟大的朋友》影片摄成,no_topic
19980129-02-003,为贫困地区群众送去精神食粮一批企业赠订人民日报,no_topic
19980129-02-004,建设部负责人强调消化空置商品房要动真格,no_topic
19980129-02-005,贫困农户自立工程初见成效,no_topic
19980129-02-006,明天气象预报(1月29日20时—1月30日20时),no_topic
19980129-02-007,欢乐祥和过大年(附图片6张),no_topic
19980129-02-008,济南市长拜年送上祝愿,no_topic
19980129-02-009,新疆戍边官兵哨卡守岁,no_topic
19980129-02-010,长春寒冬击水喜迎虎年,no_topic
19980129-02-011,杭州新春出游畅通安全,no_topic
19980129-02-012,澳门新年团聚期盼回归,no_topic
19980129-02-013,香港花车巡游喜贺新岁,no_topic
19980129-02-014,落实帮扶责任制实施开发式扶贫哈尔滨27万人告别贫困,no_topic
19980129-03-001,虎趣(附图片3张),no_topic
19980129-03-002,《欧洲时报》发表社论纪念江主席对台讲话三周年,no_topic
19980129-03-003,美拟兜售惩伊方案法主张和平解决俄杜马反对动武,no_topic
19980129-03-004,中南建交第一春,no_topic
19980129-03-005,八方同庆虎年春节(附图片2张),no_topic
19980129-03-006,用歌声给祖国拜年,no_topic
19980129-03-007,埃巴首脑会谈,no_topic
19980129-03-008,三塚被迫提交辞呈桥本兼任大藏大臣,no_topic
19980129-03-009,去年世界旅游收入增加中国接待外国游客名列第六,no_topic
19980129-03-011,"为期两天的欧洲联盟外长会议在与俄罗斯举行了首次合作议事会议后二十七日在布鲁塞尔结束。会议期间,欧盟各国的外长们先后就阿尔及利亚、波黑、欧盟东扩、中东和平进程、欧盟与中国关系、欧盟与日本关系、伊拉克移民、伊朗、巴尔干半岛等议题进行了磋商。外长们一致同意在四月份举行欧亚会议时,与中国举行双边首脑会议。",title_length
19980129-03-012,"二十七日是奥斯威辛集中营解放五十三周年,也是德国各地纪念纳粹暴行受害者的日子。当天,波恩联邦议会大厅内气氛凝重。包括德国主要领导人等在内的数百名政府官员、议员和国外宾客参加了在大厅内举行的纪念活动。",title_length
19980129-03-013,"布隆迪国防部长菲尔曼·辛佐伊海巴二十八日在一次空难中丧生。据证实,辛佐伊海巴当天上午在中部的基特加参加一个民族和解会议后乘坐一架直升机返回首都,由于暴雨天气,致使直升机在飞越首都东南五十公里处的吉汗加山区时坠毁。",title_length
19980129-03-014,"印度泰米尔纳德邦马德拉斯市一特别法庭二十八日判处谋杀前总理拉吉夫·甘地的二十六名嫌疑犯死刑。这二十六人中有十名印度人和十六名斯里兰卡人,他们都是斯里兰卡的反政府武装泰米尔伊拉姆猛虎解放组织的成员或同情者。",title_length
19980129-04-002,荟萃人类文明成果重现宏大历史空间《人类的敦煌》将走上荧屏,no_topic
19980129-04-003,老将军赞《红嫂》,no_topic
19980129-04-004,女真女性的历史悲歌——电视连续剧《叶赫那拉公主》观后,no_topic
19980129-04-005,翟俊杰拍出《挺立潮头》(附图片1张),no_topic
19980129-04-006,《青春波尔卡》:展示实在的青春风景,no_topic
19980129-04-007,评说《潘汉年》,no_topic
19980129-04-010,中国唱片总公司的贺岁礼物,no_topic
19980129-04-011,越剧《貂蝉与吕布》晋京演出,no_topic
19980129-04-012,别开生面《三峡放歌》,no_topic
19980129-04-013,《三毛从军记》多媒体光盘出版,no_topic
19980130-01-001,自有雪中送炭人,no_topic
19980130-01-003,建设防洪屏障江苏决定投入四十亿,no_topic
19980130-01-004,天津SOS儿童村的春天,no_topic
19980130-01-005,中国和中非复交两国政府代表签署联合公报,no_topic
19980130-01-006,乌鲁木齐:年初一干部替班扫马路确保供电光明敞亮过“双节”,no_topic
19980130-01-007,西藏边防部队风歌雪舞庆佳节总后青藏兵站部抢运藏北救灾物资,no_topic
19980130-01-008,湖南备耕安排早动手快,no_topic
19980130-01-009,上港村农民拜科技为师,multiple_topics
19980130-01-010,广西造林备耕两不误,no_topic
19980130-01-011,科技拜年(图片),short_body
19980130-01-012,椰水浓于酒军民鱼水情(附图片2张),no_topic
19980130-02-001,进百姓门解百姓忧湖北领导赴贫困村镇送温暖,no_topic
19980130-02-002,过节不忘贫困山区乡亲,no_topic
19980130-02-003,未来一周天气趋势,no_topic
19980130-02-004,兴我邱县富我人民——河北省邱县县委书记史增海的“我字观”,no_topic
19980130-02-005,送上一片真情(图片),short_body
19980130-02-006,除夕的思念,no_topic
19980130-02-007,明天气象预报(1月30日20时—1月31日20时),no_topic
19980130-02-008,尽早举行政治谈判是两岸同胞的共同心愿,no_topic
19980130-02-009,火树银花迎新岁同心协力建香江香港举行盛大贺岁烟花汇演,no_topic
19980130-02-010,礼花贺新春(图片),short_body
19980130-02-011,养殖场里拜大年,no_topic
19980130-02-012,候车室里除夕夜,no_topic
19980130-03-001,武器核查风波再起,no_topic
19980130-03-002,悉尼披彩迎虎年(附图片3张),no_topic
19980130-03-003,李道豫大使向美国务卿辞行,no_topic
19980130-03-004,非洲的“心脏”——中非共和国(图片1张),no_topic
19980130-03-005,美国电话电报公司,no_topic
19980130-03-006,欧盟决定罚巨款大众不服打官司,no_topic
19980130-03-009,"乌拉圭邮政局28日宣布,该国已正式开始通过因特网接收和分发来自国内外的电子函件。据介绍,这种名为“混合邮电”的业务可以为全世界6000万上网用户提供安全、快捷的邮电服务。根据要求,寄信人先要进入因特网邮电网主页,输入书信内容及收信人地址。乌拉圭邮政局一收到信件,立即将其打印出来,装入信封进行投递。投递过程中,邮政局拥有信件保密技术,寄信人可以通过一种电子跟踪系统随时了解信件的下落;寄信人可以用信用卡支付邮资。",title_length
19980130-03-010,"匈牙利总统根茨28日宣布,匈下届国会选举将于5月10日开始举行。根据匈牙利法律,匈今年5月应该举行下届国会选举。但在具体的选举日期上,各党之间存在着争执。根茨总统28日宣布,他在同各政党协商后,决定将下届国会选举的第一轮投票时间定在5月10日,第二轮投票将在5月24日进行。",title_length
19980130-03-011,"货币基金组织日前同意向津巴布韦提供1·76亿美元的援助信贷。国际货币基金组织28日在哈拉雷发表的一项声明说,津巴布韦政府已同意采取一系列政策性措施,减少预算赤字和降低通货膨胀,以稳定宏观经济和一直暴跌的津巴布韦元。津巴布韦政府还将根据该国宪法实施土地改革计划。在实施这项计划时,津巴布韦政府将遵循它同国际货币基金组织达成的框架协议,实施过程中保持透明度。",title_length
19980130-03-012,"英国政府有关部门最近对英国境内鸟类进行的调查结果显示,在英国以前曾常见的很多鸟类数量在过去25年中急剧减少。这项调查对100多种鸟类的数量及其分布情况进行了详细的分析,结果表明,在过去的25年中,英国麻雀的数量减少了95%,蝗莺的数量减少了91%,灰山鹑的数量减少了86%。负责调查的有关部门将17种英国常见鸟类列入了濒危鸟类。这些鸟类中除了麻雀、蝗莺和灰山鹑外,还有朱顶雀、斑鸠、灰雀、麦鸡、云雀、灰林鹗、丘鹬和树鹨等。这些濒危鸟类的数目在过去25年中至少减少了50%以上。(据新华社电)",title_length
19980130-04-001,闻鸡起舞跃马迎春(小篆),short_body
19980130-04-002,百花齐放九州同春(行书),short_body
19980130-04-003,神州焕彩华夏腾飞(行书),short_body
19980130-04-004,丑牛奋蹄开锦绣寅虎添翼会风云(隶书),short_body
19980130-04-005,恭贺新喜(篆刻),short_body
19980130-04-006,携佳绩同辞旧岁奏凯歌共庆新春(行书),short_body
19980130-04-007,春归芳草绿雪尽马蹄轻(行草),short_body
19980130-04-008,物华天宝歌盛世人杰地灵唱回归(草书),short_body
19980130-04-009,首岁兴元化青阳逐日新(大篆),short_body
19980130-04-010,星拱北辰励精图治寅虎啸来生气珠还南浦除旧迎新丑牛歇过忙时(行书),short_body
19980130-04-011,神州开放驰大道赤县改革促繁荣(隶书),short_body
19980130-04-012,虎奋龙骧(大篆),short_body
19980130-04-013,莺歌燕舞春光艳虎跃龙腾气象新(草书),short_body
19980130-04-014,旭日丽天河山似锦东风化雨物我皆春(行书),short_body
19980131-01-001,将门之女的追求——记上海海军四八○五厂副总工程师林华卿(附图片1张),no_topic
19980131-01-003,三产为龙头二产作支撑浦东新区产业结构日趋合理,no_topic
19980131-01-004,联动添活力实干争效益淮阴经济步入良性轨道,no_topic
19980131-01-005,浙江富润集团规范管理形成合力兼并20家工贸企业效益明显提高,no_topic
19980131-01-006,三峡工地战犹酣,no_topic
19980131-01-007,图片新闻,title_length
19980131-01-009,"辽宁省把群众最关心的房子问题作为政府的民心工程来抓,广辟资金渠道,综合配套、整体推进,进行安居工程建设。去年这个省安居工程竣工面积超过220万平方米,销售193·4万平方米,占竣工面积的86·3%,人均居住面积提高到8平方米。(据新华社)",title_length
19980131-01-010,"海南环岛西线高速公路三亚至九所段日前贯通。至此,海南高速公路通车里程逾400公里,另有300多公里正在扩建和建设之中。三亚至九所段高速公路长60.2公里,四车道、全封闭、全立交。西线洋浦至八所段今年12月也将建成通车。(鲍洪俊)",title_length
19980131-01-011,"日前,中国路桥(集团)总公司经北京九千标准质量体系认证中心审核,通过了ISO9002标准质量体系认证,并获国际标准认证证书和国家质量体系认证证书。中国路桥(集团)总公司是以承建公路、桥梁为主,集工程、科研、施工、设计、监理、咨询等为一体的大型企业集团,1979年就进入国际工程承包和劳务市场,是最早参与国际竞争的中国公司之一。(袁思忠梁建维)",title_length
19980131-01-012,"山西省太原市从去年7月开始,实施了城市居民最低生活保障制度,半年来运转良好,已有3000多人受益。1997年太原市城市居民最低生活保障线确定为120元,今后根据经济发展及物价变动情况予以调整。目前,太原市已审核批准保障对象1500多户、3000多人,其中有下岗职工、离退休职工、残疾人等,已发放保障金近50万元。(据新华社)",title_length
19980131-01-013,"“三资企业”正在成为我国税收新的增长点,全国近年税收中有一成多来自涉外税收,主要是外商投资企业缴纳的。1992年来,主要来源于外商投资企业的涉外税收一直是我国增长最快的税种之一。5年多来全国涉外税收累计达2119·98亿元人民币。目前已有近15万家三资企业开业运营,成为一种引人注目的新税源。(据新华社)",title_length
19980131-02-001,采取多种措施保障供应湖南节日市场货足价稳,no_topic
19980131-02-002,藏北:部队力保灾民安度春节,no_topic
19980131-02-003,哈密:下岗职工喜拜年,no_topic
19980131-02-005,图片新闻,title_length
19980131-02-006,明天气象预报(1月31日20时—2月1日20时),no_topic
19980131-02-007,除夕守岗送光明,no_topic
19980131-02-008,新春献爱心,no_topic
19980131-02-009,济南:明亮工程色彩缤纷,no_topic
19980131-02-010,多形式建房全社会参与汕头实施『居者有其屋』工程,no_topic
19980131-02-011,宁夏穆斯林欢度开斋节,no_topic
19980131-02-013,感受三亚,title_length
19980131-02-014,品种齐全新鲜实惠成都粮油市场交易活跃,no_topic
19980131-03-001,克林顿:警告伊拉克萨达姆:不希望战争,no_topic
19980131-03-002,中非总统帕塔塞表示与中国复交具有历史意义,no_topic
19980131-03-003,图片新闻,title_length
19980131-03-005,世界大公司看好中国经济前景,no_topic
19980131-03-006,美两院议员为李道豫送行李大使举行告别招待会,no_topic
19980131-03-007,德波华人喜迎春,no_topic
19980131-03-008,『回家的感觉真好』,no_topic
19980131-03-009,包饺子过大年,no_topic
19980131-03-010,菲律宾去年经济保持较快增长,no_topic
19980131-03-012,中国民乐格拉茨再获好评,no_topic
19980131-03-013,叶利钦重申不谋求连任,no_topic
19980131-03-014,"日本首相桥本龙太郎30日晚正式任命日本众议院预算委员会委员长松永光为大藏大臣,接替28日辞职的三博。三博因大藏省两名高级官员涉嫌接受巨额贿赂被检察机关逮捕而引咎辞职。",title_length
19980131-03-015,"由于投资者受到美联储主席格林斯潘讲话的鼓舞,纽约股市29日连续第四个交易日攀升,道—琼斯30种工业股票平均价格指数上升57.55点,终盘收于7973.02点。",title_length
19980131-03-016,"韩国财政经济院30日宣布关闭10家经营状况不好的综合性信贷机构。由于这10家综合性信贷机构未能在政府给予的期限内,按照国际货币基金组织的要求改善自身的资本结构和经营状况,因而被认为已经失去经营能力。",title_length
19980131-03-017,"斯里兰卡北部贾夫纳地区和奇里诺奇地区10多年来的首次地方政府选举29日举行,选举结果于30日凌晨全部揭晓,伊拉姆人民民主党获得近一半的席位。在这两个地区的17个市、镇、村级政权的232个席位中,伊拉姆人民民主党赢得105席,属于泰米尔伊拉姆人民解放组织的民主人民解放阵线获得62席,伊拉姆人民革命解放阵线获得26席,余下的席位被其他党派所得。",title_length
19980131-04-001,明星是谁惯坏的,no_topic
19980131-04-002,火树银花又一春,no_topic
19980131-04-003,春之歌(外一首),no_topic
19980131-04-004,江峡大道,title_length
19980131-04-005,赶戏,title_length
19980131-04-006,飞雪迎春到心潮逐浪高(书法),short_body
19980131-04-007,崇敬大树,title_length
19980131-04-008,难忘的歌,title_length
19980131-04-009,戊寅吉祥肖形虎(图片),short_body
19980131-04-010,肖形虎(附图片3张),short_body
19980131-04-011,戊寅吉祥(篆刻),short_body
19980131-04-012,虎(中国画),short_body
19980131-04-013,青花瓷(外一首),no_topic
19980201-01-001,出席世界经济论坛年会并访问欧洲李岚清离京抵瑞士,no_topic
19980201-01-002,乔石在深圳参观考察,no_topic
19980201-01-003,收缩战场提高单产减人增效兖州矿业集团综采水平提高,no_topic
19980201-01-006,广州街市好红火,no_topic
19980201-01-007,民族兄弟情(图片),short_body
19980201-01-008,双岭新春售花忙,no_topic
19980201-01-009,煤都井下笑声朗,no_topic
19980201-01-010,赞“扶贫司令”的情,no_topic
19980201-01-011,优质水稻播种逾十三亿亩,short_body
19980201-01-012,上海电力供应首次实现平衡,short_body
19980201-01-013,湖南利用外资居中部省区首位,short_body
19980201-02-001,伊拉克危机中国呼吁和平方式解决美称外交途径已经结束,no_topic
19980201-02-002,美国防部长主张改善对华关系,no_topic
19980201-02-003,感受南昆电气化,no_topic
19980201-02-004,图片新闻,title_length
19980201-02-005,吉林为灾民解困,no_topic
19980201-02-006,明天气象预报(2月1日20时—2月2日20时),no_topic
19980201-02-007,香港各界纪念江泽民对台讲话发表三周年座谈会认为,no_topic
19980201-02-008,李岚清在达沃斯中国经济讨论会上发表讲话,no_topic
19980201-02-009,拱北关前看变化,no_topic
19980201-03-001,送社会一片温情还心灵一分快乐『义工』在澳洲,no_topic
19980201-03-002,从“空气有价”说起,no_topic
19980201-03-003,爱护巴黎的『绿肺』,no_topic
19980201-03-004,飘雪时季好读书,no_topic
19980201-03-005,探春(图片),short_body
19980201-03-006,委内瑞拉青年一瞥,no_topic
19980201-03-007,韩国虎———吉祥象征(附图片1张),no_topic
19980201-04-001,编者按,title_length
19980201-04-002,无岗、下岗与上岗,no_topic
19980201-04-003,家庭工业大有可为--上海解决再就业问题新探索,no_topic
19980201-04-004,成都火车站放下“铁老大”架子把一张车票当一份请柬,no_topic
19980201-04-005,耦耕乡里新风扑面来八千农户喜挂文明牌,no_topic
19980201-04-006,南宁二院开辟“绿色通道”,no_topic
19980201-04-007,天津“百姓商场”少百姓,no_topic
19980201-04-008,科技联欢(图片),short_body
19980201-04-009,生前美容荒山身后万木成林马村区为护林模范姜化川立碑,no_topic
19980201-04-010,公款消费锐减价高挡住布衣大连娱乐业不景气,no_topic
19980201-04-011,宁波工商局不当地方保护伞严厉查处本地假冒伪劣商品,no_topic
19980201-04-012,新疆人均期望寿命63岁比解放初期提高了33岁,no_topic
19980202-01-001,增加事业经费设立专项基金厦门完善精神文明建设投入体制,no_topic
19980202-01-002,春节不忘精神食粮(图片),short_body
19980202-01-003,贯彻十五大精神深入调研找差距乌鲁木齐开创改革发展新局面,no_topic
19980202-01-004,盘活资产存量优化资本结构长春工业利润增势喜人,no_topic
19980202-01-006,稳中求进看海口,no_topic
19980202-01-007,建设中的曲靖电厂(图片),short_body
19980202-01-008,李岚清在世界经济论坛年会发表演讲时指出,no_topic
19980202-01-010,"近年来,我国的湿地保护与可持续利用工作取得初步成效,目前已建立152处湿地自然保护区,有效地保护了湿地资源及其生物多样性。湿地包括湖泊、沼泽、海岸滩涂等,具有重要的蓄水防洪、调节气候、降解污染及保护生物多样性等功能。我国疆域广阔,湿地面积广大。据林业专家介绍,我国湿地总面积超过6000万公顷,内陆湿地有高等植物1540多种,高等动物1500种,其中水禽约300种,许多为中国特有种和世界性的珍稀濒危种。",title_length
19980202-01-011,"年产值规模已超过86亿元的上海畜牧业,在上海“菜篮子工程”中的分量越来越重,上海郊区农业的一半产出由畜牧业提供。近年来,上海郊区生猪年出栏数保持在460万头左右;鲜蛋年产量1·5亿公斤;家禽年出栏数超过1·6亿羽;年上市鲜奶22万吨。在上海市场上,猪肉自给率达到50%,鲜蛋和肉禽的自给率都为80%,鲜奶基本自给。",title_length
19980202-01-012,"新春佳节,贵州省绥阳县枧坝镇黄鱼村农民又添新喜:村里从几公里外把清洁水引入新建成的水窖,然后通过塑料管道流进每户家里,从而结束了祖祖辈辈靠一眼既小又脏的山泉争水吃的历史。在水利部的帮助下,遵义老区自去年6月开始实施“渴望工程”以来,累计投入资金1600多万元,建成小水窖1·3万多个,蓄水总量近15万立方米,使4万多户农户、17万多人饮上了清洁水。",title_length
19980202-02-001,让带『长』的顶岗,no_topic
19980202-02-002,贫困生的特殊聚会,no_topic
19980202-02-003,图片新闻,title_length
19980202-02-004,贫困农户住瓦房,no_topic
19980202-02-005,“春天总动员”,no_topic
19980202-02-006,明天气象预报(2月2日20时—2月3日20时),no_topic
19980202-02-007,到亚布力滑雪去,no_topic
19980202-02-008,钱其琛在黑龙江考察旅游工作,no_topic
19980202-02-009,外交部发言人就美『人权报告』答记者问,no_topic
19980202-02-010,电视连续剧《少年邓小平》开机,no_topic
19980202-02-012,李广祥同志逝世,no_topic
19980202-02-013,一手抓增产一手抓“减产”四川5年少生192万人,no_topic
19980202-02-014,制止奢侈浪费减少经费开支浙江深入开展廉政建设,no_topic
19980202-02-015,管嘴管车管电话遂平反腐倡廉靠制度,no_topic
19980202-03-001,伊拉克危机美英即将作出最后决定法将向伊发出强硬信息,no_topic
19980202-03-002,李岚清会晤国际组织和外国领导人,no_topic
19980202-03-003,各国企业界看好中国,no_topic
19980202-03-004,图片新闻,title_length
19980202-03-005,来自祖国的钟声,no_topic
19980202-03-007,管弦高奏庆新春,no_topic
19980202-03-008,共祝中国更繁荣,no_topic
19980202-03-009,入乡随俗迎虎年,no_topic
19980202-03-011,"据《德黑兰时报》1日报道,伊朗第一副总统哈比比已向总统哈塔米提出辞职,但哈塔米目前尚未明确表态。在德黑兰的外交人士认为,哈比比在伊朗新政府中任职刚刚半年,他辞职的背后可能有更重要的原因。哈比比今年61岁,曾在伊朗前总统拉夫桑贾尼的政府中担任第一副总统达8年之久。1997年8月伊朗新总统哈塔米再次任命他为第一副总统。",title_length
19980202-03-012,"韩国即将执政的新政府将大幅度压缩政府机构,在1999年底之前裁减10%的公务员,以表明政府在克服经济困难的过程中与国民同甘共苦的决心。这项裁员计划是正在为当选总统金大中就任作准备的政权交接委员会1月31日提出的。该计划说,目前全国上下都承受着经济危机的冲击,政府机关应该与国民同甘共苦。",title_length
19980202-03-013,"欧盟与爱沙尼亚、立陶宛和拉脱维亚三国1995年6月12日签署的欧洲条约,在审批程序完成后,于2月1日正式生效。这项条约取代了原来欧盟分别同波罗的海三国签订、并于1993年2月生效的贸易和经济合作协定。",title_length
19980202-03-014,以多迪克总理为首的波黑塞族共和国新政府全体成员1月31日在巴尼亚卢卡举行的波黑塞族共和国议会第三次会议上宣誓就职。,short_body
19980202-03-015,"据中国地震台网测定,北京时间1月30日20时16分,智利北部地区发生里氏7·1级地震。据测定,这次地震的震中位于南纬23·6度,西经70·0度。(据新华社电)",title_length
19980202-04-001,新年的钟声,no_topic
19980202-04-002,不以善小而不奖,no_topic
19980202-04-003,读雪,title_length
19980202-04-004,梁园雪韵,title_length
19980202-04-005,放开歌喉唱新春(附图片1张),no_topic
19980202-04-006,唱起秧歌,title_length
19980202-04-007,《两朝天子》研讨会在京举行,no_topic
19980202-04-008,故事和人,title_length
19980203-01-001,风正好扬帆——浙江中大集团控股有限公司改革纪实,no_topic
19980203-01-002,洞庭湖畔『抛秧』忙,no_topic
19980203-01-003,在党中央国务院和中央军委关怀下边防部队戍边条件改善,no_topic
19980203-01-004,自我加压抓改革虎年迎来开门红河北国有商业扭亏为盈,no_topic
19980203-01-005,港股虎年开红盘恒指飙升越万点,no_topic
19980203-01-006,勿给农户滥挂匾,no_topic
19980203-01-007,春节各地社会治安秩序平稳,no_topic
19980203-01-008,李岚清会见世贸组织总干事,no_topic
19980203-01-009,昔日污水塘今朝变乐园(图片),short_body
19980203-01-010,广西百色农民开发蔬菜农业(图片),short_body
19980203-01-012,江苏丘陵山区小流域治理见效,no_topic
19980203-02-001,杨高中--巧手绘就人间彩虹(附图片1张),no_topic
19980203-02-002,天津老城胡同成大道市民拜年难识途,no_topic
19980203-02-003,宁波戏车游街市市民饱眼福,no_topic
19980203-02-004,明天气象预报(2月3日20时—2月4日20时),no_topic
19980203-02-005,董建华举行新春酒会,no_topic
19980203-02-006,干部拜年到农家,no_topic
19980203-02-007,图片新闻,title_length
19980203-02-008,屯溪老街新姿(图片),short_body
19980203-02-009,解决土地资金技术实行伙食医疗补助湖南大力支持武警部队后勤建设,multiple_topics
19980203-02-010,深圳口岸体制改革见实效盐田港元月集装箱吞吐量骤增,no_topic
19980203-02-011,南方部分作物受冻雪危害各地应及早加强后冬田间管理,no_topic
19980203-02-012,下岗女工新天地,no_topic
19980203-03-001,巴格达:将继续同联合国特委会合作,no_topic
19980203-03-002,国际社会对伊武器核查危机的反应,no_topic
19980203-03-003,参加世界经济论坛年会李岚清会见瑞士联邦主席,no_topic
19980203-03-004,国际知名人士认为人权宣言应强调人对社会的责任和义务,no_topic
19980203-03-005,委驳斥美国人权报告,no_topic
19980203-03-006,十万美元归失主,no_topic
19980203-03-007,纽约过年的感觉,no_topic
19980203-03-008,戊寅新春在汉堡,no_topic
19980203-03-009,虎年春节闹巴黎,no_topic
19980203-03-011,伦敦华人庆新春(附图片2张),short_body
19980203-03-012,华盛顿:有权单独对伊采取军事行动(附图片1张),no_topic
19980203-03-013,印尼央行限制外币存款和提款韩国1月份贸易收支盈余16亿美元,no_topic
19980203-04-001,涛声依旧,title_length
19980203-04-002,湘西扎花女,no_topic
19980203-04-003,西江采风,title_length
19980203-04-004,杨艺与“北京平四”,no_topic
19980203-04-005,瑞雪年年飘,no_topic
19980203-04-006,生命中的亮丽风景,no_topic
19980203-04-008,傍晚(油画),short_body
19980203-04-009,醒着的树,title_length
19980204-01-002,节后上班第一天,no_topic
19980204-01-003,假期的上班气息,no_topic
19980204-01-004,“还绿于民”好,no_topic
19980204-01-005,图片新闻,title_length
19980204-01-006,虎年新春备耕忙,no_topic
19980204-01-009,把握新机遇开拓新局面广西着力谋求改革与发展新突破,no_topic
19980204-02-001,采取有效措施解决群众困难福建建立基本生活保障网,no_topic
19980204-02-002,公正是第一质量--咨询评估如何保证质量,no_topic
19980204-02-003,长江口深水航道治理一期工程开工(图片),short_body
19980204-02-004,钦州港的魅力,no_topic
19980204-02-005,抓好“母公司”,no_topic
19980204-02-006,神果之花,title_length
19980204-02-007,北京合行支持下岗职工再就业,no_topic
19980204-02-008,邕宁大力接纳城市富余人员,no_topic
19980204-02-009,福州开发区台商投资密集,no_topic
19980204-02-011,大连利用外资水平提高,no_topic
19980204-02-012,新疆中行转变存款增长方式,no_topic
19980204-02-013,潞安矿务局减人增效,no_topic
19980204-03-001,让选民投上自己满意的一票浙江改进人大选举组织工作,no_topic
19980204-03-002,孤老家中传笑声,no_topic
19980204-03-004,内强素质外塑形象建湖切实加强干部培训,no_topic
19980204-03-005,提高党员素质服务经济建设运城党员电化教育有声色,review: 党员电化教育，非学校教育主题
19980204-03-006,除夕的慰问(图片),short_body
19980204-04-001,迟浩田出访日本和南太平洋三国,no_topic
19980204-04-002,就伊拉克局势问题外交部发言人发表谈话,no_topic
19980204-04-003,《稳定的基石》一书出版,short_body
19980204-04-004,明天气象预报(2月4日20时—2月5日20时),no_topic
19980204-04-005,虎年走访救虎人,no_topic
19980204-04-006,中美国际包裹托运业务开办,no_topic
19980204-04-007,吉林『禁猎』两年珍稀动物增加,no_topic
19980204-04-008,版面让给典型荧屏留给群众天津市领导求真务实身体力行,no_topic
19980204-04-009,冰雪边关唱起火热的歌,no_topic
19980204-04-010,图片新闻,title_length
19980204-04-011,艰苦奋斗勤政为民汨罗市领导带头树新风,no_topic
19980204-04-012,《抓斗大王》赢得好评,no_topic
19980204-04-013,数千海鸥重返巢湖,no_topic
19980204-04-015,修复后的居庸关长城(图片),short_body
19980204-05-004,小康村闹新春(图片),short_body
19980204-05-005,村村挂银幕,no_topic
19980204-05-006,帮助计生户脱贫致富平乐县计生工作开展“六创”活动,no_topic
19980204-05-008,京津名医到沧州,no_topic
19980204-05-009,海南营救搁浅灰鲸,no_topic
19980204-05-010,VCD机进苗寨,no_topic
19980204-06-001,图片新闻,title_length
19980204-06-002,这里升起了五星红旗,no_topic
19980204-06-003,“少林”弟子习武迎春,no_topic
19980204-06-004,在法属圭亚那过年,no_topic
19980204-06-005,最想念的是祖国,no_topic
19980204-06-006,李岚清与瑞财政部长会谈参观联合银行和高等工业大学,multiple_topics
19980204-06-007,我首任驻南非大使递交国书,no_topic
19980204-06-008,美伊对抗加剧国际斡旋繁忙,no_topic
19980204-06-009,走向共和第一步澳宪政会议开幕,no_topic
19980204-06-010,伊朗议长指出克林顿关于美伊关系讲话不可信,no_topic
19980204-06-011,安南建议提高伊石油出口限额我代表对此表示支持,no_topic
19980204-06-012,我国防部长首次访日迟浩田抵达东京,no_topic
19980204-06-013,以议长呼吁恢复和平进程伯利恒连日爆发抗以示威,no_topic
19980204-07-002,克林顿提出1999财年预算防务预算侧重武器现代化,no_topic
19980204-07-003,虎年虎啸第一声,no_topic
19980204-07-004,图片新闻,title_length
19980204-07-005,东亚经济传真,no_topic
19980204-07-007,菲律宾客机坠毁南部山区十五乘客死里逃生,no_topic
19980204-07-008,泰国白领谋生新路,no_topic
19980204-08-004,各路冰雪健儿涌进日本,no_topic
19980204-08-006,瑞士选手辛吉斯蝉联澳大利亚网球公开赛女单冠军(图片),short_body
19980204-08-009,"截至一月三十日,国际奥委会已收到六个城市举办二○○六年冬季奥运会的申请。",short_body
19980204-09-001,五十五年前失散五十五年后团聚八旬老妪重见亲生女(附图片2张),no_topic
19980204-09-002,年画市场:风光何时再现,no_topic
19980204-09-003,奖金荣誉遭妒嫉抢险英雄遇尴尬,no_topic
19980204-09-004,全国自强模范孙晓梅--身残不坠青云志,no_topic
19980204-09-005,管好念头,title_length
19980204-09-006,百年图片展吸引昆明人(附图片3张),no_topic
19980204-10-001,建设工程漏洞多--怀化地区建设工程竣工项目专项审计的反思,no_topic
19980204-10-003,"便民,私营药店须努力",no_topic
19980204-10-004,小议机关用车改革,no_topic
19980204-10-005,新兵营里乐融融(附图片3张),no_topic
19980204-10-006,一次特别的上访,no_topic
19980204-10-007,干部考查应实行回避制度,no_topic
19980204-10-008,报刊“短斤少两”读者束手无策,no_topic
19980204-10-009,加入合伙企业有哪些法定程序?,no_topic
19980204-10-010,车站已建『安全桥』,no_topic
19980204-10-011,(重庆南桐矿务局娓娓阿刚),short_body
19980204-11-001,好心人,title_length
19980204-11-002,忘年交,title_length
19980204-11-003,邮包情,title_length
19980204-11-004,十元钱,title_length
19980204-11-005,近乡情更切,no_topic
19980204-11-007,尽孝应重“精神赡养”,no_topic
19980204-11-008,新春即景(附图片6张),short_body
19980204-11-009,编者按(附图片1张),no_topic
19980204-11-010,一岁双年总是春五风十雨皆为瑞(春联),short_body
19980204-12-001,我党忠实的朋友竭诚参政的典范--忆李鼎铭先生,no_topic
19980204-12-002,历史风云中的一代英杰——深切悼念伍修权同志,no_topic
19980205-01-001,国务院召开第13次全体会议,no_topic
19980205-01-002,乔石在珠海参观考察时强调抓住机遇提高特区开放水平,no_topic
19980205-01-003,救死扶伤该奖,no_topic
19980205-01-005,《建立中美建设性战略伙伴关系——江泽民主席对美国进行国事访问》将出版,no_topic
19980205-01-006,李鹏接受美国《中国新闻》英文月刊记者采访,no_topic
19980205-01-007,巴基斯坦总理将访华,short_body
19980205-01-008,今年第一号国债20日起发行总额:1250亿元,no_topic
19980205-01-009,图片新闻,title_length
19980205-01-010,春耕化肥货源足小麦追肥有保障,no_topic
19980205-01-011,民工西行早,no_topic
19980205-01-012,吉林大地春潮涌,no_topic
19980205-02-001,新的挑战新的机遇——来自乡镇企业的报道之一,no_topic
19980205-02-002,武汉工商部门帮助下岗职工再就业,no_topic
19980205-02-003,合肥下岗职工积极投身三产,no_topic
19980205-02-004,优势互补兴创佳,no_topic
19980205-02-005,新疆独山子石油化工总厂建起现代化消防系统(图片),short_body
19980205-02-006,上规模创牌子保质量江山茶油倒流卖,no_topic
19980205-02-007,减少大路货,no_topic
19980205-02-008,岳阳优化资本结构进展大,no_topic
19980205-02-009,磴口荒漠变人工绿洲,no_topic
19980205-02-010,产品质量不过关厂长难坐『铁交椅』已有四十九名厂长被免职,no_topic
19980205-02-011,挂羊头卖狗肉疯狂欺诈传销危害多群众意见大,no_topic
19980205-02-012,上海加大对传销“整形”力度,no_topic
19980205-03-001,寄希望于台湾同胞,no_topic
19980205-03-003,创先锋岗建红旗区成铁局党组织保障企业改革,no_topic
19980205-03-004,走万家送安全,no_topic
19980205-03-005,把社会治安热点难点作为切入点江山创建平安社区,no_topic
19980205-03-006,春节慰问治保积极分子(图片),short_body
19980205-03-007,河北香河县重视消防安全工作(图片),short_body
19980205-03-008,"本报讯春节期间,北京市政府领导同志来到长期担负来华访问的外国首脑行车安全护卫任务的武警国宾护卫队,将2000多册图书等价值近万元的文化办公用品赠予该部,以感谢他们为维护首都形象、保卫首都安全所做出的贡献,并勉励官兵在新的一年里再创佳绩。(张向东)",title_length
19980205-03-009,"本报讯经过陕西省西安市公安局交警支队1900多名交通警察的锐意改革和奋力拼搏,古城西安道路交通秩序发生显著变化,交通事故死亡人数逐年减少,一个秩序井然、停车有序、噪声得到控制的交通管理工作新格局正在初步形成。",title_length
19980205-03-010,"本报讯春运期间,沈阳铁路公安局八千多名民警深入站车、铁路沿线,随车作战,有效地控制了各种案件的发生。为确保铁路道口安全,该局聘用的二千三百四十四名道口监护员昼夜坚守岗位,三百三十名专职道口民警,对过往道口的机动车辆依法管理。(郭东旭彭学棣)",title_length
19980205-03-011,"本报讯为确保人民群众度过一个祥和、文明、安全的元旦、春节,江西省吉安地区公安局针对春运治安特点,适时组织全区公安机关在“两节”期间狠抓“严打”,集中开展“四会战一整治”活动,即:侦查破案会战,追捕逃犯会战,严惩团伙会战,严打车匪路霸会战和重点地区部位整治,取得明显成效。",title_length
19980205-04-001,市民评公仆,no_topic
19980205-04-002,干部学劳模,no_topic
19980205-04-003,文明新风遍神州(附图片2张),no_topic
19980205-04-004,草原书斋牧民生产致富有了信息资源,no_topic
19980205-04-005,明天气象预报(2月5日20时—2月6日20时),no_topic
19980205-04-006,春城书社读者找到好书好书找到读者,no_topic
19980205-04-007,在贫困乡搜刮不义之财数十万元乡党委书记张学峰被判处死缓,no_topic
19980205-04-008,阜新王营煤矿发生瓦斯爆炸事故,no_topic
19980205-04-009,新华社澳门分社举行新春酒会,no_topic
19980205-04-010,香港各界举行各种活动庆新春,no_topic
19980205-04-011,广州军区为那曲灾区空运大批物资,no_topic
19980205-04-012,平津战役纪念馆吸引观众开馆半年参观者达35万人次,no_topic
19980205-04-013,保证人畜安全开展生产自救青海南部牧区奋力抗雪灾,no_topic
19980205-05-003,成果丰硕能担重任人才辈出中科院兵强马壮驰骋科坛,no_topic
19980205-05-004,昔日刀枪不入今朝吃棉身亡首批抗虫棉成为棉铃虫克星,no_topic
19980205-05-006,自主择业并非自由择业,no_topic
19980205-05-008,教师王建哲被授予革命烈士称号,short_body
19980205-05-009,空姐慰问教师(图片),short_body
19980205-05-010,防塌水基钻井液肩起工程环保重任,no_topic
19980205-05-011,罗布泊盐湖是我国最大盐湖,short_body
19980205-06-001,李岚清继续在瑞士访问,no_topic
19980205-06-002,迟浩田与日本防卫厅长官会谈会见日本自民党干事长和政调会长,no_topic
19980205-06-003,伊武器核查危机最新动态,no_topic
19980205-06-004,图片新闻,title_length
19980205-06-005,美战机超低飞行意缆车绳断人亡,no_topic
19980205-06-006,迟浩田在日本发表演讲着重阐述中国国防政策,no_topic
19980205-06-007,"斯里兰卡四日在首都科伦坡市郊举行隆重仪式,纪念独立五十周年。斯总统钱德里卡·库马拉通加在庆祝仪式上表示,希望国家能够尽快实现民族和解,各民族团结一致共建家园。",title_length
19980205-06-008,"亚美尼亚国民议会四日以一百一十一票赞成、三十六票反对、三票弃权的表决结果批准了列翁·捷尔彼得罗相总统的辞呈。由于对纳戈尔诺卡拉巴赫问题持强硬立场的『叶尔克拉帕』议员团近日在国民议会的迅速崛起,执政的亚美尼亚全民族运动已失去在议会的多数地位,这一局面导致彼得罗相总统被迫提出辞呈。",title_length
19980205-06-009,"罗马尼亚民主党在现政府任职的五位部长二日向总理乔尔贝亚递交了集体辞职信。这五名民主党的政府成员分别是交通部、国防部、科研部、环境保护部、议会关系部部长。他们在辞职信中列举了退出政府的十点原因,并称辞职决定『不容改变』。",title_length
19980205-06-010,"由世界抗日战争史实维护会加拿大安大略省分会、全加学联和加拿大退伍军人协会主办的中日关系第三次研讨会一日在多伦多市政厅举行,九个族裔的代表在会上呼吁,加拿大人向日本政府施压,使日本承认侵略战争历史罪行。",title_length
19980205-07-002,欧盟建设知识化社会,no_topic
19980205-07-004,东亚经济传真,no_topic
19980205-07-005,乌克兰青年结婚仪式(图片),short_body
19980205-07-006,吃里扒外职员卖秘密成果被窃三星蒙损失,no_topic
19980205-07-007,英发行戴安娜纪念邮票(附图片1张),no_topic
19980205-07-008,美国新财年预算浅析,no_topic
19980205-07-009,毫微米动力装置,no_topic
19980205-07-011,传输图像移动电话,no_topic
19980205-07-012,用废纸制造水泥,no_topic
19980205-08-002,拥抱世界的小城,no_topic
19980205-08-005,短跑明星有佳作世界纪录被刷新,no_topic
19980205-08-007,5万球迷助威主队技不如人申花再次负于格雷米奥(附图片1张),no_topic
19980205-09-002,西部发展与分层竞争,no_topic
19980205-09-003,黔江脱贫记,no_topic
19980205-09-004,郧县百万乌鸡盼销路,no_topic
19980205-09-006,农民企业家宫治勇的发明(图片),short_body
19980205-09-007,塞外葡萄醉农家,no_topic
19980205-09-009,光山泼陂河镇靠莲子脱贫,no_topic
19980205-09-010,大名建成“手拣分级花生果”出口基地,no_topic
19980205-10-001,鲜明的时代特色——“邓小平理论风格”系列谈之一,no_topic
19980205-10-002,产权改革与建立现代企业制度,no_topic
19980205-10-003,一个重大课题:增强拒腐防变能力,no_topic
19980205-10-004,继续贯彻稳中求进的方针,no_topic
19980205-11-001,新春乐融融(附图片4张),no_topic
19980205-11-002,一个富于理论勇气的命题--序《改革政府的被改革》,no_topic
19980205-11-003,我爱逛古旧书市,no_topic
19980205-11-004,上海建成新图书馆(图片),short_body
19980205-11-005,镇上农民电脑借书(图片),short_body
19980205-11-006,运河文诵乡土情,no_topic
19980205-11-007,天籁与地光--『乡下人』三部曲的魅力,no_topic
19980205-11-008,大气磅礴兵团情--赵天益散文集印象,no_topic
19980205-12-001,将军行,title_length
19980205-12-002,特别部队(附图片1张),no_topic
19980205-12-003,深山中我向祖国问候,no_topic
19980205-12-004,带翅膀的春歌,no_topic
19980205-12-005,双拥简讯,title_length
19980205-12-006,"“彭伯伯,过年好!”",no_topic
19980205-12-007,问寒到家(图片),short_body
19980205-12-008,送医下乡(图片),short_body
19980205-12-009,培智上门(图片),short_body
19980205-12-010,太行官兵辛苦了!,no_topic
19980206-01-001,国务院召开第六次反腐败工作会议要求,no_topic
19980206-01-002,九届全国人大一次会议全国政协九届一次会议三月上旬开幕,no_topic
19980206-01-003,宏观调控转换机制上海物价指数负增长,no_topic
19980206-01-004,抢占市场严格管理辽宁国有商业扭亏为盈,no_topic
19980206-01-005,感谢“鲁智深”,no_topic
19980206-01-006,图片新闻,title_length
19980206-01-007,结束访瑞离日内瓦抵马德里李岚清开始访问西班牙,no_topic
19980206-01-009,“沂蒙老人”丹青趣,no_topic
19980206-01-011,"河南省近年来大力发展农业产业化,到去年底,全省已形成规模的产业化组织3490个,固定资产总值134亿元,带动农户824万户,占全省农户的30%以上,拥有种植基地3697万亩,占全省耕地总面积的36%。产业化组织去年实现总产值533亿元,实现利税58亿元,所带动的农户从中新增收入37亿元。",title_length
19980206-01-012,"贵州省通过加速实施小城镇建设,目前已吸纳近200万农民携家带口到城镇安家落户。贵州省近年来与国家建设部联手建设了麻尾、威舍、马场坪等17个明星小城镇,同时实施了“双百农村小城镇建设工程”。经过3年努力,17个明星小城镇新增居民7万多人,城市化水平提高到26·2%。",title_length
19980206-01-013,"虎年新春,海南省旅游业出现异常火爆的场面。从除夕到正月初七,海口、三亚、琼海、兴隆等主要旅游城市客房爆满,景点游人如织。据不完全统计,海南省春节期间共接待国内外游客25万人,创历史最高水平。(均据新华社电)",title_length
19980206-02-001,走向多元走向融合——来自乡镇企业的报道之二,no_topic
19980206-02-002,全国价格监督工作成绩显著去年『清费、治乱、减负』四十四亿元,no_topic
19980206-02-003,图片新闻,title_length
19980206-02-004,快字当头——岫岩县青山橡胶产品实业公司发展记事,no_topic
19980206-02-007,金卡工程实施逾三年企业日省三百五十万,no_topic
19980206-02-008,本地店过年不开门洋快餐夜夜灯火明,no_topic
19980206-02-010,深圳海关打击“假出口”,no_topic
19980206-02-011,香河建行强化监督体系,no_topic
19980206-02-012,"本报讯由长沙铁路总公司长沙客运段担当乘务的北京西站至长沙站1/2次特快列车,被湖南湘泉集团选作广告载体,于元月24日在北京西站举行了1/2次“湘泉号”列车冠名暨首发剪彩仪式。(大江)",title_length
19980206-02-013,"本报讯济南铁路局青岛分局在1997年加大改革力度,联手成立了全国运量最大的铁路、海外集装箱联运站,实现了运输行业从单一经营向现代物流经营发展跨越,1997年,青铁分局在填补计划亏损3.1亿元的基础上,实现盈利2800万元。(李仲春)",title_length
19980206-02-014,"本报讯承担向超市配送任务的北京市朝阳副食批发总公司,1997年打国产名牌见成效,全年经销、代理大项类品牌30多个,其中国产名酒销售4500万元,北京产绿宝、金龙鱼等精炼油销售近1亿元。(林文)",title_length
19980206-02-015,"本报讯湖南益阳乐达电梯工程股份有限公司靠质量和售后服务赢得用户,对每一台电梯产品都实行从生产到安装、维修、养护的一条龙服务。公司设在各大城市的维修网点定期对电梯进行保养,实行24小时服务。(国安)",title_length
19980206-02-016,"本报讯湖北东风金狮轮胎有限公司日前通过质量体系(ISO9002)认证。该公司的全部产品先期通过了国家轮胎委员会的质量认证,这次质量体系认证,旨在从原材料采购、生产工艺、销售等诸多方面采用国际标准规范管理程序,从每一个环节上保证产品质量。(刘必奎)",title_length
19980206-03-001,贯彻落实中纪委二次全会精神高检部署反腐败工作,no_topic
19980206-03-002,扩大对外开放增进睦邻友好万里边疆铺就和平路,no_topic
19980206-03-003,开门请群众评警登门为群众服务烟台莱山民警言行举措见真情,no_topic
19980206-03-004,谨防“门面”工程,no_topic
19980206-03-005,空军航空用油全部国产化初步建成现代化油料供应保障体系,no_topic
19980206-03-006,丹心筑大道——记优秀共产党员、山西绛县交通局局长王英民,no_topic
19980206-03-008,鸭绿江遇特大冰灾边防官兵破冰排险,no_topic
19980206-03-009,喜看太仓新姿(图片),short_body
19980206-04-001,可喜的转变,no_topic
19980206-04-002,未来一周天气趋势,no_topic
19980206-04-003,不法分子制售毒酒朔州19人中毒死亡,no_topic
19980206-04-004,中央亲切关怀领导组织得力各方大力支援,no_topic
19980206-04-005,钱其琛与奥尔布赖特通话强调中方不赞成对伊使用武力,no_topic
19980206-04-006,布赫会见莫桑比克客人,short_body
19980206-04-007,明天气象预报(2月6日20时—2月7日20时),no_topic
19980206-04-008,铜版《中华人民共和国地形全图》发行,no_topic
19980206-04-009,圆明园成功举办首届春节游园活动,no_topic
19980206-04-010,贫困山区义诊(图片),short_body
19980206-04-011,文明新风遍神州(附图片3张),no_topic
19980206-04-013,江苏大批青少年扶贫济困助万家,no_topic
19980206-04-014,下岗女工再创业成为一名新党员,no_topic
19980206-04-015,博茨瓦纳、吉尔吉斯斯坦外长将访华,short_body
19980206-05-001,警惕『污老虎』转移,no_topic
19980206-05-006,《少男少女》杂志成为青少年知音,no_topic
19980206-05-007,初一到初七半价酬戏迷长安大戏院让百姓叫好,no_topic
19980206-05-008,图片新闻,title_length
19980206-05-012,板蓝根与油菜杂交成功,no_topic
19980206-05-014,非焦油聚氨酯防水涂料面世,short_body
19980206-05-015,"据新华社西安2月5日电(记者王兆麟)陕西省规模最大的古建筑群———华山西岳庙的考古发掘获得重要成果,发现了隋唐的外围墙,以及明清的内城墙、寝宫、角楼等重要建筑基址,基本探明了隋唐时期的建筑规模、形制,以及历代修建的基本情况。",title_length
19980206-05-016,"据新华社南京2月5日电江苏省镇江古城考古所日前在市区医政路金田工地,发现一处1400多年前萧梁时期的铸钱泥范堆积。这个铸钱遗迹是在深约5米的南朝文化地层中发现的。所出土的“梁五铢”和“公式女钱”泥范碎片堆积厚近1米,广达数百平方米。",title_length
19980206-05-017,"本报讯不久前,经湖南省教委批准,原岳阳市富岳外国语学校正式更名为湖南富岳外国语专修学院。这所学校是三年前由日本富岳董事会和中国富岳董事会董事长张进伟共同投资创办的。(胡锡军甘大孟)",title_length
19980206-05-018,"据新华社贵阳2月5日电(周芙蓉)贵州省雷公山自然保护区为增加森林及珍稀树种后备资源,加大科研力度,人工繁育珍稀树种秃杉、红豆杉获得成功。如今,已累计采收秃杉种子500公斤,向外地林业科研院所和园林部门提供秃杉种子400公斤,育成秃杉苗20亩,建成秃杉林基地近千亩;繁育成功红豆杉苗1亩,已出苗2万多株。",title_length
19980206-05-019,"本报讯记者申明河报道:一套集实用性、知识性、趣味性于一体的《漫游世界指南》丛书,日前由辽宁教育出版社出版。这套丛书介绍了泰国、法国、澳大利亚、日本、美国等十个国家的政治经济、历史地理、文化教育、科技体育等。",title_length
19980206-06-001,山雨欲来,title_length
19980206-06-002,中国对伊危机深表关注萨达姆赞赏法国新建议,no_topic
19980206-06-003,海湾战云密布(附图片1张),no_topic
19980206-06-004,李岚清与拉托会谈强调中国重视发展与西经贸关系(附图片1张),no_topic
19980206-06-006,叶利钦将保护两位第一副总理,no_topic
19980206-06-007,桥本会见迟浩田,no_topic
19980206-06-008,美国记者添乱,no_topic
19980206-06-009,捷克人呼吁恢复死刑瑞典人半数赞成死刑,no_topic
19980206-06-010,美国务院要求国会批准美中和平利用核能协定,no_topic
19980206-06-011,"越南外交部发言人四日批评美国国务院最近发表的人权报告,指出美国无权把其人权观强加于他国。美国国务院一月三十一日发表的人权报告用十二页的篇幅指责越南『违反人权』。越南外交部发言人就此指出,美国这样做『违背国际关系的基本准则』,『美国政府没有关于人权的仲裁权,也无权把美国的人权观强加于其他国家。』",title_length
19980206-06-012,"孟加拉国政府四日就美国最近发表的人权报告中关于孟加拉国的部分向美方提出强烈抗议。孟外交秘书拉赫曼在召见美驻孟大使赫尔兹曼时说,美国的人权报告『充斥着错误、未经证实的传闻和似是而非的东西』。",title_length
19980206-06-013,"伊朗最高领袖哈梅内伊四日在德黑兰重申,伊朗不与美国会谈或建交。他强调,伊朗决不屈服于美国。据德黑兰电台报道,哈梅内伊在一次专家会议上发表讲话说,即使伊朗同美国建交,美国也不会满意,除非伊朗屈从于它。",title_length
19980206-06-014,"伊朗副总统埃卜特卡尔四日在德黑兰重申,伊朗不承认以色列,不与以色列政府进行任何接触和对话。埃卜特卡尔在记者招待会上说,伊朗也有犹太人,伊朗尊重犹太少数民族,但决不承认『犹太复国主义』的以色列政权。(据新华社电)",title_length
19980206-06-015,"俄罗斯联邦政府总理切尔诺梅尔金不久前致信罗马尼亚总统康斯坦丁内斯库,表示希望『不仅发展两国的双边关系,而且共同参加东南欧和黑海地区的合作』。俄总理邀请罗总理乔尔贝亚今年春天访俄。(本报专电)",title_length
19980206-07-001,东亚经济传真韩国内市场萎缩印尼通胀率上升,no_topic
19980206-07-002,墨西哥实施跨世纪新战略,no_topic
19980206-07-003,菲经济困难中见希望,no_topic
19980206-07-004,本次厄尔尼诺四月结束,no_topic
19980206-07-005,陨石碎片揭秘密地球之前有生命,no_topic
19980206-07-006,维加岛出土恐龙化石南极洲远古连接大陆,no_topic
19980206-07-007,泰国校园内的争议(图片),short_body
19980206-07-008,中华五千年文明展在美举办,no_topic
19980206-08-001,红红火火过大年——庆新春新闻摄影比赛作品选(附图片5张),short_body
19980206-08-003,冬奥会全球大合唱(亚洲部分)将在中国举行,review: 音乐演唱活动与冬奥交叉
19980206-08-004,下届冬奥会拟增设赛项,short_body
19980206-08-005,五星红旗升起选手村中国健儿潜心调状态(附图片2张),no_topic
19980206-08-006,长野撷趣,title_length
19980206-08-009,"新华社北京二月五日电捷克女子撑竿跳高名将巴尔托娃,四日在德国爱尔福特举行的国际田径赛上,创造了四米四一的女子室内撑竿跳高世界纪录。",title_length
19980206-08-010,新华社罗马二月三日电(记者刘儒庭)肯尼亚长跑选手今天在西西里岛卡塔尼亚市包揽了第三十七届『圣塔加塔』国际长跑赛的前三名。,short_body
19980206-08-011,"据新华社赫尔辛基二月四日电(记者郑焕清)坦佩雷国际室内田径赛今晚在芬兰第三大城市坦佩雷市举行。参加这次比赛的有十九个国家和地区的一百三十余名选手,其中不乏世界田径明星。",title_length
19980206-09-003,专家点评不拘一格说长论短直抒胸臆为三台舞剧做“体检”,no_topic
19980206-09-004,谁是中国未来的服装大师,no_topic
19980206-09-006,羊鸣过年不忘官兵,no_topic
19980206-09-007,往来无白丁(图片),short_body
19980206-10-001,京城观众争看《变脸》(附图片2张),no_topic
19980206-10-003,我就是那个黄宏(附图片1张),no_topic
19980206-10-004,报春奇葩第一枝(附图片1张),no_topic
19980206-10-006,《男人兵阵》对你说(附图片1张),no_topic
19980206-10-007,舞出长白春风(附图片1张),no_topic
19980206-11-001,延安牡丹,title_length
19980206-11-002,贺年卡,title_length
19980206-11-003,门前“镜”,no_topic
19980206-11-004,江城雪韵,title_length
19980206-11-005,读画随想,title_length
19980206-11-006,『陈奂生』进京,no_topic
19980206-12-001,春节忆旧,title_length
19980206-12-002,走不完的街(附图片1张),no_topic
19980206-12-003,灵感来时,title_length
19980206-12-004,聚,title_length
19980206-12-005,“褐木庐”主人,no_topic
19980206-12-006,机遇(漫画),short_body
19980207-01-001,第九届全国人大代表全部选出,no_topic
19980207-01-002,总书记牵挂山西朔州假酒案受害群众,no_topic
19980207-01-004,李鹏主持各民主党派中央、全国工商联负责人和无党派人士座谈会,no_topic
19980207-01-005,李鹏总理将访俄出席中俄总理定期会晤并访问卢森堡和荷兰,no_topic
19980207-01-006,西班牙首相会见李岚清(附图片1张),no_topic
19980207-01-007,应江泽民主席邀请也门共和国总统将访华,short_body
19980207-01-008,《周恩来与云南》一书出版,no_topic
19980207-01-009,大型纪录片《丰碑》将上映江泽民题写片名,no_topic
19980207-01-011,"中国科技大学教授与澳大利亚国立大学格伦博士经过3年的合作研究,用电子自旋共振测年新技术测定,我国发现的最早直立人元谋猿人化石埋藏年龄距今为150万至160万年之间。这个结果表明,元谋猿人生存年代与世界著名的非洲肯尼亚图尔卡纳猿人十分接近,同属于早期直立人。",title_length
19980207-01-012,"由浙江大学生物科学系钱凯先教授带领的课题组与杭州蓝亿健公司合作,经过多年努力,在国际上率先人工培育成功盐泽螺旋藻,为我国螺旋藻的开发利用提供了新的资源。螺旋藻含有人体不能合成而又必须的多种氨基酸、藻多糖和维生素等,具有极高的食用和药用价值。",title_length
19980207-01-013,"“国家水稻工程”四大难题招标攻关取得阶段性成果,其研究水平居国际领先地位。这些成果包括中国水稻研究所、浙江省农科院、湖南省农科院育成的中优早5号、浙9521、浙935、湘早籼9号等一批优质早籼良种,湖南省农科院选育出的高蛋白饲料早籼稻等。(均据新华社电)",title_length
19980207-02-001,首都专家学者评美国人权报告反对利用人权干涉中国内政,no_topic
19980207-02-002,力主和平解决争端--中国积极努力寻求政治解决伊拉克危机,no_topic
19980207-02-003,培养数以亿计高素质劳动者(附图片1张),no_topic
19980207-02-004,明天气象预报(2月7日20时—2月8日20时),no_topic
19980207-02-005,钱其琛会见俄罗斯副外长,no_topic
19980207-02-007,内地鸡只重返香港市场首批恢复供港活鸡启运,no_topic
19980207-02-008,山西假酒案侦破取得进展,no_topic
19980207-02-009,现场短新闻征文揭晓,no_topic
19980207-03-001,他们希望了解中国,no_topic
19980207-03-002,李岚清会见西外交大臣双方积极评价两国关系(附图片1张),no_topic
19980207-03-004,克林顿:伊应承担冲突责任萨达姆:做好抗击侵略准备(附图片1张),no_topic
19980207-03-005,《金日成全集》第19卷出版,short_body
19980207-03-006,金钟泌说韩不同台湾发展官方关系,no_topic
19980207-03-008,伊拉克武器核查危机大事记,no_topic
19980207-03-009,美人鱼雕像案涉嫌盗窃像头丹麦影师被捕,no_topic
19980207-03-011,迟浩田参观日本自卫队基地和军校,no_topic
19980207-03-012,李岚清向西工商界发表讲话看望我驻西使馆和中资机构人员,no_topic
19980207-03-013,"俄罗斯外交部新闻司司长塔拉索夫五日批评美国国务院最新的人权报告有关俄罗斯部分充满未经证实的事例,没有考虑到俄罗斯民主发展的进程。塔拉索夫在新闻发布会上指出,同以往的人权报告一样,美国最近这份人权报告破绽百出,其中有关俄罗斯人权状况的评价和分析完全是根据美国的法律、实践做出的。",title_length
19980207-03-014,"缅甸政府六日批评美国国务院关于缅甸的人权报告是『老调重弹』和『天真的想象』。缅甸官方当天发表的一份公报说,美国对缅甸的政策是将和平演变的企图转变成对缅甸实行制裁和施压。公报指出,美国总是虚伪地把人权和民主作为武器,不断散布捏造、夸大和错误的消息,败坏它要攻击的国家的形象。",title_length
19980207-03-015,"美国南加州华人华侨在得知中国张家口地区发生地震之后,陆续前往中国驻洛杉矶总领事馆捐款,目前捐款数额已经达四点二万多美元。向灾区捐款的侨团中有洛杉矶中山亭侨界、南加州福建同乡会、南加州侨界、圣迭戈侨界。还有许多侨胞和留学生以个人名义向灾区捐了款。在南加州的华人华侨和留学生纷纷表示,他们希望通过捐款的形式表达对灾区人民的一片心意。(据新华社电)",title_length
19980207-03-016,"本报讯与中国政府有着二十五年友好合作历史的加拿大北方电讯公司一月十四日决定:向河北省张北地震灾区捐款人民币四十万元,其中二十万元用于协助当地邮电部门恢复地震中受损的通信设施;向当地邮电部门提供移动电话二十部,以解决受灾地区通信问题;并迅速组织北电慰问团,将公司捐款捐物及时送交当地民政局及有关部门,向灾区人民转达北电全体员工的问候。(段)",title_length
19980207-04-002,霍顿第一印象,no_topic
19980207-04-005,就四川男排张翔违规在日参赛中国排协作出处罚决定,no_topic
19980207-04-006,"“飞人”乔丹说:“教练走,我也走”",no_topic
19980207-04-009,小棋手(图片),short_body
19980207-05-002,彻底的实践品格--『邓小平理论风格』系列谈之二,no_topic
19980207-05-003,实施资源有偿使用制度,no_topic
19980207-05-004,在工作中坚持群众路线,no_topic
19980207-05-006,《井冈山革命根据地全史》余伯流陈钢著江西人民出版社出版,no_topic
19980207-05-007,《西部经济崛起之路》陈栋生魏后凯陈耀著上海远东出版社出版,no_topic
19980207-06-001,叩访花明楼,no_topic
19980207-06-002,被温暖照亮,no_topic
19980207-06-003,永远的凭吊,no_topic
19980207-06-004,火的赞美诗,no_topic
19980207-06-005,乡间,title_length
19980207-06-006,香港的街市,no_topic
19980207-07-001,希望的春潮,no_topic
19980207-07-002,河西走廊鱼水情(图片2张),short_body
19980207-07-003,五位清廉女法官,no_topic
19980207-07-004,“为女性争光”——记浙江省玉环县县长诸葛彩华,no_topic
19980207-07-005,枕边当吹廉正风,no_topic
19980207-07-006,阿姨赛妈妈(图片),short_body
19980207-07-008,爱美(附图片1张),no_topic
19980207-08-001,一切为了平安年(图片4张),no_topic
19980207-08-002,『厂法』当从国法,no_topic
19980207-08-003,创造『零』的奇迹,no_topic
19980207-08-004,何谓铁路安全运营事故罪,no_topic
19980207-08-005,中央电台起诉著作侵权,no_topic
19980207-08-006,独特的交通乐章——大连推进城市交通管理现代化纪实,no_topic
19980207-08-007,广东省佛山市公安机关大力开展“扫黄禁赌”行动(图片),short_body
19980207-08-008,我们信赖一一○,no_topic
19980207-08-009,"本报讯由王凤垒主编的《刑事办案必读》一书,近日由法律出版社出版发行。该书以修改后的《刑事诉讼法》为依据,系统而全面地论述了关于办理刑事案件的经典、原理与程序,条理清楚,用语规范,内容翔实,便于理解掌握和实际操作,具有很强的实用性,是司法、法学教育、科研工作者理想的参考与工具书。",title_length
19980207-08-010,"本报讯为制止社会向企业乱伸手,湖南省华容县检察院为30家企业悬挂“企业合法权益重点保护单位”的牌匾,依法保护企业合法权益。近3年来,共帮助企业审查重大经济合同130份,为其挽回直接经济损失200多万元。",title_length
19980207-08-011,"本报讯山东景阳冈酒厂诉山东景芝酒业股份有限公司、聊城糖酒站商标侵权纠纷一案日前由山东省聊城地区中级人民法院一审审结。经查,被告景芝酒业公司使用的带有『武松打虎图』的景阳春酒包装、装潢构成对原告山东景阳冈酒厂注册商标专用权的侵犯。一审判决被告景芝酒厂停止在其生产的景阳春系列白酒的瓶贴和外包装、装潢上使用『武松打虎图』,并赔偿原告景阳冈酒厂经济损失九百三十六点九九七万元。(辽发)",title_length
19980208-01-001,上下战春旱全力保粮丰吉林紧急动员安排备耕生产,no_topic
19980208-01-003,送科技到农户(图片),short_body
19980208-01-004,纪念周恩来同志诞辰100周年,no_topic
19980208-01-005,国家工商局发出紧急通知严厉打击制售假酒等违法行为,no_topic
19980208-01-006,山西省委召开常委扩大会,no_topic
19980208-01-007,朔州假酒中毒者绝大多数治愈出院,no_topic
19980208-01-008,走向21世纪走向人类美好明天,no_topic
19980208-01-009,编者的话,title_length
19980208-01-010,华西新春新事多,no_topic
19980208-01-011,活鸡进港第一天,no_topic
19980208-01-012,现场短新闻征文启事,no_topic
19980208-02-001,我国务院宗教事务局局长在美举行记者招待会批驳美国务院人权报告,no_topic
19980208-02-002,阿富汗发生强烈地震,no_topic
19980208-02-003,加大改革力度调整经营战略我国物资行业去年减亏幅度达19%,no_topic
19980208-02-005,郑州纪念“二七”大罢工75周年,no_topic
19980208-02-006,明天气象预报(2月8日20时—2月9日20时),no_topic
19980208-02-007,董建华表示香港特区政府关心工友权益,no_topic
19980208-02-008,北图:实行“全年候”服务(附图片1张),no_topic
19980208-02-009,北京内蒙古查获山西假酒,no_topic
19980208-02-011,台商对祖国大陆投资增大,no_topic
19980208-02-013,鲸鱼搁浅海南之谜有初解天气突变为主要原因,no_topic
19980208-02-014,传授专业知识(图片),short_body
19980208-02-015,香港举行红线女从影50周年纪念展,no_topic
19980208-02-016,"黎巴嫩真主党游击队和以色列军队七日凌晨在黎南部『安全区』内发生激烈冲突,造成双方人员两死八伤。据当地电台报道,在『安全区』西段发生的这场冲突中,以色列军队和黎巴嫩真主党游击队动用大炮和火箭炮等重武器互射对方阵地,一名以色列士兵和一名黎巴嫩游击队员在冲突中丧生,三名以色列士兵和四名黎巴嫩游击队员受伤。同时,双方在『安全区』中段也发生激烈战斗,有一百五十多发炮弹击中了周围村庄。",title_length
19980208-02-017,"菲律宾救援人员七日在南部东米萨米斯省飞机坠毁的山区继续寻找遇难者尸体和飞机上的『黑匣子』,但是由于大雾,救援工作进展十分缓慢。六日救援人员已发现了四十六具遇难者尸体。七日发现的尸体大多残缺不全,死者数目难以确定。救援人员说,目前已有十三袋残缺不全的尸体运往附近的卡加延德奥罗市由专家确定身份。",title_length
19980208-02-018,"美国总统克林顿在他刚刚提交国会的一九九九年度的预算方案中,要求拿出七百八十二亿美元用于军用和民用科学技术研究。这比一九九八年度的科研预算增加了约二十亿美元,增幅将近百分之三。(据新华社电)",title_length
19980208-03-001,重访科威特,no_topic
19980208-03-003,想家的时候......,no_topic
19980208-03-004,裴多菲之死及其它,no_topic
19980208-03-005,穆斯林设计的犹太教堂(附图片1张),no_topic
19980208-03-006,名城与名人(附图片2张),no_topic
19980208-04-001,吴金印先进模范近如何(3)(附图片1张),no_topic
19980208-04-002,吴天祥先进模范近如何(3)(附图片1张),no_topic
19980208-04-003,公举东(先进模范近如何(3))(新闻追踪)(附图片1张),no_topic
19980208-04-004,白雪洁先进模范近如何(3)(附图片1张),no_topic
19980208-04-005,徐洪刚先进模范近如何(3)(附图片1张),no_topic
19980208-04-006,突出重点从严查处新疆制止奢侈浪费动真格,no_topic
19980208-04-007,合肥公路春运『黑车』多,no_topic
19980208-04-008,杭州出现新时尚鲜花俏鸟送亲朋,no_topic
19980208-04-009,城市增新景休闲添去处青岛海滨旅游大道引人驻足,no_topic
19980208-04-010,一句询问救人一命天津青年女医师刘津受表扬,no_topic
19980208-04-013,新春备耕忙(图片),short_body
19980208-04-014,招标竞价择优定点河北减少行政费用有实招,no_topic
19980209-01-001,四川科教兴农结硕果科技对农业增长贡献率近四成,multiple_topics
19980209-01-003,图片新闻,title_length
19980209-01-004,抓基础抓基层抓基地抓典型江苏精神文明建设城乡联动,no_topic
19980209-01-005,湖南表彰见义勇为先进个人,no_topic
19980209-01-006,身先士卒抢救伤员,no_topic
19980209-01-007,针头线脑何处寻,no_topic
19980209-01-008,河北省委省府联席会议研究张家口震区建设,no_topic
19980209-01-011,李岚清结束访问西班牙前往比利时,no_topic
19980209-01-013,"据统计,截至今年1月底,北京市移动电话用户已突破70万户。全市平均每百人拥有移动电话6部,普及率居全国各省、市、自治区之首。目前北京电信移动电话网的容量为76万门,已建成基站360多个,网络覆盖整个北京地区,并实现了与全国30个省、市、区的联网,以及与澳门、新加坡、芬兰、德国等13个国家和地区的联网自动漫游。",title_length
19980209-01-014,"8日组建的上海中东实业投资股份有限公司宣布,近期内将推出国内第一代绿色环保型植物纤维快餐盒。产品采用稻草、麦秸、甘蔗渣等农作物纤维为原料,原料来源广、成本低,市场承受能力强,农业资源能得到综合利用,且生产过程不产生污染。快餐盒在使用后可通过生物分解或风化降解。降解后能养田沃土,收集起来还可作牲畜饲料。",title_length
19980209-01-015,"河南省目前共有467万职工参加社会养老保险,解除了大部分职工的后顾之忧。现在河南省城镇企业参加养老保险统筹的有21617户,覆盖面达80·23%,其中国有企业达98%;参加基本养老保险的在职职工388万名,离退休职工79万名,建立个人账户率达95·3%。(均据新华社电)",title_length
19980209-02-001,联姻联出新天地--来自乡镇企业的报道之三,no_topic
19980209-02-002,管理培训工程座谈会提出培养管理人才提高企业素质,no_topic
19980209-02-003,纺织压锭全面铺开,no_topic
19980209-02-004,养狐大王已成名美发美容客满庭城里职工就农摊有心处处皆门径,no_topic
19980209-02-005,社会办公交——佳木斯市公共交通改革记事,no_topic
19980209-02-006,中国社会发展事业取得长足进展社会发展目标应作为发展政策的核心,no_topic
19980209-02-007,冰熊冷柜不断优化产品结构,no_topic
19980209-02-009,曲周先售后股搞活企业,no_topic
19980209-02-010,吴仪在全国对外经济贸易工作会上要求克服困难完成今年外经贸任务,no_topic
19980209-02-011,现货仓单市场座谈会举行,no_topic
19980209-03-001,两岸政治谈判势在必行,no_topic
19980209-03-002,动真情见实效哈尔滨领导扶贫『大包干』,no_topic
19980209-03-004,奉献在蓝天——记中国国际航空公司“金凤”乘务组,no_topic
19980209-03-005,扬子江药业集团“两手抓”花开并蒂“双文明”同结硕果,no_topic
19980209-03-006,月浦换新颜,no_topic
19980209-03-007,哪里有困难哪里就有党员干部西藏各级干部深入一线战胜雪灾,no_topic
19980209-03-008,堵源治本打防结合东营警方献力油区治安,no_topic
19980209-03-009,光棍娶娇娘(图片),no_topic
19980209-03-010,高级工程师--何乃明(图片),short_body
19980209-04-001,金孔雀彩云飞——记云南航空公司,no_topic
19980209-04-002,不信陋习不能除,no_topic
19980209-04-003,图片新闻,title_length
19980209-04-004,博茨瓦纳外长抵京,no_topic
19980209-04-005,明天气象预报(2月9日20时—2月10日20时),no_topic
19980209-04-006,纳西古乐进北京,no_topic
19980209-04-007,雄森熊虎山庄添“虎丁”,no_topic
19980209-04-008,常委会上的“大广告”,no_topic
19980209-04-009,让特困老党员安度晚年海安实施『夕阳工程』,no_topic
19980209-04-010,《简明华夏百科全书》出版,no_topic
19980209-04-011,新疆去年三十五万多人脱贫,no_topic
19980209-04-012,永丰千名干部下乡结对扶贫,no_topic
19980209-04-013,万人帮户结对扶贫鲁山一年脱贫8万人,no_topic
19980209-05-002,“护心天使”的微笑——记成功打入国际市场的纯中药天士力复方丹参滴丸,no_topic
19980209-05-004,“三下乡”要真心实意,no_topic
19980209-05-005,《现代汉语规范字典》问世,no_topic
19980209-05-007,广西举办各族青少年百米书画迎新春活动(图片),short_body
19980209-05-009,冬小麦旺长怎么办专家建议:推广壮丰安控制旺长,no_topic
19980209-05-010,香河建成大型致冷器生产企业,no_topic
19980209-05-011,压担子才能出成果,no_topic
19980209-05-012,《三三医书》以新面目出版,no_topic
19980209-06-001,源远流长的友谊--越南纪行,no_topic
19980209-06-002,伊拉克武器核查危机最新动态,no_topic
19980209-06-003,叶利钦强调多极世界是最明智的选择,no_topic
19980209-06-004,罗总理谈改革计划,no_topic
19980209-06-005,巴西印尼多哥政府严正指出美国人权报告歪曲事实,no_topic
19980209-06-007,亚美尼亚纳卡争端引发震荡总统议长双双挂冠,no_topic
19980209-06-008,阿反恐怖将进入新阶段,no_topic
19980209-06-009,美将公布在意飞机肇事真相,no_topic
19980209-06-010,"由利比亚总统卡扎菲召集的非洲小型首脑会议于五日在的黎波里闭幕。利比亚、苏丹、乍得、尼日尔、马里、埃及和布基纳法索等八个非洲国家的元首、政府首脑或其代表出席了会议。会议结束时签署了一项建立沿海和沙漠国家联盟的协议,该联盟的宗旨是加强有效合作,迎接世纪挑战。会议根据卡扎菲的建议,研究和讨论了该地区国家所关心的有关加强合作和实现非洲大陆一体化的问题。会议选举卡扎菲为联盟首任主席。(本报专电)",title_length
19980209-06-011,"日本首相桥本龙太郎七日在为日本北方领土日发表的讲话中表示,要全力以赴解决北方领土问题。二月七日是日本的『北方领土日』。今天在东京的九段会馆举行了日本全国第十八次要求归还北方领土大会。内阁官房长官村冈兼造在大会上致辞时说,为支持政府解决北方领土问题,动员国民舆论显得越来越重要。",title_length
19980209-06-012,"泰国外长素林·比素万日前说,印度尼西亚支持泰国为解决柬埔寨冲突问题所作的努力。素林是七日同在曼谷作短暂停留的印度尼西亚外长阿拉塔斯在曼谷机场举行会谈后说这番话的。泰国目前正在为打破柬埔寨僵局而争取东盟国家的外交支持。自去年七月以来,柬埔寨政府军和支持拉那烈亲王的武装不断在柬泰边境地区进行战斗。",title_length
19980209-06-013,"据土耳其《国民报》八日援引土耳其政府人士的话说,一旦美国对伊拉克动武,土耳其将采取『人道主义支持行动』,派军队进入伊拉克北部纵深十五公里,在那里建立『人道主义支持中心』,即『安全地带』,以阻止伊拉克库尔德难民涌入土耳其境内。",title_length
19980209-06-014,"几内亚比绍军队七日开始销毁地雷,并于当天在离首都二十多公里的苏鲁销毁了二千三百个地雷和反坦克雷。几内亚比绍是根据去年十二月在加拿大首都渥太华签署的关于禁止制造和使用地雷的国际条约开展销毁地雷活动的。几内亚比绍是该条约的一百多个签字国之一。(据新华社电)",title_length
19980209-07-002,亚洲出口形势依然严峻,no_topic
19980209-07-003,勒庞吹口哨壮胆,no_topic
19980209-07-005,图片新闻,title_length
19980209-07-007,美国保护核武库安全开发新一代深蓝,no_topic
19980209-07-008,厄尔尼诺造孽珍稀海龟减少,no_topic
19980209-08-003,中国冰雪选手及时小结以利再战,no_topic
19980209-08-004,达尼洛娃苦尽甜来(附图片1张),no_topic
19980209-08-006,达文波特击败欣吉斯摘取东京女网赛桂冠,no_topic
19980209-08-007,两项田径世界纪录被改写,short_body
19980209-08-009,香港举办三人街头篮球赛(图片),short_body
19980209-09-001,截流有尽时治黄无穷日--小浪底工程访谈录,no_topic
19980209-09-002,再就业怎么抓,no_topic
19980209-09-003,中式快餐快点走!,no_topic
19980209-09-004,是质量事故?还是人为引爆?蹊跷压力锅,no_topic
19980209-09-005,承诺三戒,title_length
19980209-09-006,喜迎元宵(图片),short_body
19980209-09-007,买枚火箭办旅游(图片),short_body
19980209-09-008,辞官弃商去务农(图片),no_topic
19980209-10-001,组建“航空母舰”券商的必然选择,no_topic
19980209-10-002,债券的风险一般要小于股票(附图片1张),short_body
19980209-10-006,存款准备金,no_topic
19980209-10-007,蓬勃发展的天津港保税区(图片),short_body
19980209-10-010,沪市上月上涨前五名(%),short_body
19980209-10-011,沪市上月下跌前五名(%),short_body
19980209-10-012,深市上月上涨前五名(%),short_body
19980209-10-013,深市上月下跌前五名(%),short_body
19980209-11-001,全国六百家大中型商场家电销售情况调查表明国货名牌称雄,no_topic
19980209-11-002,看不起VCD,no_topic
19980209-11-003,儿童食品令人忧,no_topic
19980209-11-004,工农携手创名牌,no_topic
19980209-11-005,进口啤酒优势渐弱,no_topic
19980209-11-006,“陌生拜访”掌握火候,no_topic
19980209-11-007,书店不仅仅是售书(编辑点评)(附图片4张),no_topic
19980209-11-008,都省事(图片),short_body
19980209-11-009,"△北京对外资企业实行联合年检。自1998年元月1日起至4月30日,北京市外经贸委、工商局、海关、外汇管理局等8个部门将对500余家外商投资企业的出资、生产经营、财务、外汇、进出口等方面状况进行联合年检。",title_length
19980209-11-010,"△辽宁引资添新招。辽宁选择出一大批大型企业实行委托租赁经营,提供给国外和港、澳、台地区的大财团、大企业进行承包或租赁经营,海外投资者可利用该省现有的4000多亿元的存量资产搞合资合作。此外该省还欢迎外国政府及香港特区金融机构提供贷款,直接参与老工业基地改造调整,使海外投资者参资购买辽宁企业将要上市的B股和H股。",title_length
19980209-11-011,"△深圳市政府发布《关于对在深外商投资企业和在深外籍人员逐步实行国民待遇的通知》。通知适度放开外商投资企业自产产品内销市场,对在深外商统一有关服务标准。在深外资企业向有关部门报批后,可以根据已核准的内外销比例订生产合同。据统计,实行国民待遇后,外资企业用电价格由每千瓦时0.98元降为现在的每千瓦时0.88元。仅此一项,深圳市今年就减少电费收入3.5亿多元。",title_length
19980209-11-012,△上海最近出台《关于规范娱乐业价格行为的暂行办法》。规定娱乐业的商品价格和收费标准由经营者自主制定。不同等级娱乐场所的价格必须保持合理的等级差价。经营者制定的商品价格和服务收费标准超过同一地区、同一时间、同一档次、同一商品价格水平一倍的属牟取暴利行为。(本报新闻信息中心供稿),title_length
19980210-01-001,领导班子清醒灵敏严格管理镇海炼化公司效益连上新台阶,no_topic
19980210-01-002,原中顾委常委、中央军委原常委王平同志在京逝世(附图片1张),no_topic
19980210-01-003,李鹏接见邮电管理局长会议代表时指出,no_topic
19980210-01-004,李鹏接见外经贸工作会和先进表彰会代表强调,no_topic
19980210-01-005,图片新闻,title_length
19980210-01-006,开始对比利时正式访问李岚清抵布鲁塞尔,no_topic
19980210-01-007,胡锦涛会见韩国客人,no_topic
19980210-01-008,工商局7个工作组赴假酒流散地区检查,no_topic
19980210-01-011,"中国管理科学院牛黄培植研究中心经过十余年的开发研究,获得三项突破性成果。牛黄是一种珍贵药材,从出产到充分利用都有很大开发余地。由陈裕容研究员主持的这项研究首先在培育、提纯第八代牛黄菌种上取得重大突破。第八代菌经人工植入牛胆后,十八个月左右即形成可取用的优质牛黄,大大缩短了牛黄生成的时间。(据新华社)",title_length
19980210-01-012,"截至目前,在深圳投资的台商已达到2400多家,注册资本总额超过20亿美元,涉及轻工、电子、塑料制品、玩具等行业。全市台商企业进出口贸易总额已达50亿美元。经深圳口岸入出境的台胞人数达130万人次,占全国入出境台胞总数的60%以上。(王楚)",title_length
19980210-01-013,"四川星澳牛业公司从澳大利亚引进的一千二百头种牛,近日全部从北海码头上岸。据悉,这次我国首批逾千头引进国外种牛,标志着我国肉牛养殖向集约化迈进了一大步。据基地负责人介绍,目前这批种牛已进入经国家批准、基地在北海建立的标准检疫场,待经过四十天的隔离检疫后再启运四川。(据新华社)",title_length
19980210-02-001,"名牌,振兴的必由之路--来自乡镇企业的报道之四",no_topic
19980210-02-003,图片新闻,title_length
19980210-02-004,『冻结』促进了用地方式转变,no_topic
19980210-02-005,中杏酒厂被查封(图片),short_body
19980210-02-006,海口兴建海洋旅游项目,short_body
19980210-02-007,我国积极发展家用摄录机生产,no_topic
19980210-02-009,别忙着铺摊子,no_topic
19980210-02-010,功夫下在现有企业解困上涿州扭亏增盈不铺新摊子,no_topic
19980210-02-011,闽西山区兴建高速公路,no_topic
19980210-02-012,"本报讯黑龙江牡丹江市从去年年初开始,组织万名机关、事业单位干部走出高楼,深入厂矿、商店,帮助特困企业办实事、解难题,使一批特困企业走出困境。春节前夕,全市将筹集的困难职工救济金674万元,发放到2.7万多名困难职工手中。(王增伟)",title_length
19980210-02-013,"本报讯到目前为止,福建省基本形成了以经济特区、沿海开放城市为先导,沿海、沿江、沿边、沿线和内地山区联动开放开发的新格局。截止到去年底,全省进出口总额达195亿美元;批准外资企业2127家,实际利用外资40亿美元。(赵鹏)",title_length
19980210-02-014,"本报讯广东省汕头市建安(集团)公司近日顺利通过有关部门专家的审核,成为粤东地区首家通过ISO9002质量体系认证的建筑企业。汕头市建安(集团)公司1996年被建设部定为第二批贯标试点单位之一。(侯伟生)",title_length
19980210-02-015,"本报讯北京汇珍楼日前通过ISO9004质量认证,达到国家特级餐馆标准。这家经营清宫廷菜品的餐馆,通过制订、实施《质量手册》,把每个工种质量程序和标准落实到岗位和个人。(林文)",title_length
19980210-02-016,"本报讯截至1月28日,山东济宁电业局实现安全生产2000天,创建局32年以来的历史最高纪录,保持在全国变电容量百万千伏安以上供电企业领先水平。被评为全国安全生产先进单位。(郑文)",title_length
19980210-02-017,"福州市以安居工程为住宅业发展的龙头,3年建成安居住宅65.5万平方米,为8600多户居民解决了住房困难。据统计,目前福州已完成国家下达安居工程建设规模的86.8%,已出售或预售安居住宅68万平方米,共回收资金6.1亿元。(据新华社)",title_length
19980210-03-002,解除“蓝天卫士”后顾之忧各地积极为空军部队办实事,no_topic
19980210-03-003,再婚现象增多,no_topic
19980210-03-004,帮群众脱贫致富促边疆繁荣稳定云南省军区支援地方扶贫攻坚,no_topic
19980210-03-006,话说『精神贿赂』,no_topic
19980210-03-007,围绕中心服务大局大同为经济建设选拔优秀人才,no_topic
19980210-03-008,"党徽,在车厢闪光",no_topic
19980210-03-009,连续两年民主考核“不称职”浏阳市11名公务员被辞退,no_topic
19980210-03-010,"在大雪纷飞的隆冬,沈阳军区某部执行任务途中,班长为新战士嘘寒(图片)",short_body
19980210-03-011,"据新华社北京二月九日电(记者张钊)二十名优秀的基层政工干部日前分别被评为海军『十佳教导员』和『十佳指导员』,并被授予『舰连政工之星』荣誉奖章。这些基层政工干部常年工作在海军舰艇、高山、海岛、飞行第一线,是海军新一代基层政工干部的突出代表。",title_length
19980210-03-012,"本报讯北京市法医学鉴定委员会和精神病司法鉴定委员会日前成立。这两个鉴定委员会将承担刑事、民事等诉讼案件中的人身伤害法医学鉴定和精神病司法鉴定的重新鉴定工作;接受政法机关的委托,组织对重大、疑难案件的鉴定和咨询,并组织开展有关的学术研究活动。(梅玉兰牛爱民)",title_length
19980210-03-013,"本报讯近日,河南省焦作市军分区在全区开展『向特困干部献爱心、送温暖、捐款解困』活动,同时,向全区官兵、职工发出了为救助身患重病的干部家属郭海宽捐款的《倡议书》。军分区领导带头捐款,机关、直属队和各县(市、区)人武部官兵、职工纷纷响应,六天捐款八千四百余元,体现了人民军队大家庭的温暖。(徐斌战国庆佳)",title_length
19980210-03-014,"本报讯担负浙江千里铁路线治安保卫工作的杭州铁路公安处一千多名民警在春运期间全力以赴安全输送旅客一百八十多万人次,他们对已发现的一百六十七个火险治安隐患及时整改,先后查获旅客携带的易燃易爆危险品二千一百二十六件,有五百六十七人受到治安拘留和罚款。他们还狠狠打击各类犯罪和贩票活动,破获刑事案件五十六起。(李苏沈胜利)",title_length
19980210-03-015,"本报讯连续两年被河南省高级法院授予集体二等功的内黄县井店法庭,把民事审判与服务社会稳定有机地结合起来,坚持把『调解』当成民事案件的一种重要结案方式,使一大批民事纠纷得以妥善解决。据统计,十三年来,该庭共审结各类民事案件二千零八十四件,其中调解结案一千九百六十三件,调解率保持在百分之九十以上,总调解率达百分之九十四点一。(孙俊卿张峰)",title_length
19980210-04-001,全国救灾救济工作座谈会强调各地要高度重视灾民生活,no_topic
19980210-04-002,我国转基因羊研究获重大突破,no_topic
19980210-04-003,图片新闻,title_length
19980210-04-004,明天气象预报(2月10日20时—2月11日20时),no_topic
19980210-04-005,营造良好生活环境群策群力共渡难关西藏抗雪救灾转入第二阶段,no_topic
19980210-04-007,钱其琛同博茨瓦纳外长会谈,no_topic
19980210-04-008,金正日诞辰56周年朝鲜驻华大使举行电影招待会,short_body
19980210-04-009,“股份井”,no_topic
19980210-04-010,庆祝香港回归后第一个春节新华社香港分社举行新春酒会,no_topic
19980210-04-011,南京破获特大贩卖淫秽盗版光盘案,no_topic
19980210-05-001,请进来培训送出去深造禹州市东关村全面提高村民素质,no_topic
19980210-05-004,云南360名兔唇孤儿接受手术治疗,no_topic
19980210-05-005,增产与节水双管齐下绿色植物生长调节剂大面积推广,no_topic
19980210-05-006,华泰集团成功回收造纸草浆黑液碱,no_topic
19980210-05-007,图片新闻,title_length
19980210-05-010,冷门人物话冷门,no_topic
19980210-05-011,匈牙利乒坛宿将西多去世,short_body
19980210-05-012,"于淑梅,无需遗憾",no_topic
19980210-05-013,北京东城区人才市场开业,short_body
19980210-06-001,中国欧盟关系发展良好,no_topic
19980210-06-002,李岚清同比副首相会谈双方对中比关系表示满意,no_topic
19980210-06-003,容克首相接受中国记者采访时表示期待李鹏总理访问卢森堡,no_topic
19980210-06-004,伊呼吁阿拉伯世界阻止美动武,no_topic
19980210-06-005,俄力主和平解决伊危机,no_topic
19980210-06-006,安南推迟中东之行,no_topic
19980210-06-007,罗卖船『硕鼠』落法网,no_topic
19980210-06-009,伊朗向联合国呼吁放松对伊拉克制裁,no_topic
19980210-06-010,曼德拉批评美充当世界警察,short_body
19980210-06-011,迟浩田访问斐济,no_topic
19980210-07-002,东亚经济传真亚洲地产商从美撤资菲去年出口额有增长,no_topic
19980210-07-003,中华五千年文明艺术展在纽约开幕(图片),short_body
19980210-07-006,无籽茄子问世,short_body
19980210-07-007,蓖麻子生产避孕药,no_topic
19980210-07-008,"日本东京近来流感肆虐,许多中小学生因患流感而无法正常上课,一些学校也因此被迫停课。据东京都教育厅的统计,今年以来,仅东京都的公立学校累计就有6287个年级因许多学生患流感而停课。截至2月6日,东京都的公立幼儿园、小学和中学等已有12万多名学生患了流感。特别是1月下旬以来,患流感的学生人数急剧增加,仅2月3日就有1万多名学生因患流感不能上学。",title_length
19980210-07-009,"据斯洛伐克国家统计局日前公布的材料,与1996年相比,1997年斯洛伐克国内生产总值增长了6·1%,工业生产增长了2·5%,通货膨胀率降至6·4%。",title_length
19980210-07-010,"1997年,巴西同南方共同市场其他三个成员国的进出口贸易总额达到185亿多美元,比1996年的155亿美元增长了19·35%。据巴西工商旅游部日前公布的材料,1997年巴西向阿根廷、乌拉圭和巴拉圭的出口总额为90亿美元。",title_length
19980210-07-011,"蒙古农牧业与工业部近日发出呼吁,号召在全国范围内开展牲畜扶贫运动,实现牧者有其畜。(据新华社电)",short_body
19980210-07-012,"从2月2日起,外国人离开南非时可以携带金条回国。作为外汇管理放松的一个步骤,南非政府上个月决定允许矿业公司直接向外国人出售其产品。经银行同意,兰特炼金厂从2日起在约翰内斯堡、德班和开普顿三个国际机场的免税区经售金条。该炼金厂的销售经理不无幽默地说,购买数量不限,如果说有限量的话,那就是外国购买者的钱数和乘飞机的行李重量。(本报专电)",title_length
19980210-09-002,比肩先贤护水源--漓江上游行(下),no_topic
19980210-09-003,吕梁妹子在江南,no_topic
19980210-09-004,难忘的五十二天(附图片1张),no_topic
19980210-09-005,共和国第一代女司机,no_topic
19980210-09-006,勤政要讲效率(附图片1张),no_topic
19980210-10-001,坚定的政治方向--『邓小平理论风格』系列谈之三,no_topic
19980210-10-002,关于提高立法质量的思考,no_topic
19980210-10-003,创建活动须做好基础性工作,no_topic
19980210-10-004,为什么说股份制社会主义也可以用,no_topic
19980210-10-005,学习金融知识的好教材--读《领导干部金融知识读本》(附图片1张),review: 金融读本书评，文化与金融交叉
19980210-11-001,满意率增长12个百分点的思考——北京市人事局转变机关工作作风纪事,no_topic
19980210-11-002,大兴调查研究之风--中共河南省信阳地委书记李中央一席谈,no_topic
19980210-11-003,荆门市强化年轻干部监管力度,no_topic
19980210-11-004,图片新闻,title_length
19980210-11-005,莫让浮云遮望眼,no_topic
19980210-11-006,不信春风唤不回——湖南长沙市行风评议活动纪实,no_topic
19980210-11-007,“窗口”咋样亮起来?——南阳市地税直属分局文明窗口建设纪实,no_topic
19980210-11-008,让生命放射光华--追记优秀共产党员王启兴,no_topic
19980210-12-001,我的父执、良友和严师——为周恩来同志百年诞辰而作,no_topic
19980210-12-002,学习周恩来行政思想发扬周恩来奉献精神,no_topic
19980211-01-001,永葆本色创新业--记全军劳动模范高荣华,no_topic
19980211-01-002,纪念周恩来同志诞辰100周年大型文献纪录片《周恩来》将播出,no_topic
19980211-01-003,全国民航工作会议提出确保安全搞好服务提高效益,no_topic
19980211-01-004,乔石赴港会见港区全国人大代表,no_topic
19980211-01-005,乔石会见驻港机构和中资机构负责人,no_topic
19980211-01-006,李岚清同比利时首相会见(附图片1张),no_topic
19980211-01-007,巴基斯坦总理穆罕默德·谢里夫今起对我国进行正式友好访问,no_topic
19980211-01-008,云南政府重视群众文化(图片),short_body
19980211-01-010,湖南国有工业企业扭亏增盈,no_topic
19980211-01-011,新学期第一天,no_topic
19980211-02-001,唤醒青山——南方草地资源开发利用综述(上)(附图片1张),no_topic
19980211-02-002,分兵把口一查到底吉林查扣山西假酒一千九百箱,no_topic
19980211-02-003,内贸部发出紧急通知要求加强酒类流通管理,no_topic
19980211-02-005,煤炭部通报两起重大安全事故,no_topic
19980211-02-007,吃干榨尽走深加工之路太煤公司向综合利用要效益,no_topic
19980211-02-008,北京利用外资项目质量提高,no_topic
19980211-02-010,旅游业成为大邑新热点,no_topic
19980211-02-011,北航今春客流量比往年增加(图片),short_body
19980211-02-012,商检部门提醒:及时报验进口设备,no_topic
19980211-02-013,一举多得,title_length
19980211-02-014,黑龙江抗旱保种锣声急,no_topic
19980211-02-015,福建备耕备种齐上阵,no_topic
19980211-03-002,全国统战部长会议提出邓小平理论是新时期爱国统一战线旗帜,no_topic
19980211-03-005,王克在总后纪检工作会议上强调把党风廉政建设提高到新水平,no_topic
19980211-03-006,警营赛家亲,no_topic
19980211-03-007,天津两抢劫案犯被判极刑,no_topic
19980211-03-008,扶贫帮困热心奉献中南五省区军民踊跃开展学习彭楚政活动,no_topic
19980211-03-009,躬耕为乡亲--记山西稷山县沙沟村党支书韩喜龙,no_topic
19980211-03-010,战士房志彬舍身救人名扬燕赵,no_topic
19980211-03-011,感谢救助民警(图片),no_topic
19980211-03-012,锦旗送亲人(图片),short_body
19980211-03-013,伊宁地税局严肃法纪不徇私情,no_topic
19980211-03-014,"本报讯福建厦门火车站派出所开展“扫黄打非”专项行动。一年来,共查获825名不法分子,收缴淫秽物品2343件,非法出版物1125件,堵住了黄流进站上车渠道,净化了特区窗口环境。(柯志强杨志东)",title_length
19980211-03-015,"本报讯春运工作开展以来,湖南怀化地区公安处交警支队派人深入12个县市,共督促整改重点路段34处,设置安全警示牌723块,修筑安全防护堆308堆,确保了春运期间路畅人安。(罗运山)",title_length
19980211-03-016,"本报讯济南军区驻山东潍坊某部保卫部门,积极与驻地公安机关开展携手联防,确保了春节期间营区周围环境治安,受到当地群众的交口称赞。(刘全应)",title_length
19980211-04-001,崔月犁同志逝世(附图片1张),no_topic
19980211-04-002,立碑断想,title_length
19980211-04-003,明天气象预报(2月11日20时—2月12日20时),no_topic
19980211-04-004,吉佩定会见海湾合作委员会及伊拉克驻华大使指出,no_topic
19980211-04-005,纪念周恩来百年诞辰,no_topic
19980211-04-007,首都新闻界召开座谈会,no_topic
19980211-04-008,姜春云陈俊生在部署春耕生产会议上强调要立足抗灾夺丰收,no_topic
19980211-04-009,土耳其外长将访华,short_body
19980211-04-010,合肥市民喜庆元宵佳节(图片),short_body
19980211-04-011,董建华呼吁香港市民踊跃参与首届立法会选举,no_topic
19980211-05-003,扶骨干项目重农技推广抓人才培养许昌科教兴县壮大地方经济,no_topic
19980211-05-004,安徽省合肥市举办迎元宵迎春庙会(图片),short_body
19980211-05-007,北京:垃圾焚烧炉变废为宝,no_topic
19980211-05-009,中国卫星卫生科技教育网启动,multiple_topics
19980211-05-010,神龙灯会暨服饰展示会揭幕,short_body
19980211-05-011,《新闻行动》关注社会热点,short_body
19980211-05-012,『轮抗六号』小麦落户雪域高原,no_topic
19980211-06-001,伊拉克危机与海湾局势(附图片1张),no_topic
19980211-06-002,谢里夫总理访华前夕表示巴中关系更加牢固,no_topic
19980211-06-003,谢里夫总理为本报题词,no_topic
19980211-06-004,斐济总统会见迟浩田,no_topic
19980211-06-005,李岚清会见比王储和外交大臣(附图片1张),no_topic
19980211-06-006,萨达姆主持会议讨论形势,no_topic
19980211-07-002,从增长中看未来世界经贸走势,no_topic
19980211-07-004,生母早逝多利身份受质疑多方取证英美联手辨真伪,no_topic
19980211-07-005,美重视培训信息人才,no_topic
19980211-07-006,智利惊涛袭击海岸浪峰高达六米,no_topic
19980211-07-007,图片新闻,title_length
19980211-07-008,巴西在改革中求发展,no_topic
19980211-07-009,联合国与国际商会共同增加对非投资,no_topic
19980211-08-003,诗外功夫与先见之明,no_topic
19980211-08-005,天公考验长野组委会应变能力,no_topic
19980211-08-006,格拉芙一再推迟复出,no_topic
19980211-08-008,图片新闻,title_length
19980211-09-001,永不失落的心,no_topic
19980211-09-002,据理力争讨公道四年官司有结果,no_topic
19980211-09-004,“质量连着你我他”征文启事,no_topic
19980211-09-005,编读往来,title_length
19980211-09-006,省下百元育希望,no_topic
19980211-09-008,燕窝镇一纪念碑既脏且乱烈士英灵难以慰藉,no_topic
19980211-09-010,春天来了(图片),short_body
19980211-10-001,反映问题必须实事求是,no_topic
19980211-10-002,三个『?』问得好,no_topic
19980211-10-003,莫到成害再治理(图片),no_topic
19980211-10-005,莲花县清理整顿老年人协会,no_topic
19980211-10-006,把管理行为置于群众监督之下,no_topic
19980211-10-008,农村医药市场需要开拓,multiple_topics
19980211-10-009,下岗职工别误入传销歧途,no_topic
19980211-10-011,罚款现象何以制止不住?,no_topic
19980211-10-012,加强个人销售不动产营业税征管,no_topic
19980211-10-013,车站:票贩子真坑人,no_topic
19980211-11-001,在整合中发展--台湾化学工业印象,no_topic
19980211-11-002,年轻的事业——苏港合资徐州华润电力有限公司彭城发电厂纪事,no_topic
19980211-11-003,香港房屋委员会通过“租者置其屋”计划,no_topic
19980211-11-004,台北故宫博物院(图片),short_body
19980211-11-007,山东保护归侨侨眷权益,no_topic
19980211-11-008,北京侨办形成竞争人事机制,no_topic
19980211-12-001,培训外来务工青年受到社会广泛支持『千校百万』活动生机勃勃,no_topic
19980211-12-002,家庭火灾自护自救,no_topic
19980211-12-003,编辑手记,title_length
19980211-12-004,英雄背后有英雄,no_topic
19980211-12-005,那年那月那首歌,no_topic
19980211-12-006,人到中年想什么?,no_topic
19980211-12-007,一面镜子映出新气象(图片),no_topic
19980211-12-008,装小水表之类,no_topic
19980211-12-011,广告不等于合同,no_topic
19980212-01-001,李鹏同巴基斯坦总理会谈,no_topic
19980212-01-002,乔石会见港区全国人大代表,no_topic
19980212-01-003,江泽民会见金钟泌一行,no_topic
19980212-01-004,乔石会见董建华等香港特区主要官员,no_topic
19980212-01-005,李瑞环会见新西兰客人,no_topic
19980212-01-006,李岚清同欧盟副主席布里坦会谈,no_topic
19980212-01-007,中共中央举行元宵节联欢晚会,no_topic
19980212-02-003,青山作证——南方草地资源开发利用综述(中),no_topic
19980212-02-005,百看不如一听(图片),short_body
19980212-02-006,外经贸系统隆重表彰先进吴仪号召全系统增强使命感和责任感,no_topic
19980212-02-007,水利部表彰全国水利行业技能人才,no_topic
19980212-02-008,去年我新签外包工程和劳务合作113亿美元,no_topic
19980212-02-010,阜平农发行积极帮扶贫困村,no_topic
19980212-02-011,有毒假酒致人死命案基本查清假酒来自文水县贯家堡村,no_topic
19980212-03-001,两岸政治谈判应及早进行,no_topic
19980212-03-002,为党政外交服务为经济建设服务为青年工作服务,no_topic
19980212-03-003,强化思想政治教育重视业务技术培训海军广州军代表局加强队伍建设,multiple_topics
19980212-03-004,最后一笔党费,no_topic
19980212-03-005,沈阳桃仙机场文明安检让旅客体面过关放心登机,no_topic
19980212-03-008,图片新闻,title_length
19980212-03-009,"本报讯山东省烟台市公安局积极探索『科技管海』战略,全面推进海上一一○报警服务体系建设。去年以来,全市海上一一○报警服务系统共接警一千一百六十六起,破获各类海上案件四百三十一起,抢救遇险渔船一百五十三条,救出渔民群众二百一十四人,挽回经济损失约一百一十八万元;全市海上刑事发案率比一九九六年下降了百分之二十六。(徐忠)",title_length
19980212-03-010,"本报讯浙江省台州市公安局紧紧围绕『发案少,秩序好,群众满意』这个主旋律,推出了『民警进万家门,认万家人,知万家情,解万家困,暖万家心』系列活动,半年来全市民警已走访十万多户,为群众办好事达五万多人次,刑事、治安案件的上升势头得到有效遏制。(余方通)",title_length
19980212-03-011,"本报讯河南省西峡县公安局在全县十七个农村派出所开通了一一○报警服务台,半年来,公安民警先后为群众办好事八百余起,救助群众三百余人次。",title_length
19980212-03-012,"本报讯云南怒江傈僳族自治州兰坪自治县是全国闻名的少数民族特困县,而县委、县政府十分关心武警县中队建设。近七年来,共拨款一百四十一万多元,维修了营房、家属房,划拨了菜地,架设了一千八百多米长的水管,解决了官兵吃水难问题。(胡正弟卜贵明关志祥)",title_length
19980212-03-013,"本报讯日前,一艘『日盛号』台轮载着六十八名劳工由台湾驶往福建惠安,因机器故障失去动力,在八九级大风浪中飘荡,船上人员的生命安全受到严重威胁。福建公安边防海警一支队接到险情报告后,迅速派出巡逻艇前往救助,遇险船员无一伤亡,安全抵达惠安。这是自福建省公安边防部队开通海上一一○报警电话以来救助的最大一起海上遇险事件。(黄欣祥曾咏发)",title_length
19980212-03-014,"本报讯四川乐山市艾丽碧丝日化公司近年来积极想方设法,妥善安置二千余名其它企业下岗女工再就业,这些新上岗女工为企业补充了营养、增添了活力,这一举措使该公司既取得了明显的经济效益,又获得了良好的社会效益。(杨乐生)",title_length
19980212-03-015,"本报讯济南军区某师农场在努力完成自身生产任务的同时,大力帮助驻地人民群众创建盐场脱贫致富,先后为当地培训盐业生产、管理科技人员五百多名,无偿传授盐业机械、盐业气象等业务技术一百多项,农场还经常派出扶贫小分队帮助驻地村庄盐场制定规划、提供科技咨询。(刘全应肖利群)",title_length
19980212-04-001,会见港区八届、九届全国人大代表乔石委员长发表讲话,no_topic
19980212-04-002,江主席接受5国大使国书,short_body
19980212-04-003,李鹏会见博茨瓦纳外长,no_topic
19980212-04-004,李鹏会见吉尔吉斯斯坦外长,no_topic
19980212-04-005,钱其琛同吉尔吉斯外长会谈,no_topic
19980212-04-006,图片新闻,title_length
19980212-04-007,明天气象预报(2月12日20时—2月13日20时),no_topic
19980212-04-008,《周恩来世纪行》出版,no_topic
19980212-04-009,跨越海峡的团拜会,no_topic
19980212-04-010,外交部发言人朱邦造答记者问,no_topic
19980212-04-011,欢歌笑语春意浓龙腾虎跃气象新各地群众闹元宵,no_topic
19980212-04-012,姜春云会见美国客人,short_body
19980212-05-002,林业科技登上生态建设大舞台筑绿色长城还月明风清,multiple_topics
19980212-05-005,浙江省科技下乡队举行系列支农活动(图片),short_body
19980212-05-006,清游商端窝点抓精品促繁荣北京确保文化市场健康有序,multiple_topics
19980212-05-007,一图在手丰收不愁农业部向农民赠送科技挂图,multiple_topics
19980212-05-009,"本报讯为资助高等学校品学兼优的困难学生,保障其学习和基本生活,解除后顾之忧,原中顾委委员铁瑛倡仪,北京铁融投资管理有限公司日前出资二百万元,在杭州大学设立北京铁融助学基金,每年资助一百名特困大学生,每个特困生每年可获得学费和生活费两千元。(张洪超)",title_length
19980212-05-010,"本报讯被称为话剧舞台上不可多得的优秀之作《虎踞钟山》,近日由北京电子出版物中心出版发行,以满足广大观众的需求。何鲁丽等出席了该剧VCD光盘出版座谈会。(世贵)",title_length
19980212-05-011,"本报讯西安唐都培训学院针对农村卫生人才奇缺这一现状,在全国率先开办自学考试医学类专业,并被确定为全国试点院校。十年来共培养基层医疗人才二千余名,连续两年被陕西省教委授予社会力量办学先进单位。(科文)",title_length
19980212-06-001,施瓦茨科普夫的警告,no_topic
19980212-06-002,开创繁荣的新时期——巴基斯坦发展公路交通,no_topic
19980212-06-003,图片新闻,title_length
19980212-06-004,伊同意开放所有场所受检,no_topic
19980212-06-005,章鱼行动--凌厉,no_topic
19980212-06-006,交通违章--重罚,no_topic
19980212-06-007,孟反政府组织缴械投降,no_topic
19980212-06-008,美核潜艇撞沉韩国渔船,no_topic
19980212-06-009,格总统险遭暗杀,no_topic
19980212-06-010,军政府部队与维和部队交战塞拉利昂局势恶化,no_topic
19980212-06-011,"尼日利亚国防部的一位负责人透露,尼日利亚政府十日任命由七人组成的特别军事法庭,准备审理去年十二月二十一日发生的未遂军事政变事件。二十五人将出庭受审,其中有前政府第二号人物奥迪拉博迪亚将军,他被认为是策划未遂军事政变的主要人物。目前尚未宣布开庭日期。(本报专电)",title_length
19980212-06-012,"欧盟和中美洲国家外长第十四次『圣何塞会议』十日在圣何塞举行。本次会议主要讨论了欧盟中美洲地区一体化、反毒斗争等问题。哥斯达黎加总统菲格雷斯在开幕式上强调,自一九八四年第一届『圣何塞会议』以来,中美洲国家发生了深刻的变化。他认为,『圣何塞会议』对于巩固中美洲地区的和平具有重要意义。",title_length
19980212-06-013,"美国驻泰国大使伊托赫十日在曼谷宣布,一九九八年美国将向泰国提供一百九十万美元的援助用于军事训练。伊托赫在与泰国总理兼国防部长川·立派举行会谈后说,这笔援助是美国一九九八年用于国际军事教育和训练项目的一部分。他还说,在军事训练方面,泰国是全世界得到美国援助最多的国家。",title_length
19980212-06-014,"菲律宾与美国十日在马尼拉签署了一项访问部队协议。根据协议,菲律宾政府将向在其领土上进行军事演习的美军提供法律保护。自一九九六年菲律宾停止给予来访美军人员司法豁免权之后,菲美之间的军事演习于同年十二月全面中断。",title_length
19980212-06-015,"坦桑尼亚总统姆卡帕十日号召政府官员厉行节约,集中财力、物力救助全国正在遭受的严重水灾。姆卡帕在多多马召开的议会会议上要求议会议员、各级政府官员特别是部长不要再乘坐高级轿车,下班后不许使用公车,不用公家电话谈私事,减少出差和出国访问,积极带领人民救助水灾。去年底以来,坦桑尼亚暴雨成灾。截至一月底,暴雨已造成全国十三个省的十二点八万公顷土地被淹,八十七人死亡,一百一十八人受伤,十五点五万人流离失所,许多房屋、桥梁、公路、铁路等基础设施严重受损。(据新华社电)",title_length
19980212-07-001,东亚经济传真,no_topic
19980212-07-002,全民动员拯救经济(附图片1张),no_topic
19980212-07-004,疯牛病英发现相关基因法查出又一病例,no_topic
19980212-07-006,美一州海岸遭巨浪袭击(图片),short_body
19980212-07-007,日本五名儿童死于流感,no_topic
19980212-07-008,俄罗斯建立有特色的市场经济,no_topic
19980212-08-002,长野“流行语辞典”,no_topic
19980212-08-004,李铁映徐寅生获奥林匹克勋章,no_topic
19980212-08-008,姚滨笑了,title_length
19980212-08-009,中国女子冰球队同日本队激战(图片),short_body
19980212-09-001,合作连人心荒山变成金--浙江武义县股份合作制开发山区综述,no_topic
19980212-09-003,反思与跨越,no_topic
19980212-09-004,沉甸甸的果实———河北鹿泉市“五位一体”帮扶后进村纪事,no_topic
19980212-09-006,云南小粒咖啡迎来收获季节,no_topic
19980212-09-007,金坛市靠科技保持水稻持续高产,short_body
19980212-09-008,"瞧,水来啦!(图片)",no_topic
19980212-10-001,再创乡镇企业发展的新优势,no_topic
19980212-10-002,牢固的群众观点--『邓小平理论风格』系列谈之四,no_topic
19980212-10-004,简评《腐败论》,no_topic
19980212-10-005,正确处理反腐败斗争的几个关系,no_topic
19980212-11-001,走出大凉山的当兵人——首批凉山彝族新战士进京记,no_topic
19980212-11-003,贵州松桃“市镇风采”下乡去“乡土风情”进城来,no_topic
19980212-11-004,当代水电工人文艺宣传队(图片),short_body
19980212-11-005,怒族风味:侠辣,no_topic
19980212-11-007,傣味餐馆生意浓,no_topic
19980212-11-008,湖南落实民族政策促经济发展,no_topic
19980212-12-001,过年,title_length
19980212-12-002,糖房之夜,title_length
19980212-12-003,淮河梦寻,title_length
19980212-12-004,落雪,title_length
19980213-01-001,江主席会见巴基斯坦总理宾主一致认为中巴友谊久经考验深得人心,no_topic
19980213-01-002,江泽民会见美国客人,no_topic
19980213-01-003,乔石会见安子介等香港人士,no_topic
19980213-01-004,朱镕基会见谢里夫,no_topic
19980213-01-005,结束对比利时和欧盟正式访问李岚清抵达哥本哈根,no_topic
19980213-01-006,眼光·胸怀·志向——记天津市津南区海河湾村党总支书记龚世权,no_topic
19980213-01-007,充分准备统一调度灵活应变铁路春运走向成熟,no_topic
19980213-01-008,应邀赴卢森堡荷兰俄罗斯进行正式友好访问,no_topic
19980213-02-001,去年我国旅游业再传捷报全年旅游总收入三千一百多亿元人民币,no_topic
19980213-02-002,立草为业--南方草地资源开发利用综述(下),no_topic
19980213-02-003,三部门召开电视电话会议要求,no_topic
19980213-02-004,官民并举建大桥(图片),short_body
19980213-02-005,安全纪录不佳八家民航企业受处罚,no_topic
19980213-02-006,济南打响压锭攻坚战3.2万纱锭今天敲掉,no_topic
19980213-02-007,铁道部修订并发布路风法规,no_topic
19980213-02-009,1月份全国市场繁荣物价稳定,no_topic
19980213-02-010,"本报讯近日,由全国农业技术推广服务中心负责筹建的“农业部全国农作物种子质量监督检验测试中心”审查认可和国家计量认证通过专家评审。该测试中心将接受国家行政部门委托,开展种子质量监督抽查检验和统检等。(邓初)",title_length
19980213-02-011,"本报讯位于广东省南海市的西樵轻纺城,以优良服务吸引客商,到1997年底,该轻纺城来自浙江、湖北、河南、四川、新疆等外省市客商已占一半以上。",title_length
19980213-02-012,"本报讯福建省福鼎市吉福工贸有限公司最新研制出YSB系列固定式液化石油气浓度报警仪,填补了国内本产品的空白。该产品是适用于液化石油气公司储备库、充装站、石油公司油库、炼油厂等专用气体泄漏的浓度报警仪。",title_length
19980213-02-013,"本报讯今年1月10日河北省张北县发生6.2级强烈地震后,张北县收获机械厂在震灾面前不低头,以生产优质产品回报全国人民对灾区的关怀和支持。该厂1月份产值、销售收入分别创厂史最高水平,产品远销豫鲁皖及津京地区。",title_length
19980213-02-014,"本报讯陕西省咸阳市秦都区抓住小企业改革这个重点,各级领导齐抓共管,使全区优势企业低成本扩张渐入佳境,形成了区域经济新的增长点,构成崭新的经济板块,从而迈开了实施大企业、大公司、大集团战略的第一步。(冯西海)",title_length
19980213-03-001,两岸携手迎接新世纪的到来,no_topic
19980213-03-002,今年社会治安综合治理要点印发中央综治委要求各地结合实际贯彻执行,no_topic
19980213-03-003,提高自身素质加强执纪办案万余纪检监察干部接受专业培训,no_topic
19980213-03-004,去年社会治安形势稳中有忧,no_topic
19980213-03-006,团中央通知要求组织青年志愿者“扶贫济困”,no_topic
19980213-03-007,迎两会保安全北京整顿交通秩序,no_topic
19980213-03-008,展示公安风采焕发民警精神大庆力塑警营文化,multiple_topics
19980213-03-009,解放军一五二医院开展学雷锋活动(图片),short_body
19980213-04-001,中宣部等四部门发出通知进一步开展“百城万店无假货”活动,no_topic
19980213-04-002,一年之后念伟人,no_topic
19980213-04-003,未来一周天气趋势,no_topic
19980213-04-004,外交部发言人在记者招待会上说李鹏出访欧洲3国意义重大,no_topic
19980213-04-005,中巴投资研讨会在京举行谢里夫和吴邦国出席并发表讲话,no_topic
19980213-04-006,明天气象预报(2月13日20时———2月14日20时),no_topic
19980213-04-007,李铁映参观大型展览《人民的好总理》,no_topic
19980213-04-008,河北发生两起鞭炮爆炸恶性事故,no_topic
19980213-04-009,建立关怀档案拓宽就业渠道武汉六万多下岗职工再就业,no_topic
19980213-04-010,《雷锋系列丛书》出版,no_topic
19980213-04-011,加大资金投入干部带头攻坚广西去年一百二十万人脱贫,no_topic
19980213-04-013,江苏省无锡市老人对戏剧情有独钟(图片),short_body
19980213-04-014,新华社北京二月十二日电(记者谭国器)国务院副总理兼外长钱其琛今天在钓鱼台国宾馆会见了几内亚总统特使迪亚洛和邦古拉。,no_topic
19980213-04-015,新华社北京二月十二日电全国人大常委会副委员长布赫今天在人民大会堂会见了蒙古国家大呼拉尔蒙中议员小组主席额尔登别列格一行。宾主就进一步加强两国、两国议会之间的友好合作关系交换了看法。,title_length
19980213-04-016,据新华社北京二月十二日电(记者张荣典)中国人民解放军总参谋长傅全有上将今天下午在这里同荷兰国防参谋长范登布雷蒙上将进行了会谈。,title_length
19980213-04-017,"据新华社北京二月十二日电(记者王晓东)中国人民对外友好协会今天举行招待会,庆祝中国和乌拉圭建交十周年。全国人大常委会副委员长程思远等出席了招待会。友协会长齐怀远在招待会上致辞。乌拉圭驻华大使阿尔瓦罗·阿尔瓦雷斯希望乌中友谊和各领域的友好合作进一步加强。",title_length
19980213-04-018,"新华社北京二月十二日电外交部发言人朱邦造今天在记者招待会上宣布:应国务院副总理兼外交部长钱其琛的邀请,莫桑比克共和国外交和合作部长莱昂纳多·西芒将于二月十五日至二十一日对中国进行正式访问。",title_length
19980213-05-001,解振华介绍中国环保情况并答记者问重点流域和区域污染防治全面展开,no_topic
19980213-05-002,青山诚可贵清风价亦高国务院批准酸雨和二氧化硫两个控制区目标,no_topic
19980213-05-004,万户书香绕京城——北京大众读书会10年纪事,no_topic
19980213-05-005,秦岭深处的『希望市长』,no_topic
19980213-05-007,『全国师德标兵』评选揭晓,no_topic
19980213-05-009,苗家歌舞进宜宾(图片),short_body
19980213-05-010,白酒质量快检有术假酒现场显原形,no_topic
19980213-05-011,抽样选点数据真实北京市经管站为政府当『参谋』,no_topic
19980213-05-012,实现强强联合合理配置资源天津建中西医结合研究院,no_topic
19980213-06-001,俄罗斯安全构想实现有望,no_topic
19980213-06-002,克林顿拒绝伊最新建议伊称美把危机推向战争,no_topic
19980213-06-003,西非维和部队围困弗里敦安南呼吁塞交战双方停止冲突,no_topic
19980213-06-004,用政策缩小地区差距——巴西东北部地区纪行之一(附图片1张),no_topic
19980213-06-005,李岚清会见比两院议长(附图片1张),no_topic
19980213-06-006,刚果为民族和解而努力,no_topic
19980213-06-007,我代表在联合国社发委员会指出发展经济是促进社会融合的前提,no_topic
19980213-06-008,澳宪政会议选定共和模式,no_topic
19980213-06-009,突总统谈中东和平,no_topic
19980213-07-001,美国着力培育“新经济”,no_topic
19980213-07-003,又一个企业兼并年,no_topic
19980213-07-004,联合国环境署将发挥更大作用(附图片1张),no_topic
19980213-07-006,我宗教事务代表团访美介绍中国宗教信仰自由情况,no_topic
19980213-07-007,日本出口猛增消费紧缩经常项目大幅盈余,no_topic
19980213-07-008,以色列“黑客”擅改议会网页“善意”戏弄总统画像,no_topic
19980213-07-009,图片新闻,title_length
19980213-07-010,墨西哥粮库爆炸九人受伤,no_topic
19980213-08-001,风风火火闯长野——记中瑞女子冰球之战(附图片1张),no_topic
19980213-08-004,雷巴利亚蒂事件一波三折国际奥委会的决定被推翻,no_topic
19980213-08-005,参与重于获胜,no_topic
19980213-08-007,武术亟待加强管理——近访著名武术教练吴彬,no_topic
19980213-09-001,什么是『古都风貌』,no_topic
19980213-09-002,城市文明建设需要总体构思,no_topic
19980213-09-003,长城岂可自毁(附图片1张),no_topic
19980213-09-004,上海新春演新戏,no_topic
19980213-09-005,荧屏走来“富裕兵”(附图片1张),no_topic
19980213-09-006,新编导新手法新感觉保尔·柯察金重登舞台(附图片1张),no_topic
19980213-09-007,街头新景--有感于某些街头文明宣传牌的设置(图片),short_body
19980213-09-008,"“婆婆妈妈”故事多近一个月,只要打开电视机,观众就会发现有五六个频道都在播放一部表现上海都市生活的电视剧《婆婆、媳妇、小姑》,而且收视率相当高。南北观众对这部电视剧的兴趣很浓,尽管其中家长里短,婆婆妈妈,多是些生活琐屑,但说的是上海市民日常的事情,性情、故事、冲突、线索比较实在,贴近普通人,所以具有一种牵引力,颇适合大众口味。",title_length
19980213-10-001,法眼,title_length
19980213-10-002,神话与笑话,no_topic
19980213-10-003,国产音响崭露头角,no_topic
19980213-10-004,“软硬兼施”的《高保真音响》(附图片1张),no_topic
19980213-10-005,吃好了的坏处,no_topic
19980213-10-006,刘敏演绎霓裳梦(附图片3张),no_topic
19980213-10-009,当代工艺珍品“金銮宝座”(附图片1张),no_topic
19980213-11-001,心底正气纸上烟云——画家亚明小记(附图片2张),no_topic
19980213-11-002,我们的总设计师--为邓小平同志逝世一周年而作(浮雕),short_body
19980213-11-003,佳作赏析(附图片1张),no_topic
19980213-11-004,万花敢向雪中出(中国画),short_body
19980213-11-005,虎年谈“王”,no_topic
19980213-11-006,艺坛风景线,no_topic
19980213-11-007,中国第一车展(速写),short_body
19980213-12-001,家乡传来消息,no_topic
19980213-12-002,『不可忘者』与『不可不忘者』,no_topic
19980213-12-003,漫说蔡元培之大,no_topic
19980213-12-004,徐迟佚文的发现,no_topic
19980213-12-005,吃鲫鱼说,title_length
19980213-12-006,近观细读“双城记”,no_topic
19980213-12-007,早春(中国画),short_body
19980213-12-008,赶在文明单位验收之前(漫画),short_body
19980213-12-009,"▲《成山,世纪之航》暨成山经验研讨会在京召开《成山,世纪之航》暨成山经验研讨会于1月21日在北京人民大会堂召开。《成山,世纪之航》是作家朱建华近年来继《托起明天的太阳》、《巨舰驶向海洋》、《STAR—90之谜》、《共和国的女部长》等报告文学作品之后在《人民日报》发表的又一篇报告文学力作。作品真实生动地展示了山东成山橡胶集团在市场经济海洋搏击风浪,战胜困难,走向成功的非凡经历,塑造了一批“永争一流”的开拓者的形象,为弘扬成山经验提供了一份生动的教材。与会专家认为:朱建华的作品往往以气势宏大见长,贴近生活,直触我国工业经济及科技领域的热点、焦点问题,推出了一批在困境中艰难奋进的鲜活的人物。在当前国有企业改革阶段,作家应关注现实,增强责任感与参与意识,创作出鼓舞人心的作品,为我国的经济建设服务。有关领导和专家学者出席了研讨会。(前)",title_length
19980213-12-010,"▲《铁血之旅》研讨会描绘中原油田西部钻井工程公司英雄业绩的长篇报告文学《铁血之旅》在《当代》1997年第五期推出后,引起广泛反响。日前由《当代》杂志、中国石油文联等单位联合召开作品座谈会。与会者认为,作品生动地再现了国有大中型企业从计划经济向市场经济转轨的巨变中,工人阶级勇往直前的英雄本色和继承铁人传统、无私奉献的精神。(当文)",title_length
19980214-01-001,江泽民会见全国统战部长会议代表时强调,no_topic
19980214-01-002,《邓小平人才人事理论学习纲要》出版,no_topic
19980214-01-003,乔石参观香港新机场,no_topic
19980214-01-004,李鹏总理与容克首相会谈,no_topic
19980214-01-005,胡锦涛在中宣部人事部举行的座谈会上指出,no_topic
19980214-01-006,李岚清会见丹麦女王李岚清会见丹麦代首相,no_topic
19980214-01-007,也门共和国总统阿里·阿卜杜拉·萨利赫,no_topic
19980214-01-008,李瑞环在全国统战部长会议上强调,no_topic
19980214-02-001,朝鲜驻华大使举行宴会庆祝金正日诞辰,no_topic
19980214-02-002,衬衣短裙出场冷饮墨镜抢手上海早春高温百年罕见,no_topic
19980214-02-003,元月份我国外贸出口增长,no_topic
19980214-02-004,明天气象预报(2月14日20时—2月15日20时),no_topic
19980214-02-005,北京市领导与各区县签订责任书加强首都社会治安综合治理,no_topic
19980214-02-006,国务院任命香港特区政府官员,no_topic
19980214-02-007,南非驻华大使举行招待会庆祝中南建交,no_topic
19980214-02-008,巴基斯坦总理在早餐会上表示巴中友谊充满活力,no_topic
19980214-02-009,一代伟人风范永存浙江隆重纪念周恩来百年诞辰(附图片1张),no_topic
19980214-02-011,监察部召开特邀监察员会议强调反腐败要发挥特邀监察员作用,no_topic
19980214-02-014,据新华社北京2月13日电(记者刘东凯)国务院副总理吴邦国今天在中南海会见了印度尼西亚总统苏哈托之弟普罗波苏特佐。印尼客人是应外交学会邀请来访的。,title_length
19980214-02-015,据新华社北京2月13日电(记者张荣典)中央军委副主席张万年上将今天下午在人民大会堂会见了来访的荷兰国防参谋长范登布雷蒙上将一行。中国人民解放军副总参谋长熊光楷中将等参加了会见。,title_length
19980214-02-016,据新华社北京2月13日电全国人大常委会副委员长王光英今天在这里会见了美国百胜餐饮集团董事长兼首席执行官潘尔生及其一行。,short_body
19980214-03-001,伊拉克坚持俄法建议,no_topic
19980214-03-002,李岚清同丹麦外交大臣会谈双方表示进一步发展两国友好合作,no_topic
19980214-03-003,新西兰领导人会见迟浩田,no_topic
19980214-03-004,澳大利亚共和列车驶出首站,no_topic
19980214-03-005,《财富》评出美最受欢迎公司,no_topic
19980214-03-006,阿拉法特重申建国立场,no_topic
19980214-03-007,苏丹第一副总统坠机罹难,no_topic
19980214-03-008,李鹏总理看望我驻卢人员,no_topic
19980214-03-009,西非维和部队攻克弗里敦,no_topic
19980214-03-010,中卢友谊谱新篇(附图片1张),no_topic
19980214-03-011,希腊拒绝土和谈建议,no_topic
19980214-04-002,图片新闻,title_length
19980214-04-003,来自平山县的喜讯,no_topic
19980214-04-004,晋园杯新闻摄影比赛启事,no_topic
19980214-04-005,忧劳可以兴邦——绍兴丝绸印花厂纪事,no_topic
19980214-04-006,探索绿茵娃娃的成长规律——北京龙力足球学校总教练拉德一席谈,multiple_topics
19980214-04-007,是考场更是课堂,no_topic
19980214-04-008,古利特走人维亚利接班,no_topic
19980214-04-011,国际奥委会将设立一工作委员会检讨在大麻类药物使用问题上的政策,no_topic
19980214-04-013,国际足联新主席六月产生,no_topic
19980214-05-001,近年来社会流动研究述评,no_topic
19980214-05-002,驾驭虚拟资本,no_topic
19980214-05-003,知识经济浅析,no_topic
19980214-05-004,收入分配存在差距的原因,no_topic
19980214-05-006,下岗职工再就业的十个渠道,no_topic
19980214-05-007,学术动态(图片),short_body
19980214-06-001,深化税制改革管见,no_topic
19980214-06-002,低成本扩张与大企业集团,no_topic
19980214-06-003,深化改革加快拉萨经济发展,no_topic
19980214-06-006,图片新闻,title_length
19980214-06-007,汕头民营经济向『四化』发展,no_topic
19980214-07-001,气候:人与自然关系的敏感点,no_topic
19980214-07-002,我国构建三峡地层标本长廊(附图片1张),no_topic
19980214-07-003,虎与气候,title_length
19980214-07-005,『六战六捷』靠什么(附图片3张),no_topic
19980214-07-006,微型机器人(图片),no_topic
19980214-08-001,昔日上街吆喝如今上网销售(附图片3张),no_topic
19980214-08-002,从教四十载老来桃李香(图片),no_topic
19980214-08-003,油田卫士(附图片3张),no_topic
19980214-08-004,人与鸟的两个故事(附图片4张),no_topic
19980214-08-005,电话传情真方便(图片),no_topic
19980214-08-006,“改革之光”中国新闻摄影精品赛(尼康杯),no_topic
19980214-08-007,“我身边的雷锋”全国摄影赛,no_topic
19980215-01-001,离卢森堡开始对荷兰正式友好访问,no_topic
19980215-01-002,江泽民参观“数字化产业最新成果小型展览”时强调,no_topic
19980215-01-004,圆满结束香港之行乔石回到北京,no_topic
19980215-01-005,"“雷锋车”,文明的旗帜",no_topic
19980215-01-006,李鹏总理访问卢森堡取得丰硕成果在卢森堡与容克首相共同会见记者,no_topic
19980215-01-007,钱其琛谈中国对解决伊拉克武器核查危机立场通过外交努力政治解决危机,no_topic
19980215-01-008,在雷锋故乡传播雷锋精神望城雷锋纪念馆30年接待观众1130万,no_topic
19980215-01-009,也门总统萨利赫抵京,no_topic
19980215-02-002,全国气象部门电话会议要求全力做好春耕备耕气象服务,no_topic
19980215-02-003,花灯致富(图片),short_body
19980215-02-004,明天气象预报(2月15日20时—2月16日20时),no_topic
19980215-02-005,中联部代表团出访朝鲜,short_body
19980215-02-006,卢森堡首相欢宴李鹏总理双方强调共同致力于世界和平与稳定,no_topic
19980215-02-007,李鹏会见卢森堡大公储和议长(附图片1张),no_topic
19980215-02-008,安南将派员赴伊界定总统府邸,no_topic
19980215-02-009,美国常驻联合国大使理查森说,no_topic
19980215-02-010,武汉市一公交车上发生爆炸,no_topic
19980215-02-011,美表示不因俄反对而放弃动武,no_topic
19980215-02-012,日美就解决危机发表联合公报,no_topic
19980215-02-013,阿根廷宣布支持对伊军事打击,no_topic
19980215-03-001,冰雪温泉访野猿(附图片2张),no_topic
19980215-03-002,英国的新形象,no_topic
19980215-03-003,开斋节巡礼(附图片1张),no_topic
19980215-03-004,奥斯陆的静谧--访问挪威散记,no_topic
19980215-03-005,风姿千百态银河落九天——阿根廷莫莱诺大冰川纪游(附图片1张),no_topic
19980215-03-006,《十日谈》巴黎手抄本,no_topic
19980215-04-001,给村民一个明白——河北省推行村务公开制度扫描,no_topic
19980215-04-002,不看总结看实绩面向市县找差距海南请基层评说省直机关工作,no_topic
19980215-04-004,奉化决策不靠拍脑袋先搞调研再说话,no_topic
19980215-04-005,山东乐陵市春耕即景『铁牛』下田耕牛进圈,no_topic
19980215-04-006,为农法律事务所(图片),short_body
19980215-04-007,黄歇口镇做好“转化”文章“过腹增值”富万家,no_topic
19980215-04-009,协议终履行冤家成亲家云南建工集团支教助教受好评,no_topic
19980215-04-010,福州市区喇叭声渐稀,no_topic
19980216-01-001,生命之光耀高原——记武警英雄战士张海西(附图片1张),no_topic
19980216-01-002,朱镕基在天津考察时指出再就业工程关系国企改革成败,no_topic
19980216-01-003,李鹏出席荷兰金融界欢迎午宴,review: 政治人物外交活动，金融非主要内容
19980216-01-005,李岚清同丹麦企业家座谈,no_topic
19980216-02-001,"该做,就大胆去做——新春走访下岗职工(一)(附图片1张)",no_topic
19980216-02-005,太保去年保费收入再创新高,no_topic
19980216-02-006,山西省闻喜县重视春灌工作(图片),short_body
19980216-02-007,根据市场变化灵活调整全国煤矿停产压库效果好,no_topic
19980216-02-008,江苏省供销社各项业务稳步发展,no_topic
19980216-02-009,农行严肃查处新绛违纪案,no_topic
19980216-02-010,樟树市规范房地产市场,no_topic
19980216-02-011,黄冈以农为本快速发展,no_topic
19980216-03-001,努力促进两岸民间交流,no_topic
19980216-03-002,治乱减负清费建制湖南狠刹行业不正之风,no_topic
19980216-03-004,转变机关作风提高办事效率北京国家机关工委深入开展“双创建”活动,no_topic
19980216-03-006,领导带头自律健全监督机制长航管理局加强廉政建设,no_topic
19980216-03-007,“兵儿子”,no_topic
19980216-03-009,图片新闻,title_length
19980216-03-010,抓热点攻难点淮阴助贫帮困促稳定,no_topic
19980216-03-011,"本报讯山东青岛市郊区温泉邮电支局自去年以来,始终把提高服务质量,时时处处为用户着想放在首位,积极开展微笑服务、上门服务,建立健全规章制度,并开展承诺服务,千方百计为群众排忧解难,深受群众的称赞,被上级评为先进集体,支局长姚法品还被群众誉为“咱们的贴心人”。(黑雪)",title_length
19980216-03-012,"本报讯元旦以来,通辽铁路分局各级工会组织在全分局开展了送真情、献真心、渡难关、送温暖活动。他们筹措资金15万元,顶着刺骨的寒风,把党的关怀和工会组织的温暖,送到了困难职工的家里。(张春山窦淑珍)",title_length
19980216-03-013,"本报讯在群众生命受到严重威胁的危急关头,第二炮兵某部阵管营代理副教导员杨书箱抱病勇闯火海光荣牺牲,用热血谱写了一曲爱民颂歌。中共河南省商丘地委和商丘军分区日前联合发出通知,号召全区人民向杨书箱学习。第二炮兵某基地党委日前作出决定,追认杨书箱为革命烈士,并为他报请一等功。",title_length
19980216-04-001,纪念周恩来百年诞辰(附图片2张),no_topic
19980216-04-002,高铁同志逝世,no_topic
19980216-04-003,王庆生同志逝世(附图片1张),no_topic
19980216-04-004,明天气象预报(2月16日20时—2月17日20时),no_topic
19980216-04-005,可喜的自律,no_topic
19980216-04-006,图片新闻,title_length
19980216-04-007,牧民用上移动电话,no_topic
19980216-04-009,爱心无价,title_length
19980216-04-010,曲阳出土定窑文物,no_topic
19980216-04-011,中国记协工作会议在重庆召开,no_topic
19980216-04-012,抓好热点难点完善社区服务福州文明小区气氛祥和,no_topic
19980216-04-013,三千牦牛徜徉承德大地,no_topic
19980216-04-014,注重地方特色点线带动全局云南推进精神文明建设,no_topic
19980216-04-015,中华慈善总会为地震灾区捐赠物资,no_topic
19980216-05-002,农民的健康重于泰山——访卫生部副部长张文康,multiple_topics
19980216-05-003,服务教育繁荣学术积累文化浙江教育出版社精品迭出,multiple_topics
19980216-05-004,我国治疗外伤性截瘫取得新进展,no_topic
19980216-05-005,烈士像前受熏陶(图片),no_topic
19980216-05-007,机电一体化省力无污染津门驶出新型电动自行车,no_topic
19980216-05-008,扬中成为『长江生态岛园』,no_topic
19980216-05-009,陕西古代有装饰模印花砖,no_topic
19980216-05-010,邕宁出土四千年前大石铲,no_topic
19980216-05-011,专家学者在京研讨知识经济,no_topic
19980216-05-012,福建南安贵峰村稚童老翁会吟诗,no_topic
19980216-06-001,伊拉克危机伊拉克副总统会见俄副外长,no_topic
19980216-06-002,印度大选从三足鼎立到两强对垒,no_topic
19980216-06-003,澳昆州总理欢宴迟浩田,no_topic
19980216-06-004,李鹏总理参观荷兰水利工程,no_topic
19980216-06-005,自力更生结硕果——记朝鲜慈江道的中小型电站建设,no_topic
19980216-06-006,《金正日选集》第13卷出版,no_topic
19980216-06-007,塞流亡政府准备重建国家前军政府25名成员被捕,no_topic
19980216-06-008,埃苏恢复尼罗河通航,no_topic
19980216-07-001,克林顿呼吁加强科研教育,multiple_topics
19980216-07-002,联合国批评发达国家减少外援,no_topic
19980216-07-003,长寿的代价,no_topic
19980216-07-004,图片新闻,title_length
19980216-07-005,东亚经济传真,no_topic
19980216-07-008,身为律师骗巨款整容也难逃法网巴西最大诈骗犯被引渡回国,no_topic
19980216-07-009,德国医治“德国病”迎接新世纪,no_topic
19980216-07-010,俄推动宇航核动力研究,no_topic
19980216-07-011,"据报道,为减轻亚洲金融危机造成的影响,美国企业自去年10月份以来连续进行较大规模的裁员。据从事就业顾问的挑战者公司统计,美国企业在截至今年1月份的过去4个月里共裁员22·5万多名,平均每月裁员5·6万多名。今年1月份是最近两年来美国企业裁员最多的一个月,共解雇了7万多名,比去年12月份增加2万多名。",title_length
19980216-07-012,"柏林德国经济研究所最新发表的报告显示,近年来德国向东欧国家出口增长迅速。1997年德国向东欧国家出口总额达915·6亿马克(1马克约合0·56美元),而1992年为433·7亿马克,5年间增长1倍多。目前德国对东欧国家的出口,已占德国出口总额的10%。",title_length
19980216-07-013,"据旧金山一家专门从事风险投资分析的公司统计,1997年美国的风险投资商共向全国的1848家公司投入了114亿美元的风险资本,比上年增长16%,而其中大部分为信息技术部门所吸收。在过去一年里,投入信息业的风险资本为70亿美元,占全部风险投资的62%。",title_length
19980216-07-014,"据越南《人民报》报道,越南计划今年向国外输出劳务人员2万人。2000年以后,越南将每年输出劳务人员50万人。《人民报》说,目前,越南完全失业人数为600万至700万人,半失业人数为1000多万人。越南每年还有约100万人进入劳动年龄。因此,拓宽就业渠道是越南面临的一个亟待解决的问题。",title_length
19980216-08-001,乒坛新秀练兵忙爱立信擂台赛挑战者呼之欲出,no_topic
19980216-08-008,巴尔托娃破撑竿跳高世界纪录,short_body
19980216-08-010,希望之星--记于淑梅,no_topic
19980216-08-011,夺得女子五百米速滑冠军的加拿大选手卡特里奥娜在比赛中(图片),short_body
19980216-09-001,"一人走了,二百人饭碗砸了",no_topic
19980216-09-003,城乡居民收入差距趋于缩小,no_topic
19980216-09-004,基尼系数(附图片1张),no_topic
19980216-09-005,六孤儿有了新家(图片),short_body
19980216-09-006,榕城善举:救护山龟(图片),short_body
19980216-09-007,建筑公司欠240万工资劳动监察依法讨公道,no_topic
19980216-09-008,苹果无罪,title_length
19980216-09-009,沟通你和我,no_topic
19980216-09-010,如此执法(附图片2张),short_body
19980216-09-011,榕城怪事:提蛇叫卖(图片),short_body
19980216-10-001,适度从紧该改成从宽吗,no_topic
19980216-10-004,投资国债利国利民,no_topic
19980216-10-005,美国如何解决储贷协会危机,no_topic
19980216-10-006,公司经营风险的内外因素(附图片1张),no_topic
19980216-10-007,一卡在手安游神州港胞内地急救有保障,no_topic
19980216-10-008,货币政策,title_length
19980216-10-010,上证综合指数日K线图(图片),short_body
19980216-10-012,沪市上周上涨前五名(%),short_body
19980216-10-013,沪市上周下跌前五名(%),short_body
19980216-10-014,深市上周上涨前五名(%),short_body
19980216-10-015,深市上周下跌前五名(%),short_body
19980216-10-016,深证成分股指数日K线图(图片),short_body
19980216-11-001,探访折扣票,no_topic
19980216-11-003,小城郁金香,no_topic
19980216-11-004,定量包装误差大缺斤短两如涨价,no_topic
19980216-11-005,享受不起的售后服务,no_topic
19980216-11-006,厦门小老板热衷深造,no_topic
19980216-11-007,教你鉴别小包装榨菜,no_topic
19980216-11-008,手机异地入网合算吗,no_topic
19980216-11-009,搞不懂的橡皮圈,no_topic
19980216-11-010,"2月2日,由株洲车辆厂研制的目前国内载重最大、运行速度最高的D26型260吨凹底平车,完成了1200公里的首次运营,解决了困扰我国电力、冶金、化工等行业长达40年之久的重型、超限货运难问题,标志着我国重型凹底平车研制技术达到了国际先进水平。(谢建文)",title_length
19980216-11-011,"四川成都先锋布艺有限公司推出的系列新品布艺沙发,内架用轻型钢骨架代替木架,永不变形,钢架经静电喷塑处理永不锈损。结构上座、背、扶手为可拆装的板块连接,便于运输,方便用户组合使用,面套可脱洗更换。(商军)",title_length
19980216-11-012,"美国惠普公司和微软公司日前推出了“中小企业战略”,得到了我国用友、清华同方、安易等几十家知名软件开发商的支持与合作。该战略将为中国中小企业信息化建设提供整体解决方案。(张敏)",title_length
19980216-12-001,中国服装如何面向21世纪(附图片1张),no_topic
19980216-12-002,面辅料打破『山门』谋结合,no_topic
19980216-12-003,服装业要由大变强,no_topic
19980216-12-004,国产中高档女装小荷正露尖尖角(附图片1张),no_topic
19980216-12-005,中国服装十大龙头企业,no_topic
19980216-12-006,衬衫业冲击世界名牌,no_topic
19980216-12-007,我国十大羽绒服品牌,no_topic
19980216-12-008,西装国产品牌唱主角,no_topic
19980216-12-009,服装博览会越办越大,no_topic
19980217-01-001,凝聚在伟大旗帜下--写在邓小平同志逝世一周年之际,no_topic
19980217-01-002,尉健行在工人日报新闻扶贫表彰会上指出热诚关心困难企业和下岗职工,no_topic
19980217-01-003,李岚清同拉斯穆森首相会见,no_topic
19980217-01-004,李瑞环会见也门总统,no_topic
19980217-01-005,乔石会见也门总统,no_topic
19980217-01-006,胡锦涛会见莫桑比克客人,no_topic
19980217-01-007,江主席同萨利赫总统会谈,no_topic
19980217-01-008,李鹏总理同科克首相会谈希望在相互尊重的基础上加强中荷友好合作关系,no_topic
19980217-02-001,做起来就不退缩--新春走访下岗职工(二)(附图片1张),no_topic
19980217-02-003,国投集团在京成立邹家华提出培育适应市场经济的政府投资主体,no_topic
19980217-02-004,上海形成拒假防御机制内蒙古商企打假制度化,no_topic
19980217-02-005,全国各地农民群众掀起春耕热潮(图片),short_body
19980217-02-006,八部门发出通知严打假冒伪劣酒类产品,no_topic
19980217-02-008,我国加紧建设绿色通道,no_topic
19980217-02-009,我国全面推广水稻抛秧技术,multiple_topics
19980217-02-010,专家共商防治荒漠化大计,no_topic
19980217-02-011,中信去年经营利润28.5亿,no_topic
19980217-02-012,人民银行要求各金融机构加大农业信贷投入,multiple_topics
19980217-02-013,我进口商品质量趋好但食用植物油等不合格率明显上升,no_topic
19980217-03-001,以邓小平理论为指导做好面向新世纪的人才人事工作,no_topic
19980217-03-002,学习十五大精神推进军队改革和建设军营学理论空气浓,no_topic
19980217-03-004,北京三里屯街道关心外地民工,no_topic
19980217-03-005,为部队办实事替地方解忧愁绥宁军民双向奉献结硕果,no_topic
19980217-03-006,列车上的“精神快餐”,no_topic
19980217-03-007,红旗列车(图片),short_body
19980217-03-008,广西『海上一一○』是渔民守护神,no_topic
19980217-03-009,"本报讯在纪念周恩来同志诞辰一百周年之际,一部共四百六十二幅的长篇连环画《周恩来画卷》,经过画家、编辑们近三年的共同努力,近日由中国少年儿童出版社正式出版发行。(张继凌)",title_length
19980217-03-010,"本报讯最近,公安部部长陶驷驹签发命令,追授河南省唐河县公安局刑警大队副大队长郑榜义全国公安系统一级英雄模范称号。去年底,郑榜义在一次现场侦查、抓捕犯罪嫌疑人时壮烈牺牲。(梁悦林顾军旗)",title_length
19980217-03-011,"本报讯安徽省怀远县各级政府想方设法筹集资金帮助群众解决困难,一个月来,仅该县姚山乡政府一次性就拿出一万余元送温暖专项资金帮助了二十多户群众和困难职工。(李志夫李玉虎)",title_length
19980217-03-012,"本报讯进入二月份以来,武警北京一总队某部自上而下开展勤务教育整顿,以提高思想认识、严密勤务部署、正规执勤秩序、密切警民关系、确保目标安全,并查找存在问题,制订改进措施,为今年部队执勤工作开了好头。(彭珍玉)",title_length
19980217-03-013,"本报讯近两年来,黑龙江省哈尔滨市公安局经济侦查处在打击经济犯罪活动中取得了可喜成绩。一九九六年以来,他们连续破获了一千五百一十四起各类经济犯罪案件。其中,重特大案件八百九十二起,共捕获各种经济犯罪分子六百九十名,为国家和集体追缴赃款赃物折合人民币十几亿元。(张文彦)",title_length
19980217-04-001,《邓小平》电视文献片珍藏中央档案馆,no_topic
19980217-04-002,周恩来遗物陈列馆暨铜像在淮安落成(附图片1张),no_topic
19980217-04-003,中宣部等联合召开电话会议强调加强职业道德建设禁止有偿新闻,no_topic
19980217-04-004,明天气象预报(2月17日20时—2月18日20时),no_topic
19980217-04-005,钱其琛会见布里坦,no_topic
19980217-04-006,《邓小平理论宝库》出版发行邓小平逝世周年纪念邮品面世,no_topic
19980217-04-007,外交部发言人评美总统特使访华,no_topic
19980217-04-008,王力平当选上海市政协主席,short_body
19980217-04-009,钱其琛同土耳其外长会谈,no_topic
19980217-04-010,钱其琛会见也门外长,no_topic
19980217-04-011,吴仪与布里坦举行会谈,no_topic
19980217-04-012,吴邦国会见诺基亚集团总裁,short_body
19980217-04-013,吴仪会见土耳其外长,no_topic
19980217-04-014,董建华将访问德法两国,no_topic
19980217-05-004,“中华医魂”评选宣传活动启动,no_topic
19980217-05-005,管理规范化服务社会化来华留学工作与国际接轨,no_topic
19980217-05-007,《蓝色巨人》付梓,no_topic
19980217-05-009,《中国全鉴》再现半世纪风云,no_topic
19980217-05-010,50所高校参加大学生电脑赛,multiple_topics
19980217-06-001,顺风吹火,title_length
19980217-06-002,伊拉克愿与美直接对话断然否认转移杀伤性武器,no_topic
19980217-06-003,部分国家对解决伊拉克核查危机态度(图片),short_body
19980217-06-004,李鹏在与荷兰经济界人士聚会时说我将全面发展同欧盟关系,no_topic
19980217-06-005,前往巴格达,no_topic
19980217-06-006,增进了解促进合作,no_topic
19980217-06-007,李鹏会见旅荷华侨华人,no_topic
19980217-06-008,李岚清与涅姆佐夫会谈,no_topic
19980217-06-009,李岚清会见丹麦首相(图片),short_body
19980217-07-002,欧盟宣布新配额拉欧再开香蕉战,no_topic
19980217-07-004,隐患(图片),short_body
19980217-07-005,为防止兹罗提贬值波兰央行紧急干预,no_topic
19980217-07-006,美国利用月底日全食探究日冕高温谜,no_topic
19980217-07-007,心脏病人的福音--人工心脏五年内用于临床,no_topic
19980217-07-008,燕麦博士和他的“孩子们”(附图片1张),no_topic
19980217-07-010,美试用混合式电动公共汽车,no_topic
19980217-08-001,雪上飞空中舞自由式滑雪我三女将闯入决赛,no_topic
19980217-08-003,拨动神经之弦——看美加冰球大战,no_topic
19980217-08-004,先发制人(图片),short_body
19980217-08-005,格拉夫将于本周复出,no_topic
19980217-08-006,海峡两岸保龄球巡回冠军赛将举行,no_topic
19980217-08-009,俄罗斯选手阿莎与普拉托夫以完美的表演夺得冬奥会冰舞冠军(图片),short_body
19980217-09-001,"海浪,托起生命的希望",no_topic
19980217-09-002,雕刀有情歙砚精,no_topic
19980217-09-003,三晋文物的喜与忧,no_topic
19980217-09-004,切莫由着盗版横行,no_topic
19980217-09-005,吕建生何时走出困境,no_topic
19980217-09-006,“髯翁于右任肖形石”面世(附图片1张),no_topic
19980217-10-001,可贵的务实精神——“邓小平理论风格”系列谈之五,no_topic
19980217-10-002,国有企业改革的指南,no_topic
19980217-10-003,《马克思的资本主义本质理论与当代现实》,no_topic
19980217-10-004,发扬敢闯敢试的创新精神,no_topic
19980217-10-005,把握和贯彻党在初级阶段的基本纲领,no_topic
19980217-10-006,《中国历史的新跨越》,no_topic
19980217-11-001,势在必行的变革,no_topic
19980217-11-002,贫困大学生作推销员(图片),short_body
19980217-11-003,孩子『教』您做父母,no_topic
19980217-11-004,崇尚精神富有,no_topic
19980217-11-005,中国应出更多的数学家,no_topic
19980217-11-006,"意犹未尽——《母亲,我心中你最重》续篇(附图片1张)",no_topic
19980217-11-007,以人格塑造人格,no_topic
19980217-12-001,人口——可持续发展的沉重砝码,no_topic
19980217-12-002,节能灯的魅力,no_topic
19980217-12-003,家庭避孕选择你喜欢的方式,no_topic
19980217-12-004,肤色不同心相同,no_topic
19980217-12-006,胸藏万卷妙手回春——记医学博士王富天,no_topic
19980217-12-007,淮河的眼睛(附图片3张),no_topic
19980217-12-008,远诊专家千里荧屏相会,no_topic
19980217-12-009,治瘫给病人站起的希望,no_topic
19980218-01-001,李鹏总理抵莫斯科访问,no_topic
19980218-01-002,江泽民会见土耳其外长,no_topic
19980218-01-003,江泽民会见莫桑比克外长,no_topic
19980218-01-004,朱镕基会见布里坦,no_topic
19980218-01-005,中国人民的儿子———邓小平(图片),short_body
19980218-01-006,风正一帆悬——邓小平同志逝世一周年回眸,no_topic
19980218-01-007,周恩来生平和思想研讨会在京开幕胡锦涛等出席,no_topic
19980218-01-008,告读者,title_length
19980218-02-001,机会偏爱有技能的人--新春走访下岗职工(三)(附图片1张),no_topic
19980218-02-002,邹家华致信全国无委办公室主任会议把无线电管理提高到新水平,no_topic
19980218-02-004,防患于未然,no_topic
19980218-02-005,全国取缔一点四万余小煤窑,no_topic
19980218-02-006,迎接今年洪水挑战小浪底度汛项目加紧施工,no_topic
19980218-02-007,争当“放心店”,no_topic
19980218-02-008,旅游成为北京支柱产业,no_topic
19980218-02-009,吴邦国在电视电话会上要求切实抓好城镇集体企业清产核资,no_topic
19980218-02-010,李铁映在北京四通集团考察时强调追赶知识经济浪潮,no_topic
19980218-02-011,报栏里的知识(图片),short_body
19980218-02-012,三九集团兼并企业职工转岗不下岗,no_topic
19980218-02-013,人行平凉分行监管有力,no_topic
19980218-02-014,江西民航局初尝盈利,no_topic
19980218-03-001,邓小平人口思想座谈会在京举行,no_topic
19980218-03-004,温馨的家园——秦皇岛野生动物园记游,no_topic
19980218-03-005,傅全有在总参机关师以上干部大会上强调,no_topic
19980218-03-006,黔东南58万农民踊跃参加技术培训“田秀才”“土专家”遍布苗乡侗寨,multiple_topics
19980218-03-007,电视苑中喜添新蕾《大人物李德林》受好评,no_topic
19980218-03-008,国际海洋年宣传活动组委会成立,no_topic
19980218-03-009,扫盲(图片),short_body
19980218-03-010,心愿,title_length
19980218-03-011,鲜花献模范,no_topic
19980218-04-001,丁关根在中国文联六届三次全委会上强调把更多更好的精神食粮献给人民,no_topic
19980218-04-002,尉健行会见秘鲁客人,no_topic
19980218-04-003,小平女儿的思念--访邓林,no_topic
19980218-04-004,明天气象预报(2月18日20时—2月19日20时),no_topic
19980218-04-005,江苏纪念周恩来百年诞辰,no_topic
19980218-04-006,大型纪念文集《回忆邓小平》出版,no_topic
19980218-04-007,“小平楼”里的怀念(图片),short_body
19980218-04-008,任建新会见李国能,no_topic
19980218-04-009,陈铁迪当选上海市人大主任徐匡迪当选上海市市长,short_body
19980218-04-010,台湾一架民航客机失事海协致函台海基会哀悼遇难者,no_topic
19980218-04-011,钱其琛与莫桑比克外长会谈,no_topic
19980218-04-012,徐匡迪会见美国客人,short_body
19980218-06-001,瑞雪迎嘉宾(附图片1张),no_topic
19980218-06-002,不同利益妨碍结成反伊联盟,no_topic
19980218-06-003,科克首相欢宴李鹏总理,no_topic
19980218-06-004,李鹏会见荷议会领导人,no_topic
19980218-06-005,迟浩田继续在澳访问,no_topic
19980218-06-006,安南就武器核查危机再磋商,no_topic
19980218-06-007,伊表示将确保安南访问成功(附图片1张),no_topic
19980218-06-008,法认为可找到解决危机方案,no_topic
19980218-06-009,美B—52轰炸机飞往科威特,no_topic
19980218-07-001,俄外贸部长表示不会不惜代价加入世贸组织,no_topic
19980218-07-005,墨西哥城市政当局注视保护外国游客(图片),short_body
19980218-07-007,"中国政府通过巴基斯坦难民事务专员署向巴境内阿富汗难民无偿援助五百吨小麦交接仪式十六日在伊斯兰堡举行,中国驻巴使馆临时代办张春祥、巴国家和边境地区部部长马立克·阿卜杜勒·马吉德分别代表本国政府在交接文件上签字。",title_length
19980218-07-008,"韩国民航机将于三月三日首次飞越朝鲜领空。据韩国建设交通部称,自今年四月二十三日起,双方开通韩国的大邱和朝鲜平壤的飞行情报控制区。三月三日,韩国的货运飞机可以作首次试飞。目前韩国赴美、俄的民航航线是绕经日本的。",title_length
19980218-07-009,"南非政府近日做出两项决定:裁减三千六百七十一名公务员以缩减行政开支。根据曼德拉总统关于大量裁员的精神,南非计划裁减三千六百七十一名中央公务员,使目前的九千个工作岗位减少到三千五百个,从而节省开支七千七百万兰特。",title_length
19980218-07-010,"匈牙利总理霍恩十六日在匈牙利国会会议上宣布,匈牙利将在十七日全部偿清欠国际货币基金组织的债务。霍恩说,自一九八二年加入国际货币基金组织以来,匈牙利首次不再欠该组织债务。匈牙利与该组织的合作关系将转移到咨询和技术问题方面。(据新华社电)",title_length
19980218-08-003,我自由式滑雪异军突起日本媒体纷纷高度评价,no_topic
19980218-08-008,格布雷希拉西亚再创世界纪录,no_topic
19980218-09-001,『质量兴市』尝到甜头,no_topic
19980218-09-002,爱心无价,title_length
19980218-09-003,警徽闪闪耀国道,no_topic
19980218-09-004,乘警热心帮助外宾顺利返乡,no_topic
19980218-09-005,不按制度办事断送产妇性命,no_topic
19980218-09-006,弘扬助人为乐美德,no_topic
19980218-09-007,"拉衣角、扯包包、抱腿杆这些『丐帮』,该管(附图片2张)",no_topic
19980218-09-008,冒领救济款者落入法网,no_topic
19980218-10-001,『质量连着你我他』征文启事,no_topic
19980218-10-002,切勿使社会监督员『官化』,no_topic
19980218-10-003,彭州万亩林场被毁三分之一(附图片3张),no_topic
19980218-10-007,县阅览室封闭多日无人管,no_topic
19980218-10-008,有益的尝试——河北藁城市直接选举村干部纪事,no_topic
19980218-10-009,长江上游污染加剧,no_topic
19980218-10-010,街头劳务市场问题多,no_topic
19980218-11-002,自找苦吃,title_length
19980218-11-003,想起袜楦,title_length
19980218-11-004,介绍工程收取“信息费”违法,no_topic
19980218-11-006,冰封北疆掏大鱼(附图片3张),no_topic
19980218-11-007,腮腺炎的症状与预防,no_topic
19980218-11-008,“布冧”不是李子吗?,no_topic
19980218-11-009,重视务工培训,no_topic
19980218-11-010,多种多样的培训方式,no_topic
19980218-12-001,编者的话,title_length
19980218-12-002,光彩之星在凉山升起(附图片1张),no_topic
19980218-12-003,有职有权——致公党中央副主席俞云波小记,no_topic
19980218-12-004,党政干部要高度重视统战工作,no_topic
19980218-12-005,政协主动政府支持——四川省泸州市政协提案工作成效显著,no_topic
19980218-12-006,中国国民党革命委员会,no_topic
19980218-12-007,上海南京路--中华『老字号』拥军纪事,no_topic
19980218-12-008,为了祖国战舰的安全——记海军驻桂林威达公司军代表何乃明,no_topic
19980218-12-009,"春节期间,内蒙古阿拉善盟算井子边防派出所干警慰问蒙古族牧民(图片)",short_body
19980219-01-001,深入学习邓小平理论——纪念邓小平同志逝世一周年,no_topic
19980219-01-002,在邓小平理论指引下开拓前进——纪念邓小平同志逝世一周年,no_topic
19980219-01-003,统一战线各界人士举行纪念座谈会,no_topic
19980219-01-004,李鹏在莫斯科接受记者采访,no_topic
19980219-01-005,中俄联合公报,no_topic
19980219-01-006,《邓小平--女儿心中的父亲》摄影展将在京举行(图片),short_body
19980219-02-001,我们的未来不是梦--新春走访下岗职工(四)(附图片1张),no_topic
19980219-02-002,重复建设主要在加工产业——解决重复建设需要加强协调统筹(一),no_topic
19980219-02-003,下岗职工在做什么,no_topic
19980219-02-004,天津大中型商场筑起质量防线,no_topic
19980219-02-005,辽宁:拆迁日伪时期矿工房,no_topic
19980219-02-007,成都:8万下岗职工就业民营企业,no_topic
19980219-02-009,共产党派来的水神(图片),short_body
19980219-02-010,整体调整重整纺织天津销毁5万旧纺锭,no_topic
19980219-02-011,我内河航运建设取得进展,no_topic
19980219-02-012,湖北农发行鼎力扶助三峡移民,no_topic
19980219-02-013,"本报讯2月17日,中国保护消费者基金会组织召开了1997年度“保农打假”表彰奖励大会。河北成安县工商局等19个单位受表彰。该项基金由农业部、化工部、中华全国供销合作总社、中国轻工总会、中国保护消费者基金会联合对在“保农打假”工作中做出重大贡献的先进单位颁奖。(商泽军)",title_length
19980219-02-014,"本报讯在世界工程机械行业名列第二位的日本小松制作所,1995年起在中国建立合资企业。近日,由小松(上海)有限公司投资兴建的小松培训中心在常州成立,旨在提高用户的使用、保养、维修水平。(于燕文)",title_length
19980219-02-015,"本报讯我国第一本关于外资问题的“白皮书”———《中国外商投资报告》近日出版,该书集权威性、系统性、实用性于一体,在探讨各行业吸引外资诸问题的基础上,指出其继续引资的趋势和政策变化趋向等。(龚雯)",title_length
19980219-02-016,"本报讯截至2月11日18时,我国最大的铁路分局———北京铁路分局,实现安全生产1000天,创造了这个分局安全生产的最好纪录。",title_length
19980219-02-017,"本报讯尝到通路甜头的广西恭城瑶族自治县,多渠道筹措资金,加大公路建设力度,到1998年1月底止,全县117个行政村通四级公路的达92%以上,乡镇通柏油公路的达78%。(盘科学唐云舒)",title_length
19980219-03-001,首都纪念罗炳辉百年诞辰江泽民题词张万年讲话,no_topic
19980219-03-003,寓管理于服务——湖北襄樊市工商局转变作风纪事,no_topic
19980219-03-004,全国防治汽车排气污染研讨会提出控制汽车排气污染势在必行,no_topic
19980219-03-005,药材市场合格证没有终身制有关部门对整顿中药材专业市场作出新部署,no_topic
19980219-03-008,抓班子带队伍促工作保平安齐市交警改进交通管理,no_topic
19980219-03-009,北京军区表彰抗震救灾英模,no_topic
19980219-03-010,清丰双向考评效果好,no_topic
19980219-03-011,图片新闻,title_length
19980219-03-012,"本报讯辽宁省丹东铁路公安处把抓好文明建设作为队伍建设的重点,先后制定了《民警行为规范》、《文明用语规范》等一系列规章制度和守则来规范民警的言行举止。这里每季度对民警进行一次文明服务考核评比,对工作中有不文明行为的民警,特别是群众反映强烈的,坚决予以严肃处理。去年以来,共对有不文明行为的八名民警黄牌警告,下岗培训五人,维护了规章制度的严肃性。由于狠抓精神文明建设,一个文明执勤,热情服务,讲文明话,办文明事的风气正在全处形成。",title_length
19980219-03-013,"本报讯新疆军区机关组织部分机关干部在司令员李良辉的带领下,深入到天山南北的一百余座军营,对部队的新兵训练、干部骨干集训等十余项工作进行了全面检查,工作组依据条令、条例规定细则,一项一项、一条一条地对照检查,使一些久拖未决的问题得到了解决,取得了较好效果。(张立敏王新伟)",title_length
19980219-03-014,"本报讯天津铁路分局唐山站针对今年春节过后学生集中返程出现高峰的情况,采取开行学生专列、增加列车车厢、开设学生售票窗口等多项措施,确保了家住唐山的二千三百多名学生顺利返校。(信宝忠张红普)",title_length
19980219-03-015,"本报讯驻扎在河北省秦皇岛市的海军某试验区,八年来坚持对驻地青龙满族自治县花场峪村、何台子村进行扶贫帮困。这个部队先后出资五万多元为学校翻建校舍、制作桌椅,并为乡村安装了广播器材,提供六千多米水管,进行水源改建,还为群众解决了电话通讯难,先后使两个贫困村走上了富裕道路。(王仲平)",title_length
19980219-03-016,"本报讯沈阳铁路公安局通辽公安处新近以『民警就在旅客身边』为主题,推出系列爱民活动。他们将『有困难找乘警、乘警就在您身边』的标语牌挂在旅客列车的醒目之处;车站派出所将『蓝盾救助中心』设立在旅客候车室内;蒙族地区的车站派出所还将『蒙语角』设立在候车室,并指派蒙汉语言兼通的民警,为不会不懂汉语的蒙族旅客做翻译。(车明)",title_length
19980219-03-017,"本报讯山东日照市委近期集中时间,分组织发动、摆查问题、整改提高、考察考核和总结验收五个阶段,在全国率先开展了企业领导班子集中整顿建设。在集中全面建设活动中,通过开展『查问题、挖根源、找优势、树信心』活动,各企业领导干部依靠职工办企业的思想进一步增强,作风有了新的转变,全市先后有十个大中型企业扭亏为盈。(成博永亮)",title_length
19980219-04-001,纪念邓小平同志逝世一周年(图片),short_body
19980219-04-002,为远行的亲人献上深深的思念,no_topic
19980219-04-003,中直机关举行座谈会纪念周恩来百年诞辰书画集《怀念》出版,no_topic
19980219-04-004,钱其琛会见全国来华留学工作会议代表强调做好来华留学工作意义深远,no_topic
19980219-04-005,明天气象预报(2月19日20时—2月20日20时),no_topic
19980219-04-006,《邓小平文选》典藏本出版,no_topic
19980219-04-007,中国文联纪念一代伟人,no_topic
19980219-04-008,钱其琛接受爱尔兰记者采访,short_body
19980219-04-009,小瓷盒的故事,no_topic
19980219-04-010,全军军事志第一次工作会议结束,no_topic
19980219-04-011,中华慈善杯新闻摄影比赛揭晓《庆新春》新闻摄影比赛揭晓,no_topic
19980219-05-001,忆小平对外国专家的关怀(附图片1张),no_topic
19980219-05-002,新疆各族人民永远怀念邓小平(附图片1张),no_topic
19980219-06-001,巴格达处变不惊,no_topic
19980219-06-002,俄总理欢宴李鹏总理双方高度评价两国总理定期会晤,no_topic
19980219-06-003,安南宣布本周末抵巴格达美再次向伊发出动武威胁,no_topic
19980219-06-004,安南赴伊举世关注,no_topic
19980219-06-005,澳领导人会见迟浩田中澳国防部长举行会谈,no_topic
19980219-06-006,美国如何择日动武,no_topic
19980219-07-001,涉嫌不正当竞争对判罚巨款不服德国大众宣布状告欧盟,no_topic
19980219-07-002,兼并潮冲击公用事业去年并购额超千亿美元,no_topic
19980219-07-005,英国移动电话可上网市场价格不会高,no_topic
19980219-07-006,中国商品在智利(图片),short_body
19980219-07-007,"俄罗斯总统叶利钦17日强调,俄罗斯科技领域的基本任务是完成从解决科技生存问题向科技稳定发展的过渡。他说,为了完成这一任务,必须改革整个科技拨款体制,由国家政权机构保证基础科研的资金,吸收私人资金发展技术。",title_length
19980219-07-008,"美国科学促进协会1998年年会17日在费城落下帷幕。从会议参加者的广泛性,从科学家发表的论文数量和涉及的领域,从会议期间举办的科普活动的多样性来看,这次年会都非常成功。",title_length
19980219-07-009,"据波恩一家科学协会最近一份研究报告表明,德国企业1997年在研究和发展领域的投入达616·7亿马克(1美元约合1·7德国马克),比上一年增长3·6%。",title_length
19980219-07-010,"连日来,由于积雪迅速融化以及连续降雨天气使保加利亚大部分地区河流泛滥、水库水位上涨,并造成了严重水灾,经济损失多达约200亿列弗(约合1100万美元)。(据新华社电)",title_length
19980219-07-011,"巴西日前在英国伦敦成功发行5亿欧元的政府债券。巴西中央银行负责人指出,这是东南亚金融危机之后,巴西首次在国外资本市场融资。这表明巴西在国际金融市场上有着良好的信誉,并为国内私人企业到欧洲市场融资开通了道路。",title_length
19980219-08-001,飞雪识英雄--记自由滑雪空中技巧决赛(附图片1张),no_topic
19980219-08-003,找出不足还有一拼,no_topic
19980219-08-004,徐根宝成为万达队主教练,no_topic
19980219-08-005,何来十九分之差--看上海与辽宁男篮之战,no_topic
19980219-08-006,希尔顿男篮甲A联赛战报(2月18日第20轮主队在前),short_body
19980219-08-007,信心与阴影——山东八一男篮之战侧记,no_topic
19980219-09-001,菌草:一个大有作为的新产业,no_topic
19980219-09-002,延寿脱贫坚实路,no_topic
19980219-09-003,名牌需要不断创新,no_topic
19980219-09-004,东海龙三跳“龙门”,no_topic
19980219-09-005,虾子镇变了,no_topic
19980219-09-008,菱湖渔区2万吨鲜鱼待销,no_topic
19980219-09-009,丰富节日市场的蔬菜(图片),short_body
19980219-09-010,富锦市供销社为民服务闯新路(图片),short_body
19980219-10-001,三次巨变和邓小平理论的历史由来,no_topic
19980219-10-002,源于实践的思考,no_topic
19980219-11-001,青年兴业领头人风采,no_topic
19980219-11-002,王宝庆三轮车蹬出一片新天地,no_topic
19980219-11-003,王柏林百万家业安置万名下岗职工,no_topic
19980219-11-004,下岗以后(附图片3张),no_topic
19980219-11-005,司季红与互助柜台,no_topic
19980219-11-006,哈尔滨加强技能培训为再就业服务,no_topic
19980219-11-007,思想不能下岗,no_topic
19980219-11-008,宜昌百团结百户扶助下岗青工,no_topic
19980219-12-001,河流的诗——邓小平同志周年祭,no_topic
19980219-12-002,达观,title_length
19980219-12-003,情思在煤海奔涌(附图片1张),no_topic
19980219-12-004,正气歌声动神州--读《缅怀邓小平诗词选》,no_topic
19980219-12-005,春天的怀念,no_topic
19980219-12-006,『碑』在人民心中,no_topic
19980219-12-008,书法,title_length
19980219-12-009,政通人和(篆刻),short_body
19980219-12-010,"●“华天杯”首届全军业余书法电视大赛出成果不久前,由解放军电视宣传中心、总政文化部文化影视局主办,湖南华天实业集团承办的“华天杯”首届全军业余书法电视大赛降下帷幕。其中,来自基层部队的作品三千二百一十件,离退休干部的作品一千三百五十四件,军以上现职领导的作品三百零一件。作者中有年过八旬的老红军、老将军和离退休老同志。在二百零七件获奖作品中,楷、行、草、隶、篆兼备,风格多样,流派纷呈。获奖作者中,有近半是名不见经传的二十多岁的年轻官兵,这些新人的涌现,壮大了军旅书法创作的队伍,为推动和繁荣军队的书法事业注入了新的活力。(王世同)",title_length
19980219-12-011,"●诗刊社举办第十四届“青春诗会”中国作家协会诗刊社在近期举办了第十四届“青春诗会”。本届“青春诗会”,是与会人数最多的一届,有最新的鲁迅文学奖诗歌奖得主,有刚参加了中国作协青年作家创作会议的代表,有大学的副教授,有深圳打工的青年,有年轻而资深的新闻记者,也有来自边疆和山区的诗人。他们从生动而丰富的生活中来,给我们带来的是一束束充满青春气息的诗篇。",title_length
19980220-01-001,《周恩来手迹选》出版江泽民题写书名,no_topic
19980220-01-002,江泽民会见日本客人,no_topic
19980220-01-003,圆满结束对欧洲三国访问李鹏总理回到北京,no_topic
19980220-01-004,中也发表联合新闻公报,no_topic
19980220-01-005,王平同志遗体在京火化,no_topic
19980220-01-006,意大利总统将访华,short_body
19980220-01-007,中纪委监察部就两起重大经济违纪违法案件发出通报,no_topic
19980220-01-008,加强平等对话扩大互利合作,no_topic
19980220-01-010,杜青林当选海南省委书记,no_topic
19980220-02-001,矿产资源勘查区块登记管理办法,no_topic
19980220-02-002,一月份国民经济平稳发展全国工业完成增加值一千三百多亿元,no_topic
19980220-02-003,北方冬麦区普降雨雪京城喜逢春雪,no_topic
19980220-02-004,邹家华在全国内河航运建设现场会上强调加强内河航运建设,no_topic
19980220-02-005,姜春云在考察春耕生产时要求坚持抗旱防汛两手抓,no_topic
19980220-02-006,罗干在国务院办公厅召开的电视电话会上要求,no_topic
19980220-02-007,我国农业税收入增长平稳去年征收近四百亿元比上年增百分之七点多,multiple_topics
19980220-03-001,中办国办转发中宣部等六部委《意见》大力加强革命文物工作,no_topic
19980220-03-002,胡绳青年学术奖全国青年优秀社科成果奖颁奖大会举行,no_topic
19980220-03-003,两代人的情思--小平家乡纪念活动侧记,no_topic
19980220-03-004,团中央全国学联召集京津高校学生座谈用邓小平理论指导学生成才,review: 政治理论指导学生成才，政治教育交叉
19980220-03-006,港澳舆论隆重纪念邓小平逝世一周年,no_topic
19980220-03-007,中宣部等六部委关于加强革命文物工作的意见,no_topic
19980220-04-001,王平同志生平(附图片6张),no_topic
19980220-04-002,未来一周天气趋势,no_topic
19980220-04-003,明天气象预报(2月20日20时—2月21日20时),no_topic
19980220-04-004,外交部发言人发表谈话,no_topic
19980220-04-005,江主席接受三国大使国书,short_body
19980220-04-006,钱其琛会见李国能,no_topic
19980220-05-001,把小平家乡建设好(附图片1张),no_topic
19980220-05-002,结束过去开辟未来,no_topic
19980220-06-001,珍惜和平解决机会,no_topic
19980220-06-002,加强平等对话扩大互利合作——李鹏总理访问欧洲三国圆满成功,no_topic
19980220-06-003,安南到来之前,no_topic
19980220-06-004,李鹏看望我驻俄人员,no_topic
19980220-06-005,我代表强调中美应就伊问题保持合作,no_topic
19980220-06-006,卢领导人高度评价卢中关系,no_topic
19980220-06-007,谢里夫积极评价访华成果,no_topic
19980220-06-008,朝政党呼吁改善北南关系,no_topic
19980220-06-009,日本议员新井非法炒股被捕之前畏罪自杀,no_topic
19980220-07-001,英贸易委员会主席呼吁英国企业应珍惜亚洲市场,no_topic
19980220-07-002,加总理参观中国国画展,no_topic
19980220-07-003,从交互式电视谈起,no_topic
19980220-07-004,抓就业促扶贫,no_topic
19980220-07-005,国际旅游组织亚太委员会会议在日本开幕(图片),short_body
19980220-07-006,东亚经济传真,no_topic
19980220-07-007,俄核反应堆已更安全,no_topic
19980220-07-008,图为美国贝尔实验室研制的手表式微型无线电话机(图片),short_body
19980220-07-009,意政府资助环保研究,no_topic
19980220-07-011,智利治理首都空气污染,no_topic
19980220-08-001,又与金牌失之交臂短道速滑女将杨阳获亚军(附图片1张),no_topic
19980220-08-005,前来调查世锦赛期间兴奋剂事件国际泳联代表团在京举行新闻发布会,no_topic
19980220-08-007,健身器材走俏银川,no_topic
19980220-09-001,从图文中品尝流行(附图片1张),no_topic
19980220-09-002,到书籍内寻找满足(附图片1张),no_topic
19980220-09-003,伟人虽逝丰采长在,no_topic
19980220-09-004,邓小平名言和百家书萃(附图片1张),no_topic
19980220-09-005,都市生活的一道风景,no_topic
19980220-09-006,北京纪念布莱希特,no_topic
19980220-09-007,上下一千六百年文字百万图三千《中国书画名家精品大典》出版,no_topic
19980220-09-008,在报刊里观察生活,no_topic
19980220-09-009,演出之后(图片),short_body
19980220-10-001,戏比天大(附图片1张),no_topic
19980220-10-002,光辉的形象不朽的精神,no_topic
19980220-10-003,关心保留剧目,no_topic
19980220-10-004,《青鸟》飞上中国舞台(附图片1张),no_topic
19980220-10-005,《冰糖葫芦》将上荧屏,no_topic
19980220-10-007,观众评说春节晚会,no_topic
19980220-10-008,《警民同欢万家春》撩人动情,no_topic
19980220-10-009,《拉萨往事》再现西藏历史风云,no_topic
19980220-10-010,湘剧《子血》进京演出,no_topic
19980220-11-003,沧桑如歌一片真诚,no_topic
19980220-11-004,《现在出发》(长篇报告文学)(图片),short_body
19980220-11-005,小说在九十年代的位置,no_topic
19980220-11-006,颁奖(漫画),short_body
19980220-11-007,一九九七年度的长篇小说创作,no_topic
19980221-01-001,连续亏损四年累计亏损六亿舞钢被邯钢兼并五个月扭亏,no_topic
19980221-01-002,邯钢经验再显威力,no_topic
19980221-01-003,外交部职工深切缅怀周恩来表示要学习一代伟人的革命精神和崇高风范,no_topic
19980221-01-004,全军和武警官兵深切缅怀邓小平,no_topic
19980221-01-007,莆田开展“学会做群众工作”活动,no_topic
19980221-01-008,别开生面曝光栏,no_topic
19980221-01-009,民心工程——来自山东“110”社会服务联动的报道,no_topic
19980221-01-010,宁夏水文地质勘察工作队(图片),short_body
19980221-01-011,安南抵达巴格达对和平解决危机表示乐观,no_topic
19980221-02-001,让世界了解中国让中国了解世界,no_topic
19980221-02-002,纪念周恩来百年诞辰中央文史馆等在津举办笔会李铁映参加纪念活动,no_topic
19980221-02-004,“周恩来与黄埔军校”座谈会在京举行,no_topic
19980221-02-005,江西铜业公司德兴铜矿注重绿化(图片),short_body
19980221-02-006,国务院军转安置工作小组强调做好今后三年军转安置工作,no_topic
19980221-02-007,明天气象预报(2月21日20时—2月22日20时),no_topic
19980221-02-008,吸取教训加强管理红塔集团创历史最好成绩,no_topic
19980221-02-009,全国党建研究会在京举行座谈会纪念《共产党宣言》发表150周年,no_topic
19980221-02-010,曹克明当选江苏省政协主席,short_body
19980221-02-011,首都新闻界举行座谈会重温周恩来对新闻工作的教导,no_topic
19980221-02-012,钱其琛会见匈牙利客人,short_body
19980221-02-013,罗干会见玻利维亚内政部长,no_topic
19980221-02-014,《国家安全法》施行五周年座谈会举行,no_topic
19980221-02-015,17家外国律师事务所获准在华设办事处,no_topic
19980221-03-001,以权谋私炒股新井畏罪自杀,no_topic
19980221-03-002,安南对调解核查危机抱有信心法希望伊能接受国际社会建议,no_topic
19980221-03-003,埃及六次函劝萨达姆警告美国勿动武力争化解危机,no_topic
19980221-03-004,美前总统卡特强调发展美中关系对双方有利,no_topic
19980221-03-005,叶利钦祝贺『武装力量日』,no_topic
19980221-03-006,联合国呼吁加强淡水资源管理,no_topic
19980221-03-007,俄法宇航员返回地面,no_topic
19980221-03-008,哥头号毒枭被捕,no_topic
19980221-03-009,哈立德一家,no_topic
19980221-03-010,俄罗斯总理切尔诺梅尔金19日对乌克兰进行为期两天的工作访问。俄乌领导人着重就乌克兰总统库奇马将于本月26日—27日对俄罗斯进行首次国事访问的准备工作以及两国经贸关系中迫切需要解决的问题进行了磋商。双方还讨论了俄立法机构批准俄乌友好合作条约的有关情况、黑海舰队分割协议的实施、双方联合生产AH—70军事运输机的方案等问题。,title_length
19980221-03-011,乌克兰总统库奇马19日与正在基辅进行访问的乌兹别克斯坦总统卡里莫夫签署了两国友好和加深全面合作条约以及在领事、交通、环保、军事、能源等领域加强合作的11项文件。,title_length
19980221-03-012,"波兰副总理兼行政内务部长托马谢夫斯基18日在议会作国内治安情况报告时指出,与1996年相比,去年波兰国内治安情况“更为严峻”,主要表现为:威胁社会治安的种种现象日趋严重,犯罪率上升,刑事案件破案率下降;未成年人犯罪剧增,给社会造成极大危害;车祸数量直线上升,伤亡人数增加。据报道,1989年以来,波兰犯罪的人数逐年递增,目前达20万人之多。(本报专电)",title_length
19980221-03-013,"据墨西哥环境部宣布,受干燥和大风天气的影响,近3天来墨西哥伊达尔戈、瓦哈卡和新莱昂等7个州接连发生森林火灾。其中,火灾面积最小的数十公顷,最大的达上千公顷。据不完全统计,约5000多公顷森林被毁,林区受灾人口估计超过1万。",title_length
19980221-03-014,"东非地区去年下半年以来先遇干旱,后遭暴雨,粮食大幅度减产,使本来就不富裕的粮食供应更趋紧张。据联合国粮食及农业组织最近发表的一份报告称,目前东非约有1000万人口面临粮食供应困难。(据新华社电)",title_length
19980221-04-001,深切缅怀世纪伟人邓小平(附图片5张),no_topic
19980221-04-002,科曼再破5000米跑室内世界纪录,no_topic
19980221-04-004,化蝶舞翩跹——陈露夺牌记(附图片1张),no_topic
19980221-04-006,将门虎女终偿愿失利迁怒丢尽脸,no_topic
19980221-04-007,北京国际公路接力赛月底鸣枪姜波董艳梅等好手出阵,no_topic
19980221-04-008,全军最佳运动员评选在京揭晓,no_topic
19980221-05-001,可持续发展理论研究扫描,no_topic
19980221-05-002,生态经济管理研究的新成果,no_topic
19980221-05-003,国际贸易政策研究的新进展,no_topic
19980221-05-004,《共产党宣言》的署名和第一个英文译本,no_topic
19980221-05-005,世界经济大调整进入深化阶段,no_topic
19980221-05-006,中西部利用外资的政策条件,no_topic
19980221-05-007,对司马迁的再认识,no_topic
19980221-05-008,学术动态(图片),short_body
19980221-06-002,尽日不能忘,no_topic
19980221-06-004,建构中国的小说学--读《中国小说学通论》,no_topic
19980221-06-005,九十年代小说的现实主义精神,no_topic
19980221-06-006,"中国作协中直工作委员会日前在北京召开成立大会。目前,在中央直属机关和中央国家机关的中国作协会员有一千零二十七人,约占全国会员人数的百分之十八,作协成立中直工作委员会,目的是更好地为中直单位的作家们服务。中直会员中学术理论界名人多,报刊出版界编辑记者多,担任一定领导职务的作家多。根据这些特点,委员们提出要充分发挥中直作家的人才资源优势,可以开展各种文学活动,如组织作家深入生活,深入基层;推荐作品参加文学评奖;组织作品研讨及专题讨论活动;倡导贴近时代、反映现实生活的优秀作品;推荐新会员,扶植文学新生力量;组织作家联谊及信息交流等活动。(佐谢)",title_length
19980221-06-007,"为了适应中国电影、电视剧繁荣发展的需要,充分发挥中国作协推动影视文学创作的作用与优势,中国作协经党组、书记处研究并征得主席团审议同意,中国作家协会影视文学委员会于一九九八年二月九日在北京成立,并举行了首届委员会议。该委员会旨在团结影视文学创作队伍,开展形式多样的艺术交流和研讨活动,以影视综合艺术形式和手段展示文学的精彩;进一步探索在新的条件下促进影视文学创作的机制和运作方式,为人民群众创作更多更好的影视作品。(王闻)",title_length
19980221-06-008,"一月三日,一百一十位诗人和诗评家出席了隆重的『中国诗歌学会九八迎春北京诗会』开幕式。会议旨在高举邓小平理论的伟大旗帜,贯彻党的十五大精神,辨识诗的真谛,正视诗的现状,展望诗的未来。这是一次具有较高学术水平的诗会。(张文)",title_length
19980221-06-009,"由中国作家协会诗刊社与东南大学文学院、世界华文诗歌研究所联合主办的九七中国新诗形式美学研讨会,于一九九七年十一月二十五日至二十七日在东南大学举行。与会者围绕新诗形式的建设和发展问题,结合本世纪以来新诗形式的得失和经验教训,展开深入研讨和交流。大家指出,长期以来读者对我国新诗形式很不满意,近年来日趋强烈。重要原因之一就是在诗体形式上过分自由随意,缺乏诗体自身的艺术个性,诗美就美在诗的内容与形式的完美结合上。这次会议虽有不同意见和争鸣,但达到了一种和谐状态。可以说,这为新诗形式美学的讨论起了一个良好的开端。(陆松)",title_length
19980221-06-010,"刘毅主编的『当代中国作家自况体丛书』第二辑共三卷已由沈阳出版社出版,至此,以『忠实人生,照彻心灵,超越命运,重塑自我』为宗旨的这套丛书,已经有石楠、王英琦、梅洁、吕锦华、李兰妮、廖华歌、蔡秀文共七位女作家先后以这种独特的文体完成了各自的『奏鸣曲』。",title_length
19980221-07-002,泼墨挥写时代情--赵华胜和他的领袖画系列(附图片1张),no_topic
19980221-07-005,区域经济学研究的新探索——《环渤海地区经济发展战略研究》小议,no_topic
19980221-07-006,《精神文明四字歌》字帖面世,no_topic
19980221-08-001,浓荫永在天地间,no_topic
19980221-08-002,球星出拳,title_length
19980221-08-003,谈“山人气”,no_topic
19980221-08-004,夕歌新唱,title_length
19980221-08-005,纪念许广平同志,short_body
19980221-08-006,写在母亲文集出版之时,no_topic
19980221-08-007,最美丽的一道风景,no_topic
19980221-08-008,温情哈尔滨,no_topic
19980221-08-009,傲霜临雪雀追松(中国画),short_body
19980222-01-001,深切缅怀敬爱的周总理(附图片2张),no_topic
19980222-01-003,安南与伊副总理会谈对和平前景仍然乐观,no_topic
19980222-01-004,清华园觅宝,no_topic
19980222-01-005,笔下怎样写南宁,no_topic
19980222-01-006,全力抗旱确保春播,no_topic
19980222-01-007,一方真诚支援一方虚心求教两广结对帮扶携手发展,no_topic
19980222-01-008,图片新闻,title_length
19980222-01-010,"国家“九五”重点建设项目洛阳化纤工程21日正式开工。工程由中国石化总公司和河南省政府合资建设,计划总投资81亿元,于2000年建成投产。工程以年产20万吨聚酯为主体,包括年产16万吨对二甲苯等装置及配套工程。",title_length
19980222-01-011,"在福建一辆辆标志着“120急救”字样的救护车,越来越多地驰入人们的眼帘。截至今年初,福建省卫生部门已开通“120”急救电话21条,已有73家医院参加进入“120”急救网络,覆盖面扩大至全省45个县市区。(赵鹏)",title_length
19980222-01-012,"西北航空公司1997年安全运送旅客313万人次,货邮运输量6.4万吨,主营业务收入32.3亿元,实现利润523万元,摘掉连续4年亏损的帽子,其综合服务质量也由全民航第六上升到第二,企业显示出良好发展势头。",title_length
19980222-02-001,克林顿再次发出动武威胁第二批联合国人员撤离伊,no_topic
19980222-02-002,安南旋风,title_length
19980222-02-003,以思想解放推动改革开放和经济建设,no_topic
19980222-02-004,凝聚春天思念再现伟人风采厦门举办邓小平视察南方图片展,no_topic
19980222-02-005,李铁映在春兰集团研讨会上发表书面讲话指出,no_topic
19980222-02-006,全国中专加快招生并轨改革将实行缴费上学、自主择业制度等,no_topic
19980222-02-007,明天气象预报(2月22日20时—2月23日20时),no_topic
19980222-02-008,国家防总发出通知要求加强防汛抗旱工作,no_topic
19980222-02-009,外交部驻港特派员公署举行新春酒会,no_topic
19980222-02-011,上海选出人大常委会副主任、副市长,no_topic
19980222-02-012,高寒山区农家孩子的阅览室(图片),short_body
19980222-02-013,全国宗教局长会议提出认真贯彻宗教政策依法管理宗教事务,no_topic
19980222-02-014,十一世班禅捐助灾区三万元,no_topic
19980222-03-001,海天涛韵--冲绳三札之一(附图片1张),no_topic
19980222-03-002,城市的魅力,no_topic
19980222-03-003,国乐倾倒维也纳,no_topic
19980222-03-005,听伊连柯讲中国故事(附图片1张),no_topic
19980222-03-006,月光虹,title_length
19980222-04-001,西庄村短视一时后悔四载钱家峪慧眼识才受益匪浅,no_topic
19980222-04-003,春霁渝州气象新(附图片2张),no_topic
19980222-04-006,兰州市图书馆多媒体阅览室对公众开放(图片),short_body
19980222-04-007,“高原明珠”点亮万家灯火拉萨市民不再为停电烦恼,no_topic
19980222-04-008,昔日拜师下『西洋』今日『洋人』学海尔,no_topic
19980223-01-001,铁路春运活起来了,no_topic
19980223-01-002,外来工当上省人大代表,no_topic
19980223-01-003,关心下岗职工子女,no_topic
19980223-01-004,一个工人救活三个厂——记沈阳同联集团总经理姜恩鸿,no_topic
19980223-01-005,深切缅怀周恩来同志(图片),short_body
19980223-01-006,北京创造条件发展非公有制经济,no_topic
19980223-01-007,闲车托管大家合算,no_topic
19980223-01-008,甘肃玉门油田实施综合治理工程(图片),short_body
19980223-01-010,安南与伊方谈判接近突破,no_topic
19980223-01-011,陈焕友当选江苏省人大主任郑斯林当选江苏省省长,no_topic
19980223-02-001,矿产资源开采登记管理办法,no_topic
19980223-02-003,国债发行第一天(附图片1张),no_topic
19980223-02-004,湖南:建立抵抗假冒产品防线江苏:国有商业齐心塑造形象,no_topic
19980223-02-005,“三年千万”再就业培训计划实施,no_topic
19980223-02-006,陕西取消一项违规收费项目,no_topic
19980223-03-002,传文化知识播科技种子送物资设备11部委机关赴陕扶贫见效,multiple_topics
19980223-03-003,教你生个好宝宝——解放军总医院产前教育侧记,multiple_topics
19980223-03-004,永恒的怀念--纪念周恩来百年诞辰展侧记,no_topic
19980223-03-005,14年后又相逢,no_topic
19980223-03-006,『中国科普万里行』将举行,no_topic
19980223-03-007,我国核物理研究获重大成果,no_topic
19980223-03-008,报刊队伍群星闪烁24位编辑记者入选“报刊之星”,no_topic
19980223-03-009,北京春季人才市场火爆,no_topic
19980223-03-010,三峡截流安全保卫总结表彰大会召开,no_topic
19980223-03-012,中外运华北空运有限公司成立,no_topic
19980223-03-013,本报海外版召开广告发展战略研讨会,no_topic
19980223-03-015,汉王读写听输入系统问世,no_topic
19980223-03-017,『百宝袋』中藏真宝,no_topic
19980223-03-018,送光明义诊在京开始,no_topic
19980223-04-001,『博士』村主任,no_topic
19980223-04-002,丁关根在全国省级党报总编辑工作会议上强调,no_topic
19980223-04-003,《周恩来南开校中作文》《周恩来旅日日记》出版,no_topic
19980223-04-004,明天气象预报(2月23日20时—2月24日20时),no_topic
19980223-04-005,福建集会纪念周恩来百年诞辰,no_topic
19980223-04-006,江苏海安人的新时尚(图片),short_body
19980223-04-007,内地与香港就避免双重征税达成一致,no_topic
19980223-04-008,“鲁羊”登上主席台,no_topic
19980223-04-009,香港新机场两项新工程合约签署,no_topic
19980223-04-010,董建华会晤布里坦时指出香港经济前景乐观,no_topic
19980223-04-011,叶克明同志逝世,no_topic
19980223-04-012,王玉洁——塞外山城好卫士(附图片1张),no_topic
19980223-04-013,黄菊会见秘鲁客人,short_body
19980223-04-014,"据新华社澳门二月二十一日电(记者车玉明)第九届澳门艺术节今天下午在这里揭幕,内地的浙江小百花越剧团、台湾的朱宗庆打击乐团将与澳门本地以及来自香港、葡萄牙和奥地利等地的艺术家们一起,将在为期两周的艺术节上演出二十三场节目。今年的艺术节内容丰富,包括音乐节目、话剧演出、粤曲、越剧、现代舞表演以及盆栽、摄影、漫画、书法展览等。艺术节由澳门文化司署主办、澳门市政厅协办。",title_length
19980223-04-015,"据新华社北京二月二十一日电为纪念毛泽东同志『向雷锋同志学习』题词三十五周年,『我身边的雷锋』全国摄影大赛评选结果今天在北京揭晓。朱民拍摄的《群众爱戴李国安》、张晋国《好人强自喜》、罗顺裕《为了六名维吾尔族同胞的生命》、刘邦潮《卫士雄风》、赵连勤《解放军给咱打出了幸福井》等作品获金牌奖。比赛由中华全国青年联合会、中国新闻摄影学会、中共抚顺市委以及辽宁抚顺天湖啤酒有限公司等单位联合举办。",title_length
19980223-04-016,据新华社北京二月二十二日电(记者曲志红)由国务院新闻办公室和广播电影电视部举办的第四届『金桥奖』(影视)评选结果今天揭晓并进行颁奖。本届『金桥奖』评选出《张老汉与县委书记》、《不平常的心》、《绿色的家园》、《生活在天津的外国人》、《走进瓷都》等一批优秀对外宣传电视片。,title_length
19980223-04-017,"本报讯记者邵建武报道:《中国画珍品展》十八日在北京中国美术馆开幕。在开幕式上,被誉为中国现代人物画扛鼎之作的《流民图》由其作者蒋兆和先生的家属捐赠给国家。这个为期十天的展览作为九八中国国际美术年系列展览之一,由故宫博物院和中国美术馆联合举办。",title_length
19980223-06-001,美在安南斡旋期间不停止备战,no_topic
19980223-06-002,荒漠深处瓜果飘香——巴西东北部地区纪行之二(附图片1张),no_topic
19980223-06-003,印度大选人民党又遭打击印警方加强防范,no_topic
19980223-06-004,金大中接受本报记者采访时强调韩将遵守韩中建交公报原则,no_topic
19980223-06-005,北爱和谈新芬党被逐联民党加入,no_topic
19980223-06-006,动武是下策,no_topic
19980223-06-007,为保证公决通过《阿约》丹麦将提前举行大选,no_topic
19980223-06-008,墨西哥为“国旗日”庆典作准备(图片),short_body
19980223-06-009,波德法首脑举行会议强调必须考虑俄大国地位和作用,no_topic
19980223-06-010,伊斯兰世界大会闭幕,no_topic
19980223-06-011,伊朗欢迎伊美民间交往,no_topic
19980223-06-012,"越南副总理兼外长阮孟琴二十一日在河内会见来访的泰国总理府部长颂汶·拉洪时表示,越南和泰国应利用诸多有利条件,进一步加强两国间的友好合作关系,努力使两国关系成为东盟成员国之间的典范。双方认为,东盟各国应团结起来,挫败外部势力强加于人、挑拨离间的企图。一旦东南亚金融危机结束,该地区将继续成为世界上最具活力的地区之一。",title_length
19980223-06-013,"伊朗副外长阿明扎德二十一日在德黑兰召见巴基斯坦驻伊朗大使侯赛因,向他递交一封照会,强烈抗议两名伊朗工程师在巴基斯坦遭杀害事件。据报道,两名伊朗工程师二十一日下午在巴基斯坦最大城市卡拉奇遭到一伙不明身份的武装分子枪击身亡。这两名伊朗人在卡拉奇负责一项桥梁建筑工程。",title_length
19980223-06-014,"北约北大西洋理事会官员二十日宣布,现驻波黑的多国稳定部队在今年六月维和使命期满后将继续留驻波黑。但是,这一决定尚需得到联合国安理会的授权。这位官员说,该部队的新使命是阻止在波黑出现新的敌对状况,以便为波黑重建提供一个安全稳定的环境。",title_length
19980223-06-015,捷克政府副总理兼环境部长斯卡利茨基引咎辞职。这是捷克托绍夫斯基政府自今年一月成立以来进行的首次重大人事变动。斯卡利茨基是因所在党公民民主同盟财务管理混乱、涉嫌卷入捐款一案而于二月十七日向托绍夫斯基总理提出辞职的。捷克总统哈韦尔二十日下午批准了他的辞呈。,title_length
19980223-06-016,"克罗地亚主要执政党克罗地亚民主共同体第四次代表大会二十一日在萨格勒布举行,原克罗地亚民主共同体主席、克罗地亚现任总统图季曼再次当选为该党主席。图季曼当选后发表讲话强调,克罗地亚民主共同体今后将继续执行建立民族信任和同邻国建立正常关系的政策。(据新华社电)",title_length
19980223-07-003,从印尼央行行长易人说起,no_topic
19980223-07-004,美国对外贸易逆差创新高,no_topic
19980223-07-005,身高出生月份也起作用,no_topic
19980223-07-006,长寿经常运动更为重要,no_topic
19980223-07-007,英研制成一种走步练习器(图片),short_body
19980223-07-008,"中南建交以来首家中南合资企业———海信(南非)有限公司18日在波切夫斯特鲁姆正式开业。该公司由中国青岛海信集团和南非亚非公司、吸引力进出口有限公司三家合资兴办,今年计划生产“海信牌”彩色和黑白电视机各10万台。",title_length
19980223-07-009,"意大利总统斯卡尔法罗18日访问罗马尼亚,双方决定共同修建从罗马尼亚康斯坦察到意大利城市的里雅斯特的石油管道,以便从中亚运送石油至康斯坦察,经加工后再输送到的里雅斯特,总投资10亿美元。",title_length
19980223-07-010,"1997年巴西国内生产总值达到8624亿美元,比1996年增长3.03%,人均收入达到5020美元。自1993年以来,巴西经济保持了连续5年的稳定增长。巴西地理统计局17日在里约热内卢发布了上述经济预测统计报告。",title_length
19980223-08-001,在周总理身边摄影十八年(附图片8张),no_topic
19980223-08-002,公仆楷模光辉一生(书法),short_body
19980223-09-002,五百强急不得,no_topic
19980223-09-005,如何看待当前的失业率,no_topic
19980223-09-006,沟通你和我,no_topic
19980223-09-007,图片新闻,title_length
19980223-09-008,虎年劲牛(图片),short_body
19980223-09-009,女裁缝非法吸存贪利者血本无归,no_topic
19980223-10-005,如何看年报指标,no_topic
19980223-10-006,同业拆借市场,no_topic
19980223-10-007,上市公司(A股)1997年度主要经济指标一览表(1),no_topic
19980223-10-009,上证综合指数日K线图(图片),short_body
19980223-10-010,深证成份股指数日K线图(图片),short_body
19980223-10-011,沪市上周上涨前五名(%),short_body
19980223-10-012,沪市上周下跌前五名(%),short_body
19980223-10-013,深市上周上涨前五名(%),short_body
19980223-10-014,深市上周下跌前五名(%),short_body
19980223-11-001,经营承诺莫刮风,no_topic
19980223-11-002,『优惠券』优惠什么,no_topic
19980223-11-003,故宫有了商标,no_topic
19980223-11-004,肥乡县端掉制假窝点,no_topic
19980223-11-005,满车家具难上楼,no_topic
19980223-11-006,电热水器合格刚过半,no_topic
19980223-11-007,消费春色(附图片4张),no_topic
19980223-11-008,防震用品谁开发,no_topic
19980223-12-001,《外商投资产业指导目录》,no_topic
19980223-12-003,海洋石油将实施岗薪工资制,no_topic
19980223-12-004,企业变更经济性质征税有新规定,no_topic
19980223-12-005,国资局发布企业破产资产评估规定,no_topic
19980223-12-007,合资企业各方出资补充规定出台,no_topic
19980224-01-001,周恩来同志诞辰一百周年纪念大会在京隆重举行,no_topic
19980224-01-002,在周恩来同志诞辰一百周年纪念大会上的讲话(一九九八年二月二十三日),no_topic
19980224-02-002,一个县委书记的十五天--安徽来安县委书记陈乔连如是说,no_topic
19980224-02-003,大力推进国民经济信息化,no_topic
19980224-02-004,数码照片(图片),short_body
19980224-02-005,农行发出通知要求积极支持春耕生产,no_topic
19980224-02-006,河北打假制度化规范化,no_topic
19980224-02-007,依靠为跨国公司配套生产青鸿集团闯出振兴新路,no_topic
19980224-02-008,“配角”也风光,no_topic
19980224-02-009,"本报讯我国第一家承办航空工业特色旅游的中航国际旅行社,二月十八日在北京宣布成立。首批开放的五大航空企业地处西安、成都、南昌、景德镇、安顺等旅游胜地。旅游者可亲临航空城参观,了解国产飞机的生产组装流程,增加飞机制造常识。(刘边)",title_length
19980224-02-010,本报讯中洲以色拉奥夫国际会计师事务所日前在京成立。该事务所是由中国知名度较高的中洲会计师事务所和美国以色拉奥夫揣特纳会计师事务所联合组成的。(吉君),title_length
19980224-02-011,"本报讯经国务院批准,国内贸易部定于一九九八年十二月一日至四日在北京中国国际展览中心举办『九八中国国际商业设施及技术展览会』。展览会除展示商业设施外,还为商业自动化设备、自动识别技术设立专馆,举办多种形式的研讨会。(邵志刚王日辉)",title_length
19980224-02-012,"本报讯第九届中国哈尔滨经济贸易洽谈会将于今年六月十五日至二十一日举行。本届哈洽会将邀请六十个国家和地区的六千多名外商参加,国内客商可达到四万人。(张文)",title_length
19980224-02-013,"本报讯河南省鲁山县贫困农民在农业银行等单位扶持下广泛种植银杏树,银杏制品远销美国、日本等地。目前,该县正在建设万亩银杏发展基地。",title_length
19980224-02-014,本报讯由中国科学院科技政策与管理科学研究所、美国斯坦福研究院咨询公司、香港石有限公司合资组建的北京盘拓咨询有限公司近日正式成立。(文张),title_length
19980224-02-015,"本报讯广东中保财产保险公司去年承保国内外保险业务总金额高达一万七千多亿元,全年处理大小赔案二十多万宗,拨付赔金二十九点五亿元。",title_length
19980224-02-016,"本报讯专门生产非织造布的北京大源非织造有限公司,引进计算机质量控制系统,全面推进质量管理。最近这个公司经北京新世纪质量体系认证中心审核,成为同行业中首家通过ISO9000认证的企业。(仲文)",title_length
19980224-03-001,加大打击力度净化文化市场各地海关连续查获走私盗版光盘,review: 走私盗版执法，文化与法治交叉
19980224-03-002,老干部的贴心人,no_topic
19980224-03-003,傅全有在总参纪检工作会议上强调把党风廉政建设提高到新水平,no_topic
19980224-03-005,第三届中国人口新闻奖颁奖,no_topic
19980224-03-007,“后门”不灵了,no_topic
19980224-03-008,全国宗教局长会议闭幕156个单位299名干部受表彰,no_topic
19980224-03-009,党员做示范群众跟着干抚顺乙烯公司加强党建,no_topic
19980224-03-010,孔雀之乡舞翩跹,no_topic
19980224-03-012,爱民井(图片),short_body
19980224-03-013,"本报讯担负人大、政协『两会』代表、委员驻地安全警卫任务的武警北京一总队,近日严格挑选执勤人员,深入学习有关纪律法规,熟记执勤方案、文明用语,抓紧演练哨兵动作和情况处置能力,力争在今年的『两会』保卫中创造一流成绩。目前,通信、车辆等已准备就绪。(唐建国彭珍玉李明基)",title_length
19980224-03-014,"本报讯河南省扶沟县委近两年来将回地方工作的人民武装部干部,全部按原职安排到党政机关,一次性解决人武部历年所欠全部经费,还拨款近百万元更换民兵武器装备仓库安全设施和其他基础设施。日前在河南省『国防后备力量』十佳新闻人物评选中,县委书记陈永石光荣入选。(王伟朱广成)",title_length
19980224-03-015,"本报讯空军高炮学院充分发挥青年教员的优势和特长,将一些重要的教学、学术、科研任务交给他们去完成。学院二十多个教研室的正副主任大都在三十五岁左右,青年教员担任教学课时占全校总课时的百分之七十以上。两年来,学院在军内外获奖的许多学术科研成果,都是中青年教员完成的。(田文杰郭凯)",title_length
19980224-03-016,"本报讯国家给予军队企业职工养老保险的优惠政策,日前在云贵川渝三省一市全部到位,使十万军队企业职工全部系上了『保险带』。(胡可岳林才)",title_length
19980224-03-017,"本报讯日前,在北京开往上海的四六三次列车上,十五号车厢列车员王世益看见一旅客鬼鬼祟祟在点钱,见有人来就慌慌张张地把钱往怀里藏。小王通知了正在巡视车厢的列车长于淑玲,当乘警赶到后,从该旅客包中共搜出一点八五万元假钞。(庞维丽)",title_length
19980224-03-018,"本报讯河北省定州市第三建筑工程公司全心全意依靠职工办企业,取得了良好的社会效益和经济效益。他们承建的太原市漪汾苑小区等三个上万平方米建筑项目连创太原市优质工程和建设部部级奖。(京晋)",title_length
19980224-04-001,伟大的公仆--纪念周恩来同志一百周年诞辰,no_topic
19980224-04-002,明天气象预报(2月24日20时—2月25日20时),no_topic
19980224-04-003,李鹏接见全国宗教局长会议代表时指出要更加重视关心宗教工作,no_topic
19980224-04-004,八届人大常委会委员长会议召开,no_topic
19980224-04-005,朱镕基会见德国客人,no_topic
19980224-04-006,朱镕基会见泰国客人,short_body
19980224-04-007,宋健会见荷兰经济大臣,short_body
19980224-04-008,《周恩来在上海》出版《周恩来的世纪》出版,no_topic
19980224-04-009,外交部发言人发表谈话,no_topic
19980224-04-010,吴仪与荷兰经济大臣会谈,no_topic
19980224-05-001,统一战线工作的光辉典范(附图片1张),no_topic
19980224-05-002,回忆周恩来的一次讲话,no_topic
19980224-05-003,永远的怀念,no_topic
19980224-06-002,《共产党宣言》问世150年已用200余种语言出版,no_topic
19980224-06-003,联合国与伊拉克签署协议安南希望安理会所有成员国接受(附图片1张),no_topic
19980224-06-004,国际社会对武器核查协议反应,no_topic
19980224-06-005,金钟泌被提名韩国新总理,no_topic
19980224-06-006,安南斡旋成功美国难找借口,no_topic
19980224-06-007,阿根廷重申对马岛主权,no_topic
19980224-06-008,在今年联合国人权会议上欧盟决定不提反华议案,no_topic
19980224-06-009,最后一刻,title_length
19980224-06-010,英国将出版新书揭露日军侵华暴行,no_topic
19980224-07-001,我愿同亚太各国加强合作安南强调不应忽视亚太发展成就,no_topic
19980224-07-002,自助与受援相结合非洲努力扭转缺粮局面,no_topic
19980224-07-003,黄金水道建功业——记上海疏浚公司在委承包工程(附图片1张),no_topic
19980224-07-004,波音帮助东亚伙伴克服困难,no_topic
19980224-07-005,蹦迪蹦乱生物钟找乐找来失眠症,no_topic
19980224-07-006,"为期两天的西方七国和俄罗斯财长会议22日在伦敦结束。22日,八国财长和就业部长在会议上提出一项包括七点原则的解决就业问题的计划。这七点原则包括制定正确的宏观经济政策,对劳动力、资本以及商品市场进行结构性改革,培育有益于中小企业发展的经济环境,加强就业培训等。",title_length
19980224-07-007,"巴西政府将投资900万美元,在马瑙斯建立一所大型亚马孙生物研究中心,以便研究和开发亚马孙地区丰富的生物资源。这项计划是在2月18日巴西联邦政府计划部会议上透露的,占地2万平方米的生物中心将于1999年建成。亚马孙热带雨林地区共有3万种植物、330种两栖动物、250万种昆虫和数千万种微生物,是世界上最大的生物宝库。",title_length
19980224-07-008,"中国和巴基斯坦环境与发展研讨会21日上午在伊斯兰堡开幕。研讨会为期一周,主要议题是“关于水资源的管理”。这是中巴两国首次举行这样的研讨会。",title_length
19980224-07-009,"美国孟山都公司23日向河北地震灾区人民捐赠迈沙星药品,价值120万港币。孟山都公司是一家大型跨国企业,生产和销售医药、食品配料和化工等产品。另悉,孟山都公司早些时候已直接向河北震区捐款5万美元。(本报讯)",title_length
19980224-08-005,跳水大奖赛波澜不惊中国队首日轻取三金三银(附图片1张),no_topic
19980224-09-001,百岁堂前思百年--访周恩来绍兴祖居,no_topic
19980224-09-002,沉重的代价换来什么--在山西文水制造销售假酒案发生地的思考,no_topic
19980224-09-003,跳出被动采访的误区,no_topic
19980224-09-005,浙东山水育斯人,no_topic
19980224-10-001,周恩来格言,no_topic
19980224-10-002,研究周恩来学习周恩来——纪念周恩来诞辰100周年,no_topic
19980224-11-001,贫困村贫困的原因在哪里?,no_topic
19980224-11-002,流动党校,title_length
19980224-11-003,『政策卖钱』的警示,no_topic
19980224-11-004,财务“上墙”接受监督(图片),no_topic
19980224-11-005,坚持标准不走过场盱眙县252名不合格党员受到组织处理,no_topic
19980224-11-006,光明使者——记优秀共产党员、湖北阳新县电力局局长柯大东,no_topic
19980224-11-007,廉洁局长——刘传毕(附图片1张),no_topic
19980224-11-008,"本报讯四川绵阳三台县狠抓干部队伍廉政建设,坚决刹住吃喝风,全县53个乡镇建起了机关食堂,降低接待标准,不陪酒、不陪餐,取得明显成效。去年全县乡镇接待费比上年同期减少400万元,受到群众好评。(李保平)",title_length
19980224-11-009,"本报讯山西省翼城县委从塑造党员新形象入手,在全县开展了为期一个月的“党员形象”标准大讨论,颁发了《关于在全县实施“党员形象”工程的意见》,并制定出了“廉洁从政,公道正派,高效务实,优质服务,密切联系群众”的党员形象标准,并要求全县党员下硬功,正自身,政绩面前论英雄。全县党员干部精神大振,“懒、散、慢”的浮漂现象一扫而空,“严、精、快”的务实之风越刮越紧。(刘青海魏秀萍)",title_length
19980224-11-010,"本报讯湖北省石首市委采取切实有效措施,做好发展青年党员工作,成效明显。有资料显示,截至今年元月底,该市35岁以下青年党员已占党员总数的26·3%。(郑启柏李恒)",title_length
19980224-11-011,"本报讯由中共中央组织部组织局编著的《党员管理手册》近日由党建读物出版社出版。全书分为:党员管理工作的指导思想、基本任务、基本原则、主要内容和方法途径,党员条件和党员标准,党员组织关系,党的组织生活,共产党员的先锋模范作用,党内表彰,党员领导干部,民主评议党员,流动党员管理,党籍党龄,党费管理,党的纪律等内容。该书具有权威性、规范性和较强的操作性,是做好党员管理工作不可缺少的工具书。(罗哲)",title_length
19980224-12-001,献上我们的一颗心--纪念周恩来百年诞辰,no_topic
19980224-12-002,周恩来与卓别林(附图片1张),no_topic
19980224-12-003,读梅,title_length
19980224-12-004,浓浓淡淡故乡茶,no_topic
19980224-12-005,"为了纪念敬爱的周总理诞辰一百周年,文化部主管的《新文化史料》今年的第一期特编发了纪念专栏,刊出中国文联主席周巍峙撰写的《周总理领导我们创作演出东方红》、李颖的《北方新剧运动的先锋周恩来》和朱立人的《周恩来与古雪夫探讨芭蕾舞剧》等文;还在封二、封三、封四刊出周总理生前接待文化界知名人士和著名演员的历史照片。(舒晨)",title_length
19980224-12-006,声声慢周恩来遗物陈列馆,no_topic
19980224-12-007,他与云冈石窟同在,no_topic
19980225-01-001,江泽民会见日本共同社代表团,no_topic
19980225-01-002,李鹏会见爱尔兰外长指出欧盟决定不再搞针对中国的提案是明智的,no_topic
19980225-01-003,李鹏会见美国客人,no_topic
19980225-01-004,李岚清会见荷兰客人,short_body
19980225-01-005,李瑞环会见中日友好交流会议代表,no_topic
19980225-01-006,国务院新闻办发表白皮书西藏自治区人权事业的新进展,no_topic
19980225-01-007,李岚清致信“百城万店无假货”活动电视电话会强调,no_topic
19980225-01-008,《周恩来传》出版发行邓小平同志生前题写书名,no_topic
19980225-01-009,人民的纪念--《人民的好总理--纪念周恩来百年诞辰展览》巡礼,no_topic
19980225-01-010,各地备耕春耕热气腾腾,no_topic
19980225-01-011,科学种田在内蒙古自治区(图片),short_body
19980225-01-012,安南向安理会通报伊拉克之行成果,no_topic
19980225-02-001,西藏自治区人权事业的新进展,no_topic
19980225-03-001,『百城万店无假货』活动电视电话会要求,no_topic
19980225-03-002,姜春云在首都绿化美化先进单位积极分子表彰会上指出,no_topic
19980225-03-003,国务院妇女儿童工作委员会召开二届六次全会,no_topic
19980225-03-004,纪念周总理关心下一代老同志与青年人举行座谈,no_topic
19980225-03-006,加强舆论监督保护蓝天碧水全国人大领导高度评价中华环保世纪行,no_topic
19980225-03-007,同台放歌梦成真(附图片1张),no_topic
19980225-04-001,伟人和人民,no_topic
19980225-04-002,李鹏会见六国离到任大使,no_topic
19980225-04-003,钱其琛会见联合国开发署驻华代表时表示,no_topic
19980225-04-004,海协致函台海基会表明协商主张,no_topic
19980225-04-005,明天气象预报(2月25日20时—2月26日20时),no_topic
19980225-04-006,外交部发言人发表谈话,no_topic
19980225-04-007,国办机关召开座谈会缅怀周恩来丰功伟绩,no_topic
19980225-04-008,人口学界纪念周恩来百年诞辰,no_topic
19980225-04-009,周恩来邓颖超纪念馆在天津建成(图片),short_body
19980225-04-010,首都新闻单位负责同志座谈强调进一步加强职业道德建设禁止有偿新闻,no_topic
19980225-04-011,中央统战部举行活动纪念周恩来百年诞辰,no_topic
19980225-04-012,纪念《共产党宣言》发表150周年,no_topic
19980225-04-013,吴邦国会见巴林客人,no_topic
19980225-04-014,钱其琛会见曾荫权,no_topic
19980225-05-001,伟大的人格魅力(附图片1张),no_topic
19980225-05-002,苦心孤诣力挽狂澜--回忆周总理处理红卫兵问题二三事,no_topic
19980225-05-003,学习全党楷模加快淮阴发展,no_topic
19980225-06-001,合作的热诚--西欧纪行之一(附图片1张),no_topic
19980225-06-002,金大中接受本报记者采访表示韩国要坚决实施改革,no_topic
19980225-06-003,俄国积极评价核查协议克林顿对协议谨慎赞同英暂不打算从海湾撤军,no_topic
19980225-06-004,安南说已无必要对伊动武,no_topic
19980225-06-005,中国国际战略学会座谈周恩来外交思想,no_topic
19980225-06-006,为和平狂欢(图片),short_body
19980225-06-007,联合国掌声迎安南(附图片1张),no_topic
19980225-06-008,国际社会欢迎和平化解危机,no_topic
19980225-07-001,澳外长表示欢迎人民币不贬值,no_topic
19980225-07-002,现代社会『新伤口』,no_topic
19980225-07-003,海湾局势趋缓国际油价下跌,no_topic
19980225-07-005,“多利”不孤独“克隆”有牛犊,no_topic
19980225-07-006,新宇宙论起源是『豌豆』开放暴胀归宿为『太空』无限膨胀,no_topic
19980225-07-008,图片新闻,title_length
19980225-08-001,国际跳水大奖赛落幕中国新秀夺走全部金银牌,no_topic
19980225-08-009,成都将举办世界女“飞人”挑战赛,no_topic
19980225-09-001,孙茂芳:矢志不渝学雷锋(附图片1张),no_topic
19980225-09-002,路遇吴天祥,no_topic
19980225-09-003,住宅小区——应为老年人建个活动室(附图片2张),no_topic
19980225-09-004,“牛魔王”的覆灭,no_topic
19980225-09-005,『公开』不是目的,no_topic
19980225-09-006,南方航空公司需要改善服务,no_topic
19980225-09-007,特快专递误时造成损失谁管,no_topic
19980225-09-008,人老热心仍存义务宣传文明,no_topic
19980225-09-009,列车再三提速路人千万当心,short_body
19980225-10-001,切勿被金钱牵着走——原东台市委农工部副部长史有彪沉沦记,no_topic
19980225-10-002,质量--企业的灵魂,no_topic
19980225-10-003,让质量否决『乌纱帽』,no_topic
19980225-10-004,『问苦』更须『问计』,no_topic
19980225-10-006,非法信息小报谁来管?,no_topic
19980225-10-007,天寒地冻人心暖,no_topic
19980225-10-008,灭鼠最好不过养猫,no_topic
19980225-10-009,公车还是公修好,no_topic
19980225-10-010,乡村小学盼望音乐老师,multiple_topics
19980225-10-011,春耕生产遇难题(附图片2张),no_topic
19980225-11-001,合乎潮流的正义之声,no_topic
19980225-11-002,把握契机促成谈判,no_topic
19980225-11-003,为竞争和发展护航--香港特区工商局印象,no_topic
19980225-11-005,来函照登,title_length
19980225-11-006,乐善好施报效家乡——记香港慈善家侯希贵先生(附图片1张),no_topic
19980225-11-007,发挥自身优势转移工作重心江西于都县台办服务经济有成效,no_topic
19980225-11-008,港资进入西北饮料市场,no_topic
19980225-11-009,日本设计师获’98亚太青年时装设计师创作最高奖(图片),short_body
19980226-01-001,志在必得——清华同方大型集装箱检测系统产业化工作纪实,no_topic
19980226-01-002,矢志不渝『化』到底,no_topic
19980226-01-003,上海提前三年实现“翻两番”人均国内生产总值率先突破3000美元,no_topic
19980226-01-004,振兴国有企业的重要保证--国有企业领导班子考核建设工作述评,no_topic
19980226-01-005,规范投贷行为明确产权关系漫湾水电站改制成功,no_topic
19980226-01-006,"四川探索解困新路组织技能培训,提供就业机会十八万个",no_topic
19980226-01-007,三峡地区建成一座环保中心(图片),short_body
19980226-01-008,缓解下岗职工后顾之忧北京规定双职工不得同时下岗,no_topic
19980226-01-009,就安南访问伊拉克情况钱其琛同奥尔布赖特通话,no_topic
19980226-01-011,"全国商检系统配合国家『以质取胜』的外经贸战略,积极推行ISO9000国际质量认证取得显著成效。截至去年底,国家商检局设立的第三方认证机构中国进出口商品质量认证中心已向江铃汽车集团、长沙远大公司、杭州娃哈哈集团等一千零一家企业颁发了质量体系认证证书,成为全国认证规模最大、实力最强,在国际上具有一定影响的认证机构。(范咏戈)",title_length
19980226-01-012,"截至一九九七年底,甘肃省已经有二十二个县(市、区)实现了小康目标,占全省县(市、区)总数的百分之二十五点六。全省有九十多万农户、四百零六万农民的生活达到小康水平,去年农民人均纯收入二千七百四十九点六元。甘肃省在实施小康工程中,坚持靠市场、靠科技、靠自力更生,二十二个小康县(市、区)的农业商品率达百分之五十九点二,农村产业结构进一步优化,二、三产业比重占农村社会总产值的百分之七十,四年共培训农民三百五十万人(次)。(陈伟光)",title_length
19980226-01-013,"新疆维吾尔自治区各级金融机构紧紧围绕发展农业,积极筹措资金,支持春耕生产,今年安排的信贷资金四十五点五亿元,比上年增加七亿元,增长百分之十八点二。今年,新疆在全国占主导地位的棉花生产,要增加面积一百多万亩,春耕生产资金需求量扩大。自治区金融机构为保证资金足额并及时到位,从去年年末就及早动手,狠抓落实,使各项资金及时到位。目前,春耕备耕生产所需贷款正有条不紊地足额发放。(祝谦)",title_length
19980226-02-001,探矿权采矿权转让管理办法,no_topic
19980226-02-002,『蓝岛』以文兴商,no_topic
19980226-02-003,中宣部、内贸部等确定十五条『百城万店无假货』示范街,no_topic
19980226-02-004,实事办好好事办实——“百城万店无假货”活动取得成效的重要经验,no_topic
19980226-02-005,山东商企“诚信”取胜,no_topic
19980226-02-006,第一次全国基本单位普查公布结果我国共有440余万个单位,no_topic
19980226-02-007,中农信被解散,no_topic
19980226-02-008,图片新闻,title_length
19980226-02-010,国旅总社经营全面增长,no_topic
19980226-03-001,净化文化市场创造良好环境北京市扫黄打非集中行动出师初捷,multiple_topics
19980226-03-002,台湾发展离不开祖国大陆,no_topic
19980226-03-003,第二届中国青年志愿者『十杰』评出(附图片1张),no_topic
19980226-03-005,学雷锋树新风彭楚政与学雷锋标兵座谈,no_topic
19980226-03-006,提高文化素质增强法制观念争做有为青年,multiple_topics
19980226-03-009,31个部门携手联动一部电话为民解忧,no_topic
19980226-03-010,280名妇女获全国“三八”红旗手称号,no_topic
19980226-03-011,《邓小平廉政建设思想研究》出版,no_topic
19980226-04-001,她拥有美的青春——记勇斗歹徒的女战士邱玲(附图片1张),no_topic
19980226-04-002,端正认识加强领导河南加大力度反腐败,no_topic
19980226-04-003,仪化清理公费通讯工具,no_topic
19980226-04-005,图片新闻,title_length
19980226-04-006,明天气象预报(2月26日20时—2月27日20时),no_topic
19980226-04-007,《共产党宣言》珍藏版纪念版面世电视文献纪录片《共产党宣言》开拍,no_topic
19980226-04-008,钱其琛与爱尔兰外长会谈,no_topic
19980226-04-009,吴邦国会见格鲁吉亚客人,no_topic
19980226-04-010,福州举办童小鹏摄影展纪念周恩来诞辰100周年,no_topic
19980226-04-011,侨办纪念周恩来百年诞辰,no_topic
19980226-04-013,“新华保险杯”禁毒知识竞赛揭晓,multiple_topics
19980226-04-014,布赫会见斯里兰卡客人,short_body
19980226-05-001,缅怀周总理忆当年,no_topic
19980226-05-002,国家总理人民公仆(附图片1张),no_topic
19980226-06-001,日俄关系三级跳——日本外相俄罗斯之行,no_topic
19980226-06-002,奥迪汽车业的新巨龙--西欧纪行之二(附图片1张),no_topic
19980226-06-003,安理会赞赏安南斡旋成果特委会核查工作顺利进行,no_topic
19980226-06-004,金大中正式就任韩国总统强调在和解合作基础上发展南北关系,no_topic
19980226-06-005,金大中,title_length
19980226-06-006,穆巴拉克与阿拉法特会谈阿拉法特有条件同意巴以首脑会晤,no_topic
19980226-06-007,奥尔布赖特认为美俄摩擦并非由于北约东扩,no_topic
19980226-06-008,土耳其三乘客制服劫机者,no_topic
19980226-06-009,用和平方式处理国际危机,no_topic
19980226-06-010,"古巴第五届全国人民政权代表大会二十四日选举出了新一届国务委员会的三十一名成员,菲德尔·卡斯特罗被一致选举连任国务委员会主席,任期五年。根据古巴宪法规定,国务委员会主席同时也是国家元首和三军司令。革命武装力量部部长劳尔·卡斯特罗也被一致选举连任国务委员会第一副主席。另外五名副主席和一名秘书长也再次当选。",title_length
19980226-06-011,"以色列国家情报局(摩萨德)局长丹尼·亚托姆二十四日拜会总理内塔尼亚胡并面交辞呈,正式提出辞职。据总理府发布的公文说,亚托姆对摩萨德特工去年九月在约旦首都安曼暗杀哈马斯领导人马歇尔的行动失败『感到痛心』,内塔尼亚胡对亚托姆辞职『感到惋惜』,并要求他在新局长到任之前继续履行职责。",title_length
19980226-06-012,波黑塞族共和国总理多迪克二十四日在巴尼亚卢卡同波黑和平协议执行理事会高级代表韦斯滕多普签署了欧盟向该共和国赠款协议。波黑塞族政府表示将用欧盟此次赠送的一千一百七十万德国马克支付教育、内务和海关等部门职工的工资。多迪克当天还分别同荷兰和瑞典政府代表签署了赠款协议。荷兰和瑞典政府分别向波黑塞族共和国赠送一百三十万和三十三点二万德国马克。,title_length
19980226-06-013,"联合国负责毒品监督的国际机构二十四日呼吁全球新闻媒体向人们宣传反毒、防毒和戒毒常识。该机构日前公布的年度报告称,有迹象表明,一些国际毒品犯罪组织正企图通过『国际互联网络』和举办文艺演出等形式为吸食毒品做广告宣传,因此人们在这种宣传形式面前要保持警惕。",title_length
19980226-06-014,"参加正在曼谷举行的东南亚肃毒会议的代表二十五日呼吁国际社会加强合作,更加严厉地打击毒品走私,控制吸毒现象的蔓延。与会代表指出,东南亚地区的贩毒集团活动仍然猖獗,估计今年金三角地区将生产二千六百多吨鸦片。他们呼吁有关国家采取有效措施,取缔金三角的鸦片产地,携手打击贩毒集团。",title_length
19980226-07-002,东亚经济传真印尼外债达1361亿美元,no_topic
19980226-07-003,企业减肥渐成风,no_topic
19980226-07-004,春天来了(图片),short_body
19980226-07-006,新型感冒流窜加拿大,no_topic
19980226-07-007,在乌克兰首都基辅露天书市浏览图书的年轻人(图片),short_body
19980226-07-009,格林斯潘主席表示危机对美影响仍是未知数,no_topic
19980226-07-010,霍乱疟疾肆虐菲律宾,no_topic
19980226-08-003,陈妍为何客串蝶泳,no_topic
19980226-08-004,试行双赛制以后——看四川与上海男排比赛有感,no_topic
19980226-08-007,外籍教练(图片),short_body
19980226-08-008,男篮联赛预赛积分榜,short_body
19980226-09-001,全面推进农科教结合(附图片1张),no_topic
19980226-09-003,在产业化中推进农科教结合,no_topic
19980226-09-004,服务福建新一轮创业,no_topic
19980226-09-007,关键是建立有效运行机制,no_topic
19980226-09-008,"“修教育渠,引科技水”",multiple_topics
19980226-09-010,哈尔滨市尚志市职教中心教师阎吉安在辅导承包荒山的毕业生(图片),short_body
19980226-10-001,当好党和人民的忠诚卫士——学习周恩来武警部队建设思想,no_topic
19980226-10-002,做周恩来那样的领导者,no_topic
19980226-10-003,周恩来军事思想的历史贡献,no_topic
19980226-11-002,棉铃虫大发生之谜被解开,no_topic
19980226-11-003,冬海上的调查(图片),no_topic
19980226-11-005,甲醇与假酒,no_topic
19980226-11-009,城市建设的绿色未来,no_topic
19980226-11-010,驾驶台前送清风,no_topic
19980226-11-011,博士·院士·总经理——李国杰的人生三部曲,no_topic
19980227-01-001,中共十五届二中全会在京举行,no_topic
19980227-01-002,中共中央举行民主协商会,no_topic
19980227-01-003,八届全国政协积极推进祖国统一,no_topic
19980227-02-002,百家大商场联手推出“五联服务一体化”活动,no_topic
19980227-02-003,全国“五联服务一体化”商店暨“百城万店无假货”活动示范店名单,no_topic
19980227-02-004,需要遵循的原则--解决重复建设需要加强协调统筹(二),no_topic
19980227-02-005,二滩水电站首台机组大型部件安装全部完成(图片),short_body
19980227-02-006,沈阳商家实行质量一票否决,no_topic
19980227-02-007,全国春运圆满结束共发送旅客18.2亿人次,no_topic
19980227-02-008,我国利用普惠制促外贸发展出口产品受惠额累计达二百八十二亿美元,no_topic
19980227-02-010,北京组建旅游集团,no_topic
19980227-03-001,以党的十五大精神为指导加大工作力度深入开展反腐败斗争,no_topic
19980227-04-001,未来一周天气趋势,no_topic
19980227-04-002,在新形势下进一步弘扬雷锋精神,no_topic
19980227-04-003,明天气象预报(2月27日20时—2月28日20时),no_topic
19980227-04-004,中日两国民间交往日见频繁,no_topic
19980227-04-005,"今天,怎样学雷锋?",no_topic
19980227-04-006,八届人大常委会高度重视信访工作信访部门五年办理信访三十六万多件,no_topic
19980227-04-007,首都民族工作者纪念周恩来百年诞辰,no_topic
19980227-04-008,孙炳岳当选青岛市人大主任王家瑞当选青岛市市长,short_body
19980227-04-009,奥地利副总理将访华,short_body
19980227-04-010,在京藏族同胞喜迎藏历新年,no_topic
19980227-04-012,外交部发言人指出中国对约旦允许连战往访表示遗憾,no_topic
19980227-04-013,胡延森当选青岛市政协主席,short_body
19980227-04-014,金生同志逝世,no_topic
19980227-04-015,在京台胞和各界人士举行座谈会纪念“二·二八”起义51周年,no_topic
19980227-04-016,图片新闻,title_length
19980227-05-001,留在荣毅仁夫妇的记忆里,no_topic
19980227-05-002,相识相知五十年——我所了解的恩来同志,no_topic
19980227-06-001,克林顿与安南讨论伊核查协议美对伊备战耗资已逾六亿美元,no_topic
19980227-06-002,阿联酋援助伊拉克(图片),short_body
19980227-06-003,安南斡旋始末,no_topic
19980227-06-004,国际社会致力和平解决海湾危机,no_topic
19980227-06-005,英华侨华人盛赞江主席八项主张,no_topic
19980227-06-006,巴黎举行周恩来与中法关系研讨会,no_topic
19980227-06-007,扣留联格观察员的恐怖分子投降安南表示联合国人员决不屈服暴力,no_topic
19980227-06-008,西非维和部队攻占塞第二大城市,no_topic
19980227-06-009,阿达姆库斯就任立陶宛总统,no_topic
19980227-06-010,德组建反新纳粹快速反应部队,no_topic
19980227-06-011,阿拉伯国家加强安全合作,no_topic
19980227-06-012,"朝鲜劳动党总书记、朝鲜人民军最高司令官金正日二十四日在视察人民军二二四、二三○部队时强调,官兵一致精神是朝鲜人民军的优良传统,部队各级指挥官都应当关心和爱护士兵,使官兵一致精神在部队不断发扬光大。",title_length
19980227-06-013,"中国政府向叙利亚信息技术协会赠送四十台联想P·166电脑交接仪式二十六日在大马士革十月公园内的叙信息协会举行,中国驻叙利亚大使吴珉珉和叙利亚信息技术协会主席巴夏尔·阿萨德等出席了交接仪式。(本报专电)",title_length
19980227-06-014,"菲律宾政府和反政府武装摩洛伊斯兰解放阵线(摩伊)二十六日恢复了低级别和谈。据菲律宾通讯社报道,在为期三天的和谈中,双方将重点讨论摩伊在棉兰老的控制区的地位问题及未来双方正式和谈的时间表。摩伊是菲律宾目前最大的反政府武装。据菲军方估计,它拥有近一点二万名成员。摩伊和菲政府去年初开始低级别和谈,但迄今未能就正式和谈的内容和时间表达成一致。",title_length
19980227-06-015,"英国政府二十五日决定向波黑塞族共和国赠款二百一十万英镑,以表示对以多迪克总理为首的波黑塞族新政府的支持。英国政府拨款一百万英镑用于支持波黑塞族政府预算,另外一百一十万英镑用于帮助波黑塞族难民早日返回家园。",title_length
19980227-06-016,"德国政府特使什莱二十五日在巴尼亚卢卡宣布,德国政府将为修复波黑塞族共和国境内被战争破坏的居民住宅提供援助,以便为波黑难民重返家园创造条件。什莱表示,德国政府还将为返回波黑塞族共和国的难民过上正常生活提供必要的条件。(据新华社电)",title_length
19980227-07-001,欧盟发表去年度经济报告投资将是经济增长发动机,no_topic
19980227-07-002,黄金缘何失宠,no_topic
19980227-07-003,东亚经济传真,no_topic
19980227-07-004,巴黎北大校友会将为母校百年校庆捐赠大型雕塑(图片),short_body
19980227-07-005,黑客袭击军情网五角大楼脑筋伤,no_topic
19980227-09-001,研讨会何其多,no_topic
19980227-09-002,毁誉参半,title_length
19980227-09-003,伟人情趣(图片),short_body
19980227-09-005,需要真正的研讨,no_topic
19980227-09-006,名利的诱惑,no_topic
19980227-09-007,开会多烦恼,no_topic
19980227-09-008,亲历者纪实,no_topic
19980227-09-009,《舍楞将军》:来自草原的歌剧奏起马头琴唱出故园情,no_topic
19980227-09-011,曾昭斌与协奏曲《貂蝉》(附图片1张),no_topic
19980227-09-012,--我拍照时请大家都喊一个字......(图片),short_body
19980227-10-001,《周恩来的最后十年———一位保健医生的回忆》(图片),short_body
19980227-10-002,文史知识要普及于民,no_topic
19980227-10-003,“绿色星河”展现英模风貌,no_topic
19980227-10-004,“中国人民解放军六位英模丛书”出版,short_body
19980227-10-005,读书与时尚,no_topic
19980227-10-006,浙江教育出版社新编工具书,review: 教育出版社新书出版，主要为文化出版
19980227-10-007,人生的逸韵,no_topic
19980227-10-008,《韩愈与柳宗元》在京出版,no_topic
19980227-10-009,刘开渠自写像(图片),short_body
19980227-10-010,天堂之门向谁开?,no_topic
19980227-10-011,读新书(附图片3张),no_topic
19980227-10-013,长篇小说《贺子珍》出版,short_body
19980227-10-014,《邹韬奋传记》编后,no_topic
19980227-11-001,人民的好总理书画展作品选(附图片3张),no_topic
19980227-11-002,青山不老树常新--王琦教授从艺六十年回顾展观后(附图片1张),no_topic
19980227-11-003,如此卖药(附图片1张),no_topic
19980227-11-005,颠·迂·痴及其它,no_topic
19980227-11-006,佳作赏析(附图片1张),no_topic
19980227-11-007,画坛风景线,no_topic
19980227-12-001,周恩来冯玉祥的一次合作,no_topic
19980227-12-002,《吴宓日记》序言,no_topic
19980227-12-003,老乡——写给周恩来,no_topic
19980227-12-004,虾丸鸡皮汤,no_topic
19980227-12-006,重赏出精品?,no_topic
19980227-12-007,卡片盒,title_length
19980227-12-008,虎虎生风(书法),short_body
19980227-12-010,大地书讯,title_length
19980228-01-001,人大常委会第三十次会议开幕,no_topic
19980228-01-002,政协举行第五十三次主席会议,no_topic
19980228-01-003,宣传雷锋事迹弘扬雷锋精神《雷锋精神永恒》展览在京开幕,no_topic
19980228-01-004,李岚清致信全国商检局长会议要求建立适应市场经济的商检体系,no_topic
19980228-01-005,李岚清会见伊朗副外长,short_body
19980228-01-006,乔石参观中国画珍品展,no_topic
19980228-01-007,李岚清会见喀麦隆客人,short_body
19980228-01-008,国务院批复太湖水污染防治规划提出2000年实现太湖水变清,no_topic
19980228-01-009,“挂牌”仪式(图片),no_topic
19980228-01-010,尉健行丁关根等观看《大漠女儿》,no_topic
19980228-01-011,香花辣椒红天下,no_topic
19980228-01-012,全国春季麦田管理现场会提出奋战百天力夺夏粮丰收,no_topic
19980228-01-013,"建『公仆林』,好!",no_topic
19980228-02-001,费孝通向人大常委会提交书面报告,no_topic
19980228-02-002,北京邓小平思想研究会成立,no_topic
19980228-02-003,陈俊生在全国扶贫到户工作座谈会上指出,no_topic
19980228-02-004,李贵鲜在治理公路『三乱』会议上要求保持国道省道绿色通道畅通,no_topic
19980228-02-005,国务院任免国家工作人员,no_topic
19980228-02-006,明天气象预报(2月28日20时—3月1日20时),no_topic
19980228-02-007,周恩来研究国际讨论会举行,no_topic
19980228-02-009,全军将开展“正确认识深化经济体制改革”教育,review: 全军政治教育，非学校教育主题
19980228-02-011,李启万当选济南市人大主任谢玉堂当选济南市市长,short_body
19980228-02-012,全国开展基层优秀转业退伍军人评选活动,no_topic
19980228-02-013,北京今起发布市区空气质量周报,no_topic
19980228-02-015,"本报讯最近,由人民日报社新闻信息中心制作的《人民日报》50年图文数据光盘在“辉煌的五年———党的十四大以来经济建设和精神文明成就展”中获得了国家新闻出版署音像司颁发的电子出版物精品荣誉证书。",title_length
19980228-02-016,(陈玉英),short_body
19980228-02-017,江苏省江阴市注重家庭读书工程(图片),short_body
19980228-02-018,北京周报纪念创刊四十周年,no_topic
19980228-02-019,《红军东征》一书出版,short_body
19980228-02-020,中国图片报举行赠报仪式,no_topic
19980228-02-021,顺顺千万元救助行动在京举行,no_topic
19980228-02-022,《周恩来政论选》增订再版,short_body
19980228-02-023,钱其琛会见伊朗副外长,no_topic
19980228-02-024,钱其琛会见克罗地亚客人,short_body
19980228-02-025,温家宝会见危地马拉客人,short_body
19980228-03-001,安南称唯安理会有权评判协议达纳帕拉被任命特别小组专员,no_topic
19980228-03-002,告别巴格达,no_topic
19980228-03-003,德举办《共产党宣言》珍稀版本展,no_topic
19980228-03-004,塞纳河畔的追思--『周恩来与中法关系』研讨会侧记,no_topic
19980228-03-005,俄乌建立战略伙伴关系,no_topic
19980228-03-006,德公布去年经济数据报告科尔认为欧元将准时启动,no_topic
19980228-03-007,秀丽风光迎远客——巴西东北部地区纪行之三,no_topic
19980228-03-008,布莱尔会见爱尔兰总理,no_topic
19980228-03-009,瑞士破获以间谍案,no_topic
19980228-03-010,日全食真奇妙(附图片2张),no_topic
19980228-03-011,阿富汗暴雨成灾,no_topic
19980228-03-012,《哈萨克斯坦—中国》在京首发,no_topic
19980228-04-001,在创造中腾越——记深圳创维集团的创业之路(附图片1张),no_topic
19980228-04-002,“希玛”挑战洋球,no_topic
19980228-04-003,英国赛车职业教练认为珠海赛车场接近『世界级水平』,no_topic
19980228-05-003,20世纪中国学术的转型与演进,no_topic
19980228-05-005,质量意识浅析,no_topic
19980228-05-006,中国物权制度之研究,no_topic
19980228-05-007,学术动态(图片),short_body
19980228-06-001,乡镇企业能否保持18%的增长速度?,no_topic
19980228-06-002,山东阳信县河流镇加大企业改革力度(图片),short_body
19980228-06-003,自讨苦吃富乡里——记黄石鹿峰集团公司总经理潘天宝,no_topic
19980228-06-004,咬定青山不放松——广西源安堂制药厂创业扶贫记,no_topic
19980228-06-005,从“禽蛋大王”到“鳄鱼大王”,no_topic
19980228-06-006,勃勃生机在盐都——江苏省盐都县对小微亏企业改革的尝试,no_topic
19980228-06-007,切莫『喜新厌旧』,no_topic
19980228-06-008,求生(图片),short_body
19980228-06-011,乡镇企业登记备案制度出台,no_topic
19980228-07-001,北京:43万下岗失业人员再就业,no_topic
19980228-07-002,蚌埠火柴厂侵犯职工合法权益有关责任者依法受到处理,no_topic
19980228-07-003,为老百姓主持公道,no_topic
19980228-07-004,依法规范企业管理维护职工合法权益,no_topic
19980228-07-005,不许坑害民工,no_topic
19980228-07-006,图片新闻,title_length
19980228-07-007,北京东区邮电局服务又上新台阶,no_topic
19980228-07-008,海燕海燕厅海燕基金,no_topic
19980228-08-001,雷锋精神在发扬——“我身边的雷锋”全国摄影大赛优秀作品选,no_topic
19980301-01-001,八届人大常委会第30次会议闭,no_topic
19980301-01-002,全国人大常委会公告,no_topic
19980301-01-003,九届全国人大代表名单公布确认二千九百八十名代表的代表资格全部有效,no_topic
19980301-01-004,周恩来邓颖超纪念馆在津开馆江泽民题写馆名李鹏李瑞环李岚清题词,no_topic
19980301-01-005,井冈山加大力度扶贫攻坚去年全市特困户人均增收300多元,no_topic
19980301-01-006,情寄周总理,no_topic
19980301-01-007,政协委员陆续抵京(附图片3张),short_body
19980301-01-008,汪啸风任海南省代省长,short_body
19980301-01-010,盐池成为西海固首个脱贫县,no_topic
19980301-01-011,云南力争今年再脱贫百万人,no_topic
19980301-02-001,中华人民共和国第九届全国人民代表大会代表名单(2979名),no_topic
19980301-03-005,全国人大常委会批准任命名单,no_topic
19980301-03-006,全国人大常委会任命名单,short_body
19980301-03-007,明天气象预报(3月1日20时—3月2日20时),no_topic
19980301-03-008,就伊拉克武器核查问题决议草案安理会继续磋商,no_topic
19980301-03-009,英国出版社拒绝出版彭定康有反华内容书,no_topic
19980301-03-010,阿尔希波夫逝世,no_topic
19980301-04-001,民间交流变成省际竞赛鄂陕边界摆开经济擂台,no_topic
19980301-04-003,四川大竹不拘一格选『头雁』千名外出民工回乡当『村官』,no_topic
19980301-04-004,义务植树绿染山川贵州森林七年净增两千多万亩,no_topic
19980301-04-006,“网”连万家“路”达四海宁波开通“信息港”,no_topic
19980301-04-007,北京邮政代发增时效,no_topic
19980301-04-008,幸福的孤儿(图片),short_body
19980301-04-009,“安居楼”居而不安白省长现场处理,no_topic
19980301-04-010,深圳电话亭里添话簿,no_topic
19980302-01-001,高扬一面旗帜——邓小平理论指引我们阔步迈向新世纪,no_topic
19980302-01-002,全国政协委员大部报到京城九大宾馆饭店喜迎嘉宾,no_topic
19980302-01-003,深圳经济增速快效益高人均国内生产总值居全国大中城市之首,no_topic
19980302-01-004,肩负着人民的重托九届全国人大代表陆续抵京(附图片2张),no_topic
19980302-01-005,全国政协秘书长向记者通报政协九届一次会议筹备基本就绪,no_topic
19980302-01-007,"鞍山钢铁集团公司二月二十八日兼并冶金部所属五十六家地方骨干企业之一的大连轧钢厂,使鞍钢的实力进一步壮大,也使陷入困境的大连轧钢厂由『柳暗』转入『花明』。已有六十年历史的大轧是国有大二型企业。由于技术落后、设备陈旧等原因,市场竞争乏力,企业大部分停产。兼并后,大轧将全部资产和工厂所在的海港口岸基地全部交付鞍钢。大轧厂的在职职工和离退休职工全部被鞍钢接收;大轧厂的技术改造、新产品开发、资金调度、原材料采购、产品销售等业务,都按照鞍钢的生产方针和经营水平运作。(张书政)",title_length
19980302-01-008,"山西省省城高校联合体日前成立。有十四所高校组成的高校联合体将开展一系列合作:建立共用的中国教育与科研计算机网络山西网络中心,建立省城高校资源信息数据库;实施各校学科联合,联合成立科研机构,联合作科研课题,互聘导师,联合培养研究生;实行师资互聘,交叉培养人才;统一调整增补专业,避免重复和浪费;实现各校精密贵重仪器设备互相开放;为在校学生跨校选课提供便利;重大科研项目实行科技合作,联合攻关。(安洋杜康宁)",title_length
19980302-01-009,"国内贸易部商业信息中心日前宣布,上海第一百货商店销售额名列全国大商场榜首。二到十位是:武汉市武汉商场;北京市西单商场股份有限公司;上海华联商厦股份有限公司;北京城乡贸易中心股份有限公司;天津劝业场股份有限公司;中兴沈阳商业大厦股份有限公司;北京王府井百货大楼;武汉中商集团中南商业大楼;重庆百货大楼。(李建兴)",title_length
19980302-01-010,"济南市再就业服务初步形成信息网、培训网、职介网体系,使职工下了岗就入『网』。目前再就业服务网络已累计分流安置了十五万下岗、失业职工。该信息网依托十五个行业主管部门、一百八十九个企业的再就业服务中心等,建立下岗、失业职工档案。职工一下岗,即被输入以上部门的再就业信息网,供用人单位查询。企事业单位的用工信息则被输入到计算机网上,供下岗、失业职工选择。",title_length
19980302-02-002,描绘广袤国土的绿色画卷,no_topic
19980302-02-003,中消协公布1997年投诉分析,no_topic
19980302-02-004,小康县(图片),short_body
19980302-02-005,建设部等部门呼吁保护购房者利益售房必须出示说明书和保证卡,no_topic
19980302-02-006,春暖长春站,no_topic
19980302-02-007,我进入世界十大商标注册国,no_topic
19980302-02-008,进出口银行鼎力支持航天事业,multiple_topics
19980302-02-009,国家税务总局决定提高纺织品出口退税率,no_topic
19980302-02-011,为国企改革提供保障煤炭行业社会保险健康发展,multiple_topics
19980302-02-012,"本报讯经中国国际贸易促进委员会批准,由中国商业联合会、中国调味品协会、贸促会商业行业分会与美国克劳斯公司共同主办的“’98国际调味品、食品添加剂展览会”将于1998年9月22日至25日在北京中国国际贸易中心举行,本届展览会将邀请国内外众多知名厂商参展。(邵志刚王日辉)",title_length
19980302-02-013,"本报讯中国城市煤气协会日前在京召开燃气热水器安全管理工作会议。会议要求各燃气管理部门、燃气供应企业、燃气具生产厂家相互协调,共同抓好燃气具生产、销售、安装使用、维修各环节的安全管理工作,减少和避免事故的发生。",title_length
19980302-02-014,"本报讯’98西方工业设计研讨会将于3月19日在北京召开,届时美国工业设计协会主席CraigVogel先生和台湾宏公司Aspire电脑的设计者等工业设计专家将到会举办讲座,为中国同行讲解“西方工业设计的发展现状”以及在企业发展中的成功案例等热点问题。(黄霁)",title_length
19980302-02-015,"本报讯革命老区河北省平山县是全国山区综合开发的第一批示范县,一年多来共投放贷款5500万元,用于改土造地10万亩,修建蓄水池20座,修路100公里,架设高低压线路1万米,成绩喜人。(范学)",title_length
19980302-02-016,"本报讯由中国西安航空发动机公司、中国燃机动力(集团)公司与德国诺代克斯—巴克·杜尔公司合资的西安维德风电设备有限公司日前成立,将年产140台250和600千瓦级大型风力发电机,填补国内空白。(费伟伟)",title_length
19980302-02-017,"本报讯以生产“圣天诺”系列加密锁,在软件保护和加密技术领域占居主导地位的美国彩虹高科技有限公司,日前在北京设立了代表处,并推出了最新的“圣天诺”98系列产品。(谢建)",title_length
19980302-02-018,"本报讯由建设部信息中心和世界传媒第二大公司的德国贝塔斯曼公司合资成立的北京贝塔斯曼建设信息服务公司,于近日在京开业。该公司将着眼于中国的建设行业信息资源的开发与利用,推广国内国际的新产品和新技术。(吴文)",title_length
19980302-03-001,总参在高中级干部中开展专题学习教育拥护改革服从大局,review: 军队干部专题教育，非学校教育主题
19980302-03-002,丹心为人民--记九届全国人大代表、沈阳军区『学雷锋标兵』贾丹兵,no_topic
19980302-03-004,我国超大规模集成电路研制获进展8英寸硅片生产线建成,no_topic
19980302-03-005,400多名专家协同编纂《中华本草》精选本推出,no_topic
19980302-03-008,各地开展《防震减灾法》宣传活动,no_topic
19980302-03-009,深圳华为公司设立“寒窗学子基金”,no_topic
19980302-03-011,首都剧场演出优秀话剧《在党旗下》(图片),short_body
19980302-03-012,新县长的特殊礼物,no_topic
19980302-03-013,清华师生纪念周恩来百年诞辰,no_topic
19980302-04-001,震撼世界屋脊的壮歌——来自西藏抗雪救灾一线的报告(附图片1张),no_topic
19980302-04-002,劝君少说『五种话』,no_topic
19980302-04-003,傅全有会见比利时客人,short_body
19980302-04-004,长江大堤九江段险情得到控制,no_topic
19980302-04-005,明天气象预报(3月2日20时—3月3日20时),no_topic
19980302-04-006,新形势新阵容新天地——从九届政协委员名录看变化,no_topic
19980302-04-007,京西宾馆笑迎首批代表,no_topic
19980302-04-008,殷切的期望——九届全国政协港澳委员抵京侧记,no_topic
19980302-04-009,刘顺尧出访拉美三国,short_body
19980302-04-010,武汉关水位百年罕见居高不下,short_body
19980302-05-001,藏族人民心中的丰碑——怀念周恩来总理(附图片1张),no_topic
19980302-05-002,星陨光犹在花落香更浓--忆『文革』中周恩来同志维护统一战线的业绩,no_topic
19980302-06-001,『我们永远怀念他』--朝鲜举行纪念周恩来百年诞辰活动侧记,no_topic
19980302-06-004,联合国驻伊机构整顿纪律伊拉克称其石油出口能力有限,no_topic
19980302-06-005,柬埔寨交战双方实行停火,no_topic
19980302-06-006,就摩萨德在伯尔尼从事间谍活动以色列向瑞士书面道歉,no_topic
19980302-06-007,深情忆伟人——访周总理生前接见的最后一位外宾,no_topic
19980302-06-008,西非维和部队通缉科罗马,no_topic
19980302-06-010,俄决定重新安葬末代皇帝遗骸,no_topic
19980302-07-001,欧盟多数国家赤字达标为按期实行欧元铺平了道路,no_topic
19980302-07-003,国际空间站将『破土动工』,no_topic
19980302-07-004,鲁杰罗总干事表示世贸组织与申请方应加速谈判,no_topic
19980302-07-005,坦赞铁路竞争中求发展(图片),short_body
19980302-07-006,巴基斯坦振兴经济摆脱贫困,no_topic
19980302-07-007,防癌良方:水果蔬菜日用五次,no_topic
19980302-07-008,安妮塑像(图片),no_topic
19980302-07-009,"第106枚“阿丽亚娜”火箭2月27日深夜从法属圭亚那库鲁航天中心发射升空,将欧洲卫星电信组织第34颗卫星“热鸟—4号”电视卫星送入太空。这次发射使用的是“阿丽亚娜—42P”型火箭,即配备两个火药助推器的“阿丽亚娜—4”型火箭。",title_length
19980302-07-010,"美国商务部2月27日宣布,1997年第四季度美国的经济增长按年率计算为3·9%,低于上月预计的4·3%。尽管如此,美国1997年全年的经济增长率仍达到3·8%,是过去9年来增长最快的年头,国内生产总值达到8·08万亿美元。",title_length
19980302-07-011,"韩国银行监督院日前对全国26家普通银行中的14家发出了限期整顿的命令,并要求它们在4月底之前制定出实现经营正常化的方案。这次下令整顿的银行都属于在扣除1%的坏账备抵金后自身资本比率达不到国际清算银行标准的银行。",title_length
19980302-07-012,"纽约证券交易所8名证券经纪人涉嫌利用工作之便,与一家证券公司合谋,炒作走俏股票,非法获利1100万美元。此案已于2月25日由纽约检察机关提出起诉。据报道,在过去相当长的一段时间里,奥克福特证券经纪公司与这8名经纪人互相串通,伪造账户和交易单据上的时间。当他们得知有大笔价格可能上扬的股票进行交易时,便抢在成交前进场购买,然后乘机脱手,获取暴利,并按协议分成。(据新华社电)",title_length
19980302-08-001,北京国际公路接力赛鸣枪中国队勇夺国际女子组桂冠(附图片1张),no_topic
19980302-08-002,友谊·参与·发展--北京国际公路接力赛扫描,no_topic
19980302-08-003,波波夫在京与少儿切磋泳技(附图片1张),no_topic
19980302-08-006,简讯,title_length
19980302-09-001,"世界500强,我们离你多远",no_topic
19980302-09-002,买美元干吗?,no_topic
19980302-09-003,重走上岗路(附图片4张),no_topic
19980302-09-004,查处两月又当官怪事!,no_topic
19980302-09-005,昔日痛失“自家子”今天抱走“别人孩”,no_topic
19980302-09-006,我国打算进入世界500强企业的销售收入(括号内为折合美元数),short_body
19980302-09-007,我国企业与世界500强的差距,no_topic
19980302-09-008,沟通你和我,no_topic
19980302-09-009,国债:热发冷兑莫负百姓心,no_topic
19980302-09-010,"提醒:如果不想要,请放回原处(图片)",short_body
19980302-10-001,为什么要改革存款准备金制度,no_topic
19980302-10-002,呆坏账准备金怎么用,no_topic
19980302-10-004,万亿美元保增长,no_topic
19980302-10-006,年报中的财务指标,no_topic
19980302-10-007,深证成份股指数日K线图(图片),short_body
19980302-10-010,工行赣州分行抓储蓄红火,no_topic
19980302-10-011,上证综合指数日K线图(图片),short_body
19980302-10-013,沪市上周上涨前五名(%),short_body
19980302-10-014,上市公司(A股)1997年度主要经济指标一览表(2),no_topic
19980302-10-015,沪市上周下跌前五名(%),short_body
19980302-10-016,深市上周上涨前五名(%),short_body
19980302-10-017,深市上周下跌前五名(%),short_body
19980302-11-001,VCD还能火多久?,no_topic
19980302-11-002,《家庭轿车诱惑中国》出版,no_topic
19980302-11-003,汽修业该『大修』,no_topic
19980302-11-004,也说“手机的荒诞剧”,no_topic
19980302-11-005,市场向高价值品牌集中,no_topic
19980302-11-006,第六届“保护消费者杯”评出,no_topic
19980302-11-007,不合格产品,no_topic
19980302-11-008,优等品产品(排名不分先后),short_body
19980302-11-009,三星响应“3·15”,no_topic
19980302-11-010,BP机能随意改频吗?,no_topic
19980302-11-011,VCD总体有改进40种不合格,no_topic
19980302-11-012,有心处处觅新岗(图片),short_body
19980302-11-013,一句话新闻,short_body
19980302-11-014,"福建实达集团最近推出实达DVD,标志着我国DVD机生产已开始进入商品化阶段。实达DVD采用国际成熟技术,具有与国外同等功能和水平:一是大容量,为VCD碟片的7倍以上;二是高画质,普通VCD图像分辨率是288线,而实达DVD达到500线;三是高音质,采取杜比—3环绕声,声音更真实,声音定位更精确;四是多机能,有8种语言声道功能。(石新)",title_length
19980302-11-015,"国家“863”计划和“九五”计划重点科研课题———氢镍电池正极材料高活性球形氢氧化镍,已由清华大学核能研究院与河北任远集团联合完成,进入工业化生产阶段。年产800吨高活性球镍生产线近日在河北省任远集团开工投产。该产品许多关键性指标优于或达到国外同类产品,结束了氢镍电池生产完全依赖进口的历史。(薛明坤)",title_length
19980302-11-016,"塑铝复合管是目前我国工程建造界普遍关注的新产品,它除拥有金属管耐高压和塑料管抗酸碱腐蚀的优点外,还可弯曲不反弹,而且使用寿命在50年以上。除煤气用管外还可广泛应用于工业与民用工程中液体和气体输送,具有广泛的推广应用前景。建设部、化工部等5部门组成的全国化学建材协调组已采取措施,提高化工原材料的国产能力及产量。(越占)",title_length
19980302-12-001,关于第一次全国基本单位普查结果的公报,no_topic
19980303-01-001,政协九届一次会议举行预备会议会议主席团第一次会议在京举行,no_topic
19980303-01-002,全国政协九届一次会议议程,no_topic
19980303-01-003,扬团结之主题创民族之伟业——热烈祝贺全国政协九届一次会议开幕,no_topic
19980303-01-004,政协会议新闻发言人宣布:政协九届一次会议今日开幕,no_topic
19980303-01-005,政协九届一次会议主席团和秘书长名单,no_topic
19980303-01-006,我国居世界前十位主要社会经济指标,no_topic
19980303-01-007,江泽民会见洛杉矶市长,no_topic
19980303-01-008,政协九届一次会议主席团常务主席会议主持人名单,short_body
19980303-01-009,政协九届一次会议主席团常务主席名单,short_body
19980303-01-010,政协九届一次会议提案审查委员会名单,no_topic
19980303-01-011,政协九届一次会议副秘书长名单,short_body
19980303-01-012,李长春任广东省委书记马忠臣任河南省委书记,short_body
19980303-01-013,九届人大一次会议准备就绪三十四个代表团全部抵京,no_topic
19980303-02-001,我国居世界前十位的主要社会经济指标(附图片14张),no_topic
19980303-03-001,"名为人权,实为强权——评美国国务院1997年《人权报告》中国部分",no_topic
19980303-03-002,弘扬雷锋精神真诚服务社会,no_topic
19980303-03-003,严格管理依法保护北京加强外来人口管理工作见成效,no_topic
19980303-04-001,李鹏接见全国商检局长会议代表时强调加强商检把好进出口商品质量关,no_topic
19980303-04-002,李岚清会见美国俄勒冈州州长,short_body
19980303-04-003,胡锦涛在中央党校春季开学典礼上讲话强调,no_topic
19980303-04-004,明天气象预报(3月3日20时—3月4日20时),no_topic
19980303-04-005,让党外人士了解中共中央重要部署王兆国通报中共十五届二中全会精神,no_topic
19980303-04-006,于永波在正军职以上领导干部轮训班上要求,no_topic
19980303-04-007,心中的企盼,no_topic
19980303-04-008,吴邦国会见洛杉矶市长,short_body
19980303-04-010,中国保护消费者基金会表彰先进市场报荣获“保护消费者杯”最高奖,no_topic
19980303-04-011,香港代表进京门,no_topic
19980303-04-012,图片新闻,title_length
19980303-04-013,周密安排认真部署北京市全力以赴服务“两会”,no_topic
19980303-04-014,政协委员参政议政热情高涨政协九届一次会议已收提案172件,no_topic
19980303-04-015,迟浩田会见巴基斯坦客人,short_body
19980303-05-001,提高素质完善结构增强活力山东市地领导班子换届调整气象新,no_topic
19980303-05-002,全军学雷锋先进典型代表表示带头学雷锋精神文明建设当标兵,no_topic
19980303-05-004,生存系于质量--记北京西单商业文明服务示范街,no_topic
19980303-05-006,中直机关文明委决定开展活动创建文明机关当好人民公仆,no_topic
19980303-05-007,中宣部中国科协为科技下乡办实事图书资料进村挂图录像入户,multiple_topics
19980303-05-008,慰问灾区(图片),short_body
19980303-05-009,周恩来诞辰100周年金银纪念币发行,no_topic
19980303-05-010,全总召开再就业培训工作电话会议,short_body
19980303-05-011,核岛安全检测系统稳定可靠,no_topic
19980303-05-012,国家“火炬计划”项目又结硕果高性能柴油机研制成功,no_topic
19980303-05-013,一万美元进园享受多种优惠中国苏州留学人员创业园启动,no_topic
19980303-05-015,她在紫荆花中笑——林莉小记,no_topic
19980303-05-016,专家汇聚一堂研讨教育软件重在提高质量,multiple_topics
19980303-05-017,东峻集团捐款百万支持『春蕾计划』,no_topic
19980303-05-018,『超能防伪标识』成果推广应用,no_topic
19980303-06-001,值得赞赏的明智之举,no_topic
19980303-06-002,周恩来是最优秀政治家——访美国前国务卿基辛格博士,no_topic
19980303-06-003,俄乌关系逐渐升格——试析库奇马总统访问俄罗斯,no_topic
19980303-06-004,不容忘记的时刻,no_topic
19980303-06-005,图片新闻,title_length
19980303-06-006,南联盟总统重申科索沃问题是南内政阿呼吁科各派保持冷静,no_topic
19980303-06-007,阿盟秘书长马吉德强调支持外交解决洛克比事件,no_topic
19980303-06-008,美对南政策出现松动,no_topic
19980303-06-009,伊重申恪守武器核查协议埃及一批救援物资空运巴格达,no_topic
19980303-06-010,"叶利钦总统二日任命雷布金为主管独联体国家事务的副总理,并免去他的俄联邦安全会议秘书职务。俄罗斯原主管独联体国家事务的副总理谢罗夫因工作不力,于二月二十八日被总统解除了职务。叶利钦同时任命运输部第一副部长谢尔盖·弗兰克为运输部长,教育部第一副部长亚历山大·吉洪诺夫为教育部长。",title_length
19980303-06-011,"阿尔及利亚总统泽鲁阿勒一日宣布,阿政府将从今年开始在遭受恐怖活动破坏最严重的二十个省实施一项全国重建计划。正在阿南部麦迪亚省视察的泽鲁阿勒当天在会见各界代表时发表讲话说,阿尔及利亚今天正朝着彻底战胜恐怖主义的目标前进,因此,『现在正是阿开始重建的时刻,把被恐怖活动破坏的一切重建起来』。",title_length
19980303-06-012,"墨西哥内政部长拉瓦斯蒂达一日宣布,墨西哥政府为推动恰帕斯问题的政治解决,决定向国会提出一项宪法修正案,就有关土著居民的权利问题,对宪法有关条文进行修改。他说,墨西哥政府过去和现在都准备通过谈判解决已持续四年之久的恰帕斯武装冲突问题,并希望萨帕塔民族解放军接受政府关于尽早恢复和谈的建议。",title_length
19980303-06-013,"泰国反对党二日下午向国会提出不信任动议,要求弹劾川·立派总理领导的多党联合政府。这是反对党对川·立派政府提出的第一个不信任动议。不信任动议由新希望党、国家发展党、泰国民众党和民众党的领导人递交给泰国国会主席、下议院议长万·玛他。(据新华社电)",title_length
19980303-07-004,可导电的塑料,no_topic
19980303-07-005,黄色炸药测试仪,no_topic
19980303-07-006,世界最大碘化钠单晶体,no_topic
19980303-07-007,量子晶体管,no_topic
19980303-07-008,蔓延的森林大火(图片),short_body
19980303-07-009,朝鲜急需粮援,no_topic
19980303-09-002,让人们走近周恩来,no_topic
19980303-09-003,量力而行办实事(附图片1张),no_topic
19980303-09-004,未雨绸缪高一筹,no_topic
19980303-09-005,派出所是她温馨的家,no_topic
19980303-09-006,“世界名录”会带来什么,no_topic
19980303-10-001,推行村务公开扩大基层民主,no_topic
19980303-10-002,广阔的开放意识--『邓小平理论风格』系列谈之六,no_topic
19980303-10-003,一个事关全局的重要问题人口老龄化向我们走来,no_topic
19980303-10-004,正确理解资本组织形式,no_topic
19980303-11-001,“110”走向成熟,no_topic
19980303-11-002,善待『一一○』,no_topic
19980303-11-003,来函照登,title_length
19980303-11-004,“110”的尴尬,no_topic
19980303-11-005,报警务必真实,no_topic
19980303-11-006,一起铁路职工被非法拘禁案得以纠正,no_topic
19980303-11-007,陈乡的理想,no_topic
19980303-11-008,严格的纪律,no_topic
19980303-11-009,南海利剑(附图片4张),no_topic
19980303-12-001,新疆军区某陆航团——飞行禁区救险,no_topic
19980303-12-003,"战友,亲切的称呼",no_topic
19980303-12-004,盖老汉和仨“兵女婿”,no_topic
19980303-12-005,请给我男友捎句话,no_topic
19980303-12-006,龙头传奇,title_length
19980303-12-007,王正国荣获国际军医奖,no_topic
19980303-12-008,郭贵秀爱兵习武半年两立二等功,no_topic
19980303-12-010,周真国教书育人荣立一等功,no_topic
19980303-12-011,谁跟谁比?(附图片4张),short_body
19980303-12-012,绿(图片),short_body
19980303-12-013,"本报讯辽宁省抚顺市传来消息,一百三十名无房军转干部日前全部喜迁新居,这是抚顺市去年以来在全国首家实行『军转安居工程』的结果。据了解,『军转安居工程』预计今年底将完成八千平方米住宅楼的建设,届时将有一百四十余名军转干部搬入新居。(泽宏宝印)",title_length
19980303-12-014,"本报讯成都军区某通信总站注重应用高科技知识武装全站官兵,以人才队伍建设推动通信质量建设。近几年来先后数十次出色完成卫星发射、重大军事演习等重要通信保障任务,所属固定通信台站值勤质量六项综合指标名列全军前茅。",title_length
19980303-12-015,"本报讯武警安徽总队阜阳市支队积极为下岗军嫂再就业铺路搭桥。他们主动与阜阳市工会、阜阳师范学校等单位联系,创办了支队下岗军嫂再就业培训班,二十名下岗军嫂通过强化培训,一部分已重新上岗,另一部分已领取个体工商营业执照。(金运明)",title_length
19980303-12-016,"本报讯每到新生入学或是老兵退役的时候,西藏中学的师生总要把一条条洁白的哈达献给中国武警仪仗队的战士。十一年前,西藏中学与中国武警仪仗队建立了共建关系,并盛开出文明之花。武警仪仗队由此多次被评为民族团结先进单位。",title_length
19980303-12-017,"本报讯驻扎在著名『国际风筝之都』山东潍坊市的济南军区某部,为帮助驻地营造优雅的环境,三年来,共为放飞场植树四十八万余棵,植草坪二千六百平方米,清除垃圾一点二万方,被上级授予精神文明建设先进单位称号。",title_length
19980304-01-001,参政议政促进团结承前启后开拓前进,no_topic
19980304-01-002,安理会核准伊武器核查备忘录,no_topic
19980304-01-003,完善一个制度——八届全国政协工作的新进展,no_topic
19980304-01-004,会前30分,no_topic
19980304-02-001,在全国政协九届一次会议开幕会上叶选平作全国政协八届常委会工作报告,no_topic
19980304-02-002,在前进中开拓在开拓中前进——全国政协八届一次会议以来大事记,no_topic
19980304-03-001,欣逢盛世话盛事--访九届政协委员赵朴初(附图片1张),no_topic
19980304-03-002,跨世纪展宏图——政协九届一次会议开幕式侧记,no_topic
19980304-03-004,从一届到九届,no_topic
19980304-03-005,“两会”新闻中心举行酒会欢迎中外记者采访两会,no_topic
19980304-03-006,新闻中心的新闻,no_topic
19980304-03-007,新老委员谈感受,no_topic
19980304-03-008,群贤毕至万众瞩目(附图片3张),no_topic
19980304-03-009,香港代表团(图片),short_body
19980304-03-010,政通人和团结奋进(图片),short_body
19980304-03-011,"西郊宾馆已是第八次接待参加全国政协会议的委员。主楼大厅里悬挂着的立体『情』字,三尺宽、四尺长。宾馆员工说:『我们对政协委员的深情厚谊,都浓缩在这个情字里了。』据悉,三月八日,他们还将给女委员和女工作人员送鲜花和节日贺卡,将择日为三月份过生日的政协委员现场擀制长寿面等,真是情真意切。",title_length
19980304-03-012,"政协文艺界委员中画家很多,其中有几位是名画家之后,如:潘天寿之子潘公凯、徐悲鸿之子徐庆平、郭味蕖之子郭怡、李苦禅之子李燕,可谓子承父业。",title_length
19980304-03-013,"政协九届一次会议开幕前,委员们在人民大会堂东大厅休息等候。『同志,请帮我照张相可以吗?』回头一看胸卡,原来是张燕瑾委员,记者便趁机『讨价』:『我帮您照完相后,请您接受我的采访。』面对不算『条件』的条件,他愉快地答应了,照过后便就教育体制改革和提高高校青年教师待遇等发表了看法。",title_length
19980304-04-001,学习雷锋的人生哲学,no_topic
19980304-04-002,三千官兵爬冰卧雪六万灾民绝境逢生那曲藏胞挥泪送恩人,no_topic
19980304-04-003,国务院纠风办召开会议强调搞好基层窗口单位行风整顿,no_topic
19980304-04-004,“再就业”现身说法(附图片5张),no_topic
19980304-04-005,布赫会见芬兰客人,short_body
19980304-04-006,明天气象预报(3月4日20时—3月5日20时),no_topic
19980304-04-007,“精彩极了”,no_topic
19980304-04-008,外交部发言人答记者问,no_topic
19980304-04-009,《行政监察法》知识竞赛将举行,no_topic
19980304-04-010,抚顺雷锋精神薪火相传,no_topic
19980304-04-011,湖南雷锋家乡雷锋多,no_topic
19980304-04-012,福州为民服务不间断,no_topic
19980304-04-013,结对学雷锋(图片),short_body
19980304-04-014,对外友协庆祝中科建交十五周年,short_body
19980304-04-015,江西『岗位学雷锋』收效明显,no_topic
19980304-04-016,傅全有会见巴基斯坦客人,short_body
19980304-05-004,健康教育遍乡村防病治病成网络射洪加强乡村卫生院建设,multiple_topics
19980304-05-007,《怀念开国总理周恩来》摄影展举办,no_topic
19980304-05-008,学术著作《资本经营》成为畅销书,no_topic
19980304-06-001,《欧洲时报》发表社论指出两会是跨世纪盛会,no_topic
19980304-06-002,斯卡尔法罗总统表示意大利愿与中国加强合作,no_topic
19980304-06-003,伊重申遵守所签协议,no_topic
19980304-06-005,中科友谊根深叶茂,no_topic
19980304-06-006,巴中友谊奠基者--巴中友协副主席忆周恩来总理,no_topic
19980304-06-007,我驻科使馆举行招待会庆祝中科建交15周年,no_topic
19980304-06-008,示威(图片),short_body
19980304-06-009,金大中批准韩国新内阁金钟泌任代总理,no_topic
19980304-06-010,南政府反对科索沃问题国际化,no_topic
19980304-06-011,慕尼黑纪念周恩来百年诞辰,no_topic
19980304-06-013,美称伊违约将遭打击,no_topic
19980304-06-014,阿总统呼吁国际社会进行干预,no_topic
19980304-06-015,马其顿希望通过对话解决冲突,short_body
19980304-06-016,"欧盟委员会主席桑特2日晚在北爱尔兰首府贝尔法斯特宣布,欧盟将向北爱尔兰提供1亿埃居(1埃居约合1·1美元)的经济援助,以进一步推动北爱尔兰和平进程。正在北爱尔兰进行访问的桑特是在贝尔法斯特市举行的一次晚宴上宣布这一援助的。欧盟已为推动北爱尔兰和平提供了3亿埃居的援助。",title_length
19980304-06-017,"奥地利总理克利马同瑞典首相佩尔松2日在斯德哥尔摩举行会谈后表示,奥地利和瑞典都不应该加入北约。克利马在会谈后对记者说,奥、瑞两国“主张建立一个更好的欧洲安全结构,奉行更好的相互协调的外交政策”。",title_length
19980304-06-018,"为期一天的南部非洲发展共同体特别首脑会议2日在马普托结束,会议决定对这一地区组织的政治、防务和安全机构进行改革,并加强对安哥拉反对派———争取安哥拉彻底独立全国联盟(安盟)的制裁。",title_length
19980304-06-019,"阿拉伯马格里布联盟(马盟)秘书长阿马莫2日在拉巴特表示,马盟希望海牙国际法庭日前作出的关于审理洛克比事件的决定能够有助于该事件的解决。国际法庭2月27日宣布,它有权受理利比亚就洛克比空难案对英国和美国的起诉。去年10月,美国曾要求国际法庭不要作出有权受理洛克比案件的决定。",title_length
19980304-06-020,"埃塞俄比亚全国各地2日举行纪念活动,庆祝抗击意大利殖民主义者入侵的阿杜瓦战役胜利102周年。1896年3月1日,在当时的孟尼利克二世皇帝的领导下,埃塞俄比亚军民击败了1·5万名装备精良的意大利殖民侵略军,迫使意大利承认埃塞俄比亚是一个独立的主权国家。(据新华社电)",title_length
19980304-07-001,东亚经济传真,no_topic
19980304-07-003,埃及两千多年前古墓见天日,no_topic
19980304-07-004,德国史前村落被发现,no_topic
19980304-07-005,朝鲜旧石器文物大量出土,no_topic
19980304-07-006,意大利古罗马喷泉极精致,no_topic
19980304-07-007,"据法国《解放报》报道,戴安娜王妃的保镖特雷弗·里斯—琼斯已经恢复部分记忆力。他开始回忆出去年8月31日车祸的一些细节。这场车祸夺走了戴安娜及其男友多迪的生命。由于精神病科医生的成功诊治,他在车祸中丧失的记忆力正在不断恢复。他说,他已经准备接受巴黎警方的第四次讯问。",title_length
19980304-07-008,"哈萨克斯坦纳扎尔巴耶夫总统3月2日在阿拉木图会见外国大企业家时强调:哈200家大型骨干企业已有1/3掌握在外国投资者手中,或交由外国公司管理。这些企业的生产得到增长。哈总统再次强调,哈吸引外资的优势是政局稳定,吸引外资过程开放而透明,外资受到很好保护和支持。",title_length
19980304-07-009,"美国商务部长戴利2日在亚洲协会发表讲话时说,亚洲虽然出现了金融风暴,但亚洲经济将会作为稳定、成熟的经济重新以令人注目的增长速度发展。戴利在题为《亚洲的风暴及前景》的讲话中,谈了他对亚洲经济前景的看法。他说,东盟国家除印尼外,尽管还会有一些困难,但情况已经稳定。泰国和菲律宾经济正在复原,新加坡表现最好。",title_length
19980304-07-010,"罗马尼亚货币列伊自今年1月30日以来持续坚挺,同美元的汇率甚至有所攀升。罗国家银行行长牧古尔·依瑟莱斯库认为列伊坚挺首先是今年1月份列伊的贬值过大。二是外汇管制的放松“使人们对本国货币的信心增强”。三是“国家银行强化货币政策,通过提高列伊利率,加强对外汇市场的间接监督”。",title_length
19980304-08-001,出去看了之后,no_topic
19980304-08-002,一个不灭的星座——写在周恩来同志百年诞辰之际,no_topic
19980304-08-003,敬爱的总理周恩来(钢笔素描),short_body
19980304-08-004,望城的火焰,no_topic
19980304-08-005,春天(外一章),no_topic
19980304-09-001,“狗不理”——谁来理?(附图片1张),no_topic
19980304-09-002,是雷锋叔叔教我这样做的,no_topic
19980304-09-003,友爱托起生命之舟——抢救女大学生纪实,review: 抢救学生，医疗与教育交叉
19980304-09-004,存包被“掉”损失谁担,no_topic
19980304-09-005,可怕的『习惯』,no_topic
19980304-09-006,痴迷收藏心向伟人(附图片2张),no_topic
19980304-09-007,长春出现敬老车队,no_topic
19980304-10-003,不合格商品房岂能出售,no_topic
19980304-10-004,小小信封看质量,no_topic
19980304-10-005,“高档家具”质量差违约骗人真可气,no_topic
19980304-10-006,人去楼空为哪般?(附图片2张),no_topic
19980304-10-007,警惕伪劣商品坑农,no_topic
19980304-10-008,新官上任缓“烧火”,no_topic
19980304-10-009,请您做个文明读者,no_topic
19980304-10-011,鄄城县手套、灵芝大量积压,no_topic
19980304-10-012,北安杨家乡万吨大豆找买主,short_body
19980304-10-013,请别小看门牌号码的作用,no_topic
19980304-10-015,生姜有销路姜农喜心头,no_topic
19980304-10-016,许昌市整顿劳动路“狗市”,no_topic
19980304-11-002,民间借贷须知,no_topic
19980304-11-003,打工青年有『三怕』,no_topic
19980304-11-004,善待打工者,no_topic
19980304-11-005,报纸伴我成长,no_topic
19980304-11-006,“乔然山”应为“桥岩山”,no_topic
19980304-11-007,匠心独运塑精魂(附图片1张),no_topic
19980304-11-008,爆竹是禁还是放,no_topic
19980304-11-009,广场上的人与鸽(附图片2张),short_body
19980304-12-001,情注国防心系长城--周恩来对新中国国防现代化事业的重大贡献,no_topic
19980304-12-002,周恩来是知识分子的良师益友,no_topic
19980305-01-001,九届全国人大一次会议举行预备会大会主席团第一次会议同日举行,no_topic
19980305-01-002,九届全国人大一次会议主席团常务主席名单,short_body
19980305-01-004,九届全国人大一次会议议程,no_topic
19980305-01-005,放眼未来再谱新篇——热烈祝贺九届全国人大一次会议开幕,no_topic
19980305-01-007,九届全国人大一次会议副秘书长名单,short_body
19980305-01-008,九届全国人大一次会议主席团和秘书长名单,no_topic
19980305-02-001,江泽民在同政协民主党派委员座谈时指出,no_topic
19980305-02-002,胡锦涛参加政协医卫界联组讨论时指出,no_topic
19980305-02-003,难忘的时刻——九届全国人大一次会议主席团第一次会议侧记,no_topic
19980305-02-004,今夜星光更灿烂——政协委员登天安门侧记,no_topic
19980305-02-005,朱镕基与政协经济界委员座谈时指出,no_topic
19980305-02-006,尉健行参加政协工会界委员讨论时指出立足全局做好下岗职工再就业,no_topic
19980305-02-008,九届全国人大一次会议举行新闻发布会九届人大一次会议今日开幕,no_topic
19980305-03-001,知识经济--代表委员的新话题,no_topic
19980305-03-002,人大开幕忆周公,no_topic
19980305-03-003,责任重于泰山——湖南代表团部分人大代表谈感想,no_topic
19980305-03-005,边疆代表逛京城,no_topic
19980305-03-006,盛装赴盛会,no_topic
19980305-03-007,盼民族地区快发展——访保安族人大代表马香梅(附图片1张),no_topic
19980305-03-008,姐弟同会,title_length
19980305-03-009,夫妇议政,title_length
19980305-03-010,参加全国政协九届一次会议的委员分组讨论工作报告(附图片3张),short_body
19980305-03-011,政协委员步入人民大会堂(速写),short_body
19980305-03-012,艺术家委员(图片),short_body
19980305-03-013,带去乡亲的心愿,no_topic
19980305-03-014,莫忘大巴山老区,no_topic
19980305-03-015,"三月二日上午,扮演周恩来总理的王铁成委员到京丰宾馆报到。他一进门,就被在场的工作人员和记者们认出,有的人脱口而出:『总理来了。』",title_length
19980305-03-016,"叶良才委员在提出科研成果的推广得不到资金支持的问题后,拿出一包材料说:『我这里专门带了四百份材料,各位委员如有兴趣,请与我们合作。』全场大笑。(任建民)",title_length
19980305-03-017,"『两会』前夕,社会科学文献出版社出版的《经济蓝皮书:一九九八年中国经济形势分析与预测》和《社会蓝皮书:一九九八年中国社会形势分析与预测》在北京畅销,显示出人们对当前经济和社会问题的关注。(袁晞)",title_length
19980305-03-018,"全国政协九届一次会议上,每一位委员的手里多了一张小小的光盘《北京通》,内含北京纵览、公共交通、常用信息等十二大版块。这是北京市政协的一片心意。(彭俊)",title_length
19980305-04-001,海棠花又要开了——周恩来百年诞辰之际访中南海西花厅,no_topic
19980305-04-002,统战部政协办公厅举行招待会,no_topic
19980305-04-003,献上花篮寄军情(图片),short_body
19980305-04-004,国家统计局发布一九九七年国民经济和社会发展统计公报,no_topic
19980305-04-005,明天气象预报(3月5日20时—3月6日20时),no_topic
19980305-04-006,各界隆重纪念周总理百年诞辰,no_topic
19980305-04-007,列席九届人大一次会议开幕式闭幕式董建华抵达北京,no_topic
19980305-04-008,迟浩田会见朝鲜客人,no_topic
19980305-04-009,邹家华会见德国客人,short_body
19980305-05-001,让雷锋伴我们走向新世纪,no_topic
19980305-05-002,北京中小学生观看《雷锋精神永恒》图片展(图片),short_body
19980305-05-005,北京首批学雷锋活动基地挂牌,no_topic
19980305-05-006,中国农科院成立两个综合研究中心,no_topic
19980305-05-007,《红镜头》再现领袖风采,no_topic
19980305-05-008,周恩来纪念金卡面世,no_topic
19980305-05-010,"本报讯记者杨明方报道:一套名为《做文明礼貌的大中小学生》的系列电视录像带,作为文明礼貌教育活动的基本教材,新学期伊始陆续进入学生课堂。",title_length
19980305-05-011,"本报讯《世纪·女性》艺术展三月三日至八日在中国美术馆举办。这一由中国艺术研究院和大地资产管理有限公司联合主办的大型专题展,旨在呈现中国女性艺术在一个世纪中的发展脉络及在世纪末迈出的新步伐。参展画家七十余位,参展作品达五百幅,为观众提供了了解二十世纪中国女性艺术整体面貌的机会。",title_length
19980305-05-012,"本报讯香港陈文彬女士奖学助学金不久前在北京中医药大学中药学院首次颁发,二十九名品学兼优和五十一名贫困、单亲学生每人获得一千元的奖励和资助。该奖学金每年拿出十万元人民币,作为北京中医药大学中药学院奖学助学基金。",title_length
19980305-05-013,"本报讯三月二日,北大各社团召开了纪念毛泽东等老一辈革命家为雷锋题词三十五周年座谈会。",no_topic
19980305-05-014,"本报讯作为北京电视台向建国五十周年重点献礼的三十九集电视连续剧《黄河人》,于日前投入拍摄。",no_topic
19980305-06-001,俄罗分别举行学术研讨会和报告会纪念周恩来诞辰100周年,no_topic
19980305-06-002,外国专家忆总理,no_topic
19980305-06-003,东瀛寄语思恩来,no_topic
19980305-06-004,阿尔希波夫遗体告别仪式在俄举行李鹏致唁电高度赞扬阿尔希波夫,no_topic
19980305-06-005,安南对安理会决议表示满意,no_topic
19980305-06-006,印度大选结果基本明朗无一党派过半数组阁争夺已开始,no_topic
19980305-06-008,苏丹希望中国发挥更大作用,no_topic
19980305-06-009,多国部队表示不介入科索沃事件,no_topic
19980305-06-010,美国种族歧视势力抬头,no_topic
19980305-06-011,拉那烈被判五年刑,no_topic
19980305-06-012,魏茨曼蝉联以总统,no_topic
19980305-06-013,美国私枪泛滥(附图片2张),short_body
19980305-06-014,美国继续对伊进行武力威胁,no_topic
19980305-06-015,美国种族歧视势力抬头德国军队排外事件激增,no_topic
19980305-07-001,面对知识经济时代,no_topic
19980305-07-002,发展中国家要可持续发展中国呼吁发达国家增加援助,no_topic
19980305-07-004,戴安娜遗产将如何分配,no_topic
19980305-07-005,可持续发展新模式——欧美兴起生态工业园区,no_topic
19980305-07-006,摩洛哥女警上街穆斯林面纱撩开,no_topic
19980305-07-007,美国去年丢失轿车十万辆窃贼青睐日货二十种,no_topic
19980305-07-008,"巴基斯坦俾路支省西南部因近来连降大雨、暴雨发生严重水灾,造成至少75人死亡,数百人失踪,大约70个村庄被毁,直接经济损失达数十万美元。据悉,这是该省200年来最严重的一次水灾。",title_length
19980305-07-009,"罗马尼亚和土耳其两国政府3日在罗首都布加勒斯特举行双边自由贸易协定文本交换仪式,决定建立双边自由贸易区,互免关税,取消进出口配额限制。",title_length
19980305-07-010,"日本冈山县一名为“人间研讨会”的民间团体3月2日向甘肃省捐款150万日元,希望在农村贫困地区建立一座小学校。",short_body
19980305-07-011,"罗马尼亚政府日前通过一项紧急法案,决定建立“罗马尼亚社会发展基金”,以帮助地方政府扶持社会贫困阶层。根据该法律草案,建立该项基金所需的第一笔资金4500万美元已由世界银行提供。(本报专电)",title_length
19980305-08-002,国家举重队参观周总理百年诞辰展,no_topic
19980305-08-003,《八运风云》出版,no_topic
19980305-08-009,首都名人网球赛举行,short_body
19980305-09-001,巧用联合拓市场——关于沪浙皖西瓜种子产销联合体的调查,no_topic
19980305-09-002,『围城』与『进城』--北京农垦新形象的塑造,no_topic
19980305-09-003,减负先『消肿』,no_topic
19980305-09-004,海南冬季瓜果香(图片),short_body
19980305-09-005,沙荒盐碱变果海绿洲——安徽砀山县生态建设巡礼,no_topic
19980305-09-006,新圩镇电价居高不下,no_topic
19980305-09-011,科技兴蔗林(附图片2张),short_body
19980305-11-001,西汉档案两千年后公之于世校《汉书》资料详备《神鸟赋》情深意长,no_topic
19980305-11-002,民族文化兴衰之所系——“扫黄打非”九年感言,multiple_topics
19980305-11-003,深长永恒的爱--记首次公开展示的周恩来邓颖超通信手稿,review: 通信指书信手稿，非电信技术
19980305-11-004,风雨忆旧梦沧桑话“三联”,no_topic
19980305-11-007,店前卡通人促销新手段(图片),short_body
19980305-11-008,孤儿有新家博爱情无价(图片),short_body
19980306-01-001,艰苦奋斗开拓前进把社会主义现代化事业全面推向二十一世纪,no_topic
19980306-01-002,李鹏参加北京代表团讨论,no_topic
19980306-01-003,国务院决定李铁映兼任中国社会科学院院长,short_body
19980306-01-004,推进一个方略——全国人大工作开拓前进的五年,no_topic
19980306-01-005,跨世纪盛会牵人心——九届全国人大一次会议开幕侧记,no_topic
19980306-02-001,五年来政府工作的基本经验,no_topic
19980306-02-002,我国已形成全方位多层次宽领域的开放格局,no_topic
19980306-02-003,科技教育事业在改革中前进,multiple_topics
19980306-02-004,国家经济实力显著增强,no_topic
19980306-02-006,城乡居民生活水平进一步提高,no_topic
19980306-02-007,经济和社会发展中存在的矛盾和问题,no_topic
19980306-02-008,经济体制改革取得重大突破,no_topic
19980306-02-009,要积极推进政府机构改革,no_topic
19980306-02-010,中央政府全力支持香港特区工作,no_topic
19980306-02-011,对伊武器核查危机的立场,no_topic
19980306-03-001,倾注一片真情履行神圣职责,no_topic
19980306-03-003,诉亲情话未来——粤港澳三地人大代表会面素描(附图片1张),no_topic
19980306-03-006,做好军转安置工作,no_topic
19980306-03-007,多讲真话少说套话,no_topic
19980306-03-008,牛玉琴的“第三个五年规划”(附图片1张),no_topic
19980306-03-009,忙碌的信息台(附图片1张),no_topic
19980306-03-010,参加政协九届一次会议的委员进行分组讨论(图片3张),no_topic
19980306-03-011,"三月四日晚饭前后,京西宾馆东楼一层邮局里挤满了人,刚刚发行的九届人大一次会议首日封成了代表们的『抢手货』。政协九届一次会议首日封亦颇受代表青睐。(龚雯)",title_length
19980306-03-012,"政协分组讨论气氛热烈,发言争先恐后。科技组的汪品先委员提出,现在每个组有六十人左右,每人发一次言就得好几天。刘新香委员也有类似的感受。他们建议政协的分组『班级』不宜太大。(任建民)",title_length
19980306-03-013,"作家张贤亮是六、七、八、九届政协委员,他说一九八三年第一次参加全国政协会时,委员们都是说自己过去的遭遇。一九八八年参加第七届政协会时,委员多是说自己身边的事儿。现在不同了,委员们开口就是国家大事,而且谈得广泛深入。(文明)",title_length
19980306-04-001,干部形象也是导向,no_topic
19980306-04-002,外交部发言人发表评论,no_topic
19980306-04-003,明天气象预报(3月6日20时—3月7日20时),no_topic
19980306-04-004,中共中央全国人大常委会国务院领导同志,no_topic
19980306-04-005,外交部向西哈努克国王赠送《百年恩来》光盘,no_topic
19980306-05-002,买房不再难手续更简便建行将投300亿元启动房地产市场,no_topic
19980306-05-003,伟人故里思忠魂--在周总理故乡淮安参加百年诞辰活动侧记,no_topic
19980306-05-004,我们离不开雷锋——参观《雷锋精神永恒》展览记事,no_topic
19980306-05-005,"本报讯《周恩来与北京》一书近日在京正式出版发行。周总理生前十分关心首都的工作,许多重要指示涉及人民生活的方方面面和首都发展的长远大计。此书由北京市政协文史资料委员会编辑,书中收录了七十二篇文章和二十八幅珍贵的照片。其中一些资料为首次披露,鲜为人知,具有很强的史料价值。(晓夏)",title_length
19980306-05-006,"本报天津电记者陈杰报道:由天津市委党史研究室等部门联合编辑的《周恩来与天津》大型纪念辑日前出版,以一百六十余幅珍贵的『老照片』和周恩来生前关心过的同窗故旧、烈士遗属、工人农民及知识分子撰写的十余万字的回忆文章,再现了周恩来在海河两岸的历史足迹。",title_length
19980306-05-007,"本报淮阴三月五日电记者龚永泉报道:在纪念周恩来总理诞辰一百周年之际,周总理故乡淮阴的群众奔走相告:火车开来啦!苏北未通火车的历史宣告结束。新淮铁路是徐州、宿迁、淮阴三市筹资兴建的地方铁路,从东陇海线的新沂站接轨,铺至淮阴西站,全长一百零三公里。",title_length
19980306-05-008,本报讯北京威煌国际广告传播有限公司策划设计、中国马克思主义研究基金会监制的《世纪伟人周恩来纪念卡》于三月五日在中国历史博物馆发行。中央档案馆、中国革命博物馆、中国历史博物馆已收藏了周恩来纪念卡的第一九九八号、第一九七六号和第一八九八号卡。(陈静),title_length
19980306-06-001,联合国活力增强,no_topic
19980306-06-002,席位分散组阁难--印度大选结果初析,no_topic
19980306-06-003,我代表阐述人权问题立场摒弃南北对抗平等对话合作,no_topic
19980306-06-004,科索沃问题阿尔巴尼亚反对激化冲突美国声称必要时军事干预,no_topic
19980306-06-005,伊拉克妇女的示威游行(图片),short_body
19980306-06-006,卡扎菲要求解除国际制裁,no_topic
19980306-06-007,"以色列总理内塔尼亚胡四日任命以驻欧盟大使埃弗拉伊姆·哈勒维为以色列国家情报局(摩萨德)新任局长。哈勒维一九三四年生于英国,后移居以色列。他在摩萨德工作过三十多年,曾担任该局副局长一职,具有丰富的情报工作经验。",title_length
19980306-06-008,"保加利亚三日举行各种活动,隆重纪念国庆节暨从奥斯曼土耳其帝国奴役统治下获得解放一百二十周年。一八七八年三月三日土耳其在俄土战争中失败,保加利亚摆脱了近五百年的土耳其奴役统治,重新获得独立。一九九○年开始,保将这一日子定为国庆节,原国庆节九月九日改为反法西斯胜利日。",title_length
19980306-07-001,世界经济论坛发表报告非洲经济发展能力趋强,no_topic
19980306-07-002,鲁杰罗:贸易是世界经济增长推动力,no_topic
19980306-07-003,山一巨头被捕为哪般,no_topic
19980306-07-005,中东和平进程牵扯生意场可口百事再演龙虎斗,no_topic
19980306-07-006,东亚经济传真,no_topic
19980306-07-007,美国公司去岁破产数目大增今年兼并活动加剧,no_topic
19980306-09-001,寻找城市雕塑(附图片1张),no_topic
19980306-09-002,一瓣清香献伟人,no_topic
19980306-09-003,回首邮坛感慨多,no_topic
19980306-09-005,雕塑·建筑·人,no_topic
19980306-09-006,风情画卷『红盖头』,no_topic
19980306-09-008,这是城市雕塑吗?(图片),short_body
19980306-10-001,荧屏诗会悼伟人,no_topic
19980306-10-002,《流放中的回忆》再现领袖与人民的战斗情谊,no_topic
19980306-10-003,草原儿女的思念,no_topic
19980306-10-004,『轰动就是成功』(附图片1张),no_topic
19980306-10-005,视角独特的魅力(附图片1张),no_topic
19980306-10-006,亲近大海(附图片1张),no_topic
19980306-10-007,精品须谋求,no_topic
19980306-10-008,《东京大审判》将走上荧屏,review: 电视剧制作，非实际司法审判
19980306-10-009,《今生情难还》写真情,no_topic
19980306-11-001,相思年复年,no_topic
19980306-11-002,保护民众的大树--缅怀周恩来总理夫妇(东瀛飞鸿),no_topic
19980306-11-003,春天,title_length
19980306-11-004,天涯落日,title_length
19980306-11-005,面对大海,title_length
19980306-11-006,记住这位『洋委员』,no_topic
19980306-11-007,走不出的荫凉,no_topic
19980307-01-001,九届人大一次会议举行第二次全会,no_topic
19980307-01-002,江泽民参加上海代表团讨论时强调,no_topic
19980307-01-003,胡锦涛参加西藏代表团讨论时强调发展需稳定稳定为发展,no_topic
19980307-01-004,李鹏参加河北代表团讨论时指出抓好国企改革关心下岗职工,no_topic
19980307-01-005,九届全国人大财经委员会主任委员、副主任委员、委员名单,no_topic
19980307-01-006,九届全国人大一次会议关于设立九届全国人大专门委员会的决定,no_topic
19980307-01-007,罗干在九届全国人大一次会议上关于国务院机构改革方案的说明,no_topic
19980307-01-008,安南任命驻伊特使,no_topic
19980307-01-010,核查小组抵巴格达,no_topic
19980307-02-003,积极发展科技教育文化事业,multiple_topics
19980307-02-004,要继续加强和改善宏观调控,no_topic
19980307-02-005,国有企业改革要取得新的突破,no_topic
19980307-02-006,祖国统一是不可阻挡的历史潮流,no_topic
19980307-03-002,开放的中国满怀信心,no_topic
19980307-03-003,两会新闻中心举行首场记者招待会,no_topic
19980307-03-005,江苏找准发展拉动力,no_topic
19980307-03-006,拓展社区服务安置下岗职工,no_topic
19980307-03-007,多彩多姿的少数民族地区代表(图片),short_body
19980307-03-008,"政协医卫组的鞠躬委员是中科院院士、第四军医大学教授,日前偶染感冒,于是每次参加小组讨论必戴口罩入场,寻找角落处坐定。他说:“我是医务工作者,更要讲卫生、讲公德,应该时时注意不要把疾病传染给其他人。”(洪岩)",title_length
19980307-03-009,"一位住在中苑宾馆的人大代表中午接受记者采访,怕影响同屋休息,来到大堂找一小桌落座,有服务员上前送上清茶一壶。采访完毕,服务员前来收费:42元。两人愕然......(任建民)",title_length
19980307-04-001,国家计委主任陈锦华在九届人大一次会议上的报告(摘要),no_topic
19980307-04-002,一九九八年宏观调控的主要目标,no_topic
19980307-04-003,今年固定资产的投资重点,no_topic
19980307-04-004,进一步培育新的经济增长点,no_topic
19980307-04-005,明天气象预报(3月7日20时—3月8日20时),no_topic
19980307-04-007,中共中央人大常委会领导同志与代表一起审议政府工作报告,no_topic
19980307-04-008,“为子孙后代着想”——李鹏总理与一位来自环保战线代表的故事,no_topic
19980307-05-001,香港代表团审议政府工作报告认为香港一定会有更加美好的未来,no_topic
19980307-05-002,澳门舆论盛赞『两会』胜利召开,no_topic
19980307-05-005,三峡建委会纪念周恩来百年诞辰,no_topic
19980307-05-006,中外妇女欢庆『三八』妇女节,no_topic
19980307-05-007,法巴黎银行收购百富勤,short_body
19980307-05-008,台湾海基会复函海协表示愿意进行会务交流及商谈,no_topic
19980307-05-009,中国围棋天元战两轮战罢王磊二比○领先常昊,short_body
19980307-05-010,中共干部代表团出访越南老挝,short_body
19980307-05-011,苏州与伊斯梅利亚结为友好城市,short_body
19980307-06-001,美国防部发言人表示美愿与我加强军方对话,no_topic
19980307-06-002,罗通过公务员法草案政府公务员将控制在10万左右,no_topic
19980307-06-003,南总统强调政治解决科索沃问题美宣布撤回对南缓解制裁承诺,no_topic
19980307-06-004,印尼政局与总统选举,no_topic
19980307-06-005,柬埔寨问题国际讨论会结束希望柬各方为大选创造条件,no_topic
19980307-06-006,妇女事业关系国家进步--访巴基斯坦妇女部长道尔塔娜,no_topic
19980307-06-007,美任命首位太空女指令长,no_topic
19980307-06-008,大西洋海底因特网电缆开通,short_body
19980307-07-001,“一片冰心在玉壶”——记百岁革命老人帅孟奇(附图片2张),no_topic
19980307-07-002,人生的至境,no_topic
19980307-07-003,"周总理,我们怎能忘记您",no_topic
19980307-07-004,蓝天上的微笑,no_topic
19980307-07-005,售粮大户的妻子,no_topic
19980307-07-006,商海真情--下岗女工杜春艳的故事,no_topic
19980307-07-007,妇女节外节,no_topic
19980307-07-008,全国妇联表彰100个“巾帼文明示范岗”,no_topic
19980307-07-009,韩瑞芬再立新功(附图片1张),no_topic
19980308-01-001,江泽民在西藏新疆代表团参加审议时强调,no_topic
19980308-01-002,朱镕基在湖南代表团参加审议时强调,no_topic
19980308-01-003,首都举行纪念『三八』妇女节大会,no_topic
19980308-01-005,李鹏在河南代表团参加审议时指出将黄河治理放到战略地位来抓,no_topic
19980308-01-006,坚持一个目标——社会主义市场经济体制框架在稳健建立,no_topic
19980308-02-001,中共中央人大常委会和国务院领导同志继续与代表一起审议政府工作报告,no_topic
19980308-02-003,傅全有于永波王克王瑞林代表在分组审议中强调,no_topic
19980308-02-004,钱其琛到台湾代表团参加审议时指出,no_topic
19980308-02-005,李岚清参加江苏代表团审议时指出实现两个根本性转变要提高人的素质,no_topic
19980308-02-006,李瑞环参加政协特邀港澳人士界委员联组会讨论时希望,no_topic
19980308-03-001,透过窗口看形象,no_topic
19980308-03-002,大巴山的回答,no_topic
19980308-03-003,请到“华中硅谷”来,no_topic
19980308-03-004,新机遇新天地——朱树豪委员谈港商参与国有企业改革(附图片1张),no_topic
19980308-03-005,世纪之交的盛会(速写),short_body
19980308-03-006,加强流动人口计生管理,no_topic
19980308-03-007,通过强农来兴工,no_topic
19980308-03-009,图片新闻,title_length
19980308-03-010,“刘三姐”提案,no_topic
19980308-03-011,"3月7日上午,政协医卫组第二小组讨论发言前,有委员提议,“明天是妇女节,今天请女委员先发言。”大家赞成,该组8名女委员遂依次发言,全体男委员洗耳恭听。女委员戏称今日“提前过节”。(洪岩)",title_length
19980308-03-012,"3月7日,人大代表下榻的五洲大酒店,处处让人感受到国际劳动妇女节将至的气氛:四川代表团的8位女代表在休息大厅里排练民族歌舞;陕西代表团的女代表被“特批”提前离会排演女声小合唱;会场的服务员向每位女代表温柔地道了一声“节日快乐!”(乔杨)",title_length
19980308-04-001,安理会未就取消对利制裁达成一致,no_topic
19980308-04-002,联合国核查组恢复对伊核查伊拉克方面予以合作,no_topic
19980308-04-003,美企业家访问古巴,no_topic
19980308-04-004,把妇女工作全面推向新阶段——庆祝“三八”国际劳动妇女节,no_topic
19980308-04-005,明天气象预报(3月8日20时—3月9日20时),no_topic
19980308-04-009,坦桑尼亚大幅度裁减公务员,no_topic
19980308-04-010,云南彝族代表与苗族代表(图片),short_body
19980308-04-011,首批上海通用轿车年内下线吴邦国致电祝贺,no_topic
19980308-05-001,京津沪渝百姓心系两会,no_topic
19980308-05-003,转变就业观念提高就业技能代表委员与青年兴业领头人共话创业,no_topic
19980308-05-004,重庆结构调整抓特色,no_topic
19980308-05-005,四川夯实基础迈新步,no_topic
19980308-05-006,内蒙古以名牌为突破口,no_topic
19980308-05-008,辽宁重中之重话国企,no_topic
19980308-05-009,政协九届一次会议举行记者招待会,no_topic
19980308-05-010,图片新闻,title_length
19980308-06-001,绿土之声--冲绳三札之二(附图片1张),no_topic
19980308-06-002,韩国人的『身土不二』,no_topic
19980308-06-003,普通话在澳洲,no_topic
19980308-06-004,葡萄香飘纳巴谷,no_topic
19980308-06-005,走近白桦林———旅俄散记,no_topic
19980308-06-006,和刻本《酒中趣》漫谈,no_topic
19980308-06-007,俄罗斯圣彼得堡基督复活大教堂(图片),short_body
19980308-06-008,雕(图片),short_body
19980308-07-001,矗立在人民心中的丰碑——拍摄《百年恩来》给予我们的启示,no_topic
19980308-07-002,"慎尔行,将有随之",no_topic
19980308-07-003,心花一束--读《在周恩来身边的日子--西花厅工作人员的回忆》,no_topic
19980308-07-004,世纪伟人--恩来同志百年诞辰纪念,no_topic
19980308-07-005,念奴娇·悼念王平同志,no_topic
19980308-07-006,春满人间(中国画),short_body
19980308-08-001,阵痛过后......上海百万市民大动迁回眸(附图片1张),no_topic
19980308-08-002,再访动迁户,no_topic
19980308-08-003,专家评点大动迁,no_topic
19980308-08-004,金杨新村动迁居民新乐园,no_topic
19980308-08-005,墙子派出所『搭桥会』『连群信箱』备受称道,no_topic
19980308-08-006,上下一心卧薪尝胆益粮油脂厂活了,no_topic
19980308-08-007,指导再就业(图片),short_body
19980308-08-008,人在海外心系家乡慈溪留学生做“红娘”,review: 留学生促成经济合作，非主要教育报道
19980308-08-009,顾客试衣竟被当小偷关押长春『国商』被迫认错,no_topic
19980308-08-010,巴中部署廉洁自律检查地委行署领导率先垂范,no_topic
19980308-08-011,济南市新一届政府第一个工作日,no_topic
19980308-08-012,罗布泊打出淡水井将成为探险旅游供水站,no_topic
19980308-08-014,工作之余(图片),short_body
19980309-01-001,九届全国人大一次会议主席团举行第二次会议,no_topic
19980309-01-002,李鹏参加山东代表团审议时强调,no_topic
19980309-01-003,『难点』与『亮点』,no_topic
19980309-01-004,朱镕基参加辽宁代表团审议时指出,no_topic
19980309-01-005,李瑞环参加天津代表团审议时强调注意群众位置重视研究问题,no_topic
19980309-01-006,图片新闻,title_length
19980309-01-007,倡导一种风尚——社会主义精神文明建设跃上新台阶,no_topic
19980309-02-001,胡锦涛参加贵州团审议时强调促进中西部地区又快又好地发展,no_topic
19980309-02-002,尉健行参加黑龙江团审议时指出企业改革必须充分依靠职工参与,no_topic
19980309-02-003,李岚清参加湖北团审议时强调要坚持对外开放的基本国策,no_topic
19980309-02-004,钱其琛希望香港代表为国家改革和发展多作贡献,no_topic
19980309-02-005,中共中央全国人大常委会和国务院领导同志与代表共同审议政府工作报告,no_topic
19980309-03-001,胸怀全局共商大计,no_topic
19980309-03-002,国有企业改革:越难越接近突破,no_topic
19980309-03-003,『五个千』精神的变迁,no_topic
19980309-03-004,科教兴国运昌———访人大代表布赫(附图片1张),no_topic
19980309-03-005,部分政协委员参观文物展,no_topic
19980309-03-006,京族代表话喜事,no_topic
19980309-03-007,土地是个金盆盆,no_topic
19980309-03-008,抓紧完善宪法,no_topic
19980309-03-009,重视民主监督,no_topic
19980309-03-010,见缝插针,title_length
19980309-03-011,女记者(附图片3张),short_body
19980309-03-012,群贤共谱千秋业英豪同绘九州春(书法),short_body
19980309-03-013,西郊宾馆为委员过生日(图片),short_body
19980309-04-001,干部素质国运所系--谈加强干部队伍建设,no_topic
19980309-04-002,国家计委主任陈锦华在九届人大一次会议上的报告(摘要),no_topic
19980309-04-003,健全宏观调控体系,no_topic
19980309-04-004,明天气象预报(3月9日20时—3月10日20时),no_topic
19980309-04-005,刘伟同志逝世,no_topic
19980309-04-006,农工民主党十二届一次中常会举行,no_topic
19980309-04-007,民革中央在京举行茶话会出席“两会”的代表委员畅谈心得,no_topic
19980309-04-008,北京市总工会举办庆“三八”妇女就业洽谈会(图片),short_body
19980309-04-009,董建华启程访问德法两国,no_topic
19980309-04-010,重庆直辖一年间,no_topic
19980309-05-001,各类型区域农村人均纯收入比较(数据截至1996年底),short_body
19980309-05-002,一九九七年各地区城镇居民家庭人均可支配收入(图片),short_body
19980309-05-003,九届人大一次会议举行记者招待会介绍国企改革进展和安置再就业情况,no_topic
19980309-05-004,上海服务全国同发展,no_topic
19980309-05-005,福建繁荣经济促统一,no_topic
19980309-05-006,青海开发资源兴西部,no_topic
19980309-05-008,环卫工不忘时大妈(附图片1张),no_topic
19980309-05-009,变化,title_length
19980309-05-010,春到人间草木知——政协委员、人大代表书画联谊会小记(附图片1张),no_topic
19980309-05-011,图片新闻,title_length
19980309-05-012,1990-1997年城镇居民家庭人均可支配收入变化图(图片),short_body
19980309-05-013,1997年城镇居民家庭消费构成(图片),short_body
19980309-06-001,意美呼吁政治解决科索沃危机塞警方称击毙四十名阿族“恐怖分子”,no_topic
19980309-06-002,欧洲最大的工地———柏林波茨坦广场印象(附图片1张),no_topic
19980309-06-003,科索沃恐怖活动升级外部压力加大南联盟面临严峻考验,no_topic
19980309-06-004,美国务卿访问乌克兰强调北约继续对乌敞开大门,no_topic
19980309-06-005,莫斯科华人妇女联合会成立,no_topic
19980309-06-006,内塔尼亚胡访问挪威挪欲在中东和谈中再扮积极角色,no_topic
19980309-06-007,突尼斯妇女撑起半边天,no_topic
19980309-06-008,土总理抨击德奉行纳粹政策德称土恶意诽谤“不可原谅”,no_topic
19980309-06-009,一个日本老兵的歉意(附图片2张),no_topic
19980309-06-011,美国利益集团游说月费一亿美元,no_topic
19980309-07-001,经合组织发表报告指出国际融资额去年创最高纪录,no_topic
19980309-08-005,全国速滑冠军赛决出短距离金牌,no_topic
19980309-08-010,澳选手刷新室内女子撑杆跳高世界纪录,no_topic
19980309-09-001,怎样才算就业,no_topic
19980309-09-002,创造岗位,title_length
19980309-09-003,示范窗口的苦恼,no_topic
19980309-09-004,请来讨论,title_length
19980309-09-005,严查盗版VCD(图片),short_body
19980309-09-006,谨防“花钱买平安”,no_topic
19980309-09-007,百万光盘案查获记(附图片1张),no_topic
19980309-09-008,注意:建水族馆热,no_topic
19980309-10-001,关注特别国债,no_topic
19980309-10-002,百富勤能否再度崛起,no_topic
19980309-10-006,上市公司(A股)1997年度主要经济指标一览表(3),no_topic
19980309-10-007,上证综合指数日K线图(图片),short_body
19980309-10-009,沪市上周上涨前五名(%),short_body
19980309-10-010,沪市上周下跌前五名(%),short_body
19980309-10-011,深市上周上涨前五名(%),short_body
19980309-10-012,深市上周下跌前五名(%),short_body
19980309-10-013,深证成份股指数日K线图(图片),short_body
19980309-11-001,站在被告席上的获奖者,no_topic
19980309-11-002,煤矿伤亡事故为何频发,no_topic
19980309-11-003,『厦新』的遗憾,no_topic
19980309-11-004,长春:再就业安置出实招,no_topic
19980309-11-005,九七全国食品日用品千店监测信息公布,no_topic
19980309-11-006,北京街头出现分类垃圾箱(图片),short_body
19980309-11-007,外企雇员当地化,no_topic
19980309-11-008,羽绒制品含绒标实不符,no_topic
19980309-11-009,夜闯红灯罚500元醉酒驾车罚200元北京重罚交通违规,no_topic
19980309-11-010,暴发户(图片),short_body
19980309-11-011,老街新风采(图片),short_body
19980310-01-001,政协九届一次会议主席团常务主席会议举行,no_topic
19980310-01-002,政协九届一次会议主席团举行第二次会议,no_topic
19980310-01-003,江泽民主席参加香港代表团审议时强调,no_topic
19980310-01-004,江主席与香港记者,no_topic
19980310-01-005,朱镕基参加山东代表团审议时强调,no_topic
19980310-01-006,李鹏参加重庆代表团审议时指出艰苦奋斗实现跨世纪发展目标,no_topic
19980310-01-007,掌握一个方法——唯物辩证法在实践中结出丰硕之果,no_topic
19980310-01-008,图片新闻,title_length
19980310-02-001,中共中央人大常委会和国务院领导同志,no_topic
19980310-02-004,李鹏参加四川代表团审议时强调靠艰苦奋斗发展经济解决矛盾和困难,no_topic
19980310-02-006,李鹏参加安徽代表团审议时指出保证增长速度提高发展质量,no_topic
19980310-02-007,“我想听听基层代表的意见”——总理和一位村支书的对话,no_topic
19980310-03-001,服务窗,title_length
19980310-03-003,在参政议政的讲坛上——全国政协九届一次会议大会发言侧记(之一),no_topic
19980310-03-004,要让人民满意--访四位来自基层的人大代表,no_topic
19980310-03-005,扬眉吐气归因发展,no_topic
19980310-03-006,河南提高劳动者素质,no_topic
19980310-03-007,图片新闻,title_length
19980310-03-008,九届人大一次会议举行记者招待会介绍我国对外经贸情况,no_topic
19980310-04-001,李鹏会见奥地利副总理,no_topic
19980310-04-002,民建召开七届中常委二次会议,no_topic
19980310-04-003,民进召开十届中常委二次(扩大)会议,no_topic
19980310-04-004,致公党召开十一届中常委二次(扩大)会议,no_topic
19980310-04-006,明天气象预报(3月10日20时—3月11日20时),no_topic
19980310-04-007,加强学习提高素质--二谈加强干部队伍建设,no_topic
19980310-04-009,中奥外长会谈,no_topic
19980310-04-010,慰问国旗卫士(图片),short_body
19980310-04-011,中贝国防部长会谈,no_topic
19980310-05-001,非公有制经济大有作为(附图片1张),no_topic
19980310-05-004,建议国家设立两项基金(附图片1张),no_topic
19980310-05-005,合理开发利用水资源(附图片1张),no_topic
19980310-05-006,促进京九沿线经济发展(附图片1张),no_topic
19980310-05-007,推进国有企业兼并收购(附图片1张),no_topic
19980310-05-009,改革大型基础设施建管体制(附图片1张),no_topic
19980310-05-010,节约开发利用矿产资源(附图片1张),no_topic
19980310-06-001,伊朗与西方相互改善关系,no_topic
19980310-06-002,联合国秘书长安南重申美对伊动武须经磋商伊拉克愿与美直接对话,no_topic
19980310-06-003,治理噪音污染,no_topic
19980310-06-004,科尔总理会见董建华,no_topic
19980310-06-005,科索沃问题,no_topic
19980310-06-006,以退役军官上书内塔尼亚胡敦促政府推动和平进程,no_topic
19980310-06-007,海湾合作委员会欢迎伊朗新姿态,no_topic
19980310-06-008,苏丹内阁改组,short_body
19980310-06-009,北约进行大规模海上演习,short_body
19980310-07-001,非洲贸易与投资国际会议开幕非开发行为经济发展作贡献,no_topic
19980310-07-002,东亚经济传真,no_topic
19980310-07-005,更年期妇女宜多服雌激素,no_topic
19980310-07-006,无痛补牙法,no_topic
19980310-07-007,镀膜钛治疗骨折,no_topic
19980310-07-008,韩将向朝援粮,no_topic
19980310-07-009,"美国影片《泰坦尼克号》票房收入至今已经达到十点一亿美元,成为电影史上第一部收入超过十亿美元的电影。该片投资高达二亿美元,是有史以来投资最多的电影。该片迄今为止在美国收入四点二七亿美元,在其他国家收入五点八三亿美元,在总人口为八千一百八十万的德国,观看过这部影片的已超过九百万人。",title_length
19980310-07-010,"联合国粮农组织最近透露,全世界的粮食储备去年为二点九亿吨,估计今年将为二点九五亿吨,即为全世界粮食消费量的百分之十五点七,低于百分之十八这个世界食品安全所需的最低水准。",title_length
19980310-07-011,"阿根廷首都布宜诺斯艾利斯最近实施一项为百万妇女免费检查和治疗子宫颈癌计划,凡十八岁至六十四岁妇女都可以就近到医疗单位接受检查和治疗。",title_length
19980310-07-012,"巴基斯坦最长隧道贝·布托隧道日前竣工通水。隧道全长三点五公里,位于巴西北边境省马拉坎地区。工程耗资一千万美元,由中国地质工程总公司和铁道部第十八工程局四处中标承建。(本报专电)",title_length
19980310-07-013,世界著名的避孕用品生产商伦敦国际集团与中国青岛乳胶股份有限公司三月二日在北京宣布成立中国首家避孕用品合资企业青岛伦敦国际乳胶有限公司。,title_length
19980310-08-001,重访东北战地的渴望——刘白羽致胡世宗的三封信,no_topic
19980310-08-002,心上挂着一把锁,no_topic
19980310-08-004,潮汕功夫茶(外一首),no_topic
19980310-08-005,乡情(中国画),short_body
19980310-09-001,长江大堤还会崩塌吗多处大堤年久失修大量船只违章采砂,no_topic
19980310-09-002,春风无形意自开———访双拥模范胡玉萍(附图片1张),no_topic
19980310-09-003,球场不是垃圾场,no_topic
19980310-09-005,天津市民评『公仆』,no_topic
19980310-09-006,"雷声大,雨点也得大(附图片1张)",no_topic
19980310-09-007,寻找“楼兰”(附图片5张),no_topic
19980310-11-001,把好事做到底,no_topic
19980310-11-002,葫芦岛市干部制度改革有成效,no_topic
19980310-11-003,我的政绩观(附图片1张),no_topic
19980310-11-004,谷新珊的“廉洁经”,no_topic
19980310-11-005,百岁党员上“党课”(附图片2张),no_topic
19980310-11-007,带领群众奔富路——记甘肃省文县尚沟村党支部,no_topic
19980310-11-008,凝心聚力求嬗变——记浙江省景宁畲族自治县驮戥村党支部,no_topic
19980310-11-009,脱贫还需领头人,no_topic
19980311-01-001,九届人大一次会议举行第三次全会,no_topic
19980311-01-002,九届人大一次会议关于国务院机构改革方案决定,short_body
19980311-01-003,江泽民在解放军代表团全体会议上强调,no_topic
19980311-01-004,朱镕基参加四川代表团讨论时指出国有企业要选好领导班子,no_topic
19980311-01-005,国务院机构改革方案,no_topic
19980311-01-006,李鹏参加浙江代表团审议时指出进一步增强乡镇企业适应市场能力,no_topic
19980311-02-001,在九届全国人大一次会议上田纪云报告八届人大及其常委会工作,no_topic
19980311-03-001,“打的”赴会,no_topic
19980311-03-002,『两会』新闻中心举行记者招待会六位香港委员谈回归后情况,no_topic
19980311-03-003,母鸡变水牛的启示--云南代表团讨论记,no_topic
19980311-03-004,政协提案审查委员会举行第一次提案协商座谈会,no_topic
19980311-03-005,新疆抓住优势促发展,no_topic
19980311-03-007,对外宣传要重视——访政协委员爱泼斯坦(附图片1张),no_topic
19980311-03-008,图片新闻,title_length
19980311-03-009,民族地区百姓心系两会,no_topic
19980311-04-002,外交部发言人谈科索沃问题,no_topic
19980311-04-003,投身实践增长才干--三谈加强干部队伍建设,no_topic
19980311-04-004,李岚清参加贵州代表团审议时指出中西部地区要抓住机遇加快发展,no_topic
19980311-04-005,明天气象预报(3月11日20时—3月12日20时),no_topic
19980311-04-007,吴仪会见奥地利客人,no_topic
19980311-04-008,中共中央全国人大常委会国务院领导同志,no_topic
19980311-05-001,过去五年建设成就辉煌,no_topic
19980311-05-002,政府工作报告鼓舞人心,no_topic
19980311-05-006,落实环保基本国策,no_topic
19980311-06-001,忧虑与期望--独联体一体化状况一瞥,no_topic
19980311-06-002,就核查伊拉克总统府邸程序安南向安理会提交方案,no_topic
19980311-06-003,前南问题国际联络小组举行会议,no_topic
19980311-06-004,我驻西使馆庆祝中西建交25周年,no_topic
19980311-06-005,苏哈托再次当选印尼总统,no_topic
19980311-06-006,印国大党主席凯斯里辞职,no_topic
19980311-06-007,图片新闻,title_length
19980311-06-008,莫斯科遇『雷锋』,no_topic
19980311-06-009,阿比让添『向导』,no_topic
19980311-06-010,拒付抚养费要坐牢,no_topic
19980311-06-011,法总理呼吁遏制城市暴力,no_topic
19980311-06-012,塞拉利昂流亡总统回国,no_topic
19980311-06-013,穆巴拉克接受以报采访指出和谈僵局将引发暴力回潮,no_topic
19980311-06-014,"罗马尼亚、保加利亚和希腊三国内务部长三月七日在希腊的塞萨洛尼基签署协议,决定共同打击有组织犯罪及非法移民。根据这项协议,三国将按欧盟国家标准协调司法程序,并成立一个专家混合委员会,研究落实协议的具体办法。",title_length
19980311-06-015,"韩国总统金大中十日会见了正在汉城访问的越南国会主席农德孟。金大中对农德孟说,虽然由于韩国参与美国的对越战争而造成了韩越之间的不幸关系,但是越南能够以面向未来的姿态同韩国实现和解与合作,他对此表示敬意。农德孟表示希望韩国的企业继续对越南进行投资。",title_length
19980311-06-016,"菲律宾政府军最近在南部与反政府的阿布·赛亚夫组织成员发生激烈战斗,有十七名反政府武装分子被打死,五名政府军士兵受伤。阿布·赛亚夫是目前菲律宾第二大反政府武装。它主要在南部的棉兰老岛活动。在过去五年间,该组织一直拒绝与政府举行和谈。",title_length
19980311-06-017,"斯里兰卡海军十日晨击毁了泰米尔伊拉姆猛虎解放组织游击队的五艘船只,至少击毙十五名游击队员。战斗持续了五个小时。",short_body
19980311-06-018,"俄罗斯化学自动化设计局的专家不久前对俄PC20战略导弹的喷气发动机进行了改装,并成功地进行了点火试验。据俄通社塔斯社日前报道,俄罗斯拥有数百枚这类导弹,它的每台发动机价值约数百万新卢布(一美元约合六新卢布)。按照限制战略进攻性武器条约,这类导弹应被销毁。",title_length
19980311-06-019,"波兰海军司令发言人雅努什·瓦尔查克九日宣布,波兰、德国和丹麦三国海军九日开始在波罗的海举行为期四天的导弹部队联合演习。波兰海军所属的三艘导弹驱逐舰参加演习。近年来,波兰军方已不只一次地参与了由北约国家举行的各种军事演习。(据新华社电)",title_length
19980311-07-002,欧佩克油价颓势依然,no_topic
19980311-07-003,阿根廷机场出租求效益,no_topic
19980311-07-004,埃及通过新年度经济发展计划,no_topic
19980311-07-005,历时一年六个月费用一千六百万英着手调查疯牛病事件,no_topic
19980311-07-006,日本出现『女士优先』商店(图片),short_body
19980311-07-007,"今年五月七日至八日,德国莱比锡国际交通运输博览会将举办中国运输日活动。本届中国运输日由中国交通运输协会与德国莱比锡国际博览中心联合举办、德中交通运输合作中心协办,双方将共同举办中国运输与物流引进技术、合作融资与项目洽谈会,扩大中国与德国及欧盟的技术交流与合作。(本报讯)",title_length
19980311-07-008,"据有关人士透露,坦桑尼亚西北部地区流行一种怪病,每天有二十至三十人死于高烧。这种高烧的症状如同疟疾。当地一家日报九日透露,最近七个月来,这种怪病已至少使这个地区的六百六十五人死亡。",title_length
19980311-07-009,"据苏伊士运河管理局局长艾哈迈德日前宣布,今年二月份通过苏伊士运河的船只吨位创造了新纪录,达二千八百一十七点五万吨,比去年同期增加了近二百万吨。",title_length
19980311-07-010,"今年二月份是安大略省自一八四○年有气象记录以来最暖和的一个月,月平均气温超过正常记录五摄氏度到六摄氏度,而且这个月降雪量之少也是前所未见。据认为,这一反常变化很有可能与厄尔尼诺现象有关。",title_length
19980311-07-011,"为弘扬中华民族文化、丰富华人文化生活及加深华人间的联系和友谊,由中国驻乌克兰使馆、基辅北京饭店和中国商品批发市场联合举办的首届乌克兰华人卡拉OK大赛二月二十八日在基辅结束。(本报专电)",title_length
19980311-08-002,『同室操戈』,no_topic
19980311-08-003,西藏登山队出征世界第三高峰,no_topic
19980311-08-004,女子室内撑竿跳高世界纪录不断提升,no_topic
19980311-08-005,全国速滑冠军赛结束打破四项全国纪录,no_topic
19980311-08-006,击剑冠军赛老将显风流,no_topic
19980311-08-007,中国网协少年网球学校越办越红火,multiple_topics
19980311-08-008,鲁能泰山两负韩国现代,no_topic
19980311-08-009,小球运动管理中心加强裁判员培养,no_topic
19980311-08-010,山东青岛市市北国税局重视职工体育活动(附图片2张),short_body
19980311-08-012,"本报沈阳三月九日电全军体工队训练竞赛工作会议今天在沈阳解放军冰上训练基地召开。会议在总结八运会成功经验的基础上,认真分析了当前军队体工队在市场经济条件下面临的新情况,重点研究和探讨如何在新形势下进一步抓好军队体工队的训练工作。(宋晶张春启)",title_length
19980311-08-013,"本报讯经过四天的激烈角逐,大石杯全国花式台球锦标赛于三月八日下午在北京收杆。",short_body
19980311-08-014,"据新华社曼谷三月十日电(记者张秋来)据此间报纸今天报道,泰国副总理、第十三届亚运会筹委会主席披猜·拉达军九日表示,泰国将在成功主办亚运会的基础上,竞争二○○八年奥运会的主办权。披猜认为,二○○八年奥运会应由亚洲国家主办,届时只有中国是泰国申办的对手。",title_length
19980311-08-015,本报讯系列教学节目《体育保健按摩》三月十日在中央电视台体育频道开始播映。,short_body
19980311-08-016,"本报讯由中国体育报和重庆市林华房地产公司合办的第二届林华杯网球友好邀请赛,日前在北京进行,近五十名网球爱好者参加了比赛。",short_body
19980311-09-001,沉重的“丢失”———开架商品被偷拿现象透视,no_topic
19980311-09-002,生命在绿色中延伸(附图片3张),no_topic
19980311-09-003,平凡的母女---我所认识的周恩来的亲属,no_topic
19980311-09-004,昆明“育迪职校”骗钱记,no_topic
19980311-09-005,四十也惑,title_length
19980311-09-006,哈尔滨破获诈农案,no_topic
19980311-09-007,新余IC卡电话常被『卡』,no_topic
19980311-09-008,北京做好行车保障,no_topic
19980311-10-001,他是和雷锋一起树的标兵,no_topic
19980311-10-003,“假如明天我就会失去......”,no_topic
19980311-10-004,一问一答,title_length
19980311-10-005,不能随意改变纳税义务人,no_topic
19980311-10-006,民工依法讨公道,no_topic
19980311-10-007,伪劣商品的认定及举报,no_topic
19980311-10-008,竟有这样的厂长,no_topic
19980311-10-009,女儿的嫁妆(图片),short_body
19980311-11-001,积极推动两岸政治谈判,no_topic
19980311-11-002,尽职尽力服务港人———香港特区政府工商局长俞宗怡访谈录,no_topic
19980311-11-003,毕冠英故里献余热,no_topic
19980311-11-004,台商一月份获准赴祖国大陆投资逾亿美元,short_body
19980311-11-005,香港妇女发展联合会主办“平等讯息嘉年华”活动(图片),short_body
19980311-11-006,第二届澳门新闻奖评选揭晓,no_topic
19980311-11-007,香港一月份消费物价指数略升,no_topic
19980311-11-008,香港公屋无条件继承传统将改变,short_body
19980312-01-001,中共中央统战部等四单位举行茶话会,no_topic
19980312-01-003,经济实力增强发展势头良好--基层代表委员畅谈五年经济建设成就,no_topic
19980312-01-004,政协九届一次会议主席团举行第三次会议,no_topic
19980312-01-005,李鹏参加福建代表团讨论时指出审时度势促进对外开放,no_topic
19980312-01-006,江泽民参加重庆山东代表团全体会议时强调,no_topic
19980312-02-001,李鹏参加内蒙古代表团审议时说要将资源优势转化为经济优势,no_topic
19980312-02-002,中共中央人大常委会国务院领导同志参加代表团的讨论并听取代表意见,no_topic
19980312-02-003,九届人大一次会议举行记者招待会五位企业家代表谈大中型国有企业改革,no_topic
19980312-02-004,九届人大一次会议举行记者招待会西藏代表答中外记者问,no_topic
19980312-03-001,建言献策反映民意--全国政协九届一次会议大会发言侧记(之二),no_topic
19980312-03-002,从“回家”到“当家”,no_topic
19980312-03-003,调整结构促发展--访人大代表、浙江省委书记李泽民(附图片1张),no_topic
19980312-03-006,『我曾是一名洋八路』,no_topic
19980312-03-007,多份议案一个议题——尽快制定社会保障法,no_topic
19980312-03-008,加快青藏铁路扩能改造,no_topic
19980312-03-009,村支书喜说『破天荒』,no_topic
19980312-03-010,齐天乐--听李鹏总理作政府工作报告,no_topic
19980312-03-011,草原深处(藏画),short_body
19980312-04-001,精神状态事关成败--四谈加强干部队伍建设,no_topic
19980312-04-002,解放军和武警部队绿化祖国贡献突出,no_topic
19980312-04-003,大力造林育林护林,no_topic
19980312-04-004,陈世贤为改善汕头交通设施捐资,short_body
19980312-04-005,明天气象预报(3月12日20时—3月13日20时),no_topic
19980312-04-006,以实现两岸和平统一为目标“海和会”在台正式成立,no_topic
19980312-04-007,海协致函台湾海基会表示愿邀台湾海基会人员率团来访,no_topic
19980312-04-008,吴仪会见美国贸易副代表,no_topic
19980312-04-009,奥地利副总理会见陈锦华,short_body
19980312-04-010,十大工程纵横延伸生态效益日渐显著绿色长城护卫锦绣中华,no_topic
19980312-04-012,中葡联合联络小组举行全体会议,no_topic
19980312-04-013,九三学社举行十届中常委一次会议,no_topic
19980312-04-014,马克斯·魏勒作品展在京开幕,no_topic
19980312-04-015,今年头两个月工业生产增长8%,no_topic
19980312-04-016,湘江汛期早长沙车作舟(图片),no_topic
19980312-05-002,推进志愿服务事业(附图片1张),no_topic
19980312-05-003,完善社会保障体制(附图片1张),no_topic
19980312-05-005,重视海洋管理开发和保护(附图片1张),no_topic
19980312-05-007,做好下岗职工再就业工作(附图片1张),no_topic
19980312-05-009,建立多元化高教办学体制(附图片1张),no_topic
19980312-06-001,赠书哈佛传友谊,no_topic
19980312-06-002,科索沃问题南盟重申对科居民一视同仁塞尔维亚强调本国政治解决,no_topic
19980312-06-003,塞拉利昂总统返国执政,no_topic
19980312-06-004,纽约地铁添诗意,no_topic
19980312-06-005,图片新闻,title_length
19980312-06-006,以军枪杀三名巴勒斯坦人内塔尼亚胡对此事件表示遗憾,no_topic
19980312-06-007,埃及修建“希望村”救助“流浪儿”,no_topic
19980312-06-008,斯城冬夜溢书香,no_topic
19980312-06-009,菲律宾公布总统候选人名单,no_topic
19980312-06-010,安南呼吁国际社会帮助重建塞拉利昂,no_topic
19980312-06-011,乌克兰可能提出加入北约,no_topic
19980312-06-012,奥社民党不主张奥入北约,no_topic
19980312-06-013,"印度尼西亚原科技部长哈比比在十一日举行的印尼人民协商会议全体会议上当选为印尼新一届副总统,任期五年。哈比比一九三六年生于印尼南苏拉威西省的巴里巴里,从一九七八年印尼第三届内阁开始一直担任科技部长一职。",title_length
19980312-06-014,"立陶宛总统阿达姆库斯十日晚任命现总理瓦格诺留斯为新一届政府总理,并授权他组建内阁。阿达姆库斯同时向议会建议修改政府法,对一些政府部门进行改组,其中包括撤消邮电和信息部、建设和城市发展部,将这两个部的权限分别划归环境保护部、经济部和交通部。他同时建议将卫生部同社会保障与劳动部合并,将教育与科学部同文化部合并。根据他的建议,立政府部门将由现有的十七个减至十三个。",title_length
19980312-06-015,"乌克兰国防部长库兹穆克日前在布达佩斯表示,希望组建一支乌匈联合部队。库兹穆克应邀于九日和十日访问了匈牙利。访问期间,匈牙利总统根茨、国会军事委员会主席梅奇和国防部长凯莱蒂分别会见了库兹穆克,双方讨论了乌匈两国军事改革、两军合作和北约东扩等问题。目前,匈牙利正集中力量组建匈牙利罗马尼亚和匈牙利斯洛文尼亚意大利联合部队。(据新华社电)",title_length
19980312-06-016,"美国国务卿奥尔布赖特十日对加拿大进行了为期一天的正式访问,这是自一九八八年以来第一位对加拿大进行正式访问的美国国务卿。奥尔布赖特在渥太华期间会见了克雷蒂安总理、阿克斯沃西外长和艾格尔顿国防部长,双方就伊拉克、古巴、科索沃问题、两国西海岸三文鱼谈判和共同防洪合作等问题交换了意见。",title_length
19980312-07-001,全球石油需求缩减欧佩克油价跌破每桶12美元,no_topic
19980312-07-003,联合国紧急呼吁美补缴会费,no_topic
19980312-07-004,法国雾冰交加酿车祸百辆汽车撞成堆,no_topic
19980312-07-007,纽约举行第二十届艺术大展(图片),short_body
19980312-07-008,“火星探路者”功成身退有效工作时间远超设计寿命,no_topic
19980312-08-004,亚洲篮联换届中国多人当选,short_body
19980312-08-005,背后铲球者红牌,no_topic
19980312-08-008,’98赛车活动巡礼将在中国举行,no_topic
19980312-08-009,英国车手获世界汽车拉力赛第三站冠军(图片),short_body
19980312-08-010,中国足协选骨干教练赴德深造将聘外籍主帅执教国奥队,no_topic
19980312-08-012,体育简讯,title_length
19980312-08-013,阿根廷足球队热身赛连胜,short_body
19980312-10-001,关键在于领导状况的改善——海信的启示,no_topic
19980312-10-002,宣言书:开辟新时期新道路,no_topic
19980312-10-003,敏锐的战略眼光——“邓小平理论风格”系列谈之七,no_topic
19980312-10-004,优化税制促进两个转变,no_topic
19980312-10-005,《创造更高的劳动生产率》简介,no_topic
19980312-11-001,全面认真贯彻党的宗教政策,no_topic
19980312-11-002,移风易俗的居室革命,no_topic
19980312-11-003,侗家吊脚楼--一首久唱不衰的古歌,no_topic
19980312-11-004,少数民族享有充分的宗教信仰自由(附图片1张),no_topic
19980313-01-001,讲文明树新风重建设抓效果,no_topic
19980313-01-002,“共和国长子”的形象,no_topic
19980313-01-003,营造一个环境---我国外交卓有成效的五年,no_topic
19980313-01-004,“养兔大王”与总理的对话,no_topic
19980313-01-005,在九届人大一次会议记者招待会上钱其琛谈国际形势和中国对外政策,no_topic
19980313-01-006,“两会”上的年轻人(附图片3张),short_body
19980313-02-001,尉健行参加黑龙江代表团审议时说坚持不懈地开展反腐败斗争,no_topic
19980313-02-002,中共中央全国人大常委会国务院领导同志参加各代表团审议并听取意见,no_topic
19980313-02-003,九届全国人大一次会议举行记者招待会介绍新疆社会经济发展情况,no_topic
19980313-03-001,春风满堂议国是——全国政协九届一次会议大会发言侧记(之三),no_topic
19980313-03-002,时势与英雄,no_topic
19980313-03-003,广西昂首迈向新世纪,no_topic
19980313-03-004,贵州打好两个攻坚战,no_topic
19980313-03-005,黑龙江面向基层抓落实,no_topic
19980313-03-006,办好『光彩事业』--访政协委员刘永好(附图片1张),no_topic
19980313-03-007,改革不能怕难--访人大代表王梦飞(附图片1张),no_topic
19980313-03-009,企业治污义不容辞,no_topic
19980313-03-010,特殊的礼物,no_topic
19980313-03-011,图片新闻,title_length
19980313-03-012,人工补报机,short_body
19980313-04-001,各地纪念孙中山逝世七十三周年,no_topic
19980313-04-002,加拿大泰瑞·福克斯基金会向中国捐款,no_topic
19980313-04-004,王兆国会见日本客人,no_topic
19980313-04-005,明天气象预报(3月13日20时—3月14日20时),no_topic
19980313-04-006,民革九届中常委二次会议举行,no_topic
19980313-04-007,二月份市场物价涨幅继续回落,no_topic
19980313-04-008,营造环境广纳贤能--五谈加强干部队伍建设,no_topic
19980313-04-009,澳洲桉树落户湖南(图片),short_body
19980313-04-010,广西造林绿化县县达标,no_topic
19980313-04-012,福建城市添新绿,no_topic
19980313-04-013,今年南方出现罕见冬春汛钮茂生要求各地重视防汛抗旱,no_topic
19980313-04-014,石家庄多种形式绿化太行,no_topic
19980313-05-002,精心实施机构改革(附图片1张),no_topic
19980313-05-003,积极履行政协职能(附图片1张),no_topic
19980313-05-005,坚持“一国两制”保持香港繁荣(附图片1张),no_topic
19980313-05-006,进行两岸政治谈判顺乎民意(附图片1张),no_topic
19980313-05-007,做好澳门回归工作(附图片1张),no_topic
19980313-05-008,建议组建“香港湾区”(附图片1张),no_topic
19980313-05-009,『一国两制』是祖国统一最好办法(附图片1张),no_topic
19980313-05-010,广泛联系海外侨胞(附图片1张),no_topic
19980313-06-001,周恩来同志永远活在人民心间,no_topic
19980313-06-002,克林顿对安南秘书长说,no_topic
19980313-06-003,安理会表示尊重南主权塞谈判代表团抵科索沃,no_topic
19980313-06-004,法国总理会见董建华,no_topic
19980313-06-005,我代表阐述国际裁军立场,no_topic
19980313-06-006,约旦河西岸爆发反以示威,no_topic
19980313-06-007,美俄将举行首脑会晤,no_topic
19980313-06-008,"提前举行的丹麦议会大选十二日凌晨揭晓,目前执政的以社民党为首的联合党派获胜,将继续执政四年。在议会一百七十九个席位中,以社民党为首的联合党派获九十席,而自由党等反对党联合体一共获得八十九席。",title_length
19980313-06-009,"蒙古总统巴嘎班迪十二日启程前往哈萨克斯坦、科威特、土耳其三国进行正式访问,这是巴嘎班迪就任总统以来的首次出访。蒙古总统此次出访亚洲三国的目的是,进一步加强同三国的友好关系,增强经贸往来与合作。",title_length
19980313-06-010,"日本在野党统一会派民友联四党(民主党、民政党、友爱新党和民主改革联合)干事长十二日晚在政权战略会议上一致同意四党联合,建立新的『民主党』,以增强今年参议院议员选举的竞争力,对抗自民党。新的『民主党』成立后,以约一百四十名国会议员的规模,将成为日本政坛仅次于自民党的第二大政党。",title_length
19980313-06-011,"大藏省银行局中小金融课课长助理杉山吉男十二日下午在东京台东区的一所公寓中上吊自杀身亡。上月十三日,东京检察当局曾找到杉山听取情况汇报。检察当局十二日说,今后并没有再找杉山的打算。今年以来,日本因金融案件自杀者已达四人。(本报专电)",title_length
19980313-07-001,拉姆古兰总理回答本报记者提问时说毛中关系良好富有活力,no_topic
19980313-07-002,『多利』需验明正身,no_topic
19980313-07-005,欧盟提出跨大西洋新市场建议旨在消除欧美贸易壁垒,no_topic
19980313-09-001,湖南出版界筹划出版光盘版《四库全书》,no_topic
19980313-09-002,汽车入园惊煞人(附图片2张),no_topic
19980313-09-003,园林需要恬静,no_topic
19980313-09-006,专家点评《长白情》和《大漠女儿》风格鲜明情景交融,no_topic
19980313-09-007,《左宗棠》拍得好辛苦,no_topic
19980313-09-008,《别说再见》叙真情,no_topic
19980313-09-009,老虎进公园(图片),short_body
19980313-10-002,音乐考级:不再只考技能音乐教育:水平分出等级,multiple_topics
19980313-10-003,投资与投机,no_topic
19980313-10-004,家里留什么?,no_topic
19980313-10-005,意味深长的『九七酒』,no_topic
19980313-10-006,自助旅游与团队旅游哪种更合算?,no_topic
19980313-10-007,DVD何日取代VCD?,no_topic
19980313-10-008,从光盘里看『三国』,no_topic
19980313-10-009,北京人的生活素描二十集电视纪录片《家在北京》,no_topic
19980313-10-010,彭丽媛《一帆风顺》,no_topic
19980313-10-011,上网一二三(附图片1张),no_topic
19980313-10-012,VCD再现彭修文,no_topic
19980313-12-001,燃烧的生命——访画家吴冠中(附图片1张),no_topic
19980313-12-002,风雨同舟记,no_topic
19980313-12-003,打电话与关龙头,no_topic
19980314-01-001,政协第九届全国委员会选出新领导人李瑞环当选全国政协主席,no_topic
19980314-01-002,九届人大会议主席团举行第三次会议,no_topic
19980314-01-003,江泽民分别参加河南河北代表团会议强调,no_topic
19980314-01-004,中国人民政治协商会议第九届全国委员会主席、副主席、秘书长、常务委员名单,no_topic
19980314-02-001,信任与希望,no_topic
19980314-02-002,中国人民政治协商会议第九届全国委员会副主席(附图片31张),short_body
19980314-03-001,中国人民政治协商会议第九届全国委员会主席副主席简历,no_topic
19980314-04-002,代表喜登天安门城楼(附图片1张),no_topic
19980314-04-003,九届全国政协秘书长简历,no_topic
19980314-04-004,全国政协九届一次会议举行第五次全体会议(图片),short_body
19980314-05-001,改革税制增强国力,no_topic
19980314-05-002,海南“一省两地”前景好,no_topic
19980314-05-003,陕西用好机遇求发展,no_topic
19980314-05-004,台湾海峡两岸盼统一,no_topic
19980314-05-006,坚决反对达赖的分裂活动(附图片1张),no_topic
19980314-05-007,有困难·有希望·有办法,no_topic
19980314-05-008,图片新闻,title_length
19980314-06-001,联合国欢迎我将签署人权公约美国表示拟充分考虑中方立场,no_topic
19980314-06-002,法国总统会见董建华,no_topic
19980314-06-003,陈光毅向九届人大一次会议主席团报告去年国民,no_topic
19980314-06-004,陈光毅向九届人大一次会议主席团报告去年中央,no_topic
19980314-06-005,让独立旗帜永远鲜艳,no_topic
19980314-06-006,朝鲜宣布进入战时动员状态,no_topic
19980314-06-009,海峡两岸保龄球赛渐入佳境,no_topic
19980314-06-011,"俄罗斯总统新闻局13日发布公告说,俄总统叶利钦因患急性呼吸道疾病,取消原定当天参加的各项活动。公告说,叶利钦患急性气管炎,嗓子嘶哑,医生已开始对他使用抗生素作消炎治疗。目前,叶利钦在高尔克郊外官邸休养。",title_length
19980314-06-012,"欧盟15国与申请加入欧盟的中、东欧11个国家的领导人12日在伦敦正式启动了名为“欧洲会议”的首脑定期磋商机制。欧盟现任轮值主席国英国首相布莱尔在会议结束后举行的记者招待会上指出,“欧洲会议”这一重要磋商机制的启动具有重要的历史意义,它标志着欧洲国家间的合作今后将进入一个新的时代。",title_length
19980314-06-013,"以色列总理内塔尼亚胡12日承认,以士兵10日在希伯伦附近枪杀3名巴勒斯坦工人的事件是一个“悲剧性错误”,并称赞巴自治政府为协助以方缓和目前紧张局势所作的努力。",title_length
19980314-06-014,"巴勒斯坦自治政府主席阿拉法特12日在加沙表示,巴方愿意继续执行与以色列业已签署的和平协议,不会因为10日的枪击事件而中止巴以和平进程。两天来,约旦河西岸地区局势持续紧张,已有40多名巴人在与以军的冲突中受伤。",title_length
19980314-06-015,"南非比勒陀利亚高级法院12日作出裁定:曼德拉总统将于本月16日出庭,为南非橄榄球足球协会的诉讼案件作证。这将是南非有史以来第一个现任政府首脑走上法庭作证。",title_length
19980314-06-016,"英国首相布莱尔12日在唐宁街10号首相府会见新芬党领袖亚当斯后说,关于北爱问题政治解决的协议已经在痛苦与挣扎之中接近达成,他对参加和谈的各政党能在复活节期间对协议达成一致抱乐观态度。",title_length
19980314-06-017,"挪威政府12日下午宣布驱逐5名俄罗斯外交官,挪首相邦德维克17至18日访问俄罗斯的计划也因此被无限期推迟。挪威外交大臣沃勒贝克12日召见俄驻挪大使,通知他5名俄外交官“从事了有损于挪威国家利益的事”,两名在职外交官必须在短期内离开挪威,而另3名已离开的外交官今后不得再进入挪威。",title_length
19980314-06-018,"韩国政府为庆祝金大中就任第十五届总统暨新政府组成,13日实行特赦。在被特赦的刑事罪犯中有2304名已被释放并恢复了公民权;有1258名被减刑;有3万余名因过失犯罪或违反行政法规的违法人员被免除处罚。另有16·6万余名公务人员被解除惩戒处分。(本报专电)",title_length
19980314-07-001,迎接新世纪的盛会(附图片8张),no_topic
19980315-01-001,民主求实团结鼓劲承前启后继往开来,no_topic
19980315-01-002,九届人大会议主席团举行第四次会议,no_topic
19980315-01-003,在全国政协九届一次会议闭幕会上的讲话(一九九八年三月十四日),no_topic
19980315-01-004,发挥优势大展宏图——热烈祝贺全国政协九届一次会议闭幕,no_topic
19980315-01-005,九届人大会议各代表团酝酿国家机构领导人选,no_topic
19980315-01-006,克林顿宣布将提前访华,no_topic
19980315-02-001,中国人民政治协商会议第九届全国委员会第一次会议政治决议,no_topic
19980315-02-002,九届全国人大一次会议举行记者招待会介绍宁夏社会经济发展情况,no_topic
19980315-02-003,中国人民政治协商会议第九届全国委员会第一次会议,no_topic
19980315-02-004,九届全国人大一次会议议案总数创新纪录,no_topic
19980315-02-005,全国政协九届一次会议提案审查委员会关于提案审查情况的报告,no_topic
19980315-02-006,民主·共识·信心——全国政协九届一次会议两个决议诞生记,no_topic
19980315-02-007,九届全国人大一次会议举行记者招待会,no_topic
19980315-03-002,山西深化改革抓落实,no_topic
19980315-03-003,云南拓展优势促发展,no_topic
19980315-03-004,推动社会经济发展提高人民生活水平,no_topic
19980315-03-005,兼并联合不能赶时髦,no_topic
19980315-03-006,港口建设须有法可依,no_topic
19980315-03-007,精神文明要反复说,no_topic
19980315-03-008,父女两代人一样中华情--访人大代表费斐女士(附图片1张),no_topic
19980315-03-009,草场好不愁牛羊少,no_topic
19980315-03-010,爱读书的人组织起来——陈寿朋等20多位代表的建议在落实,no_topic
19980315-03-011,图片新闻,title_length
19980315-04-001,申纪兰寄语新一代,no_topic
19980315-04-002,明天气象预报(3月15日20时—3月16日20时),no_topic
19980315-04-003,出席九届人大一次会议的解放军代表表示,no_topic
19980315-04-004,“三送”活动在京郊(图片),short_body
19980315-04-005,钱其琛会见巴勒斯坦客人,no_topic
19980315-04-006,责任·信心·使命——全国政协九届一次会议闭幕式侧记(附图片1张),no_topic
19980315-04-007,“3·15”:人大代表话“维权”,no_topic
19980315-04-008,董建华结束德法访问返港,no_topic
19980315-05-001,打好企业改革攻坚战,no_topic
19980315-05-002,妥善解决再就业问题,no_topic
19980315-05-004,振兴中西部地区经济,no_topic
19980315-05-007,落实措施促进民族地区发展,no_topic
19980315-06-001,百世情缘---冲绳三札之三(附图片1张),no_topic
19980315-06-002,伏尔加河传来的歌声,no_topic
19980315-06-003,杜塞尔多夫的啤酒屋,no_topic
19980315-06-004,也门香草葫芦巴,no_topic
19980315-06-005,月事,title_length
19980315-06-006,乡村首都——乔治敦,no_topic
19980315-06-007,打水归来(图片),short_body
19980315-06-008,战争与和平(图片),short_body
19980315-07-001,邯钢:牵了管理这个牛鼻子(附图片1张),no_topic
19980315-07-002,山东电力:抓机制增活力(附图片1张),no_topic
19980315-07-003,沈飞集团:抢占市场制高点(附图片1张),no_topic
19980315-07-004,神华公司:一企两制(附图片1张),no_topic
19980315-07-005,株洲机车厂:修炼内功(附图片1张),no_topic
19980315-07-006,黑龙江垦区:加速公司化进程(附图片1张),no_topic
19980315-07-007,金川公司:强化管理不过时(附图片1张),no_topic
19980315-07-008,太极实业:要人尽其才(附图片1张),no_topic
19980315-07-009,南纺集团:着力『四增四减』(附图片1张),no_topic
19980315-07-010,广西玉柴:以人为本提高效率(附图片1张),no_topic
19980315-07-011,中建三局:班子问题至关重要(附图片1张),no_topic
19980315-07-012,康佳集团:低成本扩张(附图片1张),no_topic
19980316-01-002,应从国民经济可持续发展的高度深入认识邯钢经验,no_topic
19980316-01-003,政协九届常委会举行首次会议,no_topic
19980316-01-004,深入开展『百城万店无假货』活动北京市为示范街示范店挂牌,no_topic
19980316-01-005,维护消费者尊严保护消费者权益40多家企业签署“3·15宣言”,no_topic
19980316-01-006,首都新闻界充分发挥舆论监督作用侵害消费者权益十大事件评定,no_topic
19980316-02-001,中国人民政治协商会议第八届全国委员会常务委员会工作报告,no_topic
19980316-03-001,北京服务全国走向世界,no_topic
19980316-03-002,山东优化结构保证重点,no_topic
19980316-03-003,西藏团结稳定加快发展,no_topic
19980316-03-004,年龄最小的代表——访萨仁高娃(附图片1张),no_topic
19980316-03-005,人大代表、一汽集团总经理耿昭杰:为中国轿车工业添光彩,no_topic
19980316-03-006,务实之风扑面来,no_topic
19980316-03-007,结缘相知二十年(附图片1张),no_topic
19980316-03-008,打假需要全社会参与--高玉文代表说『3·15』,no_topic
19980316-03-009,休会不休息,no_topic
19980316-03-010,世纪目标集中力量扶贫攻坚,no_topic
19980316-03-011,图片新闻,title_length
19980316-03-012,人大代表、东风汽车公司总经理马跃:面向市场求生存,no_topic
19980316-03-013,人大代表、上海汽车工业(集团)总公司总裁陈祥麟:扩大规模降低成本,no_topic
19980316-04-001,说不完的周总理故事,no_topic
19980316-04-002,丁关根邹家华参观《李才旺书画展》,no_topic
19980316-04-003,沈义同志逝世,no_topic
19980316-04-005,民盟八届中常委一次会议举行,no_topic
19980316-04-006,明天气象预报(3月16日20时—3月17日20时),no_topic
19980316-04-007,遵义会议、息烽英烈革命历史回顾展开幕,no_topic
19980316-04-008,辽宁育出“超级稻”亩产高达733公斤,no_topic
19980316-04-009,新加坡军舰结束访华,short_body
19980316-04-010,京城“3.15”在行动(图片),short_body
19980316-04-011,消费者欢迎『三·一五』,no_topic
19980316-04-012,万家乐等燃气热水器厂家呼吁关心热水器安全使用问题,no_topic
19980316-04-014,真诚获信誉信誉出效益--『百城万店无假货』活动回眸,no_topic
19980316-04-015,西安销毁一批假烟,no_topic
19980316-04-016,中英联合联络小组将举行香港回归后首次会议,no_topic
19980316-05-001,国企领导班子考核建设工作进展顺利,no_topic
19980316-05-002,瞄准市场引进高起点上创新我国首条彩色B超生产线建成,no_topic
19980316-05-004,留学人员档案库建立,no_topic
19980316-05-005,希望工程监督网初步形成,no_topic
19980316-05-010,蓄势迎挑战——中国队备战香港国际橄榄球赛,no_topic
19980316-05-012,河南省驻马店地区邮电职工积极开展体育锻炼(图片),short_body
19980316-05-013,中国自行车运动誓打翻身仗,no_topic
19980316-05-014,全国大学生篮球联赛本月亮相,multiple_topics
19980316-05-015,足球甲级俱乐部义赛陕西赛区八一险胜陕西国力,short_body
19980316-05-016,"本报讯连日来,到北京前门大栅栏看『一百八十度全景动感电影』,成了首都的一个新景观。在这儿看电影,观众如亲临其境,通过直升机的视窗看到那掠过的大峡谷,体验惊心动魄的失重感觉。之所以有这样奇特的效果,因为这家电影院的座椅,用的是六自由度的运动平台。把这项高新技术首次实施应用于娱乐业的,是北京凯恒光电生物科技公司。(张剑)",title_length
19980316-05-017,本报讯由文化部中国展览交流中心、荷兰王国驻中国大使馆主办的《蒙德里安在中国》画展于三月十五日至三月二十九日在国际艺苑美术馆展出。展览期间将展出蒙德里安和五位中国艺术家的作品。此次展览结束后将要在上海和广州巡回展出。(黄晓刚),title_length
19980316-05-018,"本报讯爱特信电子技术公司日前推出大型互联网中文查找工具『搜狐』。互联网上站点飞速增加,用户们发出『浩瀚网海,无所适从』的感叹。『搜狐』采用先进的人工分类技术,把网上内容分为工商经济、科学技术等十八个部类,运用中文界面,直观地提供给上网用户。用户只需进入相关的分类目录或键入关键词,就能快捷地找到所需内容。(胡村)",title_length
19980316-05-019,"本报讯国画家石齐、董本义应邀将在香港举办画展。画展除推出石齐、董本义近年力作《春韵大地》外,还有为庆香港回归一周年共同创作的巨幅画卷《百年沧桑》。",title_length
19980316-06-001,苏哈托蝉联总统之后,no_topic
19980316-06-002,科索沃紧张局势趋缓政治解决艰难,no_topic
19980316-06-003,气氛有改善问题未解决——安南秘书长的华盛顿之行,no_topic
19980316-06-004,巴被占领土流血冲突激化,no_topic
19980316-06-005,朝鲜决定裁减驻外机构,no_topic
19980316-06-006,韩朝红十字会拟近期会晤,no_topic
19980316-06-007,印巴两国互相驱逐外交官,short_body
19980316-06-008,索尼亚同意出任印国大党主席凯斯里称此举违宪,no_topic
19980316-06-009,值得欢迎的转变,no_topic
19980316-06-011,沙漠旅游热骆驼骑警忙(图片),short_body
19980316-06-012,白宫发言人说美决定不再提针对中国人权议案,no_topic
19980316-06-013,欧盟举行东扩会议,no_topic
19980316-06-014,"摩洛哥国王哈桑二世于3月14日批准了由人民力量社会主义联盟总书记阿卜杜勒·拉赫曼·优素福任首相的摩洛哥新政府。本届政府由41名部长和国务秘书组成,政府成员分别来自人民力量社会主义联盟、独立党和全国独立人士联盟等政党,前首相阿卜杜勒·拉蒂夫·菲拉利担任外交大臣职务,伊德里斯·巴斯里保留内政大臣职务。去年11月在议会直接选举中获胜的优素福,今年2月8日受哈桑二世国王之命组阁,在摩洛哥历史上第一次实行“轮流执政”。(本报专电)",title_length
19980316-06-015,"海湾合作委员会的6个成员国14日在阿拉伯联合酋长国举行旨在进一步加强彼此间军事合作的军事演习,代号仍为“半岛盾牌”。海湾合作委员会从1983年起开始举行以“半岛盾牌”命名的联合军事演习,至今为止已举行了5次。海湾合作委员会成员国包括阿联酋、沙特阿拉伯、巴林、卡塔尔、科威特和阿曼。",title_length
19980316-06-016,"西非国家经济共同体(西共体)成员国的外交、国防和内政部长11日和12日在科特迪瓦政治首都亚穆苏克罗举行会议,就建立一支西非地区维和部队问题初步达成谅解。据会后发布的一项公报说,与会者初步决定,1990年由西共体委托成立的、在利比里亚和塞拉利昂执行军事干预任务的西非控制部队(也称西非维和部队)将作为新的西非维和部队的主力。(据新华社电)",title_length
19980316-07-001,亚洲发展论坛在菲落幕近百名专家研讨亚洲经济,no_topic
19980316-07-002,东亚经济传真,no_topic
19980316-07-005,反核人士的抗议(图片),short_body
19980316-08-001,巴金谈“全集”———读《巴金书简——致王仰晨》,no_topic
19980316-08-002,靠城拆城,title_length
19980316-08-003,大地书讯,title_length
19980316-08-004,带角的耕牛,short_body
19980316-08-005,国色天香(中国画),short_body
19980316-09-001,宁可再下岗决不昧良心,no_topic
19980316-09-002,良心无价,title_length
19980316-09-004,城门失火殃及池鱼汾酒厂叫屈高玉文说理,no_topic
19980316-09-005,侵害消费者权益十大新闻评出,no_topic
19980316-09-006,理解万岁,title_length
19980316-09-007,企业之间借贷违法,no_topic
19980316-09-008,穷人的孩子早当家(附图片2张),no_topic
19980316-09-009,仍指杏花村(图片),short_body
19980316-10-001,指定交易带来了什么(附图片1张),no_topic
19980316-10-002,如何办理指定交易,no_topic
19980316-10-003,买特别国债钱从哪来,no_topic
19980316-10-006,沪市上周上涨前五名(%),short_body
19980316-10-007,上市公司(A股)1997年度主要经济指标一览表(4),no_topic
19980316-10-009,上证综合指数日K线图(图片),short_body
19980316-10-010,深证成份股指数日K线图(图片),short_body
19980316-10-011,沪市上周下跌前五名(%),short_body
19980316-10-012,深市上周上涨前五名(%),short_body
19980316-10-013,深市上周下跌前五名(%),short_body
19980316-11-001,瞄准假货不留情该出手时就出手,no_topic
19980316-11-003,郭振清热情帮助消费者(打假英雄谱)(附图片1张),no_topic
19980316-11-004,王海狠打水货手机(附图片1张),no_topic
19980316-11-005,丘建东打出一面旗帜(附图片1张),no_topic
19980316-11-006,叶光专门从事打假(附图片1张),no_topic
19980316-11-007,吴盛甘当游击队(附图片1张),no_topic
19980316-11-008,洗土豆的洗衣机?,no_topic
19980316-11-009,3·15忠告,short_body
19980316-11-010,“打假”(图片),short_body
19980316-11-012,手机入网防伪标,no_topic
19980316-11-013,买房中的“陷阱”,no_topic
19980316-11-014,面粉并非越白越好,no_topic
19980316-11-015,天天喝“纯水”好吗?,no_topic
19980316-11-016,有问题找消协--九七消费投诉典型案例,no_topic
19980317-01-001,九届全国人大一次会议选出新的国家领导人,no_topic
19980317-01-002,中华人民共和国全国人民代表大会公告第一号,no_topic
19980317-01-003,中华人民共和国全国人民代表大会公告第二号,short_body
19980317-01-004,九届全国人大选出新的国家领导人(图片),short_body
19980317-01-005,政协九届常委会首次会议闭幕,no_topic
19980317-01-006,九届人大会议主席团举行第五次会议,no_topic
19980317-01-007,中华人民共和国全国人民代表大会公告第三号,short_body
19980317-02-001,第九届全国人民代表大会常务委员会副委员长(图片18张),short_body
19980317-02-002,曹志向九届全国人大一次会议主席团报告代表议案处理意见,no_topic
19980317-02-003,政协第九届全国委员会常务委员会关于设置专门委员会的决定,no_topic
19980317-02-004,政协第九届全国委员会副秘书长名单,no_topic
19980317-02-005,庄严的选择殷切的期望,no_topic
19980317-02-006,九届全国人大代表们在投票(图片),short_body
19980317-03-001,国家主席、国家中央军委主席江泽民简历,no_topic
19980317-03-002,九届全国人大常委会委员长李鹏简历,no_topic
19980317-03-003,国家副主席、九届全国人大常委会副委员长简历,no_topic
19980317-04-002,在全国政协九届一次常委会上的讲话,no_topic
19980317-04-004,明天气象预报(3月17日20时—3月18日20时),no_topic
19980317-04-005,中央原则同意人口控制新目标,no_topic
19980317-04-006,图片新闻,title_length
19980317-04-007,九届全国人大常委会秘书长简历,no_topic
19980317-04-008,钱其琛会见世界卫生组织总干事,short_body
19980317-05-001,广东对外开放谱写新篇,no_topic
19980317-05-002,香港繁荣稳定明天更好,no_topic
19980317-05-005,莫忘农业,title_length
19980317-05-006,图片新闻,title_length
19980317-05-007,让山川秀美为子孙造福———代表、委员谈环保和可持续发展,no_topic
19980317-05-008,架起一座『连心桥』--访人大代表洛桑(附图片1张),no_topic
19980317-05-009,巧做“民”字文章,no_topic
19980317-05-011,认真写好议案反映人民心声(速写),short_body
19980317-05-013,注重企业经济增长方式转变,no_topic
19980317-06-001,以色列人民企盼和平,no_topic
19980317-06-002,外国政要电贺我新当选领导人,no_topic
19980317-06-003,叙黎拒绝以撤军建议,no_topic
19980317-06-004,以要求库克不访哈尔霍马,no_topic
19980317-06-005,印度总统任命新总理,no_topic
19980317-06-006,瓦杰帕伊,title_length
19980317-06-007,联合国人权会议开幕,no_topic
19980317-06-008,核裁军俄美较量与妥协,no_topic
19980317-06-009,墨总统签署修宪议案旨在保障印第安人权益,no_topic
19980317-06-010,丹麦议会选举初析,no_topic
19980317-06-011,布尔奇科归属国际仲裁推迟,no_topic
19980317-06-012,法大区议会选举揭晓,no_topic
19980317-06-013,图片新闻,title_length
19980317-06-014,约抗议以暗杀威胁,no_topic
19980317-06-015,"朝鲜半岛问题四方会谈第二次正式会议十六日在日内瓦国际会议中心开幕。中国外交部部长助理陈健率中国代表团出席并主持了会议。美国助理国务卿罗思、朝鲜副外长金桂冠和韩国外务部次长宋永植分别率团出席会议。此前,与会各方十四日在日内瓦为这次会议的召开举行了预备会议。朝鲜半岛四方会谈第一次正式会议于去年十二月九日在日内瓦举行。各方同意通过举行四方正式会谈讨论建立朝鲜半岛的新的和平机制取代停战机制。",title_length
19980317-06-016,"匈牙利全国各地十五日举行各种活动,隆重纪念一八四八年争取自由斗争一百五十周年。一百五十年前的三月十五日,匈牙利在欧洲民主革命的影响下爆发了争取民族独立和摆脱哈布斯堡王朝统治的斗争。虽然这场斗争后来被镇压了下去,但是以科苏特和裴多菲为代表的这一斗争的精神永远鼓舞着匈牙利民族,三月十五日成了匈牙利重要的民族节日。",title_length
19980317-06-017,"在十五日举行的俄罗斯『亚博卢』集团第六次代表大会上,亚夫林斯基再次当选为该集团主席。本次代表大会决定,『亚博卢』集团将参加一九九九年举行的俄议会选举,亚夫林斯基将参加二○○○年的俄总统选举。现年四十五岁的经济学家亚夫林斯基自一九九三年『亚博卢』集团成立以来,一直是该组织的领导人。在国家杜马中,『亚博卢』议员团是第四大议会党团。(据新华社电)",title_length
19980317-06-018,"苏丹总统巴希尔十五日下令采取紧急措施,迅速归还苏丹政府在前些年没收的埃及在苏丹的财产,以便消除与兄弟邻邦埃及关系的障碍。在苏丹政府发布上述命令后,埃及外长穆萨表示,埃及政府欢迎苏丹方面将尽快归还埃及财产的决定,认为这是缓和两国紧张关系的积极步骤。(本报专电)",title_length
19980317-07-002,森林大火卷土重来印尼等国联手抗灾,no_topic
19980317-07-003,日本央行官员腐败总裁辞职,no_topic
19980317-07-004,早期直立人智力不算低能造简单工具越洋迁徙,no_topic
19980317-07-005,电脑昔日弈棋赢冠军今朝撰文当作家,multiple_topics
19980317-07-007,炼油废渣发电,no_topic
19980317-07-008,智能地雷探测器,no_topic
19980317-07-009,无声潜艇发动机,no_topic
19980317-07-010,防生物附船体的油漆,no_topic
19980317-08-003,亚太青少年冰球赛在哈尔滨开赛中日韩各胜两场,no_topic
19980317-08-004,棋王卡斯帕罗夫有意明年访华,no_topic
19980317-08-005,卡西亚诺郝海东违纪受处罚,no_topic
19980317-08-007,培养投手提高球速中国女垒也请洋教练,no_topic
19980317-08-009,女子个人全能速滑赛尼曼打破积分世界纪录,no_topic
19980317-08-011,全国足球甲级俱乐部义赛在重庆举行(图片),short_body
19980317-09-001,为了天空更蔚蓝(附图片1张),no_topic
19980317-09-002,深圳马路装『咪表』泊车不难了,no_topic
19980317-09-004,望城访『雷锋』,no_topic
19980317-09-005,向数字造假者开刀,no_topic
19980317-09-006,又见王丁丁,no_topic
19980317-09-007,缺席婚礼,title_length
19980317-09-008,埋头耕耘自是福(附图片1张),no_topic
19980317-10-001,深入学习邓小平理论的重要举措,no_topic
19980317-10-002,学好用好邓小平人才人事理论,no_topic
19980317-10-003,造就高素质的干部队伍,no_topic
19980317-10-004,编者的话,title_length
19980317-10-005,人才问题是根本战略问题,no_topic
19980317-12-001,整顿中药材市场不能松劲,no_topic
19980317-12-002,希望马拉松,no_topic
19980317-12-003,银发浪潮呼唤银色产业,no_topic
19980317-12-004,『儿女』式服务--记北京西城区老年病防治中心,no_topic
19980317-12-005,唐续元笑了,no_topic
19980317-12-006,“利君沙”俏了,no_topic
19980317-12-007,"环保,谁家做得好?",no_topic
19980317-12-008,世纪承诺——我国实施可持续发展战略回顾与展望(附图片1张),no_topic
19980318-01-001,祝贺·信心·期盼,no_topic
19980318-01-002,国有企业领导班子考核力度加大,no_topic
19980318-01-003,外交部发言人答记者问中方欢迎克林顿总统六月底访华,no_topic
19980318-01-004,中华人民共和国主席令第一号,short_body
19980318-01-005,九届全国人大第一次会议决定朱镕基任国务院总理,no_topic
19980318-01-006,中华人民共和国全国人民代表大会公告,no_topic
19980318-02-001,九届政协专门委员会主任副主任名单(67名),no_topic
19980318-02-002,国务院总理朱镕基简历,no_topic
19980318-02-004,政协第九届全国委员会专门委员会组成人员名单(共423名),no_topic
19980318-02-005,辽宁省有关领导接受“两会”记者集体采访介绍辽宁社会经济发展情况,no_topic
19980318-03-001,牢牢把握基本方针,no_topic
19980318-03-003,小平乡亲的致富路———访人大代表何碧英(附图片1张),no_topic
19980318-03-004,再就业力气花在何处,no_topic
19980318-03-006,沪港渝异地联手开放开发,no_topic
19980318-03-007,全力办好昆明世博会访人大代表李嘉廷,no_topic
19980318-03-008,今年议案超往年,no_topic
19980318-03-009,国航热情服务两会,no_topic
19980318-03-010,图片新闻,title_length
19980318-03-011,措如·次朗一席谈,no_topic
19980318-03-013,民族饮食求『真传』,no_topic
19980318-04-001,总书记牵挂煤矿工人,no_topic
19980318-04-002,拓宽人才路创新展宏图,no_topic
19980318-04-004,明天气象预报(3月18日20时—3月19日20时),no_topic
19980318-04-005,白俄罗斯议会代表团将访华,short_body
19980318-04-006,朱镕基同志当选国务院总理(图片),short_body
19980318-04-007,外交部发言人答记者问美国不再在人权会上搞涉华提案是明智的,no_topic
19980318-04-008,中葡联合联络小组第31次会议新闻公报,no_topic
19980318-04-009,郴州纪念湘南起义70周年,no_topic
19980318-04-011,图片新闻,title_length
19980318-04-012,长三乙火箭将为劳拉公司提供5次发射服务,no_topic
19980318-05-002,积极推进政府机构改革,no_topic
19980318-05-003,精神文明重在建设,no_topic
19980318-05-007,香港明天会更好,no_topic
19980318-06-001,外国政要电贺我新当选领导人,no_topic
19980318-06-002,克林顿接受我新任大使国书时表示美中关系至关重要,no_topic
19980318-06-003,我代表在朝鲜半岛问题四方会谈中强调各方应创造条件推进会谈,no_topic
19980318-06-004,朝报要求美从韩国撤军,no_topic
19980318-06-005,东非发展组织首脑会议闭幕呼吁国际社会支持索马里和平,no_topic
19980318-06-006,因叶利钦仍需疗养独联体元首会期后延,no_topic
19980318-06-007,人雪大战,title_length
19980318-06-008,桥本访印尼充当调解人,no_topic
19980318-06-009,科尔有了新对手,no_topic
19980318-06-010,塞拉利昂实行紧急状态安理会部分取消对塞制裁,no_topic
19980318-06-011,图片新闻,title_length
19980318-06-012,美宣布不愿与伊对话伊亟需石油增产资金,no_topic
19980318-06-013,阿拉伯议会联盟理事会会议开幕,no_topic
19980318-06-014,欧盟反对以扩建定居点,no_topic
19980318-06-015,安盟开除前总书记党籍,no_topic
19980318-06-016,国际原子能机构召开春季理事会,short_body
19980318-06-017,美国白宫发言人麦柯里说总统期待尽早访华,no_topic
19980318-07-002,道指越过八千七油价跌至新低点,no_topic
19980318-07-003,非洲经济新走势,no_topic
19980318-07-005,沙漠尘暴卷埃及四百万镑随风去,no_topic
19980318-07-006,图片新闻,title_length
19980318-07-007,厄尔尼诺威胁巴拿马运河航运,no_topic
19980318-07-008,哈萨克斯坦人口锐减,short_body
19980318-07-009,罗鼓励发展乡村旅游业,short_body
19980318-07-010,亚佩克林产品贸易猛增,short_body
19980318-09-001,希望工程:播种民族未来的希望(附图片2张),no_topic
19980318-09-002,让爱心不断延伸,no_topic
19980318-09-003,"不负爱心——希望工程以信誉为本,不断强化监督机制(附图片1张)",no_topic
19980318-09-004,众手浇灌希望之花--一位希望工程志愿者的自述,no_topic
19980318-09-005,“希望工程”大事记,no_topic
19980318-10-002,买到伪劣产品不能说“算了”,no_topic
19980318-10-003,一张贺卡暖人心,no_topic
19980318-10-004,从鳖精变味谈起,no_topic
19980318-10-005,生产当随市场(附图片2张),no_topic
19980318-10-006,把劣质进口棉堵在国门之外,no_topic
19980318-10-007,高速公路服务区应提高服务质量,no_topic
19980318-10-008,市长、市民一线牵,no_topic
19980318-10-009,莫将庇护当『爱护』,no_topic
19980318-10-010,“终身维修”提法不妥,no_topic
19980318-10-011,长江污染日趋严重综合治理势在必行,no_topic
19980318-10-012,霞浦汽车站私设收费站,no_topic
19980318-11-001,心中的电波永不消逝,no_topic
19980318-11-002,肩负着人民的期望(附图片2张),no_topic
19980318-11-003,加强务工者劳动保护工作,no_topic
19980318-11-004,应该怎样发展自己,no_topic
19980318-11-005,昔日打工者今日总经理,no_topic
19980318-11-006,结核病的现状,no_topic
19980318-11-007,汽车投保的误区,no_topic
19980318-11-008,特色书屋溢书香(附图片3张),no_topic
19980318-11-010,读报评报乐无穷,no_topic
19980318-11-011,儿子尽不当义务死亡父亲应承担赔偿责任,no_topic
19980319-01-001,九届全国人大一次会议举行第六次全会决定新一届国务院组成人员,no_topic
19980319-01-003,中华人民共和国主席令第二号,no_topic
19980319-01-004,今年头两月国民经济平稳运行工业增速减缓出口增长较快,no_topic
19980319-01-005,在跨世纪征途上阔步前进——从党的十五大到九届全国人大全国政协一次会议,no_topic
19980319-01-006,大批旅外藏胞回国探亲定居,no_topic
19980319-01-008,"今年2月份,全国工商税收收入共完成482·6亿元,比上年同期增长19·1%。其中中央级收入完成271·8亿元,增长19·7%;地方级收入完成210·8亿元,增长18·4%。扣除证券交易印花税和金融保险营业税提高税率翘尾增收因素影响,2月份的税收收入实际增长幅度为16·2%。据统计,在2月份的工商税收收入中,国内增值税和消费税这“两税”收入共完成266·7亿元,比上年同期增长14·6%。营业税、外商投资和外国企业所得税、个人所得税、印花税则继续保持了高速增长势头。(据新华社)",title_length
19980319-01-009,"吉林紧紧依靠本省的资源优势,努力挖掘农业、林业、地产品深加工等方面的就业潜力,多渠道创造就业岗位,培育新就业增长点。到去年底,先后有44·5万下岗职工重新走上了就业路。为帮助贫困职工开展生产生活自救,吉林还积极筹措送温暖基金。目前,全省送温暖基金组织已发展到1388个,通过多种渠道,共筹得资金3026万元。(汪波)",title_length
19980319-01-010,"日前,中国华诚集团兼并重庆4家纺织企业签字暨砸锭仪式在重庆第一棉纺织厂举行,平均资产负债率高达100%的重棉一厂、重庆四棉纺织有限公司、重庆大明纺织染厂和重庆织造厂正式被中国华诚集团兼并。这标志着重庆和华诚集团进行企业资产重组取得了突破性进展。华诚集团在兼并这4家企业后,将筹划组建中国(重庆)纺织集团有限公司。(李维平刘建春)",title_length
19980319-02-001,中华人民共和国国务院副总理国务委员(附图片9张),short_body
19980319-02-002,第九届全国人民代表大会八个专门委员会组成人员名单,no_topic
19980319-02-003,国务院副总理简历,no_topic
19980319-02-004,国务院国务委员简历,no_topic
19980319-03-001,反腐败加大力度标本兼治,no_topic
19980319-03-002,打好攻坚战---访曹广亮、慕绥新、李述代表,no_topic
19980319-03-003,找准突破口---访董辅礽、吴敬琏、张卓元委员,no_topic
19980319-03-004,8%牵动众人心,no_topic
19980319-03-005,一手抓立法一手抓监督,no_topic
19980319-03-006,做好“侨”字文章———访人大代表阿不都热合曼·艾力(附图片1张),no_topic
19980319-03-007,靠京九兴赣州———访人大代表韩景昌(附图片1张),no_topic
19980319-03-008,给重复引进『开处方』,no_topic
19980319-03-009,报春(中国画),short_body
19980319-03-010,把好方案落实好,no_topic
19980319-03-011,图片新闻,title_length
19980319-04-001,掌声与心声,no_topic
19980319-04-002,老传统与新任务,no_topic
19980319-04-003,中国证监会新闻发言人答记者问,no_topic
19980319-04-004,中央社会主义学院举行春季开学典礼,no_topic
19980319-04-005,董建华应邀赴京列席九届人大一次会议闭幕式时表示,no_topic
19980319-04-007,第十五届中国戏剧梅花奖揭晓,short_body
19980319-04-008,铁路首趟行李包裹特快专列开行,no_topic
19980319-04-009,部分人大代表观赏北京交响乐团演出,no_topic
19980319-04-010,民主的见证人———访九届全国人大一次会议总监票人王维山,no_topic
19980319-04-011,明天气象预报(3月19日20时—3月20日20时),no_topic
19980319-05-001,鲁冠球:对外开拓对内挖潜(附图片1张),no_topic
19980319-05-002,李桂莲:正视困难勇于拓展(附图片1张),no_topic
19980319-05-003,周作亮:调整结构争创名牌(附图片1张),no_topic
19980319-05-004,周耀庭:加速建立母子公司(附图片1张),no_topic
19980319-05-005,李如成:支持国企协同攻关(附图片1张),no_topic
19980319-05-006,王发水:『再造优势』谋发展(附图片1张),no_topic
19980319-05-007,卢志民:以优质优价赢得市场(附图片1张),no_topic
19980319-05-008,纪玉君:盯紧市场提高素质(附图片1张),no_topic
19980319-05-009,韦清文:“五力统一”话竞争(附图片1张),no_topic
19980319-05-011,李春圃:注重提高产品档次(附图片1张),no_topic
19980319-06-001,我代表在日内瓦强调人权会议应寻求共识相互尊重,no_topic
19980319-06-002,外国政要电贺我新领导人,no_topic
19980319-06-003,库克执意访问哈尔霍马以方取消原定欢迎宴会,no_topic
19980319-06-004,独联体元首会再度改期一体化难有突破,no_topic
19980319-06-005,北爱尔兰纪行(一)(附图片1张),no_topic
19980319-06-007,联危观察团直升机失事,no_topic
19980319-06-008,拉那烈又被判处30年徒刑,no_topic
19980319-06-009,德主张加强西欧联盟作用,no_topic
19980319-06-010,美马签署两国行动计划,no_topic
19980319-06-011,俄外长访问南斯拉夫美主张在科索沃问题上对南加大压力,no_topic
19980319-06-012,克林顿呼吁北爱各方作出妥协(附图片1张),no_topic
19980319-07-002,突尼斯经济持续发展,no_topic
19980319-07-003,全球语言六千濒临灭绝半数,no_topic
19980319-07-004,新型扫雷器扫雷只需要几分钟售价仅为十五美元,no_topic
19980319-07-005,匹诺曹奇遇传四海科洛迪手迹今再现,no_topic
19980319-07-006,图片新闻,title_length
19980319-08-002,首届攀登居庸关长城活动将举行,no_topic
19980319-08-003,全国十佳运动员评选揭晓,no_topic
19980319-08-006,名人战棋手百态,no_topic
19980319-08-007,中斯联合登山队将攀登珠峰,no_topic
19980319-09-001,编者按,title_length
19980319-09-002,『油老二』稳产责任重(附图片1张),no_topic
19980319-09-003,稳定东部发展西部油气并举开拓国际,no_topic
19980319-09-004,“老油田”增产靠改革,no_topic
19980319-09-005,破解“地质大观园”(附图片1张),no_topic
19980319-09-006,让勘探升『帅位』,no_topic
19980319-09-007,分流10万职工闯市场,no_topic
19980319-09-008,黄河三角洲油气现状及前景,no_topic
19980319-10-001,领导主体的自我意识,no_topic
19980319-10-002,解决好五个问题兴起学习邓小平理论新高潮,no_topic
19980319-10-004,鼓励兼并,title_length
19980319-10-005,列宁商品经济理论的精髓——评《市场经济理论典鉴》,no_topic
19980319-11-001,敢闯浪头的年轻人--记山西吕梁治荒造林『大王』郭七保,no_topic
19980319-11-002,用青春和绿色迎接新世纪(附图片1张),no_topic
19980319-11-003,"『大连长高我长大,大连变绿我是花』",no_topic
19980319-11-004,洛川“青果协”———绿色使者,no_topic
19980319-11-005,双江共青林场———播种希望,no_topic
19980319-11-006,会战金温铁路共筑绿色长廊,no_topic
19980319-11-007,三十五年雷锋路,no_topic
19980319-11-008,黄金搭档共创精品———记北京城建一公司李宝丹管理型青年突击队,no_topic
19980319-11-009,植绿护绿,title_length
19980319-12-001,“护假”的猫腻(附图片1张),no_topic
19980319-12-002,第八个祝福,no_topic
19980319-12-003,走进三月,title_length
19980319-12-004,群山云雾(中国画),short_body
19980319-12-005,亲情,title_length
19980320-01-001,九届全国人大一次会议胜利闭幕,no_topic
19980320-01-002,江泽民等会见九届人大一次会议代表,no_topic
19980320-01-003,在九届全国人大一次会议闭幕式上江泽民主席的讲话,no_topic
19980320-01-004,九届全国人大一次会议举行记者招待会,no_topic
19980320-01-005,在九届全国人大一次会议闭幕式上李鹏委员长的讲话(附图片1张),no_topic
19980320-02-001,高举伟大旗帜创跨世纪辉煌--热烈祝贺九届全国一次会议胜利闭幕,no_topic
19980320-02-002,关于八届全国人大常委会工作报告的决议,no_topic
19980320-02-003,关于最高人民检察院工作报告的决议,short_body
19980320-02-004,关于最高人民法院工作报告的决议,short_body
19980320-02-005,全国政协九届一次会议提案交办大会在京召开,no_topic
19980320-02-006,第九届全国人民代表大会第一次会议决议(1998年3月19日通过),no_topic
19980320-02-007,关于1997年中央和地方预算执行情况及1998年,no_topic
19980320-02-008,关于一九九七年国民经济和社会发展计划执行,no_topic
19980320-03-001,民主团结继往开来--人民大会堂休息室记事,no_topic
19980320-03-002,肩负重托今天启程———写在九届全国人大一次会议闭幕之际,no_topic
19980320-03-003,李鹏会见法国前总理巴尔,no_topic
19980320-03-004,李岚清会见法国埃及客人,no_topic
19980320-03-005,吴邦国会见哈萨克斯坦客人,no_topic
19980320-04-001,继往开来共创辉煌,no_topic
19980320-05-001,展望未来充满信心加快改革稳步前进,no_topic
19980320-05-003,机构改革顺乎民意人员分流最受关注,no_topic
19980320-05-004,黄河三角洲:开发潜力大,no_topic
19980320-05-005,让莫力达瓦飞起来———访全国人大代表孟志毅(附图片1张),no_topic
19980320-05-006,广西代表夏宝芳(图片),short_body
19980320-05-007,北国黑土地:边贸前景好,no_topic
19980320-05-009,冲刺温饱线--云南代表谈扶贫攻坚,no_topic
19980320-05-010,思想“火花”无价宝,no_topic
19980320-05-011,干部中的迷信思想不可忽视,no_topic
19980320-05-013,立足国情搞改革,no_topic
19980320-06-001,克林顿将访非洲,no_topic
19980320-06-002,塞总统呼吁阿族代表同政府对话,no_topic
19980320-06-003,外国政要电贺我新领导人,no_topic
19980320-06-004,库克中东“走钢丝”,no_topic
19980320-06-005,中英联合联络小组举行会议,no_topic
19980320-06-006,印度瓦杰帕伊宣誓就职政府颁布施政纲领,no_topic
19980320-06-007,就赦免拉那烈问题柬国王致函首相,no_topic
19980320-06-008,穆巴拉克会见安南阿盟秘书长与安南举行会谈,no_topic
19980320-07-001,联合国贸发会议宣布跨国大公司仍看好亚洲,no_topic
19980320-07-002,今年国际油价缘何疲软,no_topic
19980320-07-003,东亚经济传真日元对美元比价续跌日本贸易顺差再增长,no_topic
19980320-07-004,日本债务重借贷难———三家中小企业总经理自杀,no_topic
19980320-07-005,图片新闻,title_length
19980320-07-007,我红十字会向巴基斯坦灾区赠款,short_body
19980320-07-008,欧洲华人社团将在匈举行大会,no_topic
19980320-07-009,南非两家大公司合并,short_body
19980320-07-010,墨原油生产计划不变,short_body
19980320-08-001,相互激励共同振兴(附图片1张),no_topic
19980320-08-004,名人战的启示(附图片1张),no_topic
19980320-08-005,我要捍卫名人头衔(附图片1张),no_topic
19980320-08-006,曾经拥有不如天长地久(附图片1张),no_topic
19980320-08-007,与名人战一起成长(附图片1张),no_topic
19980320-08-008,形成传统办出特色(附图片1张),no_topic
19980320-08-009,图片新闻,title_length
19980320-09-002,“怎么让人乐?”(附图片1张),no_topic
19980320-09-004,直面现实增加锋芒,no_topic
19980320-09-005,漫画家方成说:语言根底浅的人与幽默无缘,no_topic
19980320-09-006,我们想吃“鲜菜活鱼”,no_topic
19980320-09-007,《咕哩美》带来北海风情,no_topic
19980320-09-009,解放军艺术学院面向全国选择人才,short_body
19980320-09-010,陪孩子看相声(图片),short_body
19980320-09-011,为相声现状会诊,no_topic
19980320-10-001,回眸历史足迹倾听世纪回音--大型文献片《新中国外交》投拍,no_topic
19980320-10-002,『感谢观众的宽容』,no_topic
19980320-10-004,葛优走近老舍名著(附图片1张),no_topic
19980320-10-005,改编得失说“水浒”,no_topic
19980320-10-008,常琳———向自己挑战(附图片1张),no_topic
19980320-10-009,张艺谋执导《天上有个太阳》,no_topic
19980320-10-010,蓝天英豪飞向荧屏(附图片1张),no_topic
19980320-10-011,《花落谁家》展示当代青年风貌,no_topic
19980320-10-012,张瑜出演《烟雨红尘》,no_topic
19980320-11-002,关于『名人』的『正名』,no_topic
19980320-11-003,现实主义话题潇潇“语”下,no_topic
19980320-11-005,回头见!(漫画),short_body
19980321-01-001,政府工作报告,no_topic
19980321-01-002,迎接新任务阔步跨世纪———代表委员话落实“两会”精神,no_topic
19980321-01-003,衡阳绿色风光带(图片),short_body
19980321-01-004,第四届中法经济研讨会在京举行李岚清向会议发来书面致词,no_topic
19980321-01-005,纺织行业安置下岗职工三十五万人,no_topic
19980321-01-006,湖北万余下岗职工田园再就业,no_topic
19980321-01-007,陕西出台村务『九公开』制度,no_topic
19980321-03-001,外国政要电贺我新领导人,no_topic
19980321-03-002,国际社会热烈祝贺两会圆满成功,no_topic
19980321-03-003,安南与穆萨会谈后呼吁落实有关决议解决阿以争端,no_topic
19980321-03-004,农业发展靠科技---访苏丹贾基拉农业工程,multiple_topics
19980321-03-005,水和可持续发展国际会议举行,no_topic
19980321-03-006,美洲国家部长会议闭幕,no_topic
19980321-03-007,南亚合作联盟经济会议结束,no_topic
19980321-03-008,"柬埔寨第一首相翁霍和第二首相洪森20日在给正在北京治病的西哈努克国王的回信中指出,他们认为只有拉那烈本人认罪,国王的赦免才有意义,才有可能使拉那烈洗脱罪行。19日,西哈努克国王曾就女儿帕花黛维公主请求他赦免拉那烈一事致函两首相。柬两首相在回信中说:“我们对拉那烈亲王不承认法庭对他的有罪判决表示担忧。”",title_length
19980321-03-009,"俄罗斯总统新闻秘书亚斯特任布斯基19日在新闻发布会上宣布,俄总统叶利钦和日本首相桥本龙太郎将于4月11日至13日在日本疗养地川奈举行非正式会晤。亚斯特任布斯基说,实现“叶利钦—桥本计划”将是本次会谈的主要问题,同时不排除双方将讨论俄日和平条约问题。",title_length
19980321-03-010,"联合国秘书长发言人卡洛斯19日宣布,美国于当天向联合国支付了5170万美元的会费。舆论普遍认为,这是联合国秘书长安南上周赴华盛顿与美国政府和国会领导人会谈的结果。至1997年12月底,美国共欠联合国会费13亿多美元。",title_length
19980321-03-011,"美国第二大证券交易所纳斯达克交易所和第三大证券交易所美国证交所,18日宣布达成合并的初步协议,旨在增强在华尔街股票交易活动的竞争力。这项计划此前已得到了两家公司董事会的批准。根据协议,合并后的证交所对外将只挂纳斯达克的牌子,对内仍分开经营。两家公司希望合并后节省开支,兼收纳斯达克电子交易方式和美国证交所场内交易的特点,共同创造优势,增强其同第一大股票交易所纽约证交所的竞争能力。(据新华社电)",title_length
19980321-03-012,"阿富汗“阿里亚娜”国家航空公司一架波音727客机因气候恶劣19日下午在喀布尔西南约45公里处坠毁,包括机组人员在内的机上45人全部遇难。据悉,这架飞机是从阿联酋港口城市迪拜飞往喀布尔的。(本报专电)",title_length
19980321-04-001,总政治部发出通知要求全军认真传达学习九届人大一次会议精神,no_topic
19980321-04-002,吴邦国接见重点国企领导干部培训班学员时希望,no_topic
19980321-04-003,吴邦国会见美国客人,no_topic
19980321-04-005,参加香港国际橄榄球赛中国队大赛首次亮相,no_topic
19980321-04-007,首都举行理论研讨会纪念《共产党宣言》发表一百五十周年,no_topic
19980321-04-008,首支高校博士生足球队成立,short_body
19980321-05-001,再议历史人物的评价,no_topic
19980321-05-002,『兼容并包』思想辨析,no_topic
19980321-05-003,请关注学风,no_topic
19980321-05-004,处理效率与公平关系的思考,no_topic
19980321-05-005,正确理解『批判继承』,no_topic
19980321-05-006,《历史科学与爱国主义教育》,multiple_topics
19980321-05-007,怎样实现政府职能转变,no_topic
19980321-05-008,《日本的尚书学与其文献》,no_topic
19980321-05-009,《中共党史新探索》,no_topic
19980321-05-010,《艰难的转轨历程》,no_topic
19980321-06-003,捧出一颗少年心,no_topic
19980321-06-006,让美丽在诗意中流淌,no_topic
19980321-06-007,"日前,作家出版社推出了长篇纪实文学《天啸中国国防尖端纪实》。《天啸》以其冷峻的文笔,叙述了中国国防尖端事业从无到有、由弱到强的曲折历程。作品对数十年间严厉封锁的尖端秘密,半个世纪中世界巨头们的独特风采,发射场内外的风云际会,谈判桌上下的政治较量,都作了真实而生动的全景式描绘。",title_length
19980321-06-008,"由中国石油天然气总公司创办的一本反映石油工人生活的文学刊物《地火》创刊五年来,在关注现实人生,突出石油工业特色,鼓励艺术探索方面取得了显著的成绩。为此,在《地火》杂志创刊五周年之际,首都文艺界人士就《地火》的办刊特色和办刊质量举行了座谈。与会者认为,《地火》坚持立足石油,面向社会的办刊宗旨,广泛发动群众参与文学创作,不断培养和发现文学新人,使石油文学呈现出空前的繁荣与生机。从《地火》杂志发行的二十二期来看,发表了很多有影响的文学作品,尤其是报告文学作品,反映了石油战线广大职工的精神风貌和石油工业发展的主旋律,受到了文学界和广大读者的好评。同时,与会者希望《地火》杂志今后在进一步提高办刊的精品意识的同时,更进一步坚持自己的办刊特色,为繁荣石油文学事业、为石油工业二次创业营造良好的社会氛围,发挥更大的作用。",title_length
19980321-06-009,"由彭吉象主编的国家八五艺术科研重点项目《中国艺术学》日前由高等教育出版社出版。该书由『中国传统艺术流变』、『中国传统艺术概论』、『中国传统艺术精神』三编组成,力图融会贯通各艺术门类,从中国传统艺术的总体历程、特色风貌,以及中华民族的文化心理和审美意识等不同方面对中国传统艺术进行概括,是一部以史为主、史中有论,并将中国传统艺术放置于中华文化史的大背景下来阐释的大型学术著作。(王闻)",title_length
19980321-07-001,领取一张21世纪通行证,no_topic
19980321-07-002,开拓培育文物市场,no_topic
19980321-07-003,徐州巧做『汉文章』,no_topic
19980321-07-005,社会主义也需要资本经营———《资本经营》何以畅销,no_topic
19980321-07-006,『曾侯乙墓』将走出『水晶宫』,no_topic
19980321-07-007,图片新闻,title_length
19980321-07-008,家有藏书八百册,no_topic
19980321-07-009,五彩斑斓《香港风情》,no_topic
19980322-01-001,九届人大常委会举行首次会议李鹏委员长主持会议并发表重要讲话,no_topic
19980322-01-002,中央四部门在京隆重集会,no_topic
19980322-01-004,江泽民观看话剧《雷雨》演出结束后江泽民向演员们祝贺演出成功,no_topic
19980322-01-005,河北国企改革渐入佳境形成29家支柱企业放开全部国有小企业,no_topic
19980322-01-006,离任之际话廉政,no_topic
19980322-01-007,《政府工作报告》单行本出版,no_topic
19980322-01-010,山东大型企业出现生机一批规模大素质高效益好的优势企业迅速崛起,no_topic
19980322-02-001,关于1997年国民经济和社会发展计划执行情况,no_topic
19980322-03-001,关于1997年中央和地方预算执行情况,no_topic
19980322-03-002,全国人民代表大会常务委员会任命名单,short_body
19980322-03-003,董建华表示对国家前途充满信心,no_topic
19980322-04-001,千干扶千户:扶真贫真扶贫———广东河源市的调查(附图片4张),no_topic
19980322-04-002,市委副书记走『穷亲戚』,no_topic
19980323-01-003,新一届国务院首次常务会议召开,no_topic
19980323-01-004,图片新闻,title_length
19980323-01-005,少说空话多干实事湖北打假保春耕重庆全力抢春播,no_topic
19980323-01-006,为破解一道世纪难题---淮河治污之路,no_topic
19980323-01-007,中国速滑选手再夺两枚金牌,no_topic
19980323-01-009,"国家统计局日前发布的信息表明,1997年全国商品房销售价格开始缓慢回落。据统计,1997年12月商品房销售价格指数为102·29,比上月下降0·86点。从全年各月情况看,销售价格总体呈缓慢回落态势,全年商品房每平方米销售价格平均为1977元,比上年增长9·5%,涨幅分别低于上半年和11月份11·6%、12·4%的水平。",title_length
19980323-01-010,"截至2月末,吉林省累计入库新粮55亿公斤,全面完成了去年粮食收购任务。为保证粮食及时入库,全省各级粮食部门全力以赴,按照国家的收购政策,不限收、不拒收、不打白条,保证了农民增收。(汪波)",title_length
19980323-01-011,"由人事部和福建省政府联合组建的国家级人才市场中国海峡人才市场,二十一日上午在福州国际会议展览中心开业,并同时举办首届人才交流大会。中国海峡人才市场是一个大规模、大容量、高层次、多功能的国家级人才市场,拥有国内先进的信息网络,集声、光、电、文四位一体,与福建省邮电部门开通的公用信息网接轨,实现上网运行,进入国际信息高速公路。(潘帝都)",title_length
19980323-01-012,"沈阳市日前成立了以“开发岗位、促进就业、服务社会”为宗旨的“再就业劳动中心”。中心成立当天就组成以下岗女工为主的1000人流动卖报队伍,活动在沈阳市各个角落。(段心强)",title_length
19980323-01-013,"新疆航空公司将从3月30日起,新辟乌鲁木齐—重庆—宁波、乌鲁木齐—兰州—温州和乌鲁木齐—郑州—福州三条新航线,至此,新航的春夏固定航班每周由乌鲁木齐出港班次将达到135班,每天可提供3012个座位。(祝谦)",title_length
19980323-01-014,"第七届乌鲁木齐对外经济贸易洽谈会将于9月1日至8日举行。今年的乌洽会将以中央向中西部地区倾斜政策为指导,进一步突出引进外资、发展外贸、促进内联这三大特点,突出自己的地域特色和办会风格。本届乌洽会已邀请到香港贸易发展局、香港中华总商会、泰国泰中贸易促进中心及吉尔吉斯斯坦工商会等为协办单位。(李仲春)",title_length
19980323-03-001,全国人民代表大会常务委员会工作报告,no_topic
19980323-03-003,把雷锋精神带入二十一世纪全军和武警部队扎实开展学雷锋活动,no_topic
19980323-03-004,中央军委批准提高部队伙食费标准,no_topic
19980323-03-005,党刊永远是党建宣传的主阵地,no_topic
19980323-03-008,两个文明建设在新疆生产建设兵团(图片),short_body
19980323-04-001,『争第一』热的冷思考,no_topic
19980323-04-002,为发展社会主义新闻事业作出新贡献,no_topic
19980323-04-003,北京南昌举行座谈会纪念“世界水日”“中国水周”强调,no_topic
19980323-04-004,明天气象预报(3月23日20时—3月24日20时),no_topic
19980323-04-006,何鲁丽会见加利布一行,short_body
19980323-04-007,中央歌剧芭蕾舞剧院演出《图兰朵》丁关根贾庆林等观看演出,no_topic
19980323-04-009,海关实行干部任职资格考试制度首批七千五百人昨应考,no_topic
19980323-04-010,纪念蔡元培诞辰130周年《蔡元培全集》出版发行,no_topic
19980323-04-011,纪念天津邮政开办120周年天津邮政系统推出系列服务活动,no_topic
19980323-04-012,上海开办首家24小时书屋(图片),short_body
19980323-04-013,香港举行植树日活动(图片),no_topic
19980323-05-001,旱情严重苗情复杂病虫害中度发生农科专家对小麦春季管理提出对策,no_topic
19980323-05-002,教育部、公安部联合颁发流动儿童少年就学暂行办法,multiple_topics
19980323-05-004,《环球时报》获38名记者作品代管权将追究非法转载者,no_topic
19980323-05-005,中直院团应聘资格考评开始,no_topic
19980323-05-006,萧县科学种植银杏见成效,multiple_topics
19980323-05-007,群贤毕至为尊者寿--钟敬文九十六寿辰记,no_topic
19980323-05-009,华虹NEC联手开发集成电路芯片,no_topic
19980323-05-010,筹集资金为教学(图片),short_body
19980323-05-011,《共和国外交风云录》开拍,no_topic
19980323-05-012,《超导》:艺术与科学的结合,short_body
19980323-05-013,《名家评点资治通鉴》问世,no_topic
19980323-05-014,北京市档案馆晋升国家一级档案馆,no_topic
19980323-05-017,优秀多媒体光盘评测揭晓,short_body
19980323-05-018,文献纪录片《周恩来》电脑动画受好评,short_body
19980323-06-001,俄罗斯关注科索沃,no_topic
19980323-06-002,泰国会否决对政府不信任案,no_topic
19980323-06-003,克林顿宣布放松对古制裁卡斯特罗对此给予积极评价,no_topic
19980323-06-004,西哈努克国王赦免拉那烈,no_topic
19980323-06-005,图片新闻,title_length
19980323-06-006,我代表在安理会发言希望通过谈判尽早解决洛克比问题,no_topic
19980323-06-007,朝鲜半岛问题四方会谈第二次会议结束,no_topic
19980323-06-008,意中友协召开全国代表大会,no_topic
19980323-06-009,北爱尔兰纪行(二)(附图片1张),no_topic
19980323-06-010,义举,title_length
19980323-06-011,安南赴叙利亚访问,no_topic
19980323-06-012,就威胁刺杀哈马斯驻安曼负责人一事以色列向约旦正式道歉,no_topic
19980323-06-013,非国大青年团召开二十大,no_topic
19980323-07-001,首届打击毒品国际会议举行呼吁社会各界共同反毒,no_topic
19980323-07-002,美总统特别助理认为中日美对稳定亚洲经济至关重要,no_topic
19980323-07-005,东非兴起鲜花业,no_topic
19980323-07-006,亚马孙森林火灾不熄阿根廷消防队员援手,no_topic
19980323-07-007,波音公司重管理订单增加反裁员(附图片1张),no_topic
19980323-07-008,俄罗斯芭蕾舞后谢世总统致电哀悼,no_topic
19980323-07-009,驼鹿掀翻奔驰,no_topic
19980323-09-001,住房投资去年下降三百亿今岁各方须努力,no_topic
19980323-09-002,"企业降价,政府能否干预(附图片1张)",no_topic
19980323-09-003,慎言混乱,title_length
19980323-09-004,一座大楼四个价孰高孰低市场定,no_topic
19980323-09-005,万能服务制与资产责任的矛盾如何解决,no_topic
19980323-09-006,关注小阿珍,no_topic
19980323-09-007,“狗妈妈”照料“虎儿子”(图片),short_body
19980323-09-009,穿山甲惨死屠刀下(图片),short_body
19980323-10-002,新基金新希望,no_topic
19980323-10-005,何谓契约型封闭式基金,no_topic
19980323-10-006,上证综合指数日K线图(图片),short_body
19980323-10-007,深证成份股指数日K线图(图片),short_body
19980323-10-009,上市公司(A股)1997年度主要经济指标一览表(5),no_topic
19980323-10-010,沪市上周上涨前五名(%),short_body
19980323-10-012,黄埔海关加强审价补税,no_topic
19980323-10-013,唐山建行资产保全效果好,no_topic
19980323-10-014,沪市上周下跌前五名(%),short_body
19980323-10-015,深市上周上涨前五名(%),short_body
19980323-10-016,深市上周下跌前五名(%),short_body
19980323-11-001,空气质量周报亮相京城(附图片1张),no_topic
19980323-11-002,燃气热水器使用莫大意,no_topic
19980323-11-003,空气污染指数,no_topic
19980323-11-004,"心,伤不得",no_topic
19980323-11-006,松藻:兴起擦鞋业,no_topic
19980323-11-007,北京街区自筹资金修胡同(附图片2张),no_topic
19980323-11-008,领略“世界级”———走近ABB,no_topic
19980323-11-009,"合肥美菱集团推出的国内首创“保鲜一族”系列新型冰箱受到消费者欢迎,问世两个多月销量就占月总销量80%以上。美菱保鲜冰箱在传统冰箱冷藏室和冷冻室的基础上,增加了微冻室、果蔬室和速冻室,给不同食品营造最佳保鲜环境。它拥有专利保鲜、保湿保鲜、冰温保鲜、深冷保鲜、速冻保鲜五大保鲜技术,居国际领先水平。(袁亚林)",title_length
19980323-11-010,"由北京章光101集团公司奥神活性游离钙厂开发的补钙保健药品“金钙”近日上市。该产品以传统的中药天然牡蛎为原料,利用现代高科技生化工艺精制加工,保留了天然海洋生物原有营养成分。该产品能全溶于水,无任何沉淀,无异味,富含多种氨基酸和微量元素,吸收率达95%以上,长期服用安全可靠。",title_length
19980323-11-011,"美国康柏电脑公司近日推出最新型低价位的康柏Deskpro1000台式机。它采用英特尔的高性能PentiumMMX处理器,拥有16MB内存(可扩展至256MB)与256KB外部二级高速缓存,在处理器应用密集型多任务环境中可提供最高性能。并可通过Deskpro1000的ATX机箱结构,对系统与组件进行升级。(书炜)",title_length
19980323-11-012,"内蒙古宁城老窖集团宁露杏仁露鲜榨工艺日前通过国家级鉴定,符合国家GB16322—1996卫生指标。专家认为该工艺填补了我国果实鲜榨技术的空白,与传统工艺相比,杏仁油含量多,每罐多出1.44克,鲜榨杏仁露更具有营养保健功能。(王峰)",title_length
19980323-12-001,万里蓝天竞翱翔——记改革开放中发展壮大的中国民航,no_topic
19980323-12-002,民航新纪录,no_topic
19980323-12-003,民航信息化让乘客更快捷(附图片1张),no_topic
19980323-12-004,干扰安全飞行违法,no_topic
19980323-12-005,首都机场期待一九九九,no_topic
19980323-12-006,聚精会神(图片),short_body
19980324-01-001,宁夏:再投百亿打基础(附图片1张),no_topic
19980324-01-003,杰出舞蹈家乌兰诺娃逝世江泽民主席致电表示哀悼,no_topic
19980324-01-005,李鹏会见白俄罗斯议会代表团,no_topic
19980324-01-006,李岚清会见南斯拉夫客人,no_topic
19980324-01-008,叶利钦解散俄政府任命基里延科为代总理,no_topic
19980324-01-009,以民为本鱼水相依——记江西宜丰县委书记毛野德(附图片1张),no_topic
19980324-03-002,发挥双重优势履行双重职责武警水电部队屡建奇功,no_topic
19980324-04-001,栽下一片“将军林”绿化首都南大门中央军委领导参加义务植树劳动,no_topic
19980324-04-002,灾后更加重视水利建设福建春修水利见实效,no_topic
19980324-04-003,外交部发言人发表评论,no_topic
19980324-04-004,王兆国会见老挝国家副主席,short_body
19980324-04-005,明天气象预报(3月24日20时—3月25日20时),no_topic
19980324-04-007,四川省武引水库主干渠开闸放水(图片),short_body
19980324-04-008,《知识经济》一书出版,no_topic
19980324-04-009,永不熄灭的烽火--『遵义会议、息烽英烈革命历史回顾展』纪事,no_topic
19980324-04-010,京广间又一行包快运专列开行,no_topic
19980324-04-011,中美合资杜邦纤维公司投产,no_topic
19980324-04-012,黄帝陵整修一期工程完成,no_topic
19980324-04-014,几内亚外长卡马拉将访华,short_body
19980324-05-001,首都纪念世界气象日大气海洋相互作用引起关注,no_topic
19980324-05-004,第五届中国国际核工业展开幕,no_topic
19980324-05-005,中日将合作发掘汉长安城遗址,no_topic
19980324-05-006,为了托起中国星--记东方红三号卫星总师范本尧,multiple_topics
19980324-05-007,『都市少年』三部曲引人注目,no_topic
19980324-05-008,首都营养学家提出防治『现代病』,no_topic
19980324-06-001,外国政要祝贺我新领导人,no_topic
19980324-06-002,积极的一步,no_topic
19980324-06-003,安南同叙总统会谈,no_topic
19980324-06-004,美国调整非洲政策,no_topic
19980324-06-005,朝认为美应对四方会谈无果负责,no_topic
19980324-06-006,以称美拟提方案不可接受美巴将监督以定居点建设,no_topic
19980324-06-007,瓦杰帕伊谈印内外政策,no_topic
19980324-06-008,我驻中非大使馆复馆,no_topic
19980324-06-009,联合国特委会主席巴特勒说伊导弹化武核查即将结束,no_topic
19980324-06-010,巴举行国庆阅兵式驻华大使举行招待会,no_topic
19980324-06-011,华盛顿的集会(图片),short_body
19980324-07-001,沙特等产油国决定减产保价有关国家纷纷响应,no_topic
19980324-07-002,吉隆坡举行马来西亚国际旅游展(图片),short_body
19980324-07-003,世界农业科技发展趋势,multiple_topics
19980324-07-004,厄尔尼诺影响巴拿马运河,no_topic
19980324-07-006,日本一家面包房带菌千余初中生中毒,no_topic
19980324-07-007,菲国际收支出现巨额赤字,no_topic
19980324-07-008,南非交通事故,no_topic
19980324-07-009,巴拉圭暴风,no_topic
19980324-07-010,墨西哥油罐爆炸,no_topic
19980324-07-011,土耳其雪崩,no_topic
19980324-08-001,田坛清风拂面,no_topic
19980324-08-002,橄榄球:强者运动——访中国橄榄球协会副主席杨建中(附图片1张),no_topic
19980324-08-003,乔治又破女子撑杆跳高世界纪录,short_body
19980324-08-005,高尔夫东方职业名人赛即将开杆,no_topic
19980324-08-006,首都体育记者保龄球赛举行,short_body
19980324-08-008,亚大青少年冰球锦标赛韩国日本中国分获金银铜,short_body
19980324-08-009,世界冰球C组锦标赛开幕中国队首战负于匈牙利队,short_body
19980324-09-001,“千湖之省”的忧思,no_topic
19980324-09-002,乌海依法城管,no_topic
19980324-09-003,巧借东风行好船(附图片1张),no_topic
19980324-09-004,郭海婴千里认孤,no_topic
19980324-09-005,阳光温暖贫户心,no_topic
19980324-09-006,"摊派,非治理不可",no_topic
19980324-09-007,追踪慈善家(附图片1张),no_topic
19980324-10-001,深刻的创新精神--『邓小平理论风格』系列谈之九,no_topic
19980324-10-002,要有一股艰苦奋斗的创业精神,no_topic
19980324-10-003,立足两个市场,no_topic
19980324-10-004,讲究工作方法提高领导水平,no_topic
19980324-11-001,遏制权钱交易,no_topic
19980324-11-002,白薯再“炒”还是地瓜,no_topic
19980324-11-003,青临线上树丰碑,no_topic
19980324-11-004,老党员的『万亩林场』,no_topic
19980324-11-005,课堂交流实地交流对口交流无锡培训中心为东西部合作架桥铺路,no_topic
19980324-11-006,杜菜园兴起“党员秤”,no_topic
19980324-11-007,贵州省兴义市着力改善生存环境(图片),short_body
19980324-11-008,济南军区某炮兵师军民共建促党建,no_topic
19980324-12-001,虎打武松,title_length
19980324-12-002,二诸葛的不平,no_topic
19980324-12-003,农民的乐与忧(漫画),short_body
19980324-12-004,歌赞唐胜利,no_topic
19980324-12-005,胖与瘦,title_length
19980324-12-006,心痛之余......,no_topic
19980324-12-007,局长的“自白”,no_topic
19980324-12-008,"主任说:面子不能丢,车坏了就推着去(漫画)",short_body
19980325-01-002,从『一』做起,no_topic
19980325-01-003,经济欠发达城市如何建设精神文明南宁『三个一』抓出成效,no_topic
19980325-01-004,江泽民会见白俄罗斯客人,no_topic
19980325-01-005,朱镕基将出席亚欧会议,no_topic
19980325-01-006,辽宁利用外资逾150亿美元,no_topic
19980325-01-007,朱镕基主持召开国务院第一次全体会议提出,no_topic
19980325-01-008,莫桑比克总统将访华,short_body
19980325-01-009,图片新闻,title_length
19980325-01-011,"目前,武汉市城区所有街道全部成立了科协组织,1700多个居委会已有85%建立了科普站。科普之光照进武汉大街小巷,大大提高了社区生活质量,给武汉市经济建设和社会发展带来巨大收益。据透露,1997年全市科普活动带来直接经济效益过亿元。(罗盘)",title_length
19980325-01-012,"青岛铁路分局不断强化“育人打基础,科技保畅通”的安全生产新思路,在全员职工中不断加强宣传教育的同时,在92个站区由分局领导和机关处室分包安全工作,与站段领导形成了“层层保包制”网络,真正在全局形成了人人抓安全生产的新局面,截至1998年3月22日,这个分局已实现安全生产1800天。",title_length
19980325-01-013,"江苏省扬中市打破『小而全』的经济发展模式,依靠多种经济成份的混合发展,跨地区、跨国界生产要素的集聚组合,培植建设以工程电器为特色的岛园经济。目前,全市已初步形成集千家技工贸机构于一体的『电器集成板块』式的发展格局,年产规模达六十亿元,成为我国工程电器成套行业五大生产基地之一。(曹建)",title_length
19980325-01-014,"重庆继开通到曼谷的定期包机航班和到吉隆坡的不定期包机之后,中国民航总局又批准了重庆到日本名古屋的正班国际航线。该航线由西南航空公司担任承运人,每周一、四两班往返,空中距离三千公里,机型为波音757。三月三十日首班正式飞行。(李维平刘建春)",title_length
19980325-01-015,"西南最大的火力发电厂———云南曲靖电厂首台机组通过168小时试运转后日前正式顺利运营发电。曲靖电厂是国家和云南省的“八五”重点建设项目,由云南省、国家能源开发投资公司和广东省电力投资公司等投资兴建。总装机容量120万千瓦,由铁八局二处等单位承建。(曹战锋)",title_length
19980325-02-002,"『冻结』,冻住了什么",no_topic
19980325-02-003,中国通用集团成立,no_topic
19980325-02-004,柳州铁路局实行“五优先”措施(图片),short_body
19980325-02-006,金融机构贷款利率表,short_body
19980325-02-008,中国人民银行对金融机构存、贷款利率调整表,short_body
19980325-03-001,为经济建设服务为党的建设服务全国党员电化教育网络初步形成,multiple_topics
19980325-03-002,34年学雷锋——记丹阳蒋墅“八姑娘民兵班”(附图片1张),no_topic
19980325-03-003,致公党中央作出决议要求认真学习贯彻“两会”精神,no_topic
19980325-03-005,多行不义必受惩,no_topic
19980325-03-006,"据新华社北京三月二十四日电(记者胡晓梦)全国各族妇女团结进步表彰大会暨少数民族妇女工作会议今天在北京举行。大会授予郑玉顺等一百五十名同志全国各族妇女团结进步模范个人荣誉称号,授予北京市怀柔县喇叭沟门满族乡妇联等四十个单位全国各族妇女团结进步模范单位荣誉称号。全国妇联主席陈慕华在会上讲话。国家民委、解放军总政治部、中组部、中宣部等有关部委的负责同志出席了大会。",title_length
19980325-03-007,"新华社石家庄三月二十四日电(胡栋、刘尚军)公安部近日发布命令,为在抗震救灾中维护交通安全作出突出贡献的张家口市公安局交警支队荣记集体一等功。今年一月十日河北省张北、尚义发生地震后,张家口市公安局交警支队迅速调集警力,精心组织,全力以赴投入维护震区交通秩序工作。全体参战民警克服几十年罕见的风雪严寒,在震后最困难的时期奋战十五个昼夜,组织救灾车辆安全通行五万余辆次。并为护送到灾区视察人员、救灾人员,救护遇险司机作出了贡献,受到各级领导和灾区广大群众的赞誉。",title_length
19980325-03-008,"本报讯近日,重庆市新闻出版局在北京举行仪式,向中国革命博物馆《雷锋精神永恒》展览赠送《雷锋精神永放光芒》一书,旨在配合各地学习雷锋活动的开展,和纪念毛泽东等老一辈无产阶级革命家为雷锋同志题词三十五周年。",title_length
19980325-04-001,国务院残协委等十一单位发出通知开展第八次全国助残日活动,no_topic
19980325-04-002,论困难,title_length
19980325-04-003,李岚清会见白俄罗斯客人,no_topic
19980325-04-005,明天气象预报(3月25日20时—3月26日20时),no_topic
19980325-04-006,唐家璇同几内亚外长会谈,no_topic
19980325-04-007,《共和国元帅》纪念光盘及文献片出版迟浩田出席座谈会并讲话,no_topic
19980325-04-008,蓝天“金鹏”——东航安全飞行纪实(附图片1张),no_topic
19980325-04-009,飞天杯『两会』新闻摄影比赛揭晓,no_topic
19980325-04-010,全军计生和环保电话会议召开强调两项工作要向更高层次发展,no_topic
19980325-05-001,推广体系连阡陌示范承包惠农家,no_topic
19980325-05-003,中国人民解放军军事科学院(图片),short_body
19980325-05-005,中国气象局发布’97气候公报,no_topic
19980325-05-006,专家呼吁:农业科技亟待增加投入,multiple_topics
19980325-05-011,“南麂杯”全国海洋征歌评选揭晓,short_body
19980325-05-012,农民书法家朱元春书写长卷《周恩来选集》,multiple_topics
19980325-05-013,第三届全国英语演讲赛落幕,no_topic
19980325-05-014,"据新华社香港电香港特区政府日前宣布,委任中国科学院院长路甬祥出任香港创新科技委员会成员,使该委员会成员由十三人增至十四人。特区政府发言人表示,路甬祥教授是一名杰出的科学家。他与香港有密切的联系,自一九九六年起便出任香港的大学教育资助委员会成员。",title_length
19980325-05-015,"本报讯深圳市先科激光电视有限公司日前推出了一种新型音响,称为『迷你影院系统』,由两个如粉笔盒大小的卫星音箱和一个如饼干桶大的低音炮组成。该系统采用内置式功放技术,把根据音箱各种参数专门设计的功率放大器与音箱合二为一,具有体积小、结构简单、抗干扰强、音响效果好等优点,可与多媒体电脑、电视机、VCD机等联用。(肖佳)",title_length
19980325-05-016,"本报讯浙江省人民医院日前对全院近千名职工进行综合素质考试,综合素质考试分为书面测试和实际工作能力考核部分。二者都合格发给上岗证,不合格者需参加素质培训。参加考试人员是五十五岁以下医生、护士、管理人员、后勤工人,考试科目有医务人员常识规范、专业知识、外语。(胡绍联)",title_length
19980325-05-017,"本报讯由中国物理学会发光分科学会组织的首届全国『有机分子和聚合物发光与激光』学术会议近日在北方交大举行。来自二十九个高校及科研机构的代表以及来自香港、台湾及新加坡的专家学者共向会议提交九七篇论文,另有十五篇特邀论文。出席会议的一百零七位企业代表对学者们的研究成果产生了浓厚的兴趣。",title_length
19980325-06-001,外国政要电贺我新领导人,no_topic
19980325-06-002,克林顿抵加纳访问,no_topic
19980325-06-003,叶利钦召开总统办公厅会议俄否认出现政治危机,no_topic
19980325-06-004,巴拉约吉当选印人民院议长,no_topic
19980325-06-005,安南向安理会提交报告呼吁停止干涉阿富汗内战,no_topic
19980325-06-006,安南中东从容劝和,no_topic
19980325-06-007,俄政府缘何被解散,no_topic
19980325-06-008,北爱尔兰纪行(三),no_topic
19980325-06-009,北爱和谈进入倒计时,no_topic
19980325-06-010,三边委员会柏林会议闭幕德国总统认为下世纪将是各国共同行动时代,no_topic
19980325-06-011,俄罗斯总统任命俄政府代总理(图片),short_body
19980325-06-012,俄古两国外长会谈,no_topic
19980325-06-013,黎批评以没有和平诚意,no_topic
19980325-06-014,埃及科普特人反对美干预其事务,no_topic
19980325-06-015,"柬埔寨国防部联合大臣迪班二十四日在曼谷表示,柬埔寨政府保证拉那烈亲王返回柬埔寨的安全。迪班在会见了泰国外交部副部长素坤潘·帕里巴特拉后对记者说,柬埔寨政府已就拉那烈返回柬埔寨的安全做好准备。在西哈努克国王二十一日签署特赦令赦免拉那烈被柬军事法庭判处的所有罪行后,拉那烈在曼谷表示,他将结束数月之久的流亡于三月三十日返回柬埔寨,参加将于七月二十六日举行的大选。",title_length
19980325-06-016,"日本时事通讯社二十三日发表的一项调查表明,桥本内阁支持率比前一个月下降三点八个百分点,为百分之三十。这是桥本内阁自一九九六年一月成立以来支持率下降到的最低点。据分析,桥本内阁支持率下降的主要原因是大藏省和日本银行官员受贿丑闻曝光和日本政府对当前不景气的经济状况拿不出有效的对策。",title_length
19980325-06-017,"科威特国家元首埃米尔贾比尔二十二日颁布法令批准科威特第十八届政府内阁名单。在新内阁中,原外交、国防、内政三位大臣留任。卫生大臣沙特·萨巴赫除留任外还代理教育大臣的职务。原副首相兼财政大臣鲁赞改任副首相兼内阁事务国务大臣,原新闻大臣沙特·纳赛尔改任石油大臣。改组后的内阁由原来的十五个部变为十四个部,其中除合并了一些部外,增设了一个国民议会事务国务部,由原司法和宗教事务大臣穆罕默德·沙拉尔担任。",title_length
19980325-06-018,"丹麦新政府二十三日宣告组成,拉斯穆森继续担任首相。同上届政府一样,新政府仍由社会民主党和激进自由党联合执政,两党在议会一百七十九个议席中占七十席。丹麦新政府由二十名内阁成员组成,其中社民党人占十六名,激进自由党人占四名。丹麦大选是本月十一日举行的。",title_length
19980325-06-019,"芬兰国防部长塔伊纳二十三日在坦佩雷市强调,在目前的形势下,芬兰不申请加入北约组织。她指出,政府在这一问题上的立场非常清楚,即芬兰不加入军事集团,在军事上保持不结盟的立场。(据新华社电)",title_length
19980325-07-001,产油国继续响应限产保价伦敦市场原油价格回升,no_topic
19980325-07-002,厄尔尼诺现象与气候异常(附图片1张),no_topic
19980325-07-005,瑞典百岁老翁驾车上街接连肇事面临官司,no_topic
19980325-07-006,图片新闻,title_length
19980325-07-007,《泰坦尼克号》获11项奥斯卡金像奖,no_topic
19980325-07-008,华盛顿州核废料严重泄漏,no_topic
19980325-08-001,深圳:散打搏击争霸赛,no_topic
19980325-08-002,首届中国大学生篮球联赛开幕,multiple_topics
19980325-08-004,世界棋王赛王立诚夺冠,no_topic
19980325-08-005,岳阳:国际龙舟节,short_body
19980325-08-006,备战大赛英格兰队伤兵满营保加利亚球星添乱,no_topic
19980325-08-007,桑普拉斯宝座不稳,no_topic
19980325-08-008,北京:全国汽车拉力赛,short_body
19980325-08-009,“我看八运”征文揭晓,short_body
19980325-08-010,世界冰球C组赛第二轮中国队战胜韩国队,no_topic
19980325-08-011,上海:中国高尔夫球公开赛,short_body
19980325-09-001,恶司机肇事逃逸好心人救助伤者车祸引出的道德话题,no_topic
19980325-09-003,“见业勇为”,no_topic
19980325-09-004,有真功夫才能闯天下,no_topic
19980325-09-005,北京武警一总队战士拾金不昧,no_topic
19980325-09-006,破碎的果皮箱(图片),no_topic
19980325-09-008,朝阳镇一厂待岗职工『回流』,no_topic
19980325-10-001,318国道安庆至长兴段见闻,no_topic
19980325-10-002,岂容暴力拦客吃饭,no_topic
19980325-10-003,路边店宰客谁来管?,no_topic
19980325-10-004,编后,title_length
19980325-10-005,产品质量与厂长『交椅』挂钩,no_topic
19980325-10-006,堵源截流双管齐下,no_topic
19980325-10-007,不能窃“楼”罚“瓦”,no_topic
19980325-10-008,企业改制谈任人,no_topic
19980325-10-010,个体门市部承包给他人为何违法?,no_topic
19980325-11-001,澳门美好明天的重要保证--写在《澳门基本法》颁布五周年之际,no_topic
19980325-11-002,为“我看香港回归”征文获奖者送奖剪影(附图片3张),no_topic
19980325-11-004,庆贺全国政协九届一次会议胜利闭幕--调寄临江仙,short_body
19980325-11-005,珠海准备着--访全国人大代表梁广大,no_topic
19980325-11-006,再现一个亮丽的澳门——杨绍明访问记,no_topic
19980325-11-007,台湾今年头两月出口贸易大幅衰退,no_topic
19980325-11-008,今年内地居民赴港澳探亲名额增加,no_topic
19980325-11-010,“我感到有责任”——记香港恒丰集团董事长黄紫玉,no_topic
19980325-11-011,一句“欢迎使用人民币”吸引了在澳门购买金币的内地顾客(图片),short_body
19980325-11-013,香港去年黄金进口量大增,no_topic
19980325-11-014,香港举办『抗日战争简史展览』,no_topic
19980325-12-001,感念母亲的恩德征集“献给母亲的一句话”,no_topic
19980325-12-002,自我批评诚可贵,no_topic
19980325-12-003,打工者也是“主人翁”,no_topic
19980325-12-004,情深似海两姐妹,no_topic
19980325-12-005,来自天山的货郎(图片),short_body
19980325-12-006,好人田妈,title_length
19980326-01-001,山西:着力推进国企改革,no_topic
19980326-01-002,行政新风扑面来,no_topic
19980326-01-003,中纪委监察部发出通知严禁借机构改革之机搞公款宴请不正之风,no_topic
19980326-01-004,贵阳各界关注再就业鼎力帮助“巧媳妇服务行”,no_topic
19980326-01-006,广州市妇联为下岗女工举行大型咨询、招聘活动(图片),short_body
19980326-01-007,一份出色的答卷——南宁市精神文明建设写意(附图片1张),no_topic
19980326-01-008,李瑞环会见老挝客人,no_topic
19980326-01-009,欧盟十一国明年使用欧元,no_topic
19980326-02-001,科龙要做强龙,no_topic
19980326-02-004,项怀诚要求强化管理突出重点进一步树立税务良好形象,no_topic
19980326-02-006,深入开展“百城万店无假货”活动,short_body
19980326-02-007,建机制办实事见实效,no_topic
19980326-02-008,努力建设消费者购物放心城,no_topic
19980326-02-009,建立堵塞假货机制,no_topic
19980326-02-011,与众不同的展览会,no_topic
19980326-02-013,执法机关关注苏北最大汽车配件旧货市场(图片),short_body
19980326-02-014,"本报讯原电力部发布的《中国电力工业的发展与环境保护一九九七》白皮书介绍了一九七八年改革开放以来电力工业发展与环境保护的成就,环境保护法规体系与管理体制的建设等情况,同时提出了未来面临的问题及进一步的行动计划。",title_length
19980326-02-015,"本报讯国家统计局中国行业企业信息发布中心近日公布,齐齐哈尔车辆厂在一九九六至一九九七年度,按销售收入统计居大中型工业企业的第三百四十七位。至此,该厂已连续八次跻身中国工业企业五百强。(李伟)",title_length
19980326-02-016,"本报讯由交通部、河南省交通厅、郑州宇通客车股份有限公司等十家股东单位发起组建的大型公路运输企业河南宇通快运股份有限公司,日前采用沃尔沃等豪华大巴,开通了郑州、洛阳、安阳等七城市直达北京六里桥的快速客运服务,深受旅客欢迎。(河伴)",title_length
19980326-02-017,"本报讯一种兼有电脑、电视、影碟播放功能的三位一体新型多媒体电脑显示器最近在彩虹集团展出。这是该集团与长安信息联合开发出的新产品,它表明彩虹集团产品结构向高附加值、高科技含量转变又取得了一项可喜成果。(何梅)",title_length
19980326-02-018,"本报讯国家建材局天津水泥工业设计研究院与也门水泥制造公司日前在京正式签署日产两千吨水泥生产线交钥匙工程合同。工程总投资约七千五百万美元,可年产水泥熟料六十万吨,将是也门国内规模最大的水泥厂,也是中国出口也门规模最大的技术和成套设备项目。(张恪)",title_length
19980326-02-019,"本报讯我国首次参加一九九八年一月六日至十六日在联合国科教文组织支持资助下的ICORADA协会主办的国际广告招贴设计大赛成绩不凡。我国送展作品共三十六幅,有八幅入选。(筱柳)",title_length
19980326-02-020,"本报讯北京普惠加拿大公司和中国南方航空动力机械公司三月二日在京宣布,合资组建南方普惠航空发动机有限公司,总投资额逾二千七百万美元,中国南方航空动力机械公司拥有多数股权(百分之五十一)。合资公司设在湖南省株洲市。",title_length
19980326-02-021,"本报讯最近,国内一百多家著名生产企业、商业企业的代表云集海口,共同缔结了联合保护消费者权益公约。这次活动是由海南乐普生商厦倡议,并与四川长虹等一百多家国内知名的生产企业共同发起的。缔约单位表示要在店厂结合上多下功夫,在健全消费者权益保障体系上多做文章。(戚重九)",title_length
19980326-02-022,"本报讯新一代洁牙产品『高露洁全效』牙膏日前在广州高露洁棕榄有限公司投入生产。高露洁棕榄于一九九一年与广州洁银日化厂组建中美合资公司,在中国的总投资达一亿美元。(王仁倜)",title_length
19980326-03-001,在新形势下进一步弘扬雷锋精神,no_topic
19980326-03-002,还弱者以公正,no_topic
19980326-03-003,争做文明使者,no_topic
19980326-03-004,“扶贫柜台”帮我们再就业,no_topic
19980326-03-005,把“雷锋车”拉入21世纪,no_topic
19980326-03-006,人民的『一一○』越来越灵,no_topic
19980326-03-007,服务社会弘扬新风,no_topic
19980326-03-008,学雷锋讲文明树新风,no_topic
19980326-04-001,开阔眼界抢抓机遇振奋精神争创一流绥化突破内陆制约快速发展,no_topic
19980326-04-002,全军随军家属就业工作会议要求积极探索随军家属就业新办法,no_topic
19980326-04-003,钱其琛会见几内亚外长,short_body
19980326-04-004,记协召开纪念毛泽东《对晋绥日报编辑人员的谈话》发表50周年座谈会,no_topic
19980326-04-005,明天气象预报(3月26日20时—3月27日20时),no_topic
19980326-04-006,《邓小平理论:马克思主义在中国发展的新阶段》出版,no_topic
19980326-04-007,钱其琛会见香港律政司司长,no_topic
19980326-04-008,八达岭长城脚下——世纪钟昨日启动(附图片1张),no_topic
19980326-04-009,钱其琛会见香港客人,short_body
19980326-04-010,洞庭清淤(图片),short_body
19980326-04-011,唐家璇会见霍勒姆,no_topic
19980326-04-012,《历辈达赖喇嘛与班禅额尔德尼年谱》出版,no_topic
19980326-04-013,迟浩田会见委内瑞拉客人,short_body
19980326-04-014,彭珮云会见英国客人,short_body
19980326-04-015,万国权会见厄立特里亚客人,short_body
19980326-04-016,傅全有会见委内瑞拉客人,short_body
19980326-05-002,专家研讨科教兴农依靠强大技术支持现代农业,multiple_topics
19980326-05-006,“幸福工程”接受捐助,no_topic
19980326-05-007,希望工程开展劝募活动,no_topic
19980326-05-008,北京工人老作家推出新作,short_body
19980326-05-009,『实用风湿病学』有专著,short_body
19980326-05-011,以“文保”促进旅游以旅游强化“文保”泰山文物保护进入良性循环,no_topic
19980326-05-012,日本精算师资格考试中心挂牌,no_topic
19980326-05-013,杭州市中小学开设“农务课”(图片),short_body
19980326-06-001,柬埔寨国王赦免拉那烈政局出现新转机,no_topic
19980326-06-002,曼德拉何以出庭,no_topic
19980326-06-003,情暖冰雪世界(附图片1张),no_topic
19980326-06-004,安南说联合国将致力中东和平埃巴领导人磋商欧美调解行动,no_topic
19980326-06-005,科索沃再次发生暴力事件阿希望和平解决科索沃问题,no_topic
19980326-06-006,柬第一首相欢迎赦免拉那烈拉那烈回国先遣组抵达金边,no_topic
19980326-06-007,就以往美国对非政策克林顿在非洲认错,no_topic
19980326-06-008,日本群众的集会(图片),short_body
19980326-06-009,俄代总理会晤两院主席,no_topic
19980326-06-010,瓦杰帕伊表示印巴将继续建设性对话,no_topic
19980326-06-011,吉尔吉斯斯坦总理辞职茹马利耶夫任代总理,no_topic
19980326-06-012,德宣布一极右组织非法,no_topic
19980326-06-013,欧盟提升对华关系通过《与中国建立全面伙伴关系》报告,no_topic
19980326-07-001,好大一个家--记格罗兹尼『一家亲』保育院,no_topic
19980326-07-002,流入发展中国家外资创新高中国吸引外国直接投资370亿美元,no_topic
19980326-07-003,美国经济受很大影响,no_topic
19980326-07-004,智利首都实施固体废品回收规则(图片),short_body
19980326-07-005,拉美在华最大食品公司扩资,no_topic
19980326-07-006,绿色革命在蒙古,no_topic
19980326-07-008,泰国烧林造地酿成灾祸万亩树木毁于一旦,no_topic
19980326-07-009,日本研制出腕式移动电话机(图片),short_body
19980326-07-010,高楼反射树木影候鸟误投频丧生,no_topic
19980326-07-011,龙卷风袭击印度八千人无家可归,no_topic
19980326-07-012,拉美经济增长将放慢,no_topic
19980326-08-003,五处鸣枪万人同跑北京春季长跑比赛即将举行,no_topic
19980326-08-007,霍震霆当选中国香港业余体协暨奥委会会长,no_topic
19980326-08-008,中国射击选手男子多向水平有待提高,no_topic
19980326-08-009,香港嘉士伯国际10人制橄榄球赛开战(图片),short_body
19980326-09-001,劳务创收前景好,no_topic
19980326-09-003,公开还要公正,no_topic
19980326-09-005,“海上日照”涌春潮,no_topic
19980326-09-006,图片新闻,title_length
19980326-09-007,从江2000万公斤柑桔愁销,no_topic
19980326-10-001,深邃的辩证思想——“邓小平理论风格”系列谈之十,no_topic
19980326-10-002,弘扬艰苦奋斗精神要处理好三个关系,no_topic
19980326-10-003,研究市场经济理论的新领域——评《市场经济中的非理性世界》,no_topic
19980326-10-004,加快国有纺织企业改革步伐,no_topic
19980326-10-006,《求索集》出版,short_body
19980326-11-001,院士的苦恼和希望——从刚刚结束的“两会”上听到的,no_topic
19980326-11-002,中国数学发展之我见,no_topic
19980326-11-003,跨越大洋的对话,no_topic
19980326-11-004,空气质量周报提醒您——关注我们共同的呼吸,no_topic
19980326-11-007,彩色棉前景好问题多目前不宜盲目发展一哄而上,no_topic
19980326-11-008,我国古生物学家发掘出罕见的兽足类恐龙化石(附图片2张),no_topic
19980327-01-001,"机遇来了,抓住它--纺织业压锭重组纪实(一)",no_topic
19980327-01-002,我国成功发射两颗美国“铱星”,no_topic
19980327-01-003,江泽民会见格拉索,no_topic
19980327-01-004,胡锦涛会见老挝客人,no_topic
19980327-01-005,安南将访华,no_topic
19980327-01-006,典型报道在邕起反响南宁市面对荣誉查找差距,no_topic
19980327-01-007,宁夏有了小康县,no_topic
19980327-01-008,泸西甩掉贫穷帽,no_topic
19980327-01-009,图片新闻,title_length
19980327-01-010,国企扭亏要唱两首歌,no_topic
19980327-01-012,"湖南省今年继续增加农业投入,仅省级投入就增加1.6亿元,比去年增加14%。各地、市、州和县(市、区)对农业的投入都随之增加。目前全省已落实粮食作物面积7836万亩,比去年扩大103万亩;落实一年生经济作物面积2310万亩,比去年扩大200万亩。(吴兴华)",title_length
19980327-01-013,"由中国科学院农办和中国科学院新疆分院组织的“新疆棉花可持续优质高产综合技术集成示范工程”项目,日前已通过专家评审,今年启动,2001年完成。该项目总目标是:建成总面积100万亩的4个不同类型的示范区和1个试验基地,平均单产在现有水平上提高20%等。(祝谦)",title_length
19980327-01-014,"世行贷款武汉城市污水综合治理工程26日在东湖开工。该项目投资14亿元人民币,利用世行贷款5630万美元,重点用于武汉湖泊及湖泊流域的水环境治理,包括兴建3座污水处理厂、2座污水预处理厂、7座中途提升泵站和近100公里的污水收集管道等。(罗盘)",title_length
19980327-01-015,"生产500千伏级电力变压器的中外合资企业———重庆ABB变压器有限公司于3月24日在渝成立。该公司主要是研制开发长江三峡水电工程所需要的500千伏级大型电力变压器,5年内将投资7000万美元,使年生产能力达8500兆伏安。(颜雨)",title_length
19980327-02-001,"中国彩电,必须居安思危——访康佳集团总经理陈伟荣",no_topic
19980327-02-002,产业发展与产业布局的关系--解决重复建设需要加强协调统筹(三),no_topic
19980327-02-004,拓宽服务渠道,no_topic
19980327-02-005,江苏江阴市华明特种线缆有限公司努力开发新产品(图片),short_body
19980327-02-006,钱其琛在全国旅游工作会议上指出旅游业应提高素质发挥更大作用,no_topic
19980327-02-007,社会企业联手打假,no_topic
19980327-02-008,力争天天『三一五』,no_topic
19980327-02-009,改革进货管理体制,no_topic
19980327-02-010,『无假』服务才成真,no_topic
19980327-02-011,"本报讯三月十八日,美国福特AMTI型防弹运钞车通过我国公安部安全与警用电子产品质量检测中心的整车防弹检测。鉴于国内金融机构运钞安全需要,经国家有关部门批准,深圳新泛太平洋租赁有限公司向中国引进福特装甲运钞车供客户选用。(张智)",title_length
19980327-02-012,"本报讯由中国统计师事务所组织的『莱克杯用户心中的名牌』国产轿车调查活动日前在京结束。调查结果表明,国产轿车桑塔纳、富康、捷达三大品牌在消费者心中占有市场绝对主导地位,其中富康轿车在本次调查活动中的综合得分列第一名。(刘勇)",title_length
19980327-02-013,"本报讯国家级有突出贡献的专家、陕西合阳电力电容器制造有限公司总工程师张浩奋,最近研制成功我国第一台66KV落地式集合式并联电容器。『合容』被陕西省科委认定为高新技术企业,该公司的『三抗』牌电容器被陕西省政府命名为名牌产品。(治国柔植)",title_length
19980327-02-014,"本报讯中国计量科学研究院与美国福禄克公司日前就多功能校准器的智能化自校技术进行评估测试并达成协议。美国福禄克公司是世界著名的电学计量标准仪器生产厂商,多功能校准器是校准各种数字式仪表的标准源,智能化自校技术是目前计量技术领域的发展方向。(文青)",title_length
19980327-02-015,"本报讯在福州纪念建城二千二百周年之际,九八福州国际招商月活动将于五月二十日至二十九日在福州市举行。届时将举办丰富多彩的纪念活动,并推出一批招商项目。此次农业招商以发展高优农业为主,共推出五十个项目。(潞江)",title_length
19980327-02-016,"本报讯经国家新闻出版署批准,由中国电子报社主办的《电脑商报》将于五月四日正式创刊。(百友)",short_body
19980327-03-001,落实责任严格监督铁路系统治奢有成效,no_topic
19980327-03-002,我国航空管制迈向现代化,no_topic
19980327-03-003,黄钟大吕唱军旗,no_topic
19980327-03-005,北京田华集团“双文明”结硕果,no_topic
19980327-03-006,司法部表彰中央司法警官教育学院,multiple_topics
19980327-03-007,『车户之家』,no_topic
19980327-03-008,第九届“中国十大杰出青年”评选拉开帷幕,no_topic
19980327-03-009,团中央“五四”纪念活动通知要求广大青年要为改革攻坚大局服务,no_topic
19980327-03-010,图片新闻,title_length
19980327-03-011,"本报讯近日,中共中央直属机关事务管理局、国务院机关事务管理局制定《中央国家机关无线移动电话管理暂行办法》并印发通知,要求中直机关、国务院各部委、各直属机构在近期一个月内对现有公款购置的无线移动电话进行清理登记,超过规定数量的,要在纪检、监察部门的监督下进行处理。《办法》还对无线移动电话的使用等做了有关的具体规定。(张书泽)",title_length
19980327-03-012,"本报讯《中国拒绝腐败》一书最近由中国言实出版社出版。作者李雪勤长期在反腐败的一线工作,得以近距离地观察和了解中央关于反腐败斗争的方针、政策及一些具体策略,因而能从全局角度和切身体会中形成自己的观点,结合各个时期具体的反腐败斗争实践,对当前搞好反腐败和党风廉政建设,具有很强的参考作用。(晓波)",title_length
19980327-03-013,"本报讯素有“河北第一所”之称的石家庄市郊区公安分局谈固派出所,在工作中建立八本账,严把执法关,所办案件无一错案,干警无一违法违纪,被上级公安机关命名为省、市优秀派出所,荣获省、市“青年文明号”光荣称号。他们建立的八本账即查获违法犯罪嫌疑人、留置审查违法犯罪嫌疑人、处理违法犯罪嫌疑人、受理案件、研究案件意见、收缴赃款赃物、暂扣款物、案件线索(嫌疑人)移交8本登记账,使执法执纪规范化。他们的做法得到了上级公安机关的肯定。",title_length
19980327-04-001,张伟基———廉洁奉公的村支书(附图片1张),no_topic
19980327-04-002,金明同志逝世江泽民胡锦涛等以不同方式表示哀悼(附图片1张),no_topic
19980327-04-003,明天气象预报(3月27日20时—3月28日20时),no_topic
19980327-04-004,江泽民接受三国新任驻华大使国书,short_body
19980327-04-005,树葬与树碑,no_topic
19980327-04-006,送英雄回“家”,no_topic
19980327-04-007,鲜菜上桌活鱼下锅拉萨人告别『吃菜难』(附图片1张),no_topic
19980327-04-008,熊光楷会见日本客人,short_body
19980327-04-009,迟浩田会见日本客人,no_topic
19980327-04-010,胡锦涛会见土库曼斯坦客人,no_topic
19980327-04-011,傅全有会见日本客人,short_body
19980327-04-012,王克出访美国,short_body
19980327-04-013,场馆建设和招展工作进展顺利昆明世博会举行首次参展国政府代表会议,no_topic
19980327-04-014,大厂评剧团受表彰,no_topic
19980327-05-005,永恒的魅力——专家学者再谈陈景润,no_topic
19980327-05-006,《孙子兵法》丝织版面世,no_topic
19980327-05-007,山东省大中专毕业生双向选择大会在济南结束(图片),short_body
19980327-05-008,绿起来亮起来美起来石家庄高新区树立新形象,no_topic
19980327-05-009,无触点高能点火系统研制成功,no_topic
19980327-05-010,纯天然中草药杀虫剂推广,no_topic
19980327-05-013,防治骨质疏松症推广项目启动,no_topic
19980327-05-014,中药治疗糖尿病大有可为,no_topic
19980327-05-015,“婴幼教室”又推新教材,no_topic
19980327-05-016,"本报北京三月二十六日讯日本每日书道会一行,在北京中国革命博物馆举办现代日本书法展。每日书道会是日本规模最大的书法团体。中华全国青年联合会、中国对外文化交流协会和日本每日新闻社等都是这次活动的举办者。",title_length
19980327-05-017,"本报讯经上级有关部门批准,原北京联合大学纺织工程学院从本学期开始更名为北京联合大学商务学院。学院的前身是始建于一九七八年的北京工业学院第一分院,后于一九八五年调整为北京联合大学纺织工程学院。改名后的商务学院,设立商务管理系、应用技术系、工艺美术系等。(方学)",title_length
19980327-05-018,本报讯由四川康西铜业有限公司和人民日报海外版信息中心举办的信息化建设与现代管理研讨会日前在京举行。与会者就信息产业化发展、现代企业制度现状和趋势、国际金融形势等专题进行了研讨。人民日报海外版信息中心顾问和国务院有关领导应邀出席会议。,title_length
19980327-05-019,本报讯由新华社信息中心咨询部编辑的《中国中介服务机构概览》将出版。本书主要内容有中国中介服务机构的发展现状与趋势以及会计师(审计师)事务所、律师事务所、资产评估事务所、资信评估机构、管理咨询机构、工程咨询与建筑监理机构、专利事务所、公证机构、商标事务所、证券与期货交易公司、信息咨询机构等。,title_length
19980327-06-001,克林顿抵南非访问此前与非洲六国首脑举行会议(附图片1张),no_topic
19980327-06-002,外国政要祝贺我国新领导人,no_topic
19980327-06-003,我代表在日内瓦强调人权会议应重视发展权,no_topic
19980327-06-004,俄法德首脑在莫斯科会晤三方对结果表示满意,no_topic
19980327-06-006,前南问题联络小组外长磋商要求南联盟与科索沃阿族尽快对话,no_topic
19980327-06-007,科索沃问题制裁期限放缓外交压力加大,no_topic
19980327-06-008,巴印和谈新契机,no_topic
19980327-06-009,加拿大大型经贸代表团将访华国际贸易部长为此接受本报记者专访,no_topic
19980327-06-010,吉新总理强调坚持改革道路,no_topic
19980327-06-011,日本航空自卫队购买美国空中预警机(图片),short_body
19980327-06-012,海湾战争受损失者再获赔偿,no_topic
19980327-07-001,世行行长沃尔芬森认为亚洲三年后将再现经济奇迹,no_topic
19980327-07-002,客观分析东亚危机--世行副行长斯蒂格利茨如是说,no_topic
19980327-07-003,韩竞争能力连年下降,no_topic
19980327-07-004,因特网第二代将崛起,no_topic
19980327-07-006,埃塞学生替人捉刀警察考场抓人,multiple_topics
19980327-07-007,图片新闻,title_length
19980327-07-008,切割金属新法,no_topic
19980327-07-010,新型高强度太空材料,no_topic
19980327-07-011,新型隔热材料,no_topic
19980327-07-012,欧盟达标成绩显著经济前景看好,no_topic
19980327-08-002,《世界杯快报》将与读者见面,review: 世界杯快报创刊报道，新闻出版与体育交叉
19980327-08-005,女子撑竿跳高世界纪录日新月异乔治跃过4米55,no_topic
19980327-08-007,香港国际七人制橄榄球赛今日开赛中国队出战西萨摩亚队,no_topic
19980327-08-009,减压不易--八一辽宁男篮决赛观后,no_topic
19980327-08-010,布拉特竞选国际足联主席,short_body
19980327-09-001,闵惠芬的生命旋律(附图片1张),no_topic
19980327-09-003,有感于某些早市的位置(图片),short_body
19980327-09-004,『一流』也有假,no_topic
19980327-09-006,巴黎国家歌剧院芭蕾舞团将来京演出《吉赛尔》,no_topic
19980327-09-007,地中海飞来“一只夜莺”,no_topic
19980327-10-001,让邓小平理论扎根在我们的心里——为《邓小平文选》典藏本出版发行而作,no_topic
19980327-10-002,杜牧焚稿与时人文集,no_topic
19980327-10-003,布赫同志的《旅中吟》,no_topic
19980327-10-004,《俞平伯全集》出版志庆,no_topic
19980327-10-005,杨义和他的“文存”,no_topic
19980327-10-006,读新书(附图片4张),no_topic
19980327-10-007,思潮的重温与发现——评李思孝的《从古典主义到现代主义》,no_topic
19980327-10-008,大自然的诗篇,no_topic
19980327-10-009,《笔会文丛》出版,no_topic
19980327-10-010,长篇小说《涨潮时分》出版(图片),short_body
19980327-11-002,少轻狂多磨炼--潜心斋主人王明明访谈录(附图片1张),no_topic
19980327-11-003,贾又福:自信而有远虑(附图片1张),no_topic
19980327-11-004,树个性创名牌,no_topic
19980327-11-005,艺坛风景线,no_topic
19980327-11-006,走以古开今之路--读张斌的画(附图片1张),no_topic
19980327-12-001,『功德碑』工程,no_topic
19980327-12-002,“可寻一个来换于谦”,no_topic
19980327-12-003,"“爸爸,我估计巧合的事情又要发生了......”(漫画)",short_body
19980327-12-004,从魏德运先生的一张摄影谈起,no_topic
19980327-12-005,香嫩的野蔬,no_topic
19980327-12-006,千古谁会登临意,no_topic
19980327-12-007,迷人的崆峒岛,no_topic
19980327-12-008,生命的质量,no_topic
19980327-12-009,亲近农谚,title_length
19980327-12-010,清香(中国画),short_body
19980328-01-001,中央军委举行晋升上将军衔警衔仪式,no_topic
19980328-01-002,莫桑比克总统希萨诺今起对我国进行国事访问(附图片1张),no_topic
19980328-01-003,朱镕基在东北四省区党政负责人座谈会上强调,no_topic
19980328-01-004,思想工作做细去向落实到位柳铁机关干部转岗分流静悄悄,no_topic
19980328-01-005,我国稻田『游』出五十万吨鱼,short_body
19980328-01-006,浙江立法保护钱塘江水域,no_topic
19980328-01-007,图片新闻,title_length
19980328-01-008,干部“示范棚”,no_topic
19980328-01-009,俄政府机构人员将分别裁减一半,no_topic
19980328-01-010,伽师强震群成因研究启动,no_topic
19980328-02-002,民政部通知要求清明节期间开展文明祭祀活动,no_topic
19980328-02-003,贾庆林在北京市政府一次全体会议上提出职工下岗首先要交职代会讨论,no_topic
19980328-02-004,中组部民政部联合通知要求社会团体中建立党组织,no_topic
19980328-02-005,唐家璇会见朝鲜副外长千在弘,no_topic
19980328-02-006,明天气象预报(3月28日20时—3月29日20时),no_topic
19980328-02-007,基地化保障社会化管理军队加快住房制度改革,no_topic
19980328-02-008,国画赠女兵(图片),short_body
19980328-02-009,内地居民赴香港从事商务等非公务活动将实施新办法,no_topic
19980328-02-010,吴铨叙出访亚洲四国,short_body
19980328-02-011,《政府工作报告》民族文字版单行本出版,no_topic
19980328-02-012,《好人合算》摄制完成,no_topic
19980328-02-013,锦州发生一起特大交通事故,no_topic
19980328-03-001,莫桑比克总统访华前表示希望加强莫中合作(附图片1张),no_topic
19980328-03-002,东亚经济传真亚洲国家大量抛售美国库券,no_topic
19980328-03-003,埃苏缓解领土争端,no_topic
19980328-03-004,达尔文故居修复竣工,no_topic
19980328-03-005,《蒙娜丽莎》将独展芳容,no_topic
19980328-03-006,德议会批准北约东扩议定书,no_topic
19980328-03-007,气氛不错立场有别---俄德法首脑聚会莫斯科(附图片1张),no_topic
19980328-03-008,诗人绿原在马其顿获殊荣,no_topic
19980328-03-009,叶利钦提名基里延科为总理俄国家杜马4月初对此进行表决,no_topic
19980328-03-010,克林顿表示愿加强美非关系南部非洲希望美增加投资,no_topic
19980328-03-011,美向伊朗作出友善姿态放宽伊官员在美境内活动限制,no_topic
19980328-03-012,约披露美推动中东和谈设想,no_topic
19980328-04-007,东洋证券杯围棋赛俞斌进四强,multiple_topics
19980328-04-008,当好民族团结盛会东道主西藏紧张筹备民运会,no_topic
19980328-04-009,教育部推广新一套学生幼儿广播体操,multiple_topics
19980328-04-010,香港国际七人制橄榄球赛开赛中国队首战失利(附图片1张),no_topic
19980328-05-001,’97伦理学研究点评,no_topic
19980328-05-002,不能以今天的经验来解释历史现象,no_topic
19980328-05-003,20世纪中国史研究成就与特点,no_topic
19980328-05-004,人的价值,title_length
19980328-05-005,全面评价冯友兰,no_topic
19980328-05-006,李光地『平台』、『保台』功不可没,no_topic
19980328-05-007,现代新儒学的特征,no_topic
19980328-05-008,《清明上河图》是一幅怀旧风俗画,no_topic
19980328-05-009,学术动态(图片),short_body
19980328-05-010,"在马克思主义传入中国100周年之际,由丁守和任顾问、唐宝林主编的国家“九五”规划重点图书《马克思主义在中国100年》,由安徽人民出版社出版。该书除了重点论述马克思主义在中国的两个曲折、两个辉煌以外,还全面介绍了马克思主义在各个历史时期的传播及著作出版的情况,中国共产党在各个历史时期进行马克思主义教育的情况,以及各个阶级阶层、政党团体对马克思主义的态度和研究情况等。例如对于民主革命时期三次“左”倾错误期间进行马克思主义教育的情况,过去知之甚少,书中不仅对此作了介绍,还对张闻天、王稼祥、秦邦宪(博古)在这方面的贡献作出了应有的评价。(郭德宏)",title_length
19980328-05-011,"郭世佑撰写的《晚清政治革命新论》已由湖南人民出版社出版。该书作者并没有一般地论述辛亥革命,而是将这场革命作为有特定含义的政治革命对待。作者认为,以孙中山为代表的革命民主派是晚清政治革命的主导力量,自应受到重视;梁启超、张謇等人改变君主专制为君主立宪的种种尝试也应是政治革命不可缺少的环节;即使是清政府的新政、预备立宪等酝酿着晚清政治革命萌芽的措施也是本书研究的对象。这就打破了学术界通常将辛亥革命史研究局限于孙中山及革命派的旧路子,而赋予了新意。(冯祖贻)",title_length
19980328-05-012,"金毓黻是我国老一辈著名的史学家。他的日记《静晤室日记》已由辽沈书社出版。这部共10大册的日记,是金先生一生活动的记录,从1920年到1960年间,举凡国内的大小事件,在这部日记中多少都有记录,是金先生治学、处事及一生思想变化的忠实记录,特别是对同时代诸多史学名著和史家的评价很有价值。这部日记可以说是从事中国学术史研究的一部较重要的参考书。(乔文)",title_length
19980328-05-013,"肖黎主编的《我的史学观》一书,由广东人民出版社出版。所谓史学观,简而言之,就是历史学家对历史学本身的总体认识,如历史学的功能、性质,研究历史的方法等。本书约请海内外30多位史学家,从个人的角度对上述问题进行了反思。由于他们在各自所从事的专业领域都取得过很大成就,故均能道出许多独到的见解。此书的出版,对广大的史学工作者,尤其是青年学子的治学,会有颇多启迪与帮助。(丛文)",title_length
19980328-05-014,"刘泽华主编的三卷本《中国政治思想史》,已由浙江人民出版社出版。该书较为系统全面地勾勒了中国自殷周至明清数千年间政治思想产生、发展、演化的历史轨迹;客观地评述了各个时期、各个流派重要代表人物的政治思想及其理论著述的历史地位。该书将中国古代政治思想的主题归结为君主专制主义、臣民意识和崇圣观念;并且指出,这种特定的主题注定了中国古代政治思想在总体上属于专制主义的性质。(文一)",title_length
19980328-06-001,目光投向中西部,short_body
19980328-06-002,刘彦平:人才第一(附图片1张),no_topic
19980328-06-004,黄永光:政策重在落实(附图片1张),no_topic
19980328-06-005,陈家会:政策就是机会(附图片1张),no_topic
19980328-06-006,潜力机遇希望,no_topic
19980328-06-007,刘华国:瞄准产业化(附图片1张),no_topic
19980328-06-008,吴志泉:改制谋发展(附图片1张),no_topic
19980328-06-009,乡镇企业如何划分东中西部,no_topic
19980328-06-010,铲除羁绊求发展———山东华泰集团治理污染纪实,no_topic
19980328-06-011,致富路上带头人———记河津市干涧村党委书记史民志,no_topic
19980328-06-012,桦都经济效益稳步增长,no_topic
19980328-06-013,古稀老人办工厂(图片),short_body
19980328-06-014,农民合股修汽车(图片),short_body
19980328-07-001,名医施今墨与周恩来的交往,no_topic
19980328-07-002,统一战线的主题:大团结大联合,no_topic
19980328-07-003,乐为统一献绵薄--记全国政协委员、民革福建省副主委林嘉(马来),no_topic
19980328-07-004,中国民主同盟,no_topic
19980328-07-005,注重培养现代化管理人才,no_topic
19980328-07-006,电机情,title_length
19980328-07-007,牵挂下岗职工,no_topic
19980328-07-008,摆脱贫困——周世钦印象,no_topic
19980328-07-009,众手相助送真情,no_topic
19980328-08-001,“状元村”探秘(附图片5张),no_topic
19980328-08-002,“深山义务宣传员”(图片),short_body
19980328-08-003,家乡情系子弟兵(附图片2张),no_topic
19980328-08-004,卜校长三让住房(附图片3张),no_topic
19980328-08-005,植树造林富国富民(附图片2张),no_topic
19980329-01-002,决战西南强攻煤运建设高速扩展路网,no_topic
19980329-01-003,集团扶贫的魅力——重庆市实施集团扶贫攻坚纪实,no_topic
19980329-01-004,应江泽民主席邀请莫桑比克总统抵京,no_topic
19980329-01-005,"税者,利莫大焉法者,力莫大焉",no_topic
19980329-01-006,图片新闻,title_length
19980329-01-007,今年铁路建设主要开工项目,no_topic
19980329-01-009,"海南热带淡水水产良种基地一期工程日前建成投产。该项目总投资2800万元人民币,年产罗非鱼、淡水白鲳等鱼种1500万公斤和各类鱼苗、鱼花2亿多尾。",title_length
19980329-01-010,"国家开发银行在今年一季度预安排122亿元贷款计划的基础上,最近又下达85亿元的贷款规模,与去年同期相比增加近四成,集中支持国家重点在建项目的投产、收尾工程。",title_length
19980329-01-011,"青岛市政府从3月起拨出专款,提高驻青岛的9位中国科学院、中国工程院院士的生活待遇和工作待遇。每人每月增加1000元生活补贴,每年提供1万元活动经费;两院院士在青岛市申报科研项目及科研经费,由青岛市科委予以优先安排。(宋学春)",title_length
19980329-01-012,"中国建设银行首家国外分行———新加坡分行日前开业。中国建设银行新加坡分行将本着审慎经营,稳健发展的原则开展业务,为促进中国和新加坡投资和贸易的进一步发展提供优质服务。到目前为止,中国已有6家银行在新加坡开设分行。",title_length
19980329-02-001,美众院通过补缴联合国会费案尚待参院和总统批准,no_topic
19980329-02-002,美参院批准向IMF提供资金克林顿对此表示欢迎,no_topic
19980329-02-003,南非拒绝美非贸易法案曼德拉强调不因美国反对而背弃朋友,no_topic
19980329-02-004,印度政府赢得议会信任投票,no_topic
19980329-02-005,明天气象预报(3月29日20时—3月30日20时),no_topic
19980329-02-006,强化社会治安综合治理儋州营造良好投资环境,no_topic
19980329-02-007,青年派出所的新举措(图片),short_body
19980329-02-008,健全机制落实责任鞍山双拥整体水平不断提高,no_topic
19980329-02-009,积极倡导火葬推行殡葬改革北京举行骨灰撒海活动,no_topic
19980329-02-011,以歌会友促进开放广西国际民歌节启幕邕城,no_topic
19980329-02-013,翰墨丹青寄深情,no_topic
19980329-02-014,双休日里『红娘』忙,no_topic
19980329-02-015,“共携手、迎回归”妇女恳谈会在珠海举行,no_topic
19980329-02-016,刘凌同志逝世(附图片1张),no_topic
19980329-02-017,切尔诺梅尔金将竞选俄总统,no_topic
19980329-02-018,沈阳『九一八』事变纪念馆扩建工程开工,no_topic
19980329-02-019,中国政府向乌克兰政府提供价值200万元人民币无偿援助物资的交接仪式27日在基辅举行。我驻乌大使潘占林和乌克兰国家发展和欧洲一体化署署长什佩克分别代表两国政府在交接证书上签字。(本报专电),title_length
19980329-02-020,中国—古巴经济贸易混合委员会第十次会议27日在哈瓦那闭幕。中古双方签署了此次会议会谈纪要和3个有关双边经贸合作的文件。古巴外贸部长卡布里萨斯和中国经贸代表团团长、外经贸部副部长孙振宇在文件上签字。,title_length
19980329-02-021,"进入今年以来,外国对韩国的直接投资急剧减少。据韩国财政经济部27日公布的资料显示,今年头两个月,已经批准和准备批准的外国对韩投资额为3.28亿美元,比去年同期减少了73.5%。(据新华社电)",title_length
19980329-03-001,蓬皮杜夫人的中国情,no_topic
19980329-03-002,诺贝尔奖的偏颇--对一九九七诺贝尔经济学奖的一点异议,no_topic
19980329-03-004,梵蒂冈向犹太人道歉,no_topic
19980329-03-005,苏丹英雄马赫迪,no_topic
19980329-03-006,二○○○年的悉尼奥运会正在走近(附图片2张),short_body
19980329-03-007,人与象(图片),short_body
19980329-04-001,建言献策为发展——从“提案”窗口看民主政治建设,no_topic
19980329-04-003,云南鼓励人才流向贫困地区,no_topic
19980329-04-004,机关算尽太聪明发财美梦成泡影贵州籍妇女集体骗婚案告破,no_topic
19980329-04-005,青岛道路保洁权拍卖给下岗职工,no_topic
19980329-04-006,农家饭家常菜低价位低利润东北餐业土味浓,no_topic
19980329-04-007,爱心结缘(图片),short_body
19980329-04-008,浠水摩托英山牌照,no_topic
19980329-04-010,柳辛庄农民兄弟用电脑炒股征婚,multiple_topics
19980330-01-001,要一个稳中求进的速度--开拓市场保增长系列述评(一),no_topic
19980330-01-002,建立五大机制推进国企改革上海形成现代企业制度基本框架,no_topic
19980330-01-003,图片新闻,title_length
19980330-01-004,重在落实,title_length
19980330-01-005,西藏又有四县甩掉贫困帽全区贫困人口降至21万,no_topic
19980330-01-006,铁军是怎样铸成的——成都军区某炮团全面建设纪实(附图片1张),no_topic
19980330-01-008,"中国海运(集团)总公司、山东省海丰国际货运(集团)公司和青岛市港务局三家联手合建的“沿海货运绿色通道”,3月27日在青岛港务局启用。中海集团的船只定班挂靠上海、厦门、蛇口、黄埔、湛江等港,山东海丰集团的船只定班挂靠天津、营口、京唐等港。青岛港作为中转港,南连北引,9000公里的海岸线,形成一条货运链。(宋学春)",title_length
19980330-01-009,"浙江省委、省政府近日出台了一系列政策措施,大力发展个体私营等非公有制经济,为其在税收、信贷、用地、用电、自营出口等方面创造公平竞争的环境。去年浙江省个体私营工业产值约3700亿元,占全省工业总产值1/3左右。在温州、台州等地,个体私营经济已成为区域经济的重要支柱,涌现了一批竞争能力较强的企业和企业集团。(袁亚平)",title_length
19980330-01-010,"目前,海南已建成的环岛绿化带长达1500多公里,占宜林海岸线长度的99%,全省海防林实现了全面合拢。防止土地风沙化和台风危害,是海南沿海植树造林的主要任务。自1988年海南建省办特区以来,海南先后建起国家、省、县级自然保护区达44个,保护面积达100万亩。在这环海防护林带里,种植木麻黄树200万亩、杉木11万亩、阔叶树65万亩。(据新华社)",title_length
19980330-01-011,"1997年12月30日,大连市劳动局向社会正式宣布:政府为下岗职工再就业提供即时服务。只要下岗职工到“再就业即时服务所”登记求职,两个有效工作日内可安排就业。大连市承诺即时服务并付诸实施两个多月来,在实现劳动力市场计算机联网、信息采集队伍成倍扩大和再就业岗位充裕的基础上,不断提高对下岗职工的再就业服务质量。(据新华社)",title_length
19980330-02-001,端什么样的新饭碗?--纺织业压锭重组纪实(二),no_topic
19980330-02-002,全国价格监督检查工作会议决定今年将加大“清费治乱减负”力度,no_topic
19980330-02-004,工商来牵线就业天地宽,no_topic
19980330-02-005,大家帮一把,no_topic
19980330-02-006,“包袱井”何以涌出“效益水”?,no_topic
19980330-02-009,四季香蕉创收益(图片),short_body
19980330-02-013,下岗办企业专收下岗人,no_topic
19980330-02-014,"本报讯’98春季全国糖酒商品交易会近日在成都拉开帷幕,这是成都市第十一次承办春季全国糖酒商品交易会,参展客商达3000多家。(彭文)",title_length
19980330-02-015,"本报讯经原国家计委批准,国家电力公司拟于近日发行总额为29.07亿元的电力债券,所募资金将主要用于安徽省马鞍山二电厂等19个电力基建项目。",title_length
19980330-02-016,"本报讯全国第九届冬运会计划于1999年初在长春市举行,一汽集团公司日前向赛会筹委会赠送了价值为100万元人民币的两辆红旗轿车、三辆捷达轿车。(高原柏林)",title_length
19980330-02-017,"本报讯日前,由铁道部戚墅堰机车车辆厂研制的东风8B型重载货运提速内燃机车,通过了铁道部有关部门组织的牵引、制动和动力学等所有项目的鉴定试验。该机车填补了我国5000吨重载列车单机牵引的空白。(刘毅)",title_length
19980330-02-018,本报讯专门经销世界饮食精品的集团公司———远宝(中国)集团公司近日在北京诞生。集团公司由香港远宝公司、宜进利集团和内地北方安华集团合资组建。(解冰),title_length
19980330-02-019,"本报讯配合我国无线电管理委员会划分的380兆频率使用范围,摩托罗拉公司无线对讲机部近日在原有产品基础上增加380兆频段全系列产品,提供两年免费保修服务。(许晨)",title_length
19980330-02-020,"本报讯中国农业银行浙江省泰顺支行在信贷扶贫中把粮食生产的合理资金需求摆在信贷资金计划的首位,同时支持农民发展茶叶、水果生产。1997年全县农民人均纯收入达到1304元。(陈亦根)",title_length
19980330-03-001,西安热情扶助困难企业职工两年来十余万人再就业,no_topic
19980330-03-002,发挥先进典型作用推动干部队伍建设黑龙江政法战线普遍学“东莱”,no_topic
19980330-03-003,赞『揭短会』,no_topic
19980330-03-004,浙江实施社会服务联合行动,no_topic
19980330-03-005,政府征求“金点子”,no_topic
19980330-03-007,向身边特困学生献爱心(图片),short_body
19980330-03-008,太原军分区开展利益观教育,review: 军分区利益观教育，非学校教育主题
19980330-03-009,增强决策能力提高领导水平武警湖北总队党委抓学习促工作,no_topic
19980330-03-010,"本报讯经解放军总政治部领导批准,由总政宣传部组织的军区军兵种报纸好新闻评选日前在京揭晓。《新兵吕俊峰四十六天实践解『密码』》等十五篇作品获一九九五年至一九九六年度好新闻一等奖,《一次作了假,十年讲教训》等二十篇作品获二等奖,《一张喜报三家抢,激励军人多争光》等三十五篇作品获三等奖。《举世瞩目的十五分钟》等十五篇作品获一九九七年度好新闻一等奖,《我军沙漠作战供水有新招》等二十篇作品获二等奖,《一个优秀士兵的荣耀》等三十五篇作品获三等奖。这些获奖作品,是在各军区、军兵种、武警部队报社初评推荐的基础上,经由军内外新闻工作者和有关专家组成的评委会认真阅读、充分讨论、民主评议产生的。(肖平)",title_length
19980330-03-011,"本报讯北京市命名的首批学雷锋活动基地之一,『孙茂芳家庭双休日学雷锋辅导站』最近挂牌。孙茂芳家庭双休日学雷锋辅导站创建于一九九五年初,是中小学生校外道德教育的课堂。两年多来,孙茂芳已带出学生一千二百余名。这些学生回到家中,一名学生带一名家长做好事,使学雷锋活动不断深入。",title_length
19980330-03-012,本报讯历时二十天的海军东海舰队一百二十二名团以上党委书记深入学习贯彻十五大精神轮训班最近在杭州结束。这次轮训邀请了国防大学、上海市邓小平理论研究中心等单位的领导和专家作了九场辅导报告。(金伟飞张忠明),title_length
19980330-03-013,"本报讯广西桂林警备区真抓实干扶贫攻坚工作,八年来帮助驻地八万多各族群众摆脱贫困,走上了富裕的道路。驻地群众赞扬他们是『扶贫先锋』。桂林警备区从一九九○年以来,先后修建水电站十五座,整修水渠六千七百四十公里,兴修水利一千五百六十五处,修建机耕路一百二十六公里,修建人畜饮水工程二百六十五处,解决饮水人口六点五万人,使八万多壮、瑶、苗、侗、回等民族的群众脱了贫,占桂林地、市脱贫人口总数的百分之三十七点六。(李智道廖善龙)",title_length
19980330-03-014,"本报讯春运以来,北京铁路公安处组织精干警力,采取机检和手检相结合的方法,坚决把易燃易爆危险品堵在站外车下。截至目前,该处共查获各类危险品四千五百三十起,没收自制枪支一把;子弹一百八十发;管制刀具二千八百一十八把;鞭炮九十三头;雷管六十九枚;油漆一百一十八公斤。(李德怀董晓晨)",title_length
19980330-04-001,脱贫致富需『挤水』,no_topic
19980330-04-002,石广生会见加拿大客人,short_body
19980330-04-003,李克如同志逝世(附图片1张),no_topic
19980330-04-004,图片新闻,title_length
19980330-04-005,上海为农村读者编纂百种图书,short_body
19980330-04-006,气候干旱导致青海湖水位下降,no_topic
19980330-04-007,参加澳门基本法颁布五周年纪念活动钱伟长率代表团抵达澳门,no_topic
19980330-04-008,明天气象预报(3月30日20时—3月31日20时),no_topic
19980330-04-009,公开办事程序接受群众监督北京平安大街拆迁建设同步进行,no_topic
19980330-04-011,居庸关新姿(图片),short_body
19980330-04-013,增强防灾抗灾能力消除经济发展隐患福建五十七县市兴建城区防洪工程,no_topic
19980330-04-014,广东纪念黄花岗烈士殉难87周年,no_topic
19980330-04-015,为下岗职工义务家教,no_topic
19980330-04-016,河源发现罕见菊石化石群,no_topic
19980330-04-017,晋江安海镇电话超两万门,short_body
19980330-04-018,老挝国家副主席结束访华,no_topic
19980330-04-019,3年无偿支援资金物资3亿多元湖南鼎力支援湘西扶贫攻坚,no_topic
19980330-05-001,红日蓝天白云青山绿水芳草煤城淮北变漂亮了,no_topic
19980330-05-003,江西财大多媒体电视进寝室,no_topic
19980330-05-005,科技状元进农家(图片),short_body
19980330-05-007,“小黄帽”将佩戴“平安爱心卡”,no_topic
19980330-05-008,集邮宣传作品评选开始,no_topic
19980330-05-009,中晨公司开发办公信息系统,no_topic
19980330-05-010,旅美科学家成立生命科学会,short_body
19980330-06-001,克林顿总统在南非宣布美将免除部分非洲国家债务,no_topic
19980330-06-002,美提出西岸撤军新方案罗斯与以巴领导人继续会谈,no_topic
19980330-06-003,多种族共处的『实验室』(附图片1张),no_topic
19980330-06-004,阿拉法特称中国永远是可靠朋友,no_topic
19980330-06-005,图片新闻,title_length
19980330-06-006,印度新政府政策走向,no_topic
19980330-06-007,瞄准2000年的政治决定——吉尔吉斯斯坦总理辞职浅析,no_topic
19980330-06-008,韩决定放宽对朝投资限制,no_topic
19980330-06-009,朝报敦促美放弃制裁政策,no_topic
19980330-06-010,夜间街头买报,no_topic
19980330-06-012,日决定修改日美相互提供物品协定,no_topic
19980330-07-001,世贸组织副总干事塞亚德赞扬中国经济发展,no_topic
19980330-07-002,专家看好非经济前景,no_topic
19980330-07-004,中国充满希望--访美联合资本管理公司首席经济师,no_topic
19980330-07-005,图片新闻,title_length
19980330-07-006,与海豚共泳使哑童开口,no_topic
19980330-07-007,让更多法国人上网,no_topic
19980330-07-008,尼泊尔将把雪人搬上银幕,no_topic
19980330-07-009,猜谜有助儿童阅读,no_topic
19980330-07-011,巴力争提高国民识字率,short_body
19980330-07-012,韩国汽车业抢夺势力范围三强争并起亚,no_topic
19980330-08-004,世界冰球C组锦标赛中国队获第四,short_body
19980330-08-005,东洋证券杯世界围棋赛韩国人唱主角李昌镐刘昌赫杀入决赛,multiple_topics
19980330-08-007,男篮甲A联赛最后排名,short_body
19980330-08-008,香港国际七人制橄榄球赛结束斐济队夺得最高奖,no_topic
19980330-08-010,卡尔加里赛场成为福地速滑世界纪录一破再破,no_topic
19980330-08-012,北京春季长跑赛鸣枪,no_topic
19980330-09-002,热情服务与个别用户之间的反差说明什么,no_topic
19980330-09-003,漓江需要两座大坝吗?(附图片1张),no_topic
19980330-09-004,我肩担重任俯首为人民15位经济部门负责人畅谈新打算,no_topic
19980330-09-005,沟通你和我,no_topic
19980330-09-006,民工潮潮涌到何年(附图片1张),no_topic
19980330-09-007,非法传销结怨老百姓,no_topic
19980330-10-001,图片新闻,title_length
19980330-10-002,国家发展计划委员会主任曾培炎:确保增长速度,no_topic
19980330-10-003,国家经济贸易委员会主任盛华仁:探索新思路,no_topic
19980330-10-006,劳动和社会保障部部长张左己:解决三大难题,no_topic
19980330-10-007,建设部部长俞正声:让百姓住放心房,no_topic
19980330-10-008,国土资源部部长周永康:管好国土资源,no_topic
19980330-11-001,铁道部部长傅志寰:实现两大目标,no_topic
19980330-11-002,交通部部长黄镇东:抓好五项工作,no_topic
19980330-11-003,信息产业部部长吴基传:不负历史使命(附图片1张),no_topic
19980330-11-004,水利部部长钮茂生:再造秀美山川,no_topic
19980330-11-007,对外贸易经济合作部部长石广生:确保外贸增长,no_topic
19980330-11-008,审计署审计长李金华:依法审计,no_topic
19980330-12-001,降息之后,title_length
19980330-12-002,滤掉杂声是清音,no_topic
19980330-12-003,降低准备金率对经济有何影响,no_topic
19980330-12-004,防止旧财税体制复归,no_topic
19980330-12-005,上市公司(A股)1997年度主要经济指标一览表(6),no_topic
19980330-12-006,沪市上周上涨前五名(%),short_body
19980330-12-008,上证综合指数日K线图(图片),short_body
19980330-12-009,深证成份指数日K线图(图片),short_body
19980330-12-010,沪市上周下跌前五名(%),short_body
19980330-12-011,深市上周上涨前五名(%),short_body
19980330-12-012,深市上周下跌前五名(%),short_body
19980331-01-001,适当增加投资不会引发通胀--开拓市场保增长系列述评(二),no_topic
19980331-01-002,克拉玛依春色美———新疆三大油田巡礼之一,no_topic
19980331-01-003,联合国秘书长安南今起对我国进行正式访问,no_topic
19980331-01-004,江泽民同希萨诺会谈希望共同努力发展中莫关系造福两国人民,no_topic
19980331-01-005,李鹏朱镕基分别会见希萨诺,no_topic
19980331-01-006,胡锦涛在统一战线和多党合作理论与实践研究班上强调,no_topic
19980331-01-007,安徽省芜湖市重视城市基础建设(图片),short_body
19980331-01-008,别开生面的演讲,no_topic
19980331-02-001,下岗人员何处去?——纺织业压锭重组纪实(三),no_topic
19980331-02-002,企业依法经营需要制度保障,no_topic
19980331-02-004,看广东农垦改制,no_topic
19980331-02-005,全国价格监督检查成绩显著,no_topic
19980331-02-006,首批投资咨询机构人员名单公布,no_topic
19980331-02-007,先诊断再“开刀”交通部出台政策规范汽修业,no_topic
19980331-02-008,义务修理农机(图片),short_body
19980331-02-010,西藏出口首次超过进口,no_topic
19980331-02-011,江西借『京九』做旅游文章,no_topic
19980331-02-012,陕西改进引资“硬”“软”件,no_topic
19980331-02-013,更正,title_length
19980331-02-014,"本报讯中国机床总公司主办的第四届中国机床工具商品展览交易会和第三届中国国际机械装备展览会,四月六日在京举行。主要展出了国民经济各部门,特别是能源、交通、汽车、铁道、化工等行业的先进装备。(刘边)",title_length
19980331-02-015,"本报讯特发集团深圳松立电子实业有限公司推出的全新VCD机S9101B近日上市,这款命名为『特发虎』的VCD,在保留了松立VCD原机型功能的基础上,采用了先进的DVD和计算机奔腾多媒体技术。(伍旭升)",title_length
19980331-02-016,"本报讯三月二十五日,由北京市桥外桥商贸有限责任公司投资兴建的『桥外桥服装批发市场』正式开业。该市场以服装批发为主,兼营皮革、针纺织品、日用百货、五金交电、工艺美术品等。(萧燕)",title_length
19980331-02-017,"本报讯沂蒙山革命老区第一家股份制银行山东省临沂市商业银行日前开业,标志着临沂城市信用社和金融服务社将为沂蒙山革命老区的经济发展做出贡献。",title_length
19980331-02-018,"本报讯山西阳城县农村信用社在今年的春耕备耕工作中,切实转变工作作风。春节前夕,县信用联社就明确提出新增农业贷款要占到各项新增贷款的百分之四十。信用社干部职工抓住春节前后吸储揽存的『黄金季节』增加储蓄存款二千七百五十万元。(高赞冰)",title_length
19980331-02-019,本报讯由中国体改研究会和中国证券业协会联合主办的九八中国股份制企业形象与发展战略展示会将于今年九月在北京举行。该展示会还将精选部分优秀股份制企业赴香港展示。(君文),title_length
19980331-02-020,"本报讯上海大众汽车有限公司最近组织人员来北京地区为用户进行咨询服务。据悉,服务小分队已在人民日报维修站、首汽三厂维修站、总参维修站等单位开展现场服务,并向用户解答有关保养和维修方面的问题。(贾宁)",title_length
19980331-02-021,"本报讯柳铁桂林北车站货场四十八年无火灾事故,连续九次被铁道部评为『文明货场』。该站十分重视消防工作,建立了班有义务消防员的消防突击队,并聘请退休老职工组成全天候消防巡逻队。(韦全生沈并湘)",title_length
19980331-03-001,先培训后任职提高干部素质,no_topic
19980331-03-002,北京军区某集团军为国分忧百分之九十六的随军家属解决就业问题,no_topic
19980331-03-003,造声势堵源头抓建制正法纪葫芦岛狠刹奢侈之风成效显著,no_topic
19980331-03-004,澳门基本法颁布5周年座谈会举行“澳门知识竞赛”颁奖,no_topic
19980331-03-005,红塔助学情,no_topic
19980331-03-006,图片新闻,title_length
19980331-03-007,北京海淀区拓宽就业门路下岗职工再就业率达百分之八十以上,no_topic
19980331-03-008,"本报讯浙江公安边防总队大力加强基层基础业务工作,在全省边防辖区建立治安联防队521个,船上治安员1.2万名,治安报警点65个,开设了“海上110”指挥中心。8年来,这个总队共破获港口、海上各类刑事案件4904起,查处治安案件1154起,查获走私案件805起。(徐金春)",title_length
19980331-03-009,"本报讯河南安阳市汤阴县人民政府十分关心公安机关基础建设,在财政比较困难的情况下,筹集资金,目前已使全县10个基层派出所全部得到改建和新建,同时为公安机关购置了车辆和通讯设备。一年来彻底解决了民警的住房和基本解决了民警家属子女的就业问题,并为全体治安联防队员和保安队员投了人身保险。",title_length
19980331-03-010,"本报讯3月19日21时51分,新疆维吾尔自治区克孜勒苏柯尔克孜自治州阿图什市东北发生里氏6级强烈地震。灾情发生后,克州公安边防支队官兵立即行动起来,为受灾群众抢运救灾物资。3月24日上午,支队广大官兵为灾区各族群众捐款5180元。(陈立军)",title_length
19980331-03-011,"本报讯为了满足广大海外华侨华人叶落归根的宿愿,由国家民政部和北京市政府批准成立的首都唯一的一座华侨陵园———万佛华侨陵园一期工程日前竣工,正式向海外华侨提供殡葬服务。(龚坚)",title_length
19980331-04-001,李岚清分别会见加拿大南非客人,no_topic
19980331-04-002,李鹏会见加拿大客人,no_topic
19980331-04-003,明天气象预报(3月31日20时—4月1日20时),no_topic
19980331-04-005,辜振甫表示年内有机会访问祖国大陆,no_topic
19980331-04-006,温家宝在森林防火工作会上强调森林防火不能有丝毫松懈,no_topic
19980331-04-007,西子湖畔花千树(图片),short_body
19980331-04-008,两地政府间设立高层协调机构粤港合作联席会议制度启动,no_topic
19980331-04-009,据新华社北京3月30日电国务院副总理钱其琛今天在人民大会堂会见了朝鲜副外长千在弘。,short_body
19980331-04-010,据新华社北京3月30日电(记者罗辉)国务委员吴仪今天下午在中南海会见了法国经济、财政和工业部负责外贸的国务秘书雅克·东杜。法国客人是应外经贸部邀请访华的。,title_length
19980331-04-011,据新华社北京3月30日电(记者罗辉)国务委员吴仪今天下午在中南海会见了美国可口可乐公司董事长兼首席执行官艾华士及其一行。美国客人是应国家轻工业局邀请访华的。,title_length
19980331-04-012,新华社北京3月30日电全国人大常委会副委员长成思危今天在人民大会堂会见了美国“友谊大军”全国主席韦恩·史密斯一行。,short_body
19980331-04-013,据新华社北京3月30日电(记者李鲲)全国政协副主席万国权今天会见了来北京访问的著名美籍华人、旧金山侨领王政义及其一行。,short_body
19980331-04-014,"据新华社北京3月30日电(记者邹春义)外经贸部部长石广生今天在与加拿大国际贸易部长马尔基会谈时说,中加两国在贸易、投资、财政和多边贸易领域有扩大合作的巨大潜力,希望双方共同努力,推动两国在这些领域的合作。",title_length
19980331-04-015,"据新华社北京3月30日电(记者刘朝晖)外经贸部部长石广生今天在与来访的南非贸易和工业部长亚历克·欧文会谈时表示,中南两国今年1月1日建交进一步促进两国经贸关系的发展。",title_length
19980331-04-016,"据新华社北京3月30日电(记者王晓东)中国人民解放军总参谋长傅全有上将今天在这里同来访的坦桑尼亚人民国防军司令姆博马上将举行会谈,就双边关系和共同关心的问题交换了意见。",title_length
19980331-05-001,加强基础优化结构提高素质西南交大按大类培养人才形成体系,no_topic
19980331-05-002,"车窗前、茶桌旁,与一代数学大师交谈『孤独』杨乐",no_topic
19980331-05-003,沿淮四省环保人员到各排污口检查,no_topic
19980331-05-005,潍坊奎文社会力量办学显身手,no_topic
19980331-05-007,计算机用户协会培训学员近百万,short_body
19980331-05-008,《雷锋精神永恒》展接待观众20万,no_topic
19980331-05-009,"本报北京三月三十日讯中国中医研究院将派出最好的医生到奥地利工作,让更多的奥地利人了解中国的中医,促进两国在医疗卫生方面的合作。我国传统医学在奥地利已有一定的影响,特别是针灸有着广泛的群众基础,针灸从业人员较多。为此,我国将在奥地利建立传统医药中心。奥地利风湿病、老年性疾病等较多,而西医效果不明显,他们希望中国派出一批高水平的中医去开展诊疗。奥地利客人已与我国中医药部门签订了中医药合作协议。(秦秋)",title_length
19980331-05-010,"本报讯一种既能阻挡汽车大灯强光,同时又能增加路面亮度的防强光驾驶镜最近由北京市京南应用技术研究所研制成功。该所采用高真空电子束蒸发等高新技术,巧妙地在黄色的夜视镜片上选择最佳位置,镀上两片半透明分光膜,将大灯强度衰减百分之七十以上。(科文)",title_length
19980331-05-011,"本报讯记者艾笑报道:由中华慈善总会、中国青少年发展基金会、中央电视台《大地红绿蓝》节目联合拍摄的八集电视纪录片《呼唤》,日前在河北邢台开拍。该剧反映的是河北省个体企业家曹春生投资数百万元建立希望儿童村的真实故事。该剧由山东金贵酒厂无偿赞助八十万元。",title_length
19980331-05-012,"本报讯在图形处理与数字通信两大领域领先的艾尔莎国际科技股份有限公司,日前在京举办了拓展中国市场策略发布会,对国内专业绘图卡需求的快速增长表现出很大的兴趣。亚洲绘图卡的销售从一九九六年的占世界百分之十七增长到去年的百分之二十,其中中国去年计算机销量为二百七十万台,预计今年将达到三百八十万台。(晓任)",title_length
19980331-06-001,欧盟对华新步骤,no_topic
19980331-06-002,结束近八个月国外流亡拉那烈返回柬埔寨,no_topic
19980331-06-003,叶利钦表示赞成切尔诺梅尔金竞选总统,no_topic
19980331-06-004,克林顿访问博茨瓦纳,no_topic
19980331-06-005,安南访问俄罗斯俄支持加强联合国作用,no_topic
19980331-06-006,磋商欧盟东扩事宜欧洲二十六国外长聚会,no_topic
19980331-06-007,朝中社发表评论谴责美未履行核框架协议,no_topic
19980331-06-008,电波扬四海答卷传友谊--记《澳门知识竞赛》活动,no_topic
19980331-06-009,积极推动欧亚合作,no_topic
19980331-06-010,以否认与美关系出现危机(附图片1张),no_topic
19980331-06-011,伊拉克儿童深受制裁之苦,no_topic
19980331-06-012,南方市场国家联手打击贩毒走私活动,no_topic
19980331-06-013,学子兼职做推销,no_topic
19980331-06-014,"乌克兰29日举行最高苏维埃(议会)换届选举。这是乌克兰独立以来举行的第二次议会选举。据初步统计,全国3700多万选民中,约65%以上的选民参加了投票。乌总统库奇马当天在基辅市中心一投票站投完票后对记者说,新议会要解决的首要问题之一是通过一系列经济法律。据乌中央选举委员会宣布,此次共有6452人竞选450个议席。",title_length
19980331-06-015,"美国总统特使格尔巴德28日表示,他同克罗地亚总统图季曼进行的会谈是“积极和有益的”,双方在多瑙河地区问题上“合作得很好”。格尔巴德28日晚同图季曼进行了两个小时的会谈。参加会谈的克罗地亚外长格拉尼奇会后说,克美双方欢迎波黑塞族共和国在民主化方面取得的进展。克支持美国为推动科索沃阿尔巴尼亚族人同塞尔维亚当局进行对话所作的努力。格尔巴德强调,美克在对南斯拉夫和科索沃局势问题上的立场“是一致的”。",title_length
19980331-06-016,"为期三天的欧洲绿党联盟第六次理事会会议29日在赫尔辛基结束。会议期间,来自27个欧洲国家的近百名代表就欧洲环境保护、欧盟扩大以及经济全球化对欧洲各国发展的影响等问题展开了讨论。关于环境问题,与会代表指出,随着欧盟的扩大和欧洲经济与货币联盟第三阶段的实施,欧洲经济一体化趋势增强,环境保护在经济发展中的地位日显重要,因此欧洲各国应进一步加强在这方面的协调和合作。",title_length
19980331-06-017,"蒙古和美国两国军队30日起在蒙古举行联合救灾民防演习。据悉,来自美国华盛顿州及美军驻日本冲绳基地的30余名美军和蒙古民防局的部分官兵一同参加这次代号为“平衡魔术—98”的演习,演习项目为向假设的救灾地点空投物资,实施紧急医疗援助和跳伞等。这次演习将持续到4月16日,演习中动用了美军C—130大型运输机和蒙军的直升机。(据新华社电)",title_length
19980331-07-002,意比国债严重超标德国央行深表担忧,no_topic
19980331-07-003,勒庞又失算了,no_topic
19980331-07-004,泰总理访美获成果,no_topic
19980331-07-006,垃圾也是财富,no_topic
19980331-07-007,拉美外债继续攀升,no_topic
19980331-07-008,华盛顿风筝节(图片),short_body
19980331-07-010,劳斯莱斯择枝而栖德国宝马喜做东家,no_topic
19980331-07-011,泰森林大火基本被扑灭,no_topic
19980331-07-012,"俄罗斯学者从海豚游泳方式中受到启发,设计出一种仿生波浪推进器,利用海浪能量,提高船只行驶速度。开发出来的波浪推进器其核心部件是一种特殊的水下旋转翼。平时,它置于船体内部,运转时伸入水中。当它借助自动控制系统迎着波浪旋转时,利用波浪和旋转翼之间的冲力产生升力。这种升力分成两股,水平的一股可推动船体前进,垂直方向的一股可以减少船体颠簸。装上这种波浪推进器的拖网渔船,其速度可以达每小时1·5海里至2海里。",title_length
19980331-07-013,"日本东丽工程公司和日本电力中央研究所最近联合开发出能够有效清除工业和生活废水中氮化合物的生物反应器,它可将氮化合物转换成氮气。其结构类似一个长方形过滤器,中间分别有几层像过滤网一样的凝胶体。凝胶体外侧有氨氮化菌,因而提高了内侧脱氮菌的生物反应能力。该生物反应器可广泛用于食品加工厂的废水处理以及净化被化肥污染了的地下水等。",title_length
19980331-07-014,"因特网上的通用语言是英文,这限制了很多非英语国家的用户,也使因特网的价值大打折扣。比利时一家公司正在研制的新型因特网翻译装置,有望使这一问题得到改善。这种翻译装置能实现英语、法语、德语和西班牙语之间的互相翻译。用户使用其中的任何一种语言,经该装置翻译后能对其它语言的网上信息资源进行快速、准确和全面的查询。",title_length
19980331-07-015,"瑞士雀巢公司的研究人员发现,一种硅氧烷化合物能够通过大幅度减少沙漠等干旱土地中水分的蒸发量,提高干旱地区的农业灌溉效率。该化合物可使沙漠土壤中的水分蒸发减少75%。利用这种新技术,干燥地区作物种植用水可节约一半左右。无毒、可生物降解的硅氧烷掺入干燥土壤后,会在土壤沙粒周围形成一个防水层。灌溉用水、雨露或空气可以通过防水层从外部进入土壤,但土壤中的水分难以通过蒸发穿透防水层而抵达土壤表面。(本栏均据新华社电)",title_length
19980331-08-001,上海三大球的启示,no_topic
19980331-08-002,世界网坛霸主易位里奥斯取代桑普拉斯,no_topic
19980331-08-003,9项速滑世界纪录被刷新(附图片1张),no_topic
19980331-08-006,『倒金字塔』的思考,no_topic
19980331-08-007,"『来,一起登长城去』",no_topic
19980331-08-009,四代棋手不日争霸贵阳,no_topic
19980331-09-001,十件实事怎么办?沈阳推出『新版本』,no_topic
19980331-09-002,黄河上游生态恶化青海出境水量锐减(附图片2张),no_topic
19980331-09-003,谁来救助危难之中的民警?,no_topic
19980331-09-004,讲解雷锋的日子——记望城县雷锋纪念馆讲解员谭荒芳(附图片1张),no_topic
19980331-09-005,解放思想最重要(附图片1张),no_topic
19980331-09-006,康恩专线为何冷清,no_topic
19980331-09-007,泉州小“洛阳”(附图片1张),no_topic
19980331-09-008,武汉法桐『改头换面』(附图片1张),no_topic
19980331-10-001,强烈的大局意识——“邓小平理论风格”系列谈之十一,no_topic
19980331-10-002,规范破产,title_length
19980331-10-003,源于实践的思考,no_topic
19980331-10-004,知识经济与科教兴国,no_topic
19980331-11-001,跑马山下猎毒魔,no_topic
19980331-11-002,珍爱生命拒绝毒品(附图片2张),short_body
19980331-11-003,珍爱生命拒绝毒品,no_topic
19980331-11-005,“流氓罪”哪里去了?,no_topic
19980331-11-006,"大连110,一打准灵",no_topic
19980331-11-007,成都消防:抢险救援119(附图片3张),no_topic
19980331-11-008,"政委,今年二十九",no_topic
19980331-11-010,她把自己“担保”进牢房,no_topic
19980331-11-011,"本报讯四川省绵阳车站派出所针对近来有人以帮买车票和带无票旅客进站上车收取好处费这一动向,适时加强了堵卡、清查工作,抓获了13名不法分子,为43名旅客追回经济损失,受到旅客欢迎。(任杰)",title_length
19980331-11-012,"本报讯江苏省徐州市贾汪区交警大队十分注重民警的思想道德教育,长年坚持开展每天做一件好事和每月搞一次有意义的活动,促进了全队干警业务和政治素质的提高。干警们热情为民服务,受到当地群众的好评。(刘仲刘伟)",title_length
19980331-11-013,"本报讯修改后的刑诉法实施以后,吉林省梅河口市检察院批捕部门将立案监督列为一项重点工作,不断提高干警们的执法监督意识。一年多来,他们共开展立案监督21件45人。上述案件经公安机关立案侦查后,目前已批准逮捕5件11人。(崔锋云陈万才)",title_length
19980331-11-014,"本报讯内蒙古赤峰市公安局红山区分局去年以来实施了以派出所为主体、以预防犯罪为主要内容的“盾牌工程”,使市区刑事案件发案数与往年同期相比有所下降。(王博伊常玉)",title_length
19980331-11-015,"本报讯河南省新郑市法院不久前专门成立了“为民应急服务队”,为民解忧、急救抢险。服务队成立近两个月来,处理各类纠纷14起,救助群众11件次。",title_length
19980331-12-001,"敬礼,中国特警(附图片1张)",no_topic
19980331-12-002,传染世界写春华,no_topic
19980331-12-003,我心依旧,title_length
19980331-12-004,大漠红月亮,no_topic
19980331-12-005,如此“称呼”不宜提倡,no_topic
19980331-12-006,情牵班长鞋,no_topic
19980331-12-007,军医齐坤:挺腰做人,no_topic
19980331-12-009,任育刚造机器独迷『检测』,no_topic
19980331-12-010,手拉手做朋友(图片),short_body
19980331-12-011,武警简讯,title_length
19980401-01-001,朱镕基总理抵英进行正式访问,no_topic
19980401-01-002,把钱投向基础设施———开拓市场保增长系列述评(三),no_topic
19980401-01-003,人民日报创刊五十周年读报知识竞赛启事,no_topic
19980401-01-004,钱其琛同安南举行会谈,no_topic
19980401-01-005,确保机构改革工作健康顺利进行,review: 机构改革健康进行，健康为比喻
19980401-01-007,十大口岸海关业务发展迅速,no_topic
19980401-01-008,牡丹江市百万亩荒山披绿装,no_topic
19980401-02-001,电多乎哉?,no_topic
19980401-02-002,十项乱评比活动被曝光,no_topic
19980401-02-003,湖北省工行狠刹违规经营,no_topic
19980401-02-004,十万大军开发黄河故道(图片),short_body
19980401-02-005,“三羊”开泰———访上海万象(集团)股份有限公司总经理刘瑞旗,no_topic
19980401-02-006,农业部财政部联合发出通知农村集体资产清产核资工作展开,multiple_topics
19980401-02-007,《中国脊梁》企业研究丛书出版,no_topic
19980401-02-008,税务违法案件举报中心成立,no_topic
19980401-02-009,交通部要求治理“三乱”水陆并进,no_topic
19980401-02-010,运12飞机出口北美,no_topic
19980401-02-011,中外著名企业研讨国际名牌战略,no_topic
19980401-02-012,天津开发区对内资大举招商,no_topic
19980401-02-013,不能手软,title_length
19980401-02-014,"本报讯河北省香河县纪委与县收费局、审计局等单位密切配合,加大了对预算外资金的清理力度。截至目前,全县清理出预算外收入三千多万元,占全年财政收入的百分之三十。(李旭东杨金宝)",title_length
19980401-02-015,"本报讯山西省长治市康裕实业(集团)与长子县鳌泉村优势互补,厂村联姻,共同开发矿泉水资源取得成功。他们生产的『康采恩』牌康裕矿泉水品质优良,符合国家饮用水标准。目前,康裕矿泉水厂拥有两万多平方米的绿色自然保护区和一万多平方米的全封闭生产车间。(刘红)",title_length
19980401-02-016,"本报讯黑龙江省北钢集团公司牡丹江轴承厂日前经过中国进出口商品质量认证中心审核组的现场审核,顺利通过ISO9001国际质量体系认证。该企业是国家出口基地之一,主导产品轴承遍销全国各地,并出口到美国、日本、俄罗斯等二十多个国家和地区。(马士礼)",title_length
19980401-02-017,"本报讯作为北京城市整体规划的组成部分和西直门地区改造的重点工程之一,总投资九点四亿元的『京洲花园』居住小区日前正式开工。该小区建筑规模近十三点五万平方米,将于一九九九年底投入使用。(晓朱)",title_length
19980401-02-018,"本报讯由原国家计委主任陈锦华主编的《一九九八年中国国民经济和社会发展报告》近日正式向国内外公开发行。该书全面具体地介绍和评价了一九九七年中国经济、社会发展和各项重大改革的进展情况,预测和展望了一九九八年国内国际环境、全国宏观经济走势和市场供求趋势。(费伟伟)",title_length
19980401-02-019,"本报讯国内首家有机栽培蔬菜基地在著名的肥桃之乡山东省肥城市过村镇建成。该基地一千五百亩,环境清洁,无工业污染源,具备了有机农业生产的基本条件。去年,该基地被确定为首家国内颁证的有机栽培蔬菜基地,最近,又获得国际OCIA组织的认可颁证。(李福杰刘学华辛振华)",title_length
19980401-02-020,"本报讯由对外经贸大学和东吴大学共同主办的九八海峡两岸国际经贸法律学术研讨会日前在京举行。这是两岸自一九九○年以来第四次举办这样的研讨会,其中第一、第二届是在台湾举行的。(黄勇)",title_length
19980401-02-021,"本报讯山东省新泰市国税局加大工作力度,强化税收征管,做到月月均衡入库。今年第一季度完成工商税收六千多万元,比去年同期增长百分之十五点七,增收八百一十二万元。(相忠)",title_length
19980401-03-002,团中央、劳动和社会保障部联合通知实施下岗青工创业行动,no_topic
19980401-03-003,团中央设立“陈天赐下岗青工创业基金”,no_topic
19980401-03-004,香港廉政公署职员涉嫌贪污泄密被停职,no_topic
19980401-03-005,总后调整全军公务事业费标准,no_topic
19980401-03-006,电力行业树立良好形象,no_topic
19980401-03-007,西安:为警徽添光彩,no_topic
19980401-04-001,冷静看『难点』热情干工作,no_topic
19980401-04-003,陈滋英在澳门基本法颁布五周年座谈会上表示,no_topic
19980401-04-004,钱其琛会见英国前国防大臣,short_body
19980401-04-005,明天气象预报(4月1日20时—4月2日20时),no_topic
19980401-04-006,左立雄———闪速炉熔铸青春(附图片1张),no_topic
19980401-04-008,荒漠吟唱“大风歌”———新疆三大油田巡礼之二,no_topic
19980401-04-009,钱伟长在澳门基本法颁布五周年纪念大会上说,no_topic
19980401-04-010,香港特区政府公布五年批地计划,no_topic
19980401-04-011,白求恩来华六十周年纪念银币首发,no_topic
19980401-04-012,藏家妇女聚会天安门(图片),short_body
19980401-04-013,迎接新中国建国五十周年天安门城楼将进行维修,no_topic
19980401-05-001,打特色牌出精品书念效益经云南出版业好红火,no_topic
19980401-05-002,重庆动物园繁殖成功国家保护动物(图片),short_body
19980401-05-004,为农民科技致富搭桥———记中国农村专业技术协会,multiple_topics
19980401-05-005,国家环境保护总局挂牌,no_topic
19980401-05-006,控尾气降煤烟防扬尘增绿地北京市治理空气污染,no_topic
19980401-05-009,秦俑二号坑考古使用微机,no_topic
19980401-05-010,"本报讯近日,北京市组织各行业领导干部到相关科研单位参观学习,增强他们的科技意识,以使科教兴国的战略真正落到实处。三月二十六日,北京市郊区县主管农业的区县干部六十多人在中国农业科学院参观学习。农科院的专家就北京市正在发展的设施农业、创汇农业、加工农业和特种种植、养殖业等问题介绍了最新成果和新品种。(任蒋)",title_length
19980401-05-011,"本报讯首届中国与巴西『质量与软件国际研讨会』日前在中国科学院软件研究所召开。近年来,软件生产逐步采用ISO9000标准,我国目前已有北京科宝系统工程有限公司、用友软件集团公司、东大阿尔派软件有限公司等几家软件企业先后获得了ISO9001质量体系认证证书。(陈援)",title_length
19980401-05-012,"本报讯日前,军事医学科学院微生物流行病研究所王海涛教授指导周育森和何忠平两位研究人员运用现代分子生物学技术,在我国首次检测出TTV感染者,并从感染者血清标本中克隆出病毒的部分基因片段,测定了核苷酸的序列,证实在我国也存在第七种肝炎病毒。(董礼波吴志军)",title_length
19980401-05-013,"本报讯沙特阿拉伯王国哈立德·本·苏尔坦·本·阿卜杜·阿齐兹亲王殿下委托沙特驻华大使向北京语言文化大学赠送《阿拉伯全球百科全书》一套。赠书仪式三月三十一日在京举行。这套百科全书共三十册,装帧精美。",title_length
19980401-06-001,英外交大臣库克希望首次欧中首脑会议成功,no_topic
19980401-06-002,安南支持拉那烈回国洪森表示愿与其会晤,no_topic
19980401-06-003,叶利钦谈总统竞选否认切尔诺梅尔金是候选人,no_topic
19980401-06-004,『耄耋恢恢乡国篇』---访旅美学者顾毓琇先生,no_topic
19980401-06-005,罗斯中东之行无功而返美示意可能中断和谈调停,no_topic
19980401-06-006,阿盟谴责以吞并巴土地巴勒斯坦举行『土地日』活动,no_topic
19980401-06-007,伊又有三处总统府邸核查结束,no_topic
19980401-06-008,我代表指出联合国维和工作应调整,no_topic
19980401-06-009,乌公布议会选举初步结果(附图片1张),no_topic
19980401-06-010,罗总统任命代总理,no_topic
19980401-06-011,向荒漠进军———阿根廷南行散记(上),no_topic
19980401-06-012,外国政要电贺我新领导人,no_topic
19980401-06-013,"根据法国总统府发布的公报,若斯潘总理三月三十日对政府进行了技术性改组,加强了就业和团结事务部,增设一名城市部长级代表和一名职业培训国务秘书,分别由克洛德·巴尔托隆纳和尼科尔·佩里夫人担任,取消政府发言人的职务。调整后的内阁成员将增加到二十八人。若斯潘表示,在一个精干的班子中,每个部长和国务秘书都是其部内事务的最佳发言人。",title_length
19980401-06-014,"三月二十九日上午,秘鲁空军一架载有六十余名乘客的苏制安32飞机在执行民事运输任务时,在秘鲁北部皮乌拉省卡斯蒂亚市机场附近坠毁。飞机撞倒了三所民宅和一根电线杆,断成两截,当场造成二十八人死亡,十五人受伤。事故发生后,秘鲁全国警察救援部队和当地消防队赶赴现场救援,受伤者已空运到利马医院接受治疗。第二起飞机坠毁事故发生在距首都利马以南一百五十公里处的卡涅特市附近,这是一架商用小飞机,只有驾驶员一人丧生。(本报专电)",title_length
19980401-06-015,"索马里交战各方三十日宣布,原定于三月底举行的拜多阿和平会议将推迟到五月十五日举行,这是继今年二月以来该会议第二次被推迟。索马里武装派别的首领称,会议推迟的主要原因是『缺乏足够的经费』。去年十二月,索马里二十六个派别发表『开罗宣言』,决定成立一个由总统、总理和代表各派别利益的十三人委员会,并决定召开拜多阿和平会议,讨论成立临时政府和联邦国家等具体事宜。",title_length
19980401-06-016,"三月三十日,俄罗斯总统叶利钦签署了关于从哈萨克斯坦租赁四个军事试验场的法案,租赁哈九二九国家飞行试验中心、第四国家试验场以及恩巴试验场和萨雷沙干试验场的协议,为此俄罗斯每年将支付二千七百五十万美元的租金。同时,为租赁拜科努尔宇宙发射场,俄罗斯每年还向哈萨克斯坦付出一点一五亿美元的租金。(据新华社电)",title_length
19980401-07-001,非洲国家代表聚会哈拉雷为参加世贸组织会议作准备,no_topic
19980401-07-004,百名画童绘新图(图片),short_body
19980401-07-005,欧佩克决定每日减产原油百万桶,no_topic
19980401-07-007,美国《读者文摘》将全面改版,no_topic
19980401-08-002,中国足协将坚决查清传闻裁判受贿事件,no_topic
19980401-08-003,中国女排将参加八国精英赛,no_topic
19980401-08-005,琼斯将参加『飞人』赛,no_topic
19980401-09-001,走近“自主择业”(附图片1张),no_topic
19980401-09-002,清明节勿忘清廉,no_topic
19980401-09-003,清明应扫污浊风,no_topic
19980401-09-004,徐州打击扰乱『一一○』行为,no_topic
19980401-09-005,群鸟“布阵”烈士陵园周边群众争睹奇观(附图片1张),no_topic
19980401-09-006,街头义举——大连市干部群众擒凶纪实,no_topic
19980401-09-008,长春记分卡卡住交通违章者,no_topic
19980401-10-001,白沟兴衰话质量,no_topic
19980401-10-002,"质量,跻身市场的钥匙",no_topic
19980401-10-003,葛洲坝船闸岂是垃圾坑——葛洲坝船闸8小时见闻(附图片5张),no_topic
19980401-10-005,这里三元钱能买个『小康户』,no_topic
19980401-10-006,赞『为您帮个忙』,no_topic
19980401-10-007,制止不法婚介行为,no_topic
19980401-10-008,治理汽车尾气净化首都空气,no_topic
19980401-10-009,火车站前奇事三桩,no_topic
19980401-10-010,玉田县大安镇大葱滞销,short_body
19980401-10-011,石埠5000头生猪急需出栏,short_body
19980401-11-001,都市里的“村干部”,no_topic
19980401-11-003,不得擅自以报纸形式印发广告,no_topic
19980401-11-004,“推销”自己,no_topic
19980401-11-005,无序变有序关键在服务,no_topic
19980401-11-006,让务工青年安居乐业,no_topic
19980401-11-007,双休日里晨练忙(附图片4张),short_body
19980401-11-008,感念母亲的恩德征集“献给母亲的一句话”,duplicate_body
19980401-11-009,甲亢病的症状与防治,no_topic
19980401-12-001,缅怀革命烈士杜重远,no_topic
19980401-12-002,悲歌血泪震茅山--缅怀罗忠毅和廖海涛同志,no_topic
19980401-12-003,周恩来与杜重远一家,no_topic
19980402-01-001,在全国组织工作会议上的讲话(1997年12月22日),no_topic
19980402-01-002,重视消费的拉动作用---开拓市场保增长系列述评(四),no_topic
19980402-01-003,『四不』规矩好!,no_topic
19980402-01-004,应江泽民主席邀请坦桑尼亚总统将访华,short_body
19980402-01-005,宝钢全面推进清洁生产获得环境管理体系贯标认证,no_topic
19980402-01-006,田头杏花香(图片),short_body
19980402-01-009,"国家知识产权局最近决定对专利代理机构建立年检制度,目的是使专利代理机构依法开展业务,更好地为申请人服务。北京、天津、上海、辽宁、江苏、浙江、福建、广东地区的279家专利代理机构和9家涉外专利代理机构被列入今年的年检范围。年检内容有专利代理机构业务开展情况、执业纪律情况、财务审计情况、专利代理人情况、专利代理人培训情况等。国家知识产权局从今年起,每两年对全国各地的专利代理机构年检一次,并将年检结果公之于众。",title_length
19980402-01-010,"山东省自实施“党员电教科技工程”以来,至今已经有70多万户农民走上了致富路。1996年,山东省决定在全省农村开展“党员电教科技工程”。利用电教这一便捷先进的手段传播农业科技,从点到面逐步推开,并且从省管党费中拨出专款作为制片经费,在农村健全电教网点。1997年山东全省播放党员电教片100多万场次,收看群众达1700多万人次,推广农业实用技术300余项。农村党员通过看片子、学科技,成为农业新技术的“明白人”。现在,山东省已有近百万农村党员掌握了1—2门实用新技术,其中20万人达到农民技术员和农业技师水平。(刘磊石舒波)",title_length
19980402-01-011,"据悉,我国目前已有国家级风景名胜区119处。截至去年底,全国已有各级风景名胜区共512处。已有19处风景名胜区被列入联合国世界文化和自然遗产,如闻名中外的长城、故宫和黄山等。目前我国风景名胜区的建设正努力向国际接轨,近年内,一部以保护和建设为主题的《风景名胜法》将出台,目标是建立国家公园体制。1998年,国家有关部门推出了风景名胜区“卫生山、安全山、文明山”的重点建设活动,确保旅游者的消费权利和质量。我国现已有7个国家级文明风景名胜区。(除署名外均据新华社)",title_length
19980402-02-002,“死货”怎样变“活钱”,no_topic
19980402-02-003,立等就业解燃眉家政培训真实惠签约结对重上岗政府协调大有为,no_topic
19980402-02-005,北京旅游市场秩序好转国旅总社等获紫禁杯奖,no_topic
19980402-02-007,河北供销社利润增长近5倍,no_topic
19980402-02-008,吉林春播抗旱措施得力,no_topic
19980402-02-009,辽宁『放小』力度大,no_topic
19980402-02-010,湖南调整农产品结构,no_topic
19980402-02-011,恭城柑桔缘何畅销,no_topic
19980402-02-012,"本报讯山东烟台市积极探索研究农业科技园建设的有效形式和途径,把科技园建设作为科技兴农的重要措施来抓。目前,这个市共建立不同形式、各具特色的农业科技园280多个,面积近1万公顷。(孙加顺)",title_length
19980402-02-013,"据新华社北京4月1日电(记者周亮)铁道部负责人日前透露,铁路部门正积极投入京沪高速铁路建设的前期准备工作,力争使京沪高速项目于2000年开工。拟建的京沪高速铁路设想为全封闭的电气化复线铁路,全长1300余公里,设计时速为250公里以上,所用的机车车辆将全部采用国产产品。",title_length
19980402-02-014,"本报讯以生产“三黄鸡”驰名的浙江省仙居县大力发展优质肉鸡生产,1997年推广苗鸡140万羽,产值2240万元,净收入455万元。全县农民人均收入中1/7来自养鸡的收入。(赵相如)",title_length
19980402-02-015,"本报北京4月1日讯记者冉永平报道:根据今天起在全国施行的《汽车租赁业管理暂行规定》:经营汽车租赁业配备的汽车不少于20辆,且汽车车辆价值不少于200万元。租赁汽车应是新车或达到一级技术等级的在用车,并具有齐全有效的车辆行驶证件。",title_length
19980402-02-016,"本报讯原煤炭部下属大型国有企业惠能实业有限公司与北京百福来时装有限责任公司日前实行强强联合,公司的注册资本金由原来的60万元增加到1000万元。(百友)",title_length
19980402-02-017,本报讯圣马田中国北方配货中心和其在中国的第七家专卖店———圣马田天坛专卖店3月30日开业。(郑剑),short_body
19980402-02-018,"本报讯我国最大的国产程控交换机产业集团———巨龙公司生产的04交换机,日前已累计销售1300多万线。在网上运行总量已占我国城乡电话网总容量的12%以上。(高辉)",title_length
19980402-02-019,"本报讯3月31日,中国银行圣保罗代表处在巴西圣保罗市举行开业典礼。它作为中国在南美洲开设的第一家金融机构,将为促进中国与这一地区的经贸、金融往来关系发挥积极作用。(钟航)",title_length
19980402-03-001,必须把公仆置于主人的监督之下,no_topic
19980402-04-002,“明白”与“清白”,no_topic
19980402-04-003,廖经天同志逝世(附图片1张),no_topic
19980402-04-004,明天气象预报(4月2日20时—4月3日20时),no_topic
19980402-04-005,全国五年安置二十四万军转干部,no_topic
19980402-04-006,张纪光同志逝世,no_topic
19980402-04-007,公款吃喝白条下账高阳县季朗村干部五年挥霍42万元,no_topic
19980402-04-009,实现农业机械化的四川省邛崃市农民(图片),short_body
19980402-04-011,文山庆祝自治州建州40周年,no_topic
19980402-04-013,吐哈盆地竞风流---新疆三大油田巡礼之三,no_topic
19980402-04-014,又见大作者写小读物,no_topic
19980402-04-015,新华社北京四月一日电中央军委副主席、国务委员兼国防部长迟浩田上将今天上午在人民大会堂会见了坦桑尼亚国防军司令姆博马上将一行。双方进行了友好的交谈。姆博马一行是应中国人民解放军总参谋长傅全有上将的邀请来华访问的。,title_length
19980402-04-016,据新华社北京四月一日电(记者容安才、刘云非)中共中央政治局委员、北京市委书记、市长贾庆林今天上午在人民大会堂会见了以越共中央委员、中央经济部常务副部长阮晋郑为团长的越南共产党干部代表团。阮晋郑一行是应中国共产党的邀请于昨天抵京的。,title_length
19980402-04-017,据新华社北京三月三十一日电(记者刘云非)最高人民法院院长肖扬今晚在京会见俄罗斯最高仲裁法院院长雅科甫列夫一行。他们是应最高人民法院的邀请访华的。,title_length
19980402-04-018,"据新华社北京三月三十一日电(记者范文欣、邹春义)中国和加拿大企业今天在这里签订了十三项商业合同和投资协议,涉及航空、建筑、电力、制造业,以及医疗设备供应和教育。",title_length
19980402-04-019,据新华社北京四月一日电(记者丛亚平)建设部和联合国工业发展组织及瑞士大使馆昨日在京就『中国城市垃圾管理体制及技术标准和能力建设』项目举行了签字仪式。,title_length
19980402-05-001,一年只交几元钱看病吃药不再难衡水农村卫生建设灵活多样,multiple_topics
19980402-05-002,思变求新书市活---开封市新华书店改革纪实,no_topic
19980402-05-003,采用高新技术推进梯队建设北京朝阳医院强化特色医疗,multiple_topics
19980402-05-006,北大和摩托罗拉联建实验室,no_topic
19980402-05-007,中国足协处罚违纪球员,no_topic
19980402-05-009,曙光公司推出天潮系列服务器,no_topic
19980402-05-010,首都纪念“三个面向”题词发表15周年,short_body
19980402-05-012,20万少先队员站“首都少年先锋岗”,no_topic
19980402-05-013,武大庆祝谭崇台执教五十周年,no_topic
19980402-06-001,姆贝基副总统访华前表示希望发展南非同中国关系,no_topic
19980402-06-002,外国政要电贺我新领导人,no_topic
19980402-06-003,美驻华大使谈美中关系,no_topic
19980402-06-004,拉那烈回国以后,no_topic
19980402-06-005,安理会决定对南实施武器禁运中国投弃权票,no_topic
19980402-06-006,塞尔维亚组成谈判代表团呼吁科索沃阿族7日开始谈判,no_topic
19980402-06-007,巴特勒称赞伊合作态度对伊总统府邸第一阶段核查将结束(附图片1张),no_topic
19980402-06-008,博茨瓦纳总统退出政坛莫哈埃将继任总统,no_topic
19980402-06-009,“不能好了伤疤忘了疼”———澳关于枪支管制的较量,no_topic
19980402-06-010,从荒原到旅游热土———阿根廷南行散记(下),no_topic
19980402-06-011,首次正式表示从黎南部撤军姿态以内阁批准安理会425号决议,no_topic
19980402-06-012,就新总理人选俄议会呼吁举行会议,no_topic
19980402-06-013,"巴西总统卡多佐三月三十一日对政府内阁进行了改组。三位新任政府部长是卫生部长若泽·塞拉,工商旅游部长若泽·贡萨尔维斯和计划部长保罗·派瓦。巴西前计划部长坎迪、前工商旅游部长多内莱斯因参加今年十月举行的国会议员竞选而于前些时候向卡多佐总统提交了辞呈。前卫生部长阿尔布克尔克因医疗卫生资金的分配问题受到反对党的攻击也提出了辞职。(本报专电)",title_length
19980402-06-014,"三月三十一日晚,黎巴嫩南部以色列占领区内发生一起炸弹爆炸事件,六名黎巴嫩平民被炸死,一人严重受伤。这是自去年九月以来发生在黎南部最严重的一起平民伤亡事件。随后,黎巴嫩游击队和以色列占领军在爆炸现场展开激烈交火。还没有人声称对这起爆炸事件负责。",title_length
19980402-06-015,"联合国难民事务高级专员公署驻尼加拉瓜代表比希尼娅·比希尔三月三十一日宣布,最后一批十四名萨尔瓦多难民于当日加入尼加拉瓜国籍,标志着联合国难民事务署已完成在该国的使命,不久将撤出尼加拉瓜。比希尔说,联合国难民事务署在尼加拉瓜活动长达十九年,为八十年代战争难民遣返做了大量工作。难民署撤出表明中美洲和平已经得到巩固。据不完全统计,难民署为十五万人提供了人道主义援助。",title_length
19980402-06-016,"美国国防部长科恩和来访的罗马尼亚国防部长约内斯库三月三十日在五角大楼签署了一项旨在加强控制大规模杀伤性武器扩散的军事合作协议。根据协议,美国将向罗马尼亚提供设备、训练和服务等方面的援助,帮助罗防止核武器和生化武器等大规模杀伤性武器的扩散。关于罗马尼亚加入北约问题,科恩说,罗马尼亚在伊拉克武器核查危机、科索沃问题等各个方面都保持与北约合作,因此它是未来北约新成员的一个『强有力的候选国』。(据新华社电)",title_length
19980402-07-001,耄耋画家中国缘,no_topic
19980402-07-004,热浪袭击越南南方疟疾肆虐苏丹东部,no_topic
19980402-07-005,最后一个开放日(图片),short_body
19980402-07-006,英天文学家观测到『爱因斯坦环』,no_topic
19980402-07-007,日本放宽六百多项经济活动印尼一季度外国投资额减少,no_topic
19980402-07-008,七千年前古人类遗迹,no_topic
19980402-07-010,两亿年前恐龙化石,no_topic
19980402-07-011,三千年前农耕梯田,no_topic
19980402-09-002,抗旱思路要拓宽,no_topic
19980402-09-003,人民法院受理农民负担案件维护农民合法权益,multiple_topics
19980402-09-004,富村“兼并”穷村,no_topic
19980402-09-005,浮夸风当刹,no_topic
19980402-09-006,村务公开得民心,no_topic
19980402-09-007,黑龙江最后一个生产队解体,no_topic
19980402-09-008,广西玉林百色结对互帮,no_topic
19980402-09-010,图片新闻,title_length
19980402-09-011,农产品市场前景如何京城诸专家各抒己见,no_topic
19980402-10-001,在大局下行动,no_topic
19980402-10-002,编者的话,title_length
19980402-10-003,走向21世纪的重大改革举措,no_topic
19980402-10-004,深刻理解机构改革的目标和原则,no_topic
19980402-10-005,既要积极又要稳妥,no_topic
19980402-10-006,政府机构改革是一场革命,no_topic
19980402-11-001,愿做红烛照人寰---序《孙敬修全集》,no_topic
19980402-11-002,镌刻如烟岁月———记著名金石书画家李立(附图片3张),no_topic
19980402-11-003,追忆似水流年,no_topic
19980402-11-004,让旧书市场红火起来,no_topic
19980402-11-007,稀世白龟放归自然,no_topic
19980402-11-008,金三元品茗小记,no_topic
19980402-11-009,千年尘土掩古国一朝遥感显踪迹随国故都将重见天日,no_topic
19980402-12-001,半个多世纪的深情(附图片1张),no_topic
19980402-12-002,“以虚带实”之误,no_topic
19980402-12-003,神圣的嘱托---读《中国:与贫困决战》,no_topic
19980402-12-004,见贤思齐(附图片1张),no_topic
19980402-12-005,白菜碑记事,no_topic
19980402-12-006,西班牙风情,no_topic
19980402-12-007,圆明园失梦,no_topic
19980403-01-001,加快房改启动住宅消费---开拓市场保增长系列述评(五),no_topic
19980403-01-002,对省(部)级以上领导干部亲属经商办企业和在涉外企业任职问题,no_topic
19980403-01-003,江泽民主席会见安南秘书长,no_topic
19980403-01-004,李瑞环参观周恩来邓颖超纪念馆,no_topic
19980403-01-005,胡锦涛会见纳米比亚客人,no_topic
19980403-01-006,人民日报创刊50周年读报知识竞赛启事,no_topic
19980403-01-007,中国—欧盟领导人会晤联合声明,no_topic
19980403-01-008,朱镕基总理与布莱尔首相会谈会见韩国新加坡和日本领导人,no_topic
19980403-02-002,宁可种少也要种好乐陵枣农砍掉二十万株劣质树,no_topic
19980403-02-003,江西省婺源县武口茶场春茶开采(图片),short_body
19980403-02-004,宁夏私营企业救助下岗职工捐建的再就业市场已启动,no_topic
19980403-02-005,今年凭证式国债发行已过千亿元,short_body
19980403-02-006,宣东二矿副井快速施工创佳绩,no_topic
19980403-02-007,南充棉纺织厂加大技改步伐,no_topic
19980403-02-008,诺华公司大力拓展中国市场,no_topic
19980403-02-009,进口挖泥船洞庭湖清淤,no_topic
19980403-02-010,扩大直接融资支持企业改革,no_topic
19980403-02-011,西城国税局3年收税106亿元,no_topic
19980403-02-012,石家庄市地税一分局开通电子报税网络(图片),short_body
19980403-02-013,出口商品“分类管理”在厦亮相,no_topic
19980403-02-014,农家女一个点子冰箱厂起死回生,no_topic
19980403-02-015,云南内燃机厂走出低谷,no_topic
19980403-02-016,不能重量不重质,no_topic
19980403-02-017,"本报讯郑州铁路局首次推出郑州至华山双休日旅游专列,已于三月二十七日开行。(童永强)",short_body
19980403-02-018,"本报讯去年福建省旅游业实现快速发展。全省接待境外游客一百一十五万人次,旅游创汇六点一亿美元,分别比上年增长百分之八点六和百分之十点九,继续保持全国第四位;国内旅游人数达一千九百万人次,收入突破一百一十亿元;旅游星级饭店一百家。旅游总收入约占全省国内生产总值的百分之五。(赵鹏)",title_length
19980403-02-019,"本报讯杭州丝绸厂家四月四日在北京工人体育馆举行丝绸展。本次丝绸展销会参展厂家达二百二十多家,参展品种两千多种。(孟兰云)",short_body
19980403-02-020,"本报讯山西阳城县农村信用社紧紧抓住乡镇企业这个农村经济发展的『牛鼻子』,精心扶持了一批拳头企业。城关镇后则腰村陶瓷厂受技术等因素的制约,产量达不到市场需求。阳城县信用联社及时为其注入流动资金。(秋社赞斌)",title_length
19980403-02-021,"本报讯北京著名的设计师、天津的优质羊绒原料、河北三河的先进羊绒制品生产设备三方结合,促成了三河杜和羊绒时装有限公司的成立。行家认为,三方合作新创杜和羊绒品牌,将使我国号称『软黄金』的羊绒制品生产再上一个新台阶,对开拓国内外市场大有裨益。(宋文雯)",title_length
19980403-02-022,"本报讯经中国方圆标志认证委员会认证中心和德国西南联技术监督机构的严格审核,近日,汕头港务局获得ISO9002质量体系国际国内双认证证书,成为我国港口首家全局一次通过ISO9002质量体系双认证的企业。(侯伟生)",title_length
19980403-02-023,"本报讯河北石家庄神威药业股份有限公司发展特色产品,调整营销结构,跨入全国中成药工业五十强。一九九七年完成工业总产值、实现利税、利润分别比上年增长百分之二十、百分之八十和百分之一百五十五,创历史最高水平。",title_length
19980403-02-024,"本报讯我国将建成一条最长的通信大动脉。这条数字光传输北起内蒙古呼和浩特,南至广西北海,全长四千公里,明年初全线贯通。(张砚)",title_length
19980403-03-001,春漫人才市场(附图片1张),no_topic
19980403-03-002,可贵的支持,no_topic
19980403-03-003,南宁驻军讲文明南国明珠添光彩,no_topic
19980403-03-004,海南整体推进党风廉政建设,no_topic
19980403-03-005,重庆市首次统战工作会议召开,no_topic
19980403-03-006,贿赂代表拉选票乡长未当去坐牢,no_topic
19980403-03-007,岳阳加强新经济组织党建,no_topic
19980403-03-009,"本报讯上海武警总队自觉服从服务于国家经济建设的大局,积极投身到申城建设中去,被誉为『霓虹灯下新一代哨兵』。几年来,官兵共义务出工九十多万个劳动日,出动车辆十六万台次。为配合各种工程建设,该总队已让出营房、地皮等计四千六百多平方米。(李光辉)",title_length
19980403-03-010,"本报讯北京军区某集团军教导大队积极适应新形势,强化教员队伍知识结构。他们首先建立健全了军事资料室,补充了高科技方面的文字、图片资料一千六百余册,录像资料一百二十多盒。目前,全大队专兼职教员人人都有自己的高科技知识学习笔记本和与此相关的教学心得备忘录。(刘敏胡克)",title_length
19980403-03-011,"本报讯广东公安边防总队针对队伍建设遇到的新情况和新问题,紧紧依据自身特点开展精兵严治探索工作,取得成效。近年来,该总队先后有二十四人获得一等功以上奖励,十八个单位获集体一等功以上荣誉,受嘉奖官兵达一点三万人次。",title_length
19980403-03-012,"本报讯济南军区第一五二医院积极为下岗军属再就业铺路搭桥。他们采取信息咨询交流、技术培训、向地方推荐及自我消化等办法,不定期地为下岗军属提供信息咨询,并在本单位优先安置下岗军属,帮助三十六名下岗军属走上再就业之路。(徐新奎武兴汉)",title_length
19980403-04-002,未来一周天气趋势,no_topic
19980403-04-003,胡锦涛会见日本客人,no_topic
19980403-04-004,明天气象预报(4月3日20时—4月4日20时),no_topic
19980403-04-005,全国人大常委会办公厅国务院办公厅中央军委办公厅公告,no_topic
19980403-04-006,符先辉同志逝世(附图片1张),no_topic
19980403-04-008,全国政协办公厅公告,no_topic
19980403-04-009,江泽民主席任免驻外大使,no_topic
19980403-04-011,湖南省长沙市道路口起用电子警察(图片),short_body
19980403-04-013,外交部发言人谈中东和平进程,no_topic
19980403-04-014,换个思路天地宽,no_topic
19980403-04-015,"据新华社北京4月2日电(记者刘云非)国务院副总理吴邦国今天在中南海会见了美国安然国际公司总裁兼首席营运官苏周一行。吴邦国说,中国欢迎安然国际公司参与中国的水电、石油和天然气的开发。",title_length
19980403-04-016,"据新华社北京4月2日电(记者杨国强)全国人大常委会副委员长姜春云今天在人民大会堂会见俄罗斯最高仲裁法院院长雅科甫列夫时,表示希望中俄司法机关进一步加强业务交流与合作。他说,雅科甫列夫这次应最高人民法院邀请来访将有助于推动双方在法院、司法,特别是在仲裁方面的交流与合作。",title_length
19980403-04-017,"据新华社北京4月2日电应越南共产党中央委员会和老挝人民革命党中央委员会的邀请,以中共中央政治局候补委员、书记处书记曾庆红为团长的中国共产党代表团今天离京前往越南和老挝进行正式友好访问。",title_length
19980403-04-018,"新华社北京4月2日电外交部发言人朱邦造今天在记者招待会上宣布,应国家副主席胡锦涛的邀请,南非共和国副总统塔博·姆贝基将于4月10日至14日对中国进行正式访问。",title_length
19980403-05-001,一部电话解民忧八方专家闻声动,no_topic
19980403-05-004,“树大夫”巧治害虫,no_topic
19980403-05-005,温博士深山传技,no_topic
19980403-05-007,文科学点数理化工科懂些文史哲华中理工大为教师补课,multiple_topics
19980403-05-009,图片新闻,title_length
19980403-05-010,北京部分职高将实施“大职校”方案,no_topic
19980403-05-012,文物保护的难与易,no_topic
19980403-05-013,淄博史志工作资政育人,no_topic
19980403-05-015,可持续发展专著出版,no_topic
19980403-05-017,孙大光捐献书画资助教育,short_body
19980403-05-018,美国眼力健杭州公司投产,short_body
19980403-05-019,潮汕为青少年设星河奖,no_topic
19980403-06-001,中国使馆参加埃及慈善组织的义卖活动(图片),short_body
19980403-06-002,乌国家机构改革见成效,no_topic
19980403-06-004,反对附加前提条件黎拒绝以色列撤军计划,no_topic
19980403-06-005,中亚深化一体化,no_topic
19980403-06-006,美拖欠联合国会费十六亿美元,no_topic
19980403-06-008,克林顿推行新非洲政策,no_topic
19980403-06-009,乔尔贝亚悻然辞官,no_topic
19980403-06-010,科恰良当选亚美尼亚总统,no_topic
19980403-06-011,摩议会选举结果正式揭晓,no_topic
19980403-06-012,罗总统委任瓦西里组阁,no_topic
19980403-06-013,中国与欧盟举行首次领导人会晤(附图片1张),no_topic
19980403-06-014,就组成新政府问题俄举行“四人会晤”,no_topic
19980403-07-001,八国能源部长聚会莫斯科发表能源问题公报,no_topic
19980403-07-002,“环境激素”:产业新公害,no_topic
19980403-07-003,合并风刮到华尔街,no_topic
19980403-07-004,俄代总理谈其经济纲领基本原则世行行长对俄经济发展有信心,no_topic
19980403-07-005,埃及经改成果显著,no_topic
19980403-07-006,《申根协定》:九国边界全面开放,no_topic
19980403-07-007,波音737700创航程新纪录,no_topic
19980403-07-008,图片新闻,title_length
19980403-07-010,新西兰警察保护企鹅日本游览区猴子撒野,review: 两则动物趣闻合篇，主题混合
19980403-08-002,"本报讯由购买格威特产品的一百名幸运顾客组成的『格威特九八亚运中国后援团』,将于今年年底奔赴泰国曼谷观看本世纪最后一届亚运会,为中国健儿助威。北京格威特发展总公司为组织此次活动投入了三百万元资金。本次活动将在四月十八日至九月十八日期间举行。(阿威)",title_length
19980403-08-003,卡尔波夫将再度来华访问表演,no_topic
19980403-08-004,严以律人宽以待己服用禁药的澳大利亚选手逃脱禁赛处罚,no_topic
19980403-08-006,别开生面的武术赛,no_topic
19980403-08-007,里奥斯决心捍卫世界第一,no_topic
19980403-08-008,俄罗斯选手获世界花样滑冰锦标赛双人滑冠军(图片),short_body
19980403-09-004,广州星海音乐厅建成(附图片2张),short_body
19980403-09-006,北京《旭日惊雷》首映,no_topic
19980403-09-007,从长白山走来的歌唱家(附图片1张),no_topic
19980403-10-001,"多演些中外名剧,如何?",no_topic
19980403-10-002,《牡丹亭》将飞上美国舞台五十五折全本四百年来首次完整亮相,no_topic
19980403-10-004,母爱真情诠释生命真谛影片《下辈子还做母子》获好评,no_topic
19980403-10-005,北京举行魏喜奎创演奉调大鼓五十年纪念会,no_topic
19980403-10-006,专家研讨中央台国际节目,no_topic
19980403-10-007,陈美中国行(附图片1张),no_topic
19980403-10-008,追求非常规,no_topic
19980403-10-009,攀越生命的圣山(附图片1张),no_topic
19980403-10-010,她是真正的母亲———影片《白骆驼》观后(附图片1张),no_topic
19980403-10-011,《三节草》在法国获奖,short_body
19980403-11-001,大自然的呐喊,no_topic
19980403-11-002,马和马的诗,no_topic
19980403-11-003,倾听古城堡,no_topic
19980403-11-004,幽默着是美丽的,no_topic
19980403-11-005,万绿湖掠影,no_topic
19980403-11-006,野渡(外二章),no_topic
19980403-11-007,秭归情浓,title_length
19980403-12-001,抗老哲学———给自己做点思想工作,no_topic
19980403-12-002,少来『几下子』,no_topic
19980403-12-003,缸房,title_length
19980403-12-004,风筝畅想曲,no_topic
19980403-12-005,人是地球的客人,no_topic
19980403-12-006,诗三首,title_length
19980403-12-007,中国边疆探察丛书(附图片1张),no_topic
19980403-12-008,招手停(图片),short_body
19980404-01-001,少年儿童身心健康连着中南海江总书记对单县事件十分关心,review: 单县事件政治法律报道，非医疗
19980404-01-002,全国政协举行第三次主席会议李瑞环主持会议,no_topic
19980404-01-003,李岚清考察中央美术学院强调美育是素质教育重要组成部分,multiple_topics
19980404-01-005,在监督中行使权力———浙江金华市推行政务公开制度的调查,no_topic
19980404-01-006,一切权力属于人民,no_topic
19980404-01-007,《我与人民日报》征文启事,no_topic
19980404-01-008,孙英任中共甘肃省委书记,short_body
19980404-01-009,滇池污染底泥疏浚工程开工,no_topic
19980404-01-010,广东建成图书馆自动化网络,multiple_topics
19980404-01-011,北京取消二十八项收费项目,no_topic
19980404-01-012,上海市一年销售鲜花三亿支,no_topic
19980404-01-013,第二届亚欧会议在伦敦开幕布莱尔等致词朱镕基作重要讲话,no_topic
19980404-01-014,加强互利合作促进共同发展———在第二届亚欧会议上的讲话,no_topic
19980404-02-001,抓好春耕生产力争夏粮丰收,no_topic
19980404-02-002,第三届亚洲报业大会暨博览会举行,no_topic
19980404-02-003,李玉玲扶贫济困项目在京设立,no_topic
19980404-02-005,首都表彰文明城市建设先进单位及个人本报有关单位及个人榜上有名,no_topic
19980404-02-006,山东省东营市组织农业科技人员深入田间地头(图片),short_body
19980404-02-007,明天气象预报(4月4日20时—4月5日20时),no_topic
19980404-02-008,第二届中国投资贸易洽谈会将举办,no_topic
19980404-02-009,杜延庆同志逝世(附图片1张),no_topic
19980404-02-010,杨俊生同志逝世(附图片1张),no_topic
19980404-02-011,香港基本法推介联席会议举行研讨会纪念香港基本法颁布八周年,no_topic
19980404-02-012,香港特区首届立法会选举委员会组成,no_topic
19980404-03-001,姆贝基副总统访华前表示南非愿与我加强全面合作,no_topic
19980404-03-002,总统专机历险记,no_topic
19980404-03-003,中东和谈,title_length
19980404-03-004,东京证券交易所日经指数大幅下跌(图片),short_body
19980404-03-005,欧盟开始东扩谈判,no_topic
19980404-03-006,东亚经济传真,no_topic
19980404-03-008,拉那烈前往泰国希望很快能与洪森会晤,no_topic
19980404-03-009,伊总统府邸首阶段核查结束未发现大规模杀伤性武器,no_topic
19980404-03-010,越共领导人会见中共代表团中越两党代表团会谈,no_topic
19980404-03-011,"博茨瓦纳新总统莫哈埃一日在首都哈博罗内宣誓就职,表示要为推进私有化、发展生产力、减少贫困和扩大就业而奋斗。现年五十八岁的莫哈埃是博茨瓦纳一九六六年独立以来的第三位总统。他曾任副总统兼财政部长。",title_length
19980404-03-012,"韩国前安企部长官权宁海因涉嫌违反选举法、安企部法和毁损他人名誉,于三日凌晨被汉城地方检察厅拘捕。三月二十日,权宁海曾因涉嫌在去年韩国总统竞选时,支持一旅美韩国侨民举行记者会诋毁当时的总统候选人金大中而被传讯,后曾试图自杀,但未遂。",title_length
19980404-03-013,"南斯拉夫联盟总统米洛舍维奇二日致函塞尔维亚共和国领导人,强烈谴责某些外部势力借科索沃问题干涉南斯拉夫内政,并建议通过全民公决的形式由塞尔维亚人民来决定是否要『外国代表』参与解决科索沃问题。塞尔维亚共和国总统和政府当天分别发表声明支持米洛舍维奇举行全民公决的建议。塞尔维亚议会将于六日开会就全民公决一事做出决议。",title_length
19980404-03-014,"北约秘书长索拉纳一日晚抵达布加勒斯特,对罗马尼亚进行工作访问,他二日同康斯坦丁内斯库总统会谈后在新闻发布会上说,他此次同罗国家领导人讨论的问题包括波斯尼亚、科索沃等地区的局势。(本报专电)",title_length
19980404-03-015,"美国国会参议院二日通过了开支总额为一点七三万亿美元的一九九九财政年度联邦预算草案。据该项预算草案,在将于今年十月一日开始的一九九九财政年度里,美国联邦政府的财政收支将出现八十亿美元的盈余。这将是三十年来美联邦政府首次告别赤字。",title_length
19980404-03-016,"津巴布韦国防军总部二日在哈拉雷发表声明说,当天凌晨,首都哈拉雷总统府门前发生了一起枪击事件,一名总统府警卫中弹身亡。声明说,向总统府警卫开枪射击的是津巴布韦陆军少尉马沙瓦。",title_length
19980404-03-017,"一辆满载伊朗朝圣者的长途公共汽车与一辆油罐车二日在土耳其东南部的尚勒乌尔法省境内相撞,致使二十五名伊朗朝圣者和两名土耳其人死亡。车祸发生在比雷吉克县附近的『欧洲90』公路上,下雨路滑是造成这起严重车祸的主要原因。这辆载有三十八名伊朗人的长途客车是离开沙特阿拉伯的麦加后,经叙利亚进入土耳其境内的。(据新华社电)",title_length
19980404-04-001,别开生面的武术赛,no_topic
19980404-04-002,○四代围棋手贵阳较量,short_body
19980404-04-005,着眼未来改革赛程,no_topic
19980404-04-007,万达队获亚俱杯足球赛决赛权,short_body
19980404-04-008,邯钢经验告诉了我们什么,no_topic
19980404-04-010,沈阳破获虚开代开增值税发票案,no_topic
19980404-04-011,绿茵律动(图片4张),short_body
19980404-04-012,劳务外派再创名牌华铜海人踏上新征程,no_topic
19980404-05-001,《共产党宣言》传遍世界的福音,no_topic
19980404-05-002,关于《共产党宣言》的论述,no_topic
19980404-05-003,坚持从现实的实践出发,no_topic
19980404-05-004,再现“入门老师”---评析《画说〈共产党宣言〉》,no_topic
19980404-06-005,让我们从现在出发,no_topic
19980404-06-007,"首次以系列长篇形式展示人民海军战斗风貌的“金锚文学丛书”日前由中国青年出版社推出。该丛书包括朱秀海的长篇小说《波涛汹涌》、李云良的《海之魂》、李忠效的《翼上家园》、徐宝琦的《青石门》、宋树根的《“T81”在海军陆战队》,以及黄传会的长篇历史报告文学《龙旗悲歌》。这套丛书比较全面地反映了中国海军的发展历程,是推动中国海洋文学发展的有益尝试,同时也是一个了解海洋、了解海军官兵战斗生活的新窗口。(王闻)",title_length
19980404-06-008,"由中共江苏省委宣传部、中国作协创研部、江苏省新闻出版局、江苏省作家协会、江苏文艺出版社联合主办的范小青长篇小说《百日阳光》作品研讨会日前在京举行。作品以苏南乡镇企业兴衰存亡为切入点,是一部深刻揭示社会大变革时期各个阶层尤其是乡镇干部的心理痛苦裂变过程的长篇小说。小说以新的视角、现实主义的笔法回顾了苏南乡镇企业艰难的创业历程,揭示了那些从辉煌走向危机的“改革者”怎样在瞬息万变、旦夕存亡的现实面前,主动把握自己命运的艰难历程。",title_length
19980404-06-009,"群众出版社和中国作家协会创作研究部联合举办的“九十年代大案要案侦破纪实丛书”研讨会近日在北京召开。丛书所选案例不仅知名度高,而且许多细节内幕都是首次披露。作品不仅向读者展现了这些大案要案的发案、侦破的过程,更以深沉的笔调,叙述了刑警们的艰辛与无畏。同时,作品对犯罪心理的剖析、对罪犯人生轨迹的思考,具有较深远的社会学意义和警世作用。这套丛书包括《犯罪升级》(胡平著)、《原罪》(牛伯成著)、《梦醒魂不归》(杨黎光、蔡志明著)、《天府之国魔与道》(张成功著)、《冷血》(高红十著)、《走出噩梦》(张国擎著)、《迷失的灵魂》(刘益善著)。(长文)",title_length
19980404-06-010,"中国诗歌学会日前举行了“慕紫诗词作品研讨会”。慕紫原名李延麟,他从自己大量诗词作品中筛选、结集出版了《吟啸集》。与会诗人和专家认为,作品从不同角度表现了民族命运和时代精神,热情地讴歌改革开放的崭新风貌和推动历史前进的英雄业绩,由衷地赞扬崇高的人格精神,字里行间洋溢着民族正气和爱国情愫以及对真善美的追求,深沉内在地反映了一代知识分子的心路历程和情感素质。",title_length
19980404-06-011,"21世纪出版社新版的《一百个中国孩子的梦》(作者:董宏猷),以中国当代四至十五岁的少年儿童的梦幻世界为描写对象,深刻揭示了不同年龄、不同地区、不同民族、不同生活背景中的孩子们的精神世界和心灵生活,展示了一个宏大而又独异的艺术世界。作品以飞扬的想象、朴素的文字、纯真的情感为我国儿童文苑增添了一株不可多得的奇葩。对此书的修订新版,是21世纪出版社探索生产精品图书的一种有效途径。(杨文)",title_length
19980404-06-012,"由中国作协创研部等单位举办的长篇报告文学《忠诚》研讨会日前在京召开。由赖妙宽创作的这部报告文学,通过长期深入的采访,准确、生动地描述了福建漳州“110”巡警支队战士们的精神风貌和成长历程,塑造了对党和人民赤胆忠心的人民警察的形象,表现了广大警察队伍忠诚于党和人民事业的高尚品格。与会者认为,作品以现实生活为素材,进行了典型人物的塑造,具有感染力和教育意义,是一部较好的报告文学作品。(一石)",title_length
19980404-07-001,路在脚下,title_length
19980404-07-002,一个脚印一支歌(附图片1张),no_topic
19980404-07-003,相信你自己,no_topic
19980404-07-004,图片新闻,title_length
19980404-07-005,护卫队长的妻子,no_topic
19980404-07-006,我向妻子敬个礼,no_topic
19980404-07-007,怀孕就得下岗吗?请看---一位准妈妈的迷惑,no_topic
19980404-07-008,柔肩扛国企,no_topic
19980404-08-001,神奇的红土地———登临井冈山遐想,no_topic
19980404-08-002,家长莫做『泥人张』,no_topic
19980404-08-003,再增一份家业,no_topic
19980404-08-004,徐州汉画像石,no_topic
19980404-08-005,旅游谈,title_length
19980404-08-006,题画诗七首(附图片1张),no_topic
19980405-01-001,植树造林绿化祖国保护环境江泽民等参加首都全民义务植树活动,no_topic
19980405-01-002,江泽民《在全国组织工作会议上的讲话》出版发行,short_body
19980405-01-003,福建进一步改善投资环境承德外商投资占固定资产投资总额1/3,no_topic
19980405-01-005,第二届亚欧会议在伦敦闭幕,no_topic
19980405-01-006,郴州广开再就业门路,no_topic
19980405-01-007,多一点“断然措施”,no_topic
19980405-01-008,『打井书记』与『老犟头』,no_topic
19980405-01-009,大同鼓励多渠道再就业,no_topic
19980405-01-011,"在四月四日举行的整修黄帝陵捐资仪式上,宁夏回族自治区捐资四十万元,加上海南省、中国人民银行等三十四个单位和一些个人捐资,共四百多万元。至此,海内外各界为整修黄帝陵工程捐款累计达三千八百八十万元。整修黄帝陵一期工程已基本完工,陵区初步展现出『雄伟、庄严、肃穆、古朴』的恢宏气势。据悉,黄帝陵整修一期工程投资八千二百多万元,即将开始的二期工程约需资金一点五亿元,整修黄帝陵捐资筹资工作仍在进行。(孟西安祁勇)",title_length
19980405-01-012,"今年三月份,小浪底水利枢纽工程进水口完成混凝土浇筑五点七万立方米,三号消力塘完成二点六万立方米,开创了主体工程开工以来混凝土浇筑的最高纪录。截流后,一标大坝工程基坑开挖提前九十二天完成,进入坝体填筑。厚一点二米、最大深度八十多米的防渗墙左岸地下部分提前两个月完工,截至三月二十二日,上游拦洪围堰填筑到一百七十五米高程。目前,整个坝体填筑总量逾二千万立方米,达到设计总量的百分之四十。(刘凤翔范满朝)",title_length
19980405-01-013,"今后三年,山东省将投资二十二亿元,新建住房三百万平方米,用以解决教师住房困难。这是山东省进一步落实教育优先发展战略的重要举措。山东省近四年建成教职工住房三百九十二万平方米,教职工家庭人均居住面积由一九九三年的七点八平方米提高到九平方米,住房成套率由百分之五十四提高到百分之七十五,许多市地都建起了环境优美、设施齐全的园丁小区或教师新村。全省教职工住房紧张的状况得到了缓解。(贾建舟刘磊)",title_length
19980405-02-001,法认为朱镕基访法意义重大,no_topic
19980405-02-002,唐家璇举行记者招待会强调朱镕基伦敦之行非常成功,no_topic
19980405-02-006,明天气象预报(4月5日20时—4月6日20时),no_topic
19980405-02-007,少先队员祭英灵(图片),short_body
19980405-02-008,第14次南极考察队凯旋抵沪,no_topic
19980405-02-009,莫桑比克总统抵澳门访问,no_topic
19980405-02-010,《马文瑞文选》《马文瑞回忆录》出版座谈会举行,no_topic
19980405-02-013,男篮全明星赛外籍明星队获胜,no_topic
19980405-02-014,朱物华教授逝世,no_topic
19980405-02-015,张贤良同志逝世,no_topic
19980405-02-016,齐渭川同志逝世,no_topic
19980405-02-018,"俄总统新闻局三日发布的消息说,俄罗斯总统叶利钦和日本首相桥本龙太郎的第二次非正式会晤将改为于四月十八日至十九日举行。按原来计划,叶利钦应于四月十一日至十三日访问日本,同桥本首相进行这次会晤。正在伦敦出席第二届亚欧会议的桥本首相对叶利钦由于国内政局方面的原因而推迟访日表示理解。",title_length
19980405-02-019,"纽约股市道琼斯三十种工业股票平均价格指数在连续三个交易日上扬后,三日再探九千点大关,但终未成功。但与此相反,纽约股市标准普尔五百种股票价格指数、纽约证券交易所综合指数、以技术股为主的纳斯达克股市指数以及以小公司为主的美国股票交易所市场指数当天则普创新高。",title_length
19980405-02-020,"受华尔街股市开盘利好的鼓舞,英、德股市三日再次双双打破纪录。当天,伦敦《金融时报》一百种股票价格指数盘中一度跃上六千一百点。与此同时,德国法兰克福股市也升势不减。DAX三十种股票价格指数全天上升四十六点八六点,以五千二百二十三点五二点的最新纪录报收。当天,法国巴黎股市则未能保住升势。CAC四十种股票价格指数在前三个交易日连创纪录后下滑三点八六点,以三千九百三十二点零二点结束本周交易。",title_length
19980405-02-021,"纽约外汇市场三日美元对日元汇价升至六年半以来的最高点,而对其他西方主要货币的汇价则普遍下降。纽约汇市美元对日元的汇价从前一交易日的一比一百三十三点五○大幅升至一比一百三十五点一○,达到一九九一年九月以来的最高点。但与此相反,受投资者获利回吐的影响,美元对德国马克的汇价则从前一交易日的一比一点八五四三降至一比一点八四七二。",title_length
19980405-02-022,"伊朗三日释放的第二批约一千名伊拉克战俘当日晚抵达两伊边境小城蒙达利亚。同一天,伊拉克也释放了五十名伊朗战俘。伊拉克和伊朗因边境争端于一九八○年至一九八八年进行了长达八年的战争。",title_length
19980405-02-023,"吉尔吉斯斯坦总统阿卡耶夫三日签署命令,决定对政府进行改组。据国际文传电讯社报道,根据阿卡耶夫的命令,吉尔吉斯斯坦政府只保留一名第一副总理,其余副总理全部取消,他们的职能将转交给各部部长。阿卡耶夫任命比什凯克市市长西拉耶夫为第一副总理。(据新华社电)",title_length
19980405-03-001,列宁曾在这里演说,no_topic
19980405-03-002,“花神”情,no_topic
19980405-03-003,瑞典人的窗户,no_topic
19980405-03-004,步行街的诱人之处,no_topic
19980405-03-005,都市情韵,title_length
19980405-03-006,假日(图片),short_body
19980405-03-007,沃吕维公园的品位,no_topic
19980405-03-008,布鲁塞尔花树满街,no_topic
19980405-03-009,今日冬宫(图片),short_body
19980405-04-001,小浪底:迎接汛期之战———写在黄河截流150天之际(附图片1张),no_topic
19980405-04-002,小浪底工程数据库,no_topic
19980405-04-003,小浪底人的一二三四,no_topic
19980405-04-006,省庆节约防铺张海南纪委敲警钟,no_topic
19980405-04-007,中美俄联合调查确认长白山尚存东北虎(附图片1张),no_topic
19980405-04-008,中外学者关注西域探险丛书,no_topic
19980405-04-011,"本报讯珠海市日前正式实行『缴费一户通』服务。缴费人只需一本存折或一个银行账户(可任选一家授权的金融机构),即可缴纳各种费用。首批提供这一服务的有市供水公司、供电局等四家单位,涉及水、电、电话、移动通讯、有线电视维护等五项收费。(赵京安)",title_length
19980405-04-012,"本报讯正在加紧筹建中的甘肃省地方铁路玉门镇至敦煌的玉敦铁路日前有一亿美元外资到位,各项前期准备工作顺利进行,预计今年秋季破土动工。按铁道部第二勘测院所作的可行性报告,这条铁路建成后,年旅客发送量一百万至二百万人次,货运量二百五十万至三百五十万吨,投资回收期为八至十年。(罗英)",title_length
19980405-04-013,"本报讯日前,青岛市实验话剧团与青岛永利实业发展公司『喜结良缘』。至此,青岛市九个市直专业艺术表演团体全部与企业『联姻』。通过『文企联姻』,企业每年资助青岛市直文艺团体费用已达一百八十万元。『文企联姻』增强了文艺团体的活力,使他们能够集中精力抓创作,演出积极性也空前高涨。(宋学春)",title_length
19980406-01-001,四川企业资产重组显生机,no_topic
19980406-01-002,新疆:万名机关干部充实基层,no_topic
19980406-01-003,中央军委决定组建中国人民解放军总装备部,no_topic
19980406-01-005,圆满结束伦敦之行开始访法朱镕基总理抵达巴黎,no_topic
19980406-01-006,『不能辜负这块牌子』---劳动和社会保障部挂牌目睹记,no_topic
19980406-01-007,《我与人民日报》征文启事,no_topic
19980406-01-009,韩国鼓励失业者回乡务农,no_topic
19980406-01-010,图片新闻,title_length
19980406-01-011,我国首次开发黄河上游航运,no_topic
19980406-01-012,大型花卉交易中心在京落成,no_topic
19980406-01-013,『要敢于亮短』---新一届浙江省政府首次全会侧记,no_topic
19980406-02-001,建立健全国有企业监督约束机制,no_topic
19980406-02-002,审计监督不可少,no_topic
19980406-02-004,图片新闻,title_length
19980406-02-006,横祸变机遇———徐州矿务局扭亏为盈纪实,no_topic
19980406-02-007,从“半夜机叫”到人欢机鸣葫芦岛降低农用三轮车收费,no_topic
19980406-02-009,老夫妻义助下岗人,no_topic
19980406-02-010,安义个体私营经济得到发展,no_topic
19980406-02-012,北京生产新型地铁客车,short_body
19980406-02-013,吉林四市优化资本结构,no_topic
19980406-02-014,"本报讯山西省柳林县国税局根据经济发展实际和企业改制情况,调整重点税源监控户,从今年起建立重点税源企业税收资料档案,将各监控企业涉及的税收征管、税务稽查及经济税源等资料,进行收集、汇总、归档,以利管好、管住大户,把握主体税源,进一步做好税收工作。(云峰)",title_length
19980406-02-015,"本报讯开封市一九九七年度税收大检查历时三个多月,于日前结束,共检查各类纳税人一千六百九十九户,查补金额共计一千二百八十九万元。(穆改成)",title_length
19980406-02-016,"本报讯中国三江航天公司近日与白俄罗斯明斯克轮式牵引厂正式签约,在湖北孝感市组建三江瓦力特特种车辆有限公司,开发生产国内急需的石油、矿山、森林等特殊用途的重型越野车。(杜若原范玉玮)",title_length
19980406-02-017,"本报讯日前,中美合资澳柯玛阿莫勒净水设备有限公司正式成立。该公司计划投资一亿元,在本世纪末实现一百万套的年生产能力,实现销售收入三十五亿元。(宋学春)",title_length
19980406-02-018,"本报讯大京九贯通后的第一个现代化大型综合批发市场日前在安徽阜阳动工兴建。该市场投资两亿元,占地一百五十亩,建筑面积二十万平方米,建成后年交易额可达三十亿元人民币。(晨文)",title_length
19980406-03-002,平等团结共同繁荣(附图片1张),no_topic
19980406-03-003,促进政府机关廉洁高效(附图片1张),no_topic
19980406-03-004,为国分忧为民解愁(附图片1张),no_topic
19980406-03-005,郑州千名干警下基层,no_topic
19980406-03-006,老区抗灾歌---山西省和顺县恢复水毁路桥纪实,no_topic
19980406-03-008,勇于探索深化改革(附图片1张),no_topic
19980406-03-009,大胆改革钦州规范机关干部作风,no_topic
19980406-03-010,"本报讯三月二十二日上午七时,春寒料峭。江苏兴化市政府门旁宣传长廊前已挤满了刚刚晨练结束的市民们,人们在竞相观看见义勇为光荣榜上的十三位普通百姓英雄胸戴大红花的照片和事迹介绍,久久不愿离去。自一九九四年以来,兴化市每年都表彰一批老百姓中的英雄人物,到今年,有四十四名平凡百姓获此殊荣。",title_length
19980406-03-011,"本报讯团结报迎来四十二岁生日之际,从四月起又一次扩刊,由原来的周二刊变为周三刊。团结报是民主党派主办的全国唯一一家向国内外发行的、具有统一战线性质的报纸。四十二年来,逐步形成了自己的办报特色,在国内外产生了较大影响。(亢振洲)",title_length
19980406-03-012,"本报讯驻天山某师在完成训练、执勤等任务的同时,积极投身边疆经济建设。近年来,该师先后出动兵力十七万余人次,车辆九千多台参加亚欧光缆、南北疆光缆、克拉玛依油井维修等八项重点工程建设,有力促进了边疆经济繁荣。",title_length
19980406-03-013,"本报讯近日,五十辆猎豹汽车首次装备我军,这标志着以长丰集团为代表的军工企业在汽车生产技术上达到新水准。猎豹汽车是我国唯一与日本三菱汽车合作生产的越野汽车。长丰集团作为具有五十年历史的军工企业,大胆吸收国外先进技术,开发出具有国际九十年代先进水平的轻型越野汽车。预计该集团将生产三万辆轻型越野车用于装备部队等。(李欣欣)",title_length
19980406-04-001,罗大冈先生逝世,no_topic
19980406-04-002,马支书说『路』,no_topic
19980406-04-004,广东省饶平县水产养殖业发展迅速(图片),short_body
19980406-04-005,民评官正行风抓整改漳州市强化社会舆论监督,no_topic
19980406-04-006,出会海下基层办实事即墨推行干部驻点责任制,no_topic
19980406-04-007,出版物差错应予重视,no_topic
19980406-04-008,明天气象预报(4月6日20时—4月7日20时),no_topic
19980406-04-009,清明缅怀孔繁森,no_topic
19980406-04-010,光抓“一个桶”还不够,no_topic
19980406-04-011,清明公祭黄帝陵盛典举行『香港回归纪念碑』在黄陵县揭碑(附图片2张),no_topic
19980406-04-012,紧急避孕药“毓婷”面世,no_topic
19980406-04-013,葫芦岛纪念塔山阻击战胜利50周年,no_topic
19980406-05-004,心系老区---北京圆明园学院扶贫助教纪事,no_topic
19980406-05-005,北大:邓小平理论课热起来,no_topic
19980406-05-006,专家呼吁———强化采油基础研究不应放松,no_topic
19980406-06-001,欧盟领导人高度评价欧中关系,no_topic
19980406-06-002,朱镕基总理会见我驻英使馆人员,no_topic
19980406-06-003,树立跨世纪外交意识---访新任外交部长唐家璇(附图片1张),no_topic
19980406-06-004,亚欧合作前景广阔,no_topic
19980406-06-005,越共总书记强调坚持开放政策,no_topic
19980406-06-006,柬政府重申拉那烈参选条件,no_topic
19980406-06-007,我驻朝鲜使馆人员祭扫志愿军烈士墓,no_topic
19980406-06-008,美纪念马丁·路德·金遇害30周年(附图片1张),no_topic
19980406-06-009,图片新闻,title_length
19980406-06-010,黎重申不同以进行安全谈判阿盟支持黎巴嫩立场,no_topic
19980406-06-011,两伊交换第三批战俘,no_topic
19980406-06-012,乌发生重大煤矿爆炸事故一百多名矿工伤亡,no_topic
19980406-06-013,法国右翼矛盾激化面临重组———地方选举带来的冲击,no_topic
19980406-07-001,关于寻找黑洞存在的证据(附图片1张),no_topic
19980406-07-002,英国金字招牌易手---德国宝马收购劳斯莱斯,no_topic
19980406-07-003,克林顿发出紧急呼吁要求日本改变经济发展战略,no_topic
19980406-07-004,西奈扫毒战,no_topic
19980406-07-005,埃及首都遭受沙暴袭击(图片),short_body
19980406-07-006,尼近三百人翻船身亡菲百万灾民断炊缺粮,no_topic
19980406-07-007,斯洛伐克对高收入者加征所得税,no_topic
19980406-08-001,新一届国家男篮组成,no_topic
19980406-08-004,点球大战功亏一篑万达队屈居亚俱杯赛亚军,no_topic
19980406-08-005,琼斯能为中国田坛带来什么?,no_topic
19980406-08-009,国际职业台球冠军挑战赛将举行,no_topic
19980406-09-001,优惠卖公房理所应当,no_topic
19980406-09-002,福利分房一大怪一座高楼半拉空,no_topic
19980406-09-003,拆去篱笆拔掉桩,no_topic
19980406-09-004,市场封不住,no_topic
19980406-09-005,白条存折骗走百万存款(附图片1张),no_topic
19980406-09-006,性质不同规范机制不同,no_topic
19980406-09-007,娘啊---你在哪里(图片),short_body
19980406-09-008,沟通你和我,no_topic
19980406-09-009,组建“联合舰队”,no_topic
19980406-09-010,整个“门窗”要开通,no_topic
19980406-10-002,基本面发生哪些变化,no_topic
19980406-10-003,如何办理存单(折)挂失止付,no_topic
19980406-10-006,沪市上周上涨前五名(%),short_body
19980406-10-007,上市公司(A股)1997年度主要经济指标一览表(7),no_topic
19980406-10-008,上证综合指数日K线图(图片),short_body
19980406-10-010,沪市上周下跌前五名(%),short_body
19980406-10-011,深市上周上涨前五名(%),short_body
19980406-10-012,深市上周下跌前五名(%),short_body
19980406-10-013,深证成份指数日K线图(图片),short_body
19980406-11-001,警惕农药残毒,no_topic
19980406-11-002,渴望车税代收,no_topic
19980406-11-003,"诺基亚,『百岁』好年轻",no_topic
19980406-11-004,模特身高降低了,no_topic
19980406-11-005,有志气的残疾人(附图片3张),no_topic
19980406-11-006,电炉与客饭,no_topic
19980406-11-007,"由上海日立上菱电化机器有限公司独家开发和生产的日立『好用』系列全自动洗衣机近日在京上市。它兼有滚筒机超静、易干和套筒机省时、省水等优点。采用电脑模糊控制,操作便捷。能同时产生槌捣、搓揉、搅拌三重效果,洗净度比以往产品提高百分之十五,去污除渍能力增强百分之二十,洗涤均匀率提高百分之十左右。(东威)",title_length
19980406-11-008,"日前,工商银行江西省南昌市分行的电子汇兑系统开始投入使用。一笔汇款从签发到入账仅用1天时间,一年内资金至少可周转260次。",title_length
19980406-11-009,"电子温控型冰箱扬子BCDK系列最近投放市场。扬子采用其德国母公司博世西门子最新技术及进口零部件生产的电子温控冰箱,质量成熟稳定,除电脑控制温度外,还有温度记忆与报警功能。当冷冻温度高于或等于零下九摄氏度时,冰箱自动报警。还有适应气候范围广、速冻保鲜、压缩机自动保护、宽电压工作范围等优点。(荷清)",title_length
19980406-11-010,"’97年全国食品日用品千店监测结果日前在京揭晓,红桃K品牌的市场综合占有率在同类商品中居第一。此次监测是国内贸易部近年来组织的最大一次市场商品调查活动。全国共有1212家商店被列为月度销售监测点,其中有166个保健滋补品受到市场定点监测,红桃K品牌占有9·24%的市场份额。(大农)",title_length
19980406-11-011,"微软(中国)有限公司日前在京正式发布中文版ExchangeServer5.5。它提供了一个能够充分满足用户需求的企业级消息系统平台,支持lnternet上的多种标准。用户可以在ExchangeServer上开发各种协作应用。同时,康柏电脑(中国)公司也展示了可对Exchange",title_length
19980406-11-012,"由中国服装协会和真维斯国际(香港)有限公司举办的’98中国“真维斯”杯休闲装设计大赛日前落幕。一年一度的“真维斯”杯全国休闲装设计大赛已成为内地与香港服装业进行交流的重要形式之一。这次大赛参赛人数及作品均超过以往各届,共有915份设计图稿参赛。(陈玲)",title_length
19980406-11-013,"国际电子交易软件业领导厂商SLM软件公司与中国银行合作,所提供的电子银行管理解决方案在北京、广州、上海、天津及青岛五市试点进行的在线分行联通试验日前成功。中国银行的客户将首次可以在五市的任何一家中国银行的分支机构或自动柜员机访问自己账户及进行电子交易。(安巍)",title_length
19980406-11-014,"美国康宁公司所属子公司康泰罗公司日前与中国环境科学研究院签订一项合作协议,为中国客户提供环保实验室测试服务。康泰罗公司拥有美国最大的环保实验室,将向中方合作伙伴提供技术、经验和专长,并能按照国际先进标准对空气、水和土壤中有害物质进行检测。可为政府和工程建设领域提供测试服务。(石爱武)",title_length
19980406-11-015,"由北京昌平科技园区北京同春堂药膳医学研究所与山东莘县外贸公司合作研究开发的苦瓜含片近日面市。苦瓜中含有一种多肽类物质,能与胰岛素相媲美,有降低血糖血脂作用。该产品将给糖尿病人及高血糖、高血脂人群,糖尿病遗传基因高危人群带来福音。(商泽军)",title_length
19980406-11-016,"一种旋转式LED电子显示装置日前由北京航天诺浩科技有限公司研制成功并通过鉴定。这种装置是一种机械扫描与电子扫描相结合的新型信息显示媒体,拥有显示形式和显示机理方面的发明和创新,已获国家专利。(仲文)",title_length
19980406-11-017,"一种能够有效防止有害电磁波辐射的日本新产品『安心君』贴片,经中国计量科学研究院检测认定后近日正式进入中国市场。该产品适用于移动电话、电视机、计算机、电冰箱、对讲机、微波炉、日光灯、复印机、传真机等。(罗建文)",title_length
19980406-12-001,危机面前看旅游———访国家旅游局市场开发司司长杨文珍,no_topic
19980406-12-002,九八中国旅游走势,no_topic
19980406-12-003,春节旅游热服务投诉多机票难订热点发烫价格攀升,no_topic
19980406-12-004,参团旅游加小心,no_topic
19980406-12-005,怎样选择旅行社?,no_topic
19980406-12-006,城镇居民:十有九人出门游,no_topic
19980406-12-007,“亲情旅游”的生意眼,no_topic
19980406-12-008,风景名胜区法呼之欲出,no_topic
19980406-12-009,1997年主要城市国际旅游外汇收入(单位:万美元),short_body
19980406-12-010,1997年中国旅游业发展情况计量单位1997年1996年,short_body
19980406-12-011,云雾迷漫的黄山蓬莱三岛(图片),short_body
19980406-12-012,"绿草茵茵,骏马奔驰,云南迪庆的赛马会吸引着众多的中外游客(图片)",short_body
19980407-01-002,希拉克总统会见朱镕基总理,no_topic
19980407-01-005,法国工商界欢迎朱镕基总理,no_topic
19980407-01-006,『进口』要严『出口』要畅,no_topic
19980407-01-007,“人民小会堂”赞,no_topic
19980407-01-008,指导麦田管理夺取夏粮丰收河南万名干部农技人员深入田间地头,no_topic
19980407-01-009,我国外债各项指标良好去年偿债率债务率均低于一般国际标准,no_topic
19980407-01-010,建设者之歌(图片),short_body
19980407-01-012,"由中国试飞员学院培养的3名硕士生日前在西北工业大学通过了学位论文答辩,从而成为我国首批具有硕士学历的新机试飞员。此间,他们完成了15门理论课程学习,还进行了诸如民机失速速度、失速特性、空中最小操纵速度等高难度、高风险科目的试飞训练。截至目前,他们每个人的平均飞行时间都在1930小时左右,并完成试飞247个小时,完全达到了国际水准。",title_length
19980407-01-013,"山东济南市沉睡多年的荒山、荒水、荒坡、荒滩,由于政府实行公开拍卖,各方竞相承购,成了新的投资热土。到目前为止,全市114万亩“四荒”已拍卖开发82万亩,其中仅企业和市民就购买开发9.5万亩,全市累计吸引非农资金6.2亿元。自1994年以来,济南仅市区已有119家企业和1000多名市民参与“四荒”购买开发活动,累计建起粮食、经济作物、果林基地和渔场6万多亩,发展畜牧养殖10万多头(只),年经济收入达4.5亿元。",title_length
19980407-01-014,"目前我国已有300多个大学的计算机网络与因特网联接,至少有25万名大学师生可利用因特网进行交流和查询。我国的教育与科研网已与香港特区、美国、德国等国家和地区联网,国家有关部门正积极组织电子图书馆上网,并利用这个网络开展远程教育。",title_length
19980407-01-015,"记者从教育部考试中心获悉,到1997年底,全国已有77万余人参加全国计算机等级考试,其中32.5万人获得全国计算机等级证书。至今年上半年累计报考人数将突破110万。(除署名外均据新华社)",title_length
19980407-02-001,政策优惠观念更新绵阳下岗职工自谋职业,no_topic
19980407-02-002,警惕———公路三乱反弹,no_topic
19980407-02-003,春早人宜勤会风不可长,no_topic
19980407-02-004,专家到山寨(图片),short_body
19980407-02-005,良种送村头(图片),short_body
19980407-02-006,有组织有职权有手段大连发挥职工物价监督作用,no_topic
19980407-02-007,重视“游击队”,no_topic
19980407-02-008,不煮夹生饭———沈阳市和平区企业转制采访札记,no_topic
19980407-02-009,一季度全国压锭74.2万,no_topic
19980407-02-010,东北四省区抗旱保春播,no_topic
19980407-02-011,内蒙古工业利润年增八成,no_topic
19980407-02-013,广西实行“人盯人”扶贫,no_topic
19980407-02-015,广东海关促外贸有新招,no_topic
19980407-02-016,赣州下岗职工组建联合体全市共有联合体三百六十多个,no_topic
19980407-02-017,"本报讯一九九八年国家开发银行承贷的国家电力基建大型项目投产容量达九百三十八万千瓦,占全国投产容量的百分之八十。一批国家重点电站项目相继投产发电,缓解了全国电网的紧张局面,有力地支持了国民经济的发展。(张红)",title_length
19980407-02-018,"本报讯广东美的集团日前发布消息,公开招聘营销、国际贸易、法律、金融等方面的高层次人才,并且特别要求『所有应聘人员均须在国家、省属机关从事相关工作三年以上』。这是该集团支持政府机构改革,广开人才渠道的一项举措。",title_length
19980407-02-019,"本报讯山东省国际信托投资公司成立十年成绩显著。目前公司已由一个总资产不过数亿元的专业化公司,发展成为总资产达到一百六十四亿多元,以金融投资为龙头的综合性集团公司。(张文)",title_length
19980407-02-020,"本报讯过去曾累计亏损一点二亿元的山西太原市物资局改革管理机制,一九九五年初改制为山西太原物产集团有限公司后,放下架子闯市场,积极开拓经营门路,不仅实现了当年扭亏为盈,三年来还累计减亏三千多万元。(李同原)",title_length
19980407-02-021,"本报讯广(通)大(理)铁路关键工程全长三千七百七十八米的猫猫关隧道,经过铁十六局建设者数年苦战,近日如期建成。至此,全线五十余座隧道全部贯通,总延长达二十六公里。(袁勇)",title_length
19980407-02-022,"本报讯西北油漆厂在全国同行业中率先突破计划经济体制下的条条框框,直接面对市场,把开发新技术新产品结合起来,已连续十五年经济效益居全国同行业之首。去年实现利税二千五百万元。(陈伟光)",title_length
19980407-03-001,全军和武警部队安置近五万随军家属就业,no_topic
19980407-03-004,抓基础建设保一方平安海南加强社会治安综合治理,no_topic
19980407-03-005,巾帼文明示范岗(图片),no_topic
19980407-03-006,知难贵在解难承诺更重践诺大同“窗口”行业推出“便民服务卡”,no_topic
19980407-03-007,冰湖壮歌,title_length
19980407-03-008,"本报讯辽宁省建昌县纪委在全县农村普遍推行了村务公开制度。经过近两年的努力,使这项工作取得了明显成效。据统计,全县三十二个乡镇、三百五十八个村通过实行村务公开,仅招待费一项平均每年下降百分之三十。一九九六至一九九七年全县农村共节省各种开支近五百万元,有效地减轻了农民负担,缓解了各种矛盾,农村上访量减少了百分之六十,进一步密切了党群、干群关系。",title_length
19980407-03-009,"本报讯湖北省阳新县建立健全三项制度,使干部监督走向制度化。一是坚持联席会议制度,纪检、监察、公检法、信访、审计等部门的联席会一般每季度进行一次和在干部考查前、提拔前召开一次。二是推行干部函询制度,把干部的管理寓于群众的监督之中。三是实行诫勉、降免职制度,强化干部的激励约束机制。自一九九六年以来,县委对五个科局的领导班子、二十名副科级以上领导干部进行了谈话诫勉。对四十九名不称职者,进行了降免职处理。(邱长星向能来)",title_length
19980407-03-010,"本报讯山东省乐陵市把治理『三乱』、加强软环境建设作为放开搞活的切入点,动真的、来实的。从今年年初到三月底,共清理、废止各种收费项目三百四十二个,为本市经济发展整顿出一个良好的外部环境。(李玉胜李汉荣)",title_length
19980407-03-011,"本报讯武警广东总队医院在培养高层次人才上采取『送出去,请进来』的方法,共送出去上学、进修和培训的各类技术干部四十余人,引进各类高科技人才六十余人,其中引进博士生一人,硕士研究生二十三人,改善了医疗科技队伍的结构,提高了整体素质。(顾锋胡静)",title_length
19980407-04-001,中宣部等五单位联合举办报告会强调,no_topic
19980407-04-003,图片新闻,title_length
19980407-04-004,明天气象预报(4月7日20时—4月8日20时),short_body
19980407-04-005,迟浩田和乌克兰国防部长会谈,no_topic
19980407-04-006,钱其琛会见以色列前总理佩雷斯,no_topic
19980407-04-008,傅全有会见匈牙利客人,short_body
19980407-04-009,人民日报创刊五十周年读报知识竞赛启事,no_topic
19980407-04-010,朝鲜驻华使馆举行电影招待会纪念金日成诞辰八十六周年,short_body
19980407-04-011,东西部合作与投资贸易洽谈会开幕,no_topic
19980407-04-013,佩雷斯访问人民日报社,short_body
19980407-04-014,干部包村包户集中财力扶贫龙岩贫困面降至千分之三,no_topic
19980407-04-016,关键在于组织好,no_topic
19980407-04-017,徐虎开创新事业,no_topic
19980407-04-018,《人民政协报》植树度社庆,no_topic
19980407-04-019,“八五”全国优秀长篇小说评奖揭晓,no_topic
19980407-05-002,教育部就学生中毒事件发出紧急通知严禁向学校推销药品保健品,multiple_topics
19980407-05-005,倾其所有义务施教曹春生创建“希望儿童村”,no_topic
19980407-05-006,北京举办农技擂台赛,no_topic
19980407-05-007,川西石经寺修复一新,no_topic
19980407-05-008,"本报讯世界传播集团第十届年会暨第四届世界青年创业者大奖赛于4月4日在北京举行,该活动由中国国际企业合作公司主办,世界传播集团中国代表机构北京新日亚太公共关系公司承办。世界传播集团是目前世界上最大的公共关系联合体和公共关系合作网络。(科文)",title_length
19980407-05-009,"本报讯即将迎来百岁生日的北京大学收到一份厚礼,1998首都八高校暨北大法律文化节开幕。届时,为期一个月的文化节活动全面启动。今年文化节旨在营造学术氛围,增进校际系际交流。(陈冀)",title_length
19980407-05-010,"本报讯用于笔记本电脑的奔腾二代处理器日前在京发布,同时,一批国内厂家展示了装备这种速度最快处理器的笔记本电脑。用于笔记本电脑的CPU采用0.25微米的半导体技术,其核心电压达到了前所未有的1.7伏,从而保证耗电量不大于极限值8瓦。(任建民)",title_length
19980407-05-011,本报讯记者艾笑报道:香港林护基金会董事会4月4日向北京医科大学拟建的眼科中心无偿捐赠200万美元。,short_body
19980407-06-001,朱镕基会见德斯坦和巴尔看望我驻法人员,no_topic
19980407-06-002,韩国同意与朝鲜举行副部级会谈,no_topic
19980407-06-003,克林顿的非洲行,no_topic
19980407-06-004,安第斯共同体首脑会议闭幕就建立共同市场等达成共识,no_topic
19980407-06-005,奥尔布赖特呼吁加勒比国家共同加强反毒斗争,no_topic
19980407-06-006,内塔尼亚胡致电穆巴拉克希望埃及帮助打破和谈僵局,no_topic
19980407-06-007,索尼娅出任印国大党主席(附图片1张),no_topic
19980407-06-008,乌克兰议会选举初析,no_topic
19980407-06-010,斯里兰卡修改法令新闻记者免吃官司,no_topic
19980407-06-011,波士顿公共图书馆展出巨型书纪念开馆150周年(图片),short_body
19980407-06-012,基里延科能否过关,no_topic
19980407-06-013,杀害哈马斯要员疑犯被捕,no_topic
19980407-07-001,三份报告两种调子一个隐忧,no_topic
19980407-07-002,欧佩克会议后油价走势如何,no_topic
19980407-07-003,加强宣传开放市场着眼长远东南亚国家引资有新招,no_topic
19980407-07-006,巴西大火数月万顷林木化灰烬天降好雨多国灭火见成效,no_topic
19980407-07-007,四月七日『世界无危险生育日』,no_topic
19980407-07-008,世界吊桥新纪录———日本明石海峡大桥通车(附图片1张),no_topic
19980407-08-002,济南军区驻豫某分部所属医院注重开展健康有益的文体活动(图片),short_body
19980407-08-003,中国足协处罚违纪人员和赛区,no_topic
19980407-08-007,七名选手参加『女飞人』挑战赛,no_topic
19980407-08-008,伴激越鼓声迎崭新世纪中日青年友好长跑万里行将举行,no_topic
19980407-08-009,北京涉外酒店举行足球赛,short_body
19980407-09-001,资溪面包走天下(附图片2张),no_topic
19980407-09-002,沙进人退三迁县城造林育草绿披策勒,no_topic
19980407-09-003,“热锭冷砸”的思考,no_topic
19980407-09-005,领养一棵自己的树,no_topic
19980407-09-006,敬乡贤励后人,no_topic
19980407-09-007,走近黄龙溪,no_topic
19980407-09-008,水晶夫妻,title_length
19980407-10-001,独特的领导魅力---『邓小平理论风格』系列谈之十二,no_topic
19980407-10-002,努力建设高素质政法队伍,no_topic
19980407-10-004,从市场经济的角度看干部能上能下,no_topic
19980407-10-005,正确认识基本经济制度,no_topic
19980407-11-001,来自张北地震灾区的喜讯———21名新党员庄严宣誓(附图片2张),no_topic
19980407-11-002,严格按党章办事做面向新世纪的合格共产党员,no_topic
19980407-11-003,《党的生活知识手册》再版宋任穷、张全景分别为该书作序,no_topic
19980407-11-004,靠集体智慧步入辉煌———湖南省地税局党组领导工作侧记,no_topic
19980407-11-006,清风四十载光明送万人---徐州市眼防所所长李子良廉洁行医纪事,no_topic
19980407-11-007,“标兵库”的领头雁———某药材仓库领导廉洁自律纪实,no_topic
19980407-11-008,编后,title_length
19980407-12-001,卖『梦』,title_length
19980407-12-003,迂人,title_length
19980407-12-004,游梅花山,title_length
19980407-12-005,灌木丛中的牧羊人(中国画),short_body
19980407-12-006,《俞平伯全集》出版座谈会在京召开,no_topic
19980407-12-007,能不忆草原,no_topic
19980407-12-008,南瓜情结,title_length
19980408-01-001,江泽民主席会见佩雷斯,no_topic
19980408-01-003,江泽民会见乌克兰国防部长,no_topic
19980408-01-006,坦桑尼亚总统姆卡帕今起对中国进行国事访问(附图片1张),no_topic
19980408-01-007,下岗职工为主组建新企业光达公司三年跨出三大步,no_topic
19980408-01-008,自己『发电』放光明,no_topic
19980408-01-009,朱镕基总理同若斯潘总理会谈,no_topic
19980408-02-003,成龙成虫市场定,no_topic
19980408-02-004,沈阳街头一景:牛奶现挤现卖(图片),short_body
19980408-02-005,管重于植,title_length
19980408-02-006,基金上市第一天:飘红!,no_topic
19980408-02-008,新野绿色卫士作用不凡树木上『户口』林网配『片警』,no_topic
19980408-02-009,深圳社保基金迅速增值从4万元起步目前已达40亿元,no_topic
19980408-02-011,齐鲁石化改制谋发展,no_topic
19980408-02-012,城市家庭收支继续增长,no_topic
19980408-02-013,铁路跨世纪大会战打响第一炮,no_topic
19980408-02-016,苏北产粮大县向多种经营发展(图片),short_body
19980408-02-017,襄樊个体户有了税费卡,no_topic
19980408-02-018,唐山中保抡出三板斧,no_topic
19980408-03-001,采取新举措树立新形象沈阳市全面推进机关建设,no_topic
19980408-03-002,书记情系贫困户下乡扶贫作表率,no_topic
19980408-03-003,江苏省徐州市鼓楼区举办“创三安”宣传活动(图片),short_body
19980408-03-004,有困难企业没有怕困难党员鄂州加强亏困企业党建,no_topic
19980408-03-005,“终于找到你了”,no_topic
19980408-03-007,"本报讯商务印书馆近日向河北张家口地震灾区中小学生赠送《新华字典》1万册,“中国自然地理丛书”1000套。赠书仪式7日在北京举行。这是张家口灾区首次接受新闻出版单位赠书。(晓胡)",title_length
19980408-03-008,"本报讯记者毛磊报道:战斗在公安边防、消防、警卫工作不同岗位的126名优秀基层干部和优秀班长于近日受到公安部的隆重表彰。据了解,1996年以来,全国公安边防、消防、警卫系统有2183个单位和161856名个人立功受奖,2413名官兵光荣负伤,188名官兵英勇牺牲。",title_length
19980408-03-009,"本报讯北京“圆明园第八届踏青节”于4月4日至5月10日在圆明园遗址公园举办。本届踏青节以公园现有自然景观为依托,绿色植物为基础,处处点缀着昔日皇家御园的人文景观,千姿百态的花卉星罗棋布。园内展现出春光明媚、清新、温暖的格调魅力,吸引着成千上万的游客。(刘全应)",title_length
19980408-03-010,"本报讯黑龙江省牡丹江市中级人民法院在执行案件中,从提高队伍素质、建立管理机制入手,既依法执行,又讲究策略,取得了良好的执法效果和社会效果。牡丹江市中级法院还从规范执行出发,建立了有目标、有措施、有奖励的管理机制。(王增伟)",title_length
19980408-04-001,『智是进德之基』,no_topic
19980408-04-002,温家宝在全国绿化委员会会议上强调坚持不懈加快国土绿化进程,no_topic
19980408-04-003,确保长江经济带安全长江中下游加紧防汛准备,no_topic
19980408-04-004,明天气象预报(4月8日20时—4月9日20时),short_body
19980408-04-005,友谊大道传友谊,no_topic
19980408-04-006,富塘村里评百佳,no_topic
19980408-04-007,图片新闻,title_length
19980408-04-009,中—欧历史城市市长国际会议召开,no_topic
19980408-04-010,唐家璇将出访印度尼西亚,short_body
19980408-04-011,中日经济知识交流会举行第十八届年会,no_topic
19980408-04-012,藏文《格萨尔》儿童丛书出版,no_topic
19980408-04-013,神府煤田加大开发力度,no_topic
19980408-04-015,在京穆斯林和各界人士欢庆古尔邦节,no_topic
19980408-05-006,北京中加学校首届工商管理职业教育班学生毕业(图片),short_body
19980408-05-009,你显本领我给条件中科院向高级访问学者敞开大门,no_topic
19980408-06-001,俄罗斯举行圆桌会议叶利钦坚持总理提名,no_topic
19980408-06-002,以色列撤军建议难兑现,no_topic
19980408-06-003,朝鲜领导人表示愿尽早同韩方对话,no_topic
19980408-06-004,各国议会联盟大会开幕我代表阐述对国际问题立场,no_topic
19980408-06-005,英法批准禁核条约,no_topic
19980408-06-006,埃及伊斯兰教“宰牲节”(图片),short_body
19980408-06-007,南非司令谎报军情被迫提前退休,no_topic
19980408-06-008,安第斯共同体加速推进一体化,no_topic
19980408-06-009,叙黎重申拒绝以撤军建议,no_topic
19980408-06-010,美国伊朗关系乍暖还寒,no_topic
19980408-06-011,安理会通过主席声明敦促阿交战各方停火,no_topic
19980408-06-012,美国防部长会见王克,no_topic
19980408-06-013,巴原则同意美推动和谈构想,no_topic
19980408-06-014,伊拉克与伊朗再度交换战俘,no_topic
19980408-06-015,"由民主党等四个在野党合并而成的新『民主党』七日选出该党的领导人。菅直人出任新『民主党』代表,羽田孜出任干事长,伊藤英成出任政调会长,横路孝弘出任总务会长。新『民主党』预定本月二十七日正式成立。",title_length
19980408-06-016,"北爱和谈主席、美国参议员米切尔七日凌晨提出和谈开始近两年来的第一个协议草案。该草案长达六十五页,其具体内容没有透露。参加谈判的各方代表将就草案展开激烈的辩论,米切尔参议员和英爱两国政府坚持推动各方在四月九日就此草案达成一致意见。米切尔承认,各方『在很多重要的问题上仍存在很大分歧』,主要集中在对于跨越南北爱尔兰边界的南北部长会议和北爱尔兰议会的权限以及各方利益分配的问题上。然而此间观察家指出,同仍然存在的严重分歧相比,各方希望在规定期限内达成协议的愿望显得更加强烈。(本报专电)",title_length
19980408-06-017,"乌克兰海军主管同北约合作问题的军官雷任科六日宣布,乌克兰已邀请俄罗斯黑海舰队参加乌克兰和美国联合举行的『海上微风九八』军事演习。雷任科是在塞瓦斯托波尔举行的记者招待会上作上述宣布的。乌美此次海上军事演习定于今年十月二十五日至十一月四日在黑海北部举行。",title_length
19980408-06-018,"六日出版的德国《明镜》周刊称,已经决定将被接纳为北约成员国的波兰、匈牙利和捷克三国仍然在继续对北约进行间谍活动。《明镜》周刊的报道援引从今年年初开始调查上述情况的一个北约『特别委员会』的消息说,波匈捷三国的秘密机构仍然和俄罗斯有着良好的合作关系,它们还试图向布鲁塞尔的北约总部安插间谍。",title_length
19980408-06-019,"波黑穆克联邦和塞族共和国的军队和警察部队已从居民手中收缴大量私藏武器和弹药。根据设在萨拉热窝的多国稳定部队新闻中心五日公布的数字,截至三月底,波黑居民已上交近五千颗地雷、五百多颗反坦克雷、八百多颗加农炮弹和二千五百多座迫击炮、九百多支火箭、二千多千克爆炸装置及大量手榴弹和子弹。",title_length
19980408-07-001,冰箱装上传感器食品变质有警示,no_topic
19980408-07-002,美国总统下令严管枪支各界议论见仁见智,no_topic
19980408-07-004,看道指突破九千点,no_topic
19980408-07-006,五百大公司重新排座次,no_topic
19980408-07-007,史前巨石阵疑是大音箱,no_topic
19980408-07-008,芬兰试管婴儿多四分之一双胞胎,no_topic
19980408-07-009,"俄罗斯总统叶利钦已原则批准俄政府提交的退休金制度改革计划。据俄《今日报》六日报道,俄退休金改革计划将实行混合退休金制度,即退休金由三个部分组成:不计算工龄的国家退休保障,计算工龄的国家退休保险,自愿缴纳会费的非国家退休基金会的保障。",title_length
19980408-07-010,"美国国民半导体公司六日表示,该公司开发的一种新型芯片将使明年的个人电脑价格降至每台四百美元以下,从而可能导致新的一轮电脑价格战。美国国民半导体芯片公司新开发的这种芯片被称为个人电脑『一体化芯片』,它不仅具有微处理器的功能,还具有十几种电脑所需其他芯片的功能。由于这种新型芯片将十几个芯片的功能集为一体,因而可以大大节约成本。",title_length
19980408-07-011,"埃及副总理兼农业和土地开发部长瓦利六日宣布,埃及政府将视闲置和荒废耕地为违法行为。埃及农业和土地开发部当天作出决定,在耕作所需的一切必要手续和生产工具齐备的情况下,各地农村和新垦区必须抓紧时间进行耕作和播种,否则将对故意闲置和荒废耕地者绳之以法。",title_length
19980408-07-012,"美国加州的一些能源公司近日说,由于亚洲金融危机的影响和近来国际市场石油价格大跌,它们在亚洲开发能源市场的努力严重受阻,但是它们愿意同亚洲地区的合作伙伴共渡难关。据美国能源部提供的统计数字,过去十年里,东南亚地区经济高速增长带动了对电能的大量需求。美国加州的石油公司和电力公司因而蜂拥而至。",title_length
19980408-07-013,"来自北京的『华韵群芳』女子民乐队和歌唱家杨光六日晚在伦敦巴比肯艺术中心进行了演出,她们的精湛表演赢得观众的阵阵热烈掌声。(据新华社电)",title_length
19980408-08-003,服用违禁药物的运动员受处罚八运会代表团奖牌名次重调整,no_topic
19980408-08-004,24名受处罚运动员名单,no_topic
19980408-08-005,北京将举办家庭健步比赛,no_topic
19980408-08-006,四十五届世乒赛全部使用中国器材『双鱼』开始游向世界,no_topic
19980408-08-009,芝加哥公牛队战胜休斯敦火箭队(图片),short_body
19980408-09-001,扶正失衡的天平———一起重大经济纠纷案改判的前前后后,no_topic
19980408-09-002,寄出的青春不需回执———记中国最小的红军向轩(附图片1张),no_topic
19980408-09-003,转变“官”念天地宽,no_topic
19980408-09-004,居室外的遗憾(附图片2张),no_topic
19980408-09-005,一位出租车司机的遭遇,no_topic
19980408-09-006,“德”重在“积”,no_topic
19980408-10-001,制假售劣花样翻新打假保农任重道远,no_topic
19980408-10-002,同是生产厂服务大不同,no_topic
19980408-10-003,质量问题也是道德问题,no_topic
19980408-10-004,半年穿坏三双皮鞋,no_topic
19980408-10-006,政府采购制度刍议,no_topic
19980408-10-007,企业破产不能刮风,no_topic
19980408-10-009,接受批评改进服务,no_topic
19980408-10-010,建立报刊专业市场,no_topic
19980408-10-011,水利建设莫忘修旧利废,no_topic
19980408-11-001,保护台商合法权益两岸皆应有作为,no_topic
19980408-11-002,两岸经贸正逢新机遇,no_topic
19980408-11-003,壮怀激烈树丰碑(附图片1张),no_topic
19980408-11-004,香港加快开放电讯市场,no_topic
19980408-11-006,『海峡两岸和平统一』座谈会在京举行,no_topic
19980408-11-007,盼如朝阳———记中国侨联虹桥旅行社,no_topic
19980408-11-008,香港第二届“中国就业发展奖励计划”启动(图片),short_body
19980408-11-009,香港政府卖地收入大幅增加,no_topic
19980408-11-011,台湾传统粮商正逐年减少,no_topic
19980408-11-012,台湾青年困扰多,no_topic
19980408-12-001,教坛独臂写春秋(附图片3张),no_topic
19980408-12-003,领导干部务必树立良好的家风,no_topic
19980408-12-004,劳而无获说缘由,no_topic
19980408-12-006,大山里的娶亲队伍(图片),short_body
19980408-12-007,质押存单到期应兑付,no_topic
19980408-12-008,不必怨天尤人,no_topic
19980408-12-009,动静结合防治强直性脊椎炎,no_topic
19980409-01-001,出席亚欧会议并圆满结束访问英法两国后,no_topic
19980409-01-002,把亚欧中欧合作关系推向新的发展阶段,no_topic
19980409-01-003,把心思和精力用到工作上来,no_topic
19980409-01-004,太原出台企业拥军优属规定上海虹口区成立军嫂服务机构,no_topic
19980409-01-005,学习专业技能为再就业创造条件天津十万下岗职工参加培训,no_topic
19980409-01-006,一片歌声一片情(图片),no_topic
19980409-01-007,江主席与姆卡帕总统会谈,no_topic
19980409-01-008,我国肉类产量位居世界第一,no_topic
19980409-01-009,茂名提高农产品市场占有率,no_topic
19980409-02-001,"一位私营业主的困惑备下好岗位难留求职人本报讯记者冯奎报道:都说下岗职工多,就业岗位少,所以再就业才那么难。沈阳市一位私营业主对此感到很困惑:“我那里的工作岗位不错,求职者却要么不愿来,要么离开了,原因到底在哪里?”",title_length
19980409-02-002,堵住“吃海关”的黑口,no_topic
19980409-02-003,瞄准薄弱环节扩大竞争优势一拖资本扩张注重同业联合,no_topic
19980409-02-004,立足主业求发展,no_topic
19980409-02-005,春涌神州(附图片2张),short_body
19980409-02-006,水利建设引进外资近40亿美元,no_topic
19980409-02-007,四川春耕生产热气腾腾,no_topic
19980409-02-008,湖南掀起春耕生产高潮,no_topic
19980409-02-009,江苏复垦土地3万公顷,no_topic
19980409-02-011,解决“养路费养人不养路”问题吉林探索国路民养,no_topic
19980409-02-013,大庆地税局建“优质高效”纳税体系,no_topic
19980409-02-014,今年天津商品房产销平衡,no_topic
19980409-02-015,"本报讯为了加强最新金融电子技术的交流,加强金融界和高新技术产业界的合作,推进中国金融电子化、现代化进程,九八中国国际金融(银行)技术暨设备展览会将于八月三十日在京举行。(仲文)",title_length
19980409-02-016,"本报讯由北京市旅游局和市旅游行业协会组建的北京旅游信息网日前开通,标志北京旅游业信息时代的开始。该网是北京首家旅游专业计算机网络,其自行开发的客用互联网系统是国内唯一的为饭店客人提供互联网服务的应用软件系统。",title_length
19980409-02-017,"本报讯信诺保险集团和广州金融高等专科学校四月一日签署合作协议,宣布设立信诺LOMA考试中心。LOMA(寿险管理协会)为人寿和医疗保险的从业人员提供保险课程。通过这些课程的考试可以使从业人员获取国际认可的证书。",title_length
19980409-02-018,"本报讯联想集团近日在其新财务年度开始之际宣布,今年将向网络化计算机领域发展。目前计算机网络化应用水平很低,用户不了解网络化计算机蕴藏的巨大潜能。联想集团此举旨在推进中国网络化计算机的应用水平。(费伟伟)",title_length
19980409-02-019,"本报讯一种只收不割的新一代稻麦收割机日前在江苏海马收割机总厂研制成功。这种被称为谢尔本·海马脱收台的机械,将传统工序简化为直接捋抹麦粒、进仓两道工序,得到专家的肯定。(陈跃华)",title_length
19980409-02-020,"本报讯重庆双桂集团股份有限公司坚持『优质高效』的经营方针,企业得到长足发展。主导产品双桂系列饮料产品多次被评为省部双优产品,公司被命名为重庆市质量效益型先进企业。(川渝)",title_length
19980409-03-001,加强下岗职工管理开辟新的就业渠道北京市出台新政策,no_topic
19980409-03-002,落实宗旨为民办事———广东湛江市开展“五个一帮一”活动记事,no_topic
19980409-03-003,金子般童心,no_topic
19980409-03-004,图片新闻,title_length
19980409-03-006,西宁严肃处理不称职公务员,no_topic
19980409-03-007,莱芜110被称为“保护神”,no_topic
19980409-03-008,"本报讯武警广东总队医院加强医德医风建设。他们针对医院科室多、人员杂等情况,为了方便病人,医院在门诊大厅设战士值班员为病人导诊,排忧解难,受到广大伤病员的好评。(胡静)",title_length
19980409-03-009,"本报讯近日,昆明海关与公安联手查获一起毒品走私案,一举查获海洛因二十六点六公斤,抓获犯罪嫌疑人八名。这是全国海关今年以来查获的最大一起毒品走私案。此案的侦破前后历时四个月。(王宪中)",title_length
19980409-03-010,"本报讯湖北省广水市委在坚持干部队伍『四化』方针和德才兼备原则选好干部的同时,对新提拔的干部一律试用一年,试用期满实行『四考』,即岗位责任目标考核、理论考试、民主考评和组织考查。近六年来,共对二百七十二名干部进行了试用,已到期的有二百三十三人按期转正,六人延长试用期后转正,一人解除试用。(刘斌)",title_length
19980409-03-011,"本报讯近年来,新疆伊犁哈萨克自治州党委大力加强农村基层组织建设,全州共选派一万九千零八十五名干部组成一千九百八十五个工作团、组(队)深入到乡村帮助指导工作,整顿后进乡镇党委一百九十二个,整顿软弱涣散村(队)支部一千二百三十六个。(陈守卫)",title_length
19980409-03-012,"本报讯河南省渑池县政法委按照上级部署,近日开始在全县政法队伍中进行一次执法大检查。检查的重点是群众反映强烈的有法不依、执法不严、执法不公、徇私舞弊、索贿受贿、贪赃枉法、刑讯逼供等问题。通过执法大检查,他们将依法纠正执法过错及错案,严肃查处违法违纪案件。(张中杰董湘臣)",title_length
19980409-03-013,"本报讯《军旗飘飘》丛书日前由江西二十一世纪出版社出版。由薄一波题写书名、张震题词、李德生作序的《军旗飘飘》,分为红军篇、八路军篇、新四军篇、志愿军篇、解放军篇等七册,共一百多万字,是对部队官兵和广大青少年进行优良传统、爱国主义教育的好教材。(吕高排徐青云)",title_length
19980409-04-001,爱心在贫困生中传递,no_topic
19980409-04-002,确保香港平稳过渡促进特区正常运作,no_topic
19980409-04-003,董建华在临立会举行的告别晚宴上指出临立会很好地履行了职责,no_topic
19980409-04-004,明天气象预报(4月9日20时—4月10日20时),short_body
19980409-04-005,吴仪会见日本客人,short_body
19980409-04-006,培训百万农民推广百项农技云南科技扶贫工程初见成效,multiple_topics
19980409-04-007,图片新闻,title_length
19980409-04-008,国土资源部正式成立,no_topic
19980409-04-009,普及科技知识加强教学培训商洛五千多农民获技术职称,multiple_topics
19980409-04-010,打工妹当车长,no_topic
19980409-04-011,青基会向希望工程志愿者颁证授牌,no_topic
19980409-04-012,罗甸批量生产石英猫眼宝石,no_topic
19980409-04-013,就西藏流亡印度的活佛馈赠释迦佛牙事中国佛教协会负责人答记者问,no_topic
19980409-04-014,北京城区发现大运河遗址,no_topic
19980409-04-015,吴仪会见印度商务代表团,short_body
19980409-04-016,布赫会见朝鲜客人,short_body
19980409-04-017,万国权会见日本奈良议会代表团,short_body
19980409-04-018,傅全有和吉尔吉斯斯坦客人举行会谈,short_body
19980409-05-001,大海骄子———追记国家海洋局高级工程师何明海(附图片1张),no_topic
19980409-05-002,科技法律携手捍卫科学尊严维护法律公正,multiple_topics
19980409-05-003,北京确定十项生态工程,no_topic
19980409-05-004,北大同国家文物局联办考古文博院,no_topic
19980409-05-007,"本报讯日前,信源自动化技术有限公司与连邦软件产业发展公司联手合作,在十二个城市举办了VRV网络版反病毒技术巡回讲座,目的是大力网络反病毒知识,推广VRV网络版反病毒技术,以期解除计算机病毒通过网络传播对广大计算机用户的威胁。(秦文)",title_length
19980409-05-008,"本报讯北京市崇文区龙潭街道充分利用地区计划生育咨询服务站、人口与计划生育基础知识教育学校,积极宣传计划生育法规,提高育龄人群的文明素质,提高独生子女家庭的生活质量,为外来育龄妇女送温暖。(杨振坤周兰惠)",title_length
19980409-06-001,朱镕基会见法国议会领导人,no_topic
19980409-06-002,布莱尔突访贝尔法斯特对解决北爱危机表示乐观(附图片1张),no_topic
19980409-06-003,亚欧会议和多极化,no_topic
19980409-06-004,我驻越使馆人员祭扫中国烈士墓,no_topic
19980409-06-005,国大党力图重振,no_topic
19980409-06-006,就科索沃问题是否接受外国调停塞尔维亚将举行全民公决,no_topic
19980409-06-007,图片新闻,title_length
19980409-06-008,罗新总理完成组阁,no_topic
19980409-06-009,两伊希望尽早交换全部战俘,no_topic
19980409-06-010,希拉克呼吁波黑各方遵守协议,no_topic
19980409-06-011,美政府敦促参院批准核禁试条约,no_topic
19980409-06-012,宰牲节前看羊市,no_topic
19980409-06-013,波兰启动入盟时间表,no_topic
19980409-06-014,印交通部长辞职,no_topic
19980409-07-002,联合国亚太经社会年度报告显示世界经济增速逾百分之三,no_topic
19980409-07-004,樱花烂漫春不暖———日本经济近况扫描,no_topic
19980409-07-005,火星岩石映出幻象人脸雕塑子虚乌有,no_topic
19980409-07-006,图片新闻,title_length
19980409-07-007,拉美非洲依然债台高筑,no_topic
19980409-08-001,马晓春等6名棋手出征富士通杯,no_topic
19980409-08-003,探索武术开发新思路---访中国武协副主席翟凤岗,no_topic
19980409-08-005,"希望,从这里升起",no_topic
19980409-08-007,海南将办高尔夫球赛,short_body
19980409-08-008,中国足协批评大连万达队,no_topic
19980409-09-002,情洒粤西---记全国扶贫状元陈毅锋,no_topic
19980409-09-004,重视农民科技需求,multiple_topics
19980409-09-005,潜江完成村庄规划修编,no_topic
19980409-09-006,广东第一田(图片),short_body
19980409-09-008,党报当『红娘』乌鸡『嫁』四方(服务台·反馈),no_topic
19980409-09-009,答读者,title_length
19980409-09-010,节水产业大市场立足于农天地阔(附图片2张),no_topic
19980409-09-011,台前县改地造田出效益,no_topic
19980409-10-001,缜密的系统思维---『邓小平理论风格』系列谈之十三,no_topic
19980409-10-002,评《邓小平理论体系研究》,no_topic
19980409-10-005,自觉把握世界历史进程,no_topic
19980409-11-001,一段难忘的情,no_topic
19980409-11-002,一首真情的歌,no_topic
19980409-11-003,泸沽仙境摩梭风情,no_topic
19980409-11-004,满族的姓氏,no_topic
19980409-11-005,田恒柱:辞官种树(附图片2张),no_topic
19980409-11-006,远去的芦笙......,no_topic
19980409-11-007,警寺共建谱新篇,no_topic
19980409-12-001,冲出峡谷———中国胶卷之战备忘录,no_topic
19980410-01-002,葡萄牙总理将访华,short_body
19980410-01-003,胡锦涛下旬出访日本韩国,short_body
19980410-01-004,李鹏会见西哈努克国王,no_topic
19980410-01-005,尉健行在四川考察时强调,no_topic
19980410-01-006,肩负起时代的使命,no_topic
19980410-01-007,李鹏朱镕基分别会见姆卡帕,no_topic
19980410-01-008,世贸组织中国工作组第七次会议结束,no_topic
19980410-01-009,江泽民会见意大利客人指出中国十分重视发展同欧盟的关系,no_topic
19980410-01-010,内蒙古草原上的电力新城(图片),short_body
19980410-02-002,温家宝在国家防总第一次全体会议上强调全力以赴做好防汛抗旱工作,no_topic
19980410-02-003,广州人均国内生产总值突破三千美元,no_topic
19980410-02-005,我国将实施新的伏季休渔制度,no_topic
19980410-02-006,高原之舟助耕忙(图片),short_body
19980410-02-007,保证有限资金发挥应有效益农业审计法制化规范化,multiple_topics
19980410-02-008,"农业科技投入形势严峻,请听---紫玉米的呼唤",multiple_topics
19980410-02-009,无污染无公害虎林绿色食品热销,no_topic
19980410-02-010,农产品创品牌,no_topic
19980410-02-011,蔬菜可当水果吃亚世达礼品盒走俏,no_topic
19980410-02-012,辽宁百万下岗职工再就业,no_topic
19980410-02-013,吉林市实施再就业优惠政策,no_topic
19980410-02-014,"本报讯日前,经济日报与中国青年乡镇企业家协会在京联合邀请经济界、新闻界、企业界的专家、学者、企业家以『买方市场与乡镇企业发展』为主题举行了专题座谈会。(团宣)",title_length
19980410-02-015,"本报讯国内最先进的硬质合金刀具工厂,日前在河北廊坊经济开发区落成投产。它是由世界领先的瑞典山特维克可乐满刀具公司出资两千九百五十万美元兴建的,年产量可达四百至七百万片。(大江)",title_length
19980410-02-016,本报讯四月八日中国南方航空股份有限公司与贵州祥飞实业有限公司合资成立了贵州航空有限公司。南航近期将调三架波音飞机到贵州投入运营。,title_length
19980410-02-017,"本报讯杭州海关积极开展打击走私斗争,为该省经济发展护航。五年来共查处走私案二百四十八起,案值十二亿元。其中查获海上走私案一百三十五起,案值五亿元。查获的走私物品主要有汽车、摩托车、香烟、成品油、海洛因、珍贵文物等。(唐伟安)",title_length
19980410-02-018,"本报讯日前,世界著名的陶氏化学公司与浙江化工厂签订一项重要协议。陶氏将购入双方在宁波成立的合营企业浙江太平洋化学有限公司原属中方的百分之五十股权。陶氏计划进一步向该项目增资,对厂房进行改建,拓宽产品种类,并提高生产能力。(宋宗诚)",title_length
19980410-02-019,"本报讯日前,河南省泌阳县羊册镇教师郭家富研究的发明专利技术『植物防腐增产液及其生产应用方法』获国际荣誉联合评选委员会颁发的『美国爱因斯坦国际金奖』。(申咏瑛)",title_length
19980410-02-020,"本报讯四月一日,我国首台能在水陆空联运的七百六十二厘米机械冷藏集装箱、冷板冷藏集装箱在武昌车辆厂分别通过铁道部部级鉴定和中车公司鉴定,正式投入营运。(戴辉)",title_length
19980410-02-021,"本报讯江苏宜兴市外贸公司去年创汇达四千一百万美元,比上年增长百分之一百零三,实现利润六百零八万元,比上年净增一千一百一十三万元,利均超历史最高水平。宜兴外贸公司取得的业绩,得益于其进行储运、财务等项体制性改革。",title_length
19980410-03-001,热血化冰雪———人民解放军西藏那曲抗雪救灾纪实(附图片1张),no_topic
19980410-03-002,天津对国企领导加强监督六百六十三人被职代会罢免,no_topic
19980410-03-003,满振英和他的二十三个孩子,no_topic
19980410-03-005,完善制度加大投入威海塑造开放城市文明形象,no_topic
19980410-03-006,西峡推行百村千户双联责任制,no_topic
19980410-03-007,心系老人(图片),short_body
19980410-04-001,未来一周天气趋势,no_topic
19980410-04-002,政治是具体的,no_topic
19980410-04-004,明天气象预报(4月10日20时—4月11日20时),no_topic
19980410-04-005,何宣太同志逝世,no_topic
19980410-04-006,肖元礼同志逝世(附图片1张),no_topic
19980410-04-007,精神文明建设哲学研究座谈会在京举行,no_topic
19980410-04-008,李岚清会见香港学者访京团,short_body
19980410-04-009,中国杂技“金菊奖”滑稽奖在津颁奖,no_topic
19980410-04-010,北京公布外来人口普查情况,no_topic
19980410-04-011,中国记协向全国新闻界发出倡议积极开展新闻助困活动,no_topic
19980410-04-012,李岚清会见世界银行客人,short_body
19980410-04-013,李岚清分别会见美国瑞士客人,no_topic
19980410-04-014,吴邦国会见美国伊顿公司总裁,short_body
19980410-04-015,图片新闻,title_length
19980410-04-016,陕西发现褐马鸡种群,no_topic
19980410-04-017,张家口地震灾区开始全面重建灾民将在今年封冻前迁入新居,no_topic
19980410-04-018,山西洪洞开发古槐迁民遗址,no_topic
19980410-04-019,迟浩田会见吉尔吉斯斯坦客人,short_body
19980410-04-020,贾庆林分别会见俄美德三国客人,short_body
19980410-04-021,唐家璇会见坦桑尼亚外长,short_body
19980410-04-022,中国军舰出访新西兰澳大利亚菲律宾,no_topic
19980410-05-002,引进设备培养人才霸州增加农村卫生事业投入,multiple_topics
19980410-05-004,高品位低价位辽宁爱国主义读物受青睐,no_topic
19980410-05-005,吉林农大成立菌物研究所,no_topic
19980410-05-010,"本报讯记者杨明方报道:科学技术部科技人才城近日推出了被称作『周六行动』的高级专业人才分类招聘会。科技人才城发挥桥梁作用,确定了以电子信息、金融保险、外经外贸、管理营销、机械化工、医药医疗、财会、翻译文秘、新闻广告、综合人才等十大类专业人才为招聘对象,每逢周六在北京复兴路十五号中科信息中心按上述顺序循环举办各专业高级人才招聘会。",title_length
19980410-05-011,"本报讯记者颜世贵报道:江苏少年儿童出版社今年初推出再现六年小学生活的长篇小说《草房子》,受到小读者的欢迎。日前,中国作协儿童文学委员会、江苏省委宣传部、江苏新闻出版局联合就此举办了作家曹文轩的《草房子》研讨会,认为这是一部真正能感动今天和明天的孩子们的佳作,称赞江苏少年儿童出版社多年来为繁荣儿童文学做出的贡献。",title_length
19980410-05-012,"本报讯由中国人事出版社组织有关部门的专家学者编著的大型工具书《中国再就业工程指南》日前出版发行。该书收集党和国家领导人关于再就业问题的多次讲话,全面反映了近年来我国在再就业方面的一系列政策、法规,在理论和实践方面取得的成果,并详细介绍了国外解决再就业问题的经验与措施,以及各种求职技巧。全书结构严谨,内容充实,具有权威性和可操作性。(李烽)",title_length
19980410-06-001,我大使在联合国裁军委员会指出建立无核武区有利和平,no_topic
19980410-06-002,接受柬埔寨政府邀请联合国将协调对柬大选监督,no_topic
19980410-06-003,架起友谊桥梁---写在北京至平壤新航线开辟之际,no_topic
19980410-06-004,印度总理说巴导弹不构成威胁,no_topic
19980410-06-005,欧安组织要求介入科索沃问题,no_topic
19980410-06-006,图片新闻,title_length
19980410-06-007,驻任大使事件冰释古西关系恢复正常,no_topic
19980410-06-008,亚美尼亚反对纳卡重属阿塞拜疆,no_topic
19980410-06-009,阿塞拜疆拟同美国扩大军事合作,no_topic
19980410-06-010,美军违规签约韩国企业受损,no_topic
19980410-06-011,高利贷酿惨剧,no_topic
19980410-06-012,波音飞向新世纪,no_topic
19980410-06-013,地铁乐声悠扬,no_topic
19980410-06-014,街头照相火爆,no_topic
19980410-06-015,海地众院通过新总理任命,no_topic
19980410-07-002,南北携手保护环境———记全球环境基金首次成员国大会,no_topic
19980410-07-003,审案喝啤酒法官辞职,no_topic
19980410-07-006,因特网上广告收入剧增,no_topic
19980410-07-008,马路失井盖市长遭殃,no_topic
19980410-09-001,满意和不满意,no_topic
19980410-09-002,萝卜白菜各有所爱,no_topic
19980410-09-003,“帝王将相”何其多,no_topic
19980410-09-005,为什么不对心思,no_topic
19980410-09-006,增加精短之作,no_topic
19980410-09-009,众明星在胜利油田放歌,no_topic
19980410-09-010,来自观众的声音天南海北话说电视剧,short_body
19980410-09-011,"快跑,他又来了!(图片)",short_body
19980410-09-012,《泰坦尼克号》(附图片2张),short_body
19980410-10-001,双休日中的北京人,no_topic
19980410-10-002,视力与听力,no_topic
19980410-10-003,1998年服装仍然流行“中国风”(附图片1张),no_topic
19980410-10-004,四部影片同时上映北京有座穹幕影厅(附图片1张),no_topic
19980410-10-005,评委不再当场亮分电视歌手大赛求新意,no_topic
19980410-10-006,健身器:好?没用?骗人?(附图片1张),no_topic
19980410-10-007,中央民族大学成立学生社团联合中心,short_body
19980410-10-008,留住楼兰,title_length
19980410-10-009,灯光也传情,no_topic
19980410-10-011,专家瞩目千禧龙,no_topic
19980410-11-002,我的闲章(附图片1张),no_topic
19980410-11-003,佳作欣赏(附图片1张),no_topic
19980410-11-004,地到无边天作界山登绝顶我为峰(书法),short_body
19980410-11-005,国泰民安(篆刻),short_body
19980410-11-006,长青(中国画),short_body
19980410-11-007,松雀图(中国画),short_body
19980410-11-008,观望(中国画),short_body
19980410-11-009,"蔡若虹人已老,衷情肃(附图片2张)",no_topic
19980410-11-010,王朝闻心仪延河望柳青(附图片2张),no_topic
19980410-11-011,华君武笑凝六十春(附图片2张),no_topic
19980410-11-012,力群再续“鲁艺”往日情(附图片2张),no_topic
19980410-12-001,“丧心语”与误导之论,no_topic
19980410-12-002,读《〈儒林外史〉里的儒道互补》,no_topic
19980410-12-003,默想周庄,title_length
19980410-12-004,良师,title_length
19980410-12-005,该死的形式主义,no_topic
19980410-12-006,"摄像机坏了,会议延期(图片)",short_body
19980410-12-007,“文求堂”主人,no_topic
19980410-12-008,英语角,title_length
19980410-12-009,第二次选择,no_topic
19980411-01-002,“铁军”弄潮———山东电建一公司闯市场纪实,no_topic
19980411-01-003,岂能伸手索锦旗,no_topic
19980411-01-004,胡锦涛与姆贝基会谈,no_topic
19980411-01-005,我国一季度工业生产增长8·2%,no_topic
19980411-01-006,一季度外贸进出口增长,no_topic
19980411-01-007,筹措经费为学校(图片),short_body
19980411-01-008,中国美院喜庆70华诞江泽民题词祝贺,no_topic
19980411-01-009,东西部贸易洽谈会闭幕商品贸易成交额大幅增长产权交易取得突破,no_topic
19980411-01-011,"4月10日,上海宝钢集团三期工程重点项目炼钢、板坯连铸工程热负荷试车今天一举成功。至上午11时,第一炉钢水经精炼后浇铸成合格的板坯。宝钢的这个重点项目总投资为60亿元,由两座250吨顶底复吹转炉、两座1450毫米板坯连铸机组成。设计年产钢水300万吨、板坯280万吨。",title_length
19980411-01-012,"福建省各级土地部门历时9个月对全省各地非农建设用地的清查,日前全面完成。它不仅使该省土地管理部门终于有了一份详实“家底”资料,同时它也标志着福建省土地管理工作从此开始走上了法制化和规范化的轨道。据统计,通过执法,目前全省已复耕土地3·5万亩,并有效地规范了地产市场。(赵鹏)",title_length
19980411-01-013,"随着春天的到来,北京读书人又迎来了自己的节日,’98北京春季书市4月10日在劳动人民文化宫开幕。本届书市邀请在京出版社、社会办书店200余家,为读者提供了15万种图书。这些图书以各书店和出版社近年销售图书为主,同时向读者提供部分新书。图书价格实行浮动制,是本届书市的又一特点,一般在3折至9折之间。本届书市将于4月19日结束。(除署名外均据新华社)",title_length
19980411-02-001,李岚清会见智利客人,short_body
19980411-02-002,中央军委发出通知要求军以下非作战部队不搞经营性生产,no_topic
19980411-02-005,湖北做活国有资产大文章,no_topic
19980411-02-006,木棉花开在广州(图片),short_body
19980411-02-007,明天气象预报(4月11日20时—4月12日20时),no_topic
19980411-02-008,《忆王震》出版,no_topic
19980411-02-009,世行将继续支持中国发展计划,no_topic
19980411-02-010,彭珮云会见意大利客人,short_body
19980411-02-011,吴邦国会见意大利客人,no_topic
19980411-02-012,钱其琛会见美国副国务卿,no_topic
19980411-02-014,3月份市场价格继续保持平稳,no_topic
19980411-03-001,老挝领导人会见曾庆红,no_topic
19980411-03-002,美国务卿将访华美称在不扩散问题上同我继续合作,no_topic
19980411-03-003,非洲法郎前景难测,no_topic
19980411-03-004,帮助青年人就业意制订行动计划,no_topic
19980411-03-005,全面介绍中国美国出版《巨龙》,no_topic
19980411-03-006,叶利钦呼吁批准总理提名俄国家杜马投票拒绝通过,no_topic
19980411-03-007,纽约汇市动荡,no_topic
19980411-03-009,对武器流入卢旺达情况安理会要求恢复调查,no_topic
19980411-03-010,厄尔尼诺现象已近尾声,no_topic
19980411-03-011,图片新闻,title_length
19980411-03-012,麦加发生伤亡事故,no_topic
19980411-03-013,美推进第二代因特网建设,no_topic
19980411-03-014,委内瑞拉加紧反毒,no_topic
19980411-03-015,北爱和谈达成协议,no_topic
19980411-03-016,"尼泊尔首相塔巴十日在议会下院宣布辞职。塔巴发表声明说,他的辞职使他所在的民族民主党履行了同执政伙伴大会党所达成的协议。根据塔帕去年十月初就职前同大会党达成的协议,他在担任联合政府首相数月后应将首相职位移交给大会党。尼泊尔国王比兰德拉十日晚已接受塔巴的辞呈。",title_length
19980411-03-017,"联合国阿富汗特使拉克达尔·布拉希米十日在伊斯兰堡举行的新闻发布会上表示,阿富汗敌对双方塔利班与反塔利班联盟,已同意近期在伊斯兰堡召开一个由双方代表参加的『联合筹委会』,以便为将来双方举行『伊斯兰学者会议』作准备。布拉希米九日曾在阿富汗首都喀布尔与塔利班『六人委员会』主席穆罕默德·拉巴尼举行会晤,并将于十一日飞赴伊朗首都德黑兰与伊朗领导人和反塔联盟主要领导人布尔汗努丁·拉巴尼会谈。(本报专电)",title_length
19980411-03-018,"白俄罗斯议会九日批准了白俄罗斯与俄罗斯军事合作条约和联合保障地区安全协定。条约规定,俄罗斯和白俄罗斯军事合作的目的是保障两国的安全。为此,双方将在国防政策和战略方面加强合作,使两国的国防法律接近和统一,制订统一的武器装备计划,共同建立地区集团军。上述条约和协定是两国于一九九七年十二月十九日在白俄罗斯首都明斯克签署的。",title_length
19980411-03-019,"四月七日是阿尔及利亚的宰牲节,但是,阿治安部队近来丝毫没有停止对恐怖分子的围剿,至少消灭数十名恐怖分子。另一方面,恐怖分子在节日期间的犯罪活动再次猖獗。据阿治安部门发表的四项公报,从宰牲节前夕到八日,在西部的奥兰和南部的麦迪亚和姆西拉等省共有五十二名无辜平民被杀害,其中包括不少十岁左右的儿童,还有一些妇女被恐怖团伙劫持。(据新华社电)",title_length
19980411-04-001,伍绍祖要求抓好健身气功管理,no_topic
19980411-04-002,线路变动项目增加赛时延长北京国际马拉松赛『改头换面』,no_topic
19980411-04-004,备战世锦赛和亚运会中国男女排将投入集训,no_topic
19980411-04-006,全国短道速滑冠军赛开战,no_topic
19980411-04-007,北京市启动爱康健身工程,no_topic
19980411-04-009,本报网络版将及时报道甲A,review: 网络版报道足球，科技与体育交叉
19980411-04-010,亚优杯北京国安队落败,no_topic
19980411-04-011,图片新闻,title_length
19980411-04-012,国际女网赛将在深圳举行,no_topic
19980411-05-001,“小政府大社会”的理论与实践,no_topic
19980411-05-003,评《历史没有句号》,no_topic
19980411-05-004,略论破产机制,no_topic
19980411-05-005,关于人学与哲学关系的讨论,no_topic
19980411-05-006,学术动态(图片),short_body
19980411-05-007,"由张蔚苹主编、中央党校出版社出版的《社会主义市场经济条件下思想政治工作新课题研究》一书,深入探讨了市场经济条件下思想政治工作的重要作用、指导思想、基本任务、教育内容、方针原则、科学方法、队伍建设等问题,就新形势下的新问题提出了许多有建设性、开创性的对策。该书在大量调查研究的基础上写成,既突出了理论的指导性,又把握住现实针对性,有的放矢,避免空论,突出『新』字,对思想政治工作研究者和政工干部有较强的现实指导意义。(丁一)",title_length
19980411-05-008,"本书是尤西林撰写的研究人文学科、人文精神及其现代意义的理论著作,日前已由陕西人民教育出版社出版。全书以人文学科及其现代意义为中枢,深入到人的本质、人文意识、人文方法论、人文主体性、人文教育、人文社会历史观与自然观等领域,它不仅对人文学科的教学科研具有参考价值,而且对改革时期的当代中国人文精神建设也有重要的学理依据。(符均)",title_length
19980411-05-009,"由荣仕星和钟敏主编、广西人民出版社出版的《领导干部协调艺术论》一书,对领导干部的协调艺术作了较为全面、深入的研究。作者选取有关十个基本问题进行系统的阐述,其中包括领导干部协调艺术的含义、特征及其作用,领导干部协调艺术的原则和方法,领导干部与上下级协调艺术,领导干部协调素养等。该书注意理论性和实践性的统一,不仅对领导科学的研究,而且对领导干部的领导活动都不无裨益。(文晖)",title_length
19980411-05-010,"该书由国务院学位委员会办公室主编,上海教育出版社出版。它采取一种个性化的形式,汇集了近百个学科的四百五十余位著名社会科学家的自述,生动地再现了当代中国社会科学家的精神境界和理论风格,是一幅当代中国学人为弘扬中华文明而不懈奋斗、孜孜耕耘的画卷。该书会激励和吸引一代又一代的年轻人有志于社会科学事业,有助于我国当代和今后社会科学的繁荣和发展。(谢文)",title_length
19980411-06-001,坚持防汛抗旱两手抓,no_topic
19980411-06-003,加强和改善经济管理,no_topic
19980411-06-004,全国税收宣传月第一天(图片),short_body
19980411-06-005,探索城乡共繁荣的新路子,no_topic
19980411-06-006,以更加开放的形象跨入新世纪,no_topic
19980411-06-007,开发新型劳动密集型产业,no_topic
19980411-06-008,提高社会用电服务水平,no_topic
19980411-07-002,从失败中完善,no_topic
19980411-07-003,冲向国际市场,no_topic
19980411-07-004,长征运载火箭,no_topic
19980411-07-005,现代火箭,title_length
19980411-07-006,走自己的路,no_topic
19980411-07-007,长征系列运载火箭飞行一览表,no_topic
19980411-07-008,纪念长征火箭50次发射(图片),short_body
19980411-08-001,横穿秦岭———“中国铁路第一长隧”剪影(附图片6张),no_topic
19980411-08-002,老连长王兆平(附图片2张),no_topic
19980411-08-003,攻脱贫之坚奔小康之路(附图片2张),no_topic
19980412-01-001,建章立制扎实试点山东启动住房分配货币化,review: 住房分配改革，房地产与金融交叉
19980412-01-002,不让乱评比有市场,no_topic
19980412-01-003,巴黎国家歌剧院芭蕾舞团举行访华首场演出,no_topic
19980412-01-004,青海发挥资源优势引来外资,no_topic
19980412-01-006,"『长征』,为国旗增辉",no_topic
19980412-01-007,淮北干部学理论重实效在理论联系实际方面做到“四个结合”,no_topic
19980412-01-008,江阴提高利用外资水平,no_topic
19980412-01-009,大学生为下岗职工服务(图片),short_body
19980412-01-011,"『江西省希望工程志愿者劝募行动』十日在省会南昌正式启动。希望工程自一九九一年全面实施以来,全省希望工程累计资助失学儿童九万五千四百八十三名,资助贫困中学生一千四百二十名,资助贫困大学生六百三十二名,兴建希望小学三百零三所,修缮农村小学一百五十八所,捐建希望书库三百四十九个。(傅丁根)",title_length
19980412-01-012,"为规范向企业的收费行为,保护企业的合法权益,吉林省政府决定,从四月十日起在全省实行企业交费登记卡制度。企业交费登记卡是企业依法交费的有效凭证,由省物价局统一印制并分发到企业。有关收费单位在向企业收取行政事业性费用时,必须先出示由物价部门颁发的收费许可证和收费员证,并对卡上规定的项目逐项填写,否则企业有权拒绝交费,并向有关部门举报。(李安达)",title_length
19980412-01-013,"杭州市斥资十亿元用于环城公路建设,彻底改善外围交通运输基础设施滞后的状况。据介绍,根据杭州公路建设规划布局的要求,杭州要达到『一环四射』:『一环』即绕城公路,『四射』即沪杭、杭宁、杭甬、杭金衢四条高速公路。在今年底以前『一环四射』要全部达到建设的要求。(赵相如黄曙明)",title_length
19980412-02-001,国际社会欢迎北爱和谈达成协议,no_topic
19980412-02-002,西哈努克返回柬埔寨,no_topic
19980412-02-003,各国议会联盟大会闭幕,no_topic
19980412-02-004,古巴要求美国取消封锁,no_topic
19980412-02-005,埃约强调推动中东和谈,no_topic
19980412-02-006,漳州建立『组织部长夜谈制度』,no_topic
19980412-02-007,明天气象预报(4月12日20时—4月13日20时),short_body
19980412-02-009,图片新闻,title_length
19980412-02-010,钱其琛迟浩田贾庆林分别会见姆贝基,no_topic
19980412-02-011,贾庆林会见俄罗斯和新加坡客人,no_topic
19980412-02-012,傅全有会见肯尼亚客人,no_topic
19980412-02-013,朝鲜北南方副部长级会谈在京举行,no_topic
19980412-02-014,大型党史读物《红船交响曲》出版,short_body
19980412-02-015,中日举行能源圆桌会议,no_topic
19980412-02-018,京澳青年举行澳门基本法座谈会,no_topic
19980412-02-020,更正,title_length
19980412-03-001,诗人学者部长---访曾繁兴先生(附图片1张),no_topic
19980412-03-002,一颗为中俄友谊跳动的心,no_topic
19980412-03-003,品味《泰坦尼克号》,no_topic
19980412-03-004,苏里耶—德莫朗———传播针灸术欧洲第一人,no_topic
19980412-03-005,莎士比亚故居随想,no_topic
19980412-03-006,春季爬绳比赛(图片),short_body
19980412-04-001,广告业期盼新姿态,no_topic
19980412-04-002,双向选择保底安置珠海开设“退伍兵专项劳务市场”,no_topic
19980412-04-003,武汉市拒绝非法传销20多家公司停业5万余人返乡,no_topic
19980412-04-004,适应在岗在学人员就医需求『双休日门诊』火津门,no_topic
19980412-04-005,仓盈粮丰说喜忧,no_topic
19980412-04-007,科技人员到田头(图片),short_body
19980412-04-008,北京市人口保持低增长,no_topic
19980412-04-009,千条中小河流断水吉林旱情仍在发展,no_topic
19980412-04-010,四川“老鼠啤酒”事件真相大白,no_topic
19980412-04-011,面向全国广招贤才杭州公开选拔部分副局级干部,no_topic
19980413-01-001,辩证看海南———写在海南建省办经济特区10周年之际(附图片1张),no_topic
19980413-01-002,中组部等五部门号召向蒋新松同志学习,no_topic
19980413-01-003,西藏四十三个县人武部喜迁新居,no_topic
19980413-01-004,安徽人口增长低于全国平均水平,no_topic
19980413-01-006,建设一支高素质的干部队伍———学习江泽民同志关于干部队伍建设的论述,no_topic
19980413-01-007,瑞典第一列新时速列车运抵天津港(图片),short_body
19980413-02-002,当一回应聘者———沈阳皇姑区下岗职工再就业洽谈会采访记,no_topic
19980413-02-003,杨庆云与芦淞职业介绍所,no_topic
19980413-02-004,新疆牛奶首次“东南飞”40吨牛奶运往广东成都,no_topic
19980413-02-005,汕头公开销毁违禁书刊盗版光盘,no_topic
19980413-02-006,扬州财政增加农业科技投入,multiple_topics
19980413-02-007,庆典不搞铺张浪费真情献给下岗职工,no_topic
19980413-02-009,该告别的不是三峡,no_topic
19980413-02-010,贵阳构筑“绿色安全屏障”确保进出口产品都是“放心货”,no_topic
19980413-02-011,昆明农行支持『双优』产业,no_topic
19980413-02-012,唐山建行帮助企业脱困境,no_topic
19980413-02-014,"本报讯河北省五大防护林体系建设已初具规模。去年全省造林三十六万公顷,新封山育林二十六点六万公顷,新育苗木一点三万公顷,均超额完成了全年计划。(陈国琦)",title_length
19980413-02-015,"本报讯我国重要文物集散地、文物出境的四大口岸之一天津市,四月八日成立了天津国际拍卖公司。它将严格按国际通行规范从事中外文物及艺术品、动产、不动产及各类无形资产、知识产权、土地使用权的拍卖业务。(文林肖荻)",title_length
19980413-02-016,"本报讯广东中山市小霸王公司与日本索尼公司共同研制出小霸王新型SB802VCD高级影碟机,它应用了数字影视技术中最新技术,符合最新国际数字影碟机标准白皮书2.0规范。(阮文)",title_length
19980413-02-017,"本报讯江苏常柴集团金坛柴油机总厂全方位盯住市场,夺取市场空间,赢得了企业发展新机遇。一九九七年,实现利润总额一千三百六十九万多元,前几年累计亏损二千五百四十万元已全部弥补,甩掉了企业的亏损帽子。",title_length
19980413-02-018,"本报讯湖北黄冈市实现整体跨越温饱线,该市的罗田、红安、麻城、蕲春、英山等五个国家重点贫困老区县、市,农民人均年纯收入已于一九九七年底分别达到国家规定的解决温饱标准,农民人均年纯收入由上年的一千五百六十八元增加到一千七百五十八元。(罗盘胡天堂)",title_length
19980413-03-001,军嫂新追求———记武警某部优秀警官妻子张柏平(附图片1张),no_topic
19980413-03-002,为她撑起一片天,no_topic
19980413-03-003,北京加大公务员培训力度9万人通过培训和考试,no_topic
19980413-03-004,姐妹茶缘行动(图片),short_body
19980413-03-005,培养造就高素质领导骨干新郑基层干部走进中央党校,no_topic
19980413-03-006,组织部长贪污党费被判刑,no_topic
19980413-03-007,东莞巡警用行动书写忠诚,no_topic
19980413-03-008,重庆市表彰“争光奖”得主,no_topic
19980413-03-009,秦皇岛工行靠服务树形象,no_topic
19980413-03-011,湖南工会做好困难职工生活保障工作,no_topic
19980413-03-012,"本报讯沈阳军区某炮兵旅五十余名下岗军嫂在两名军队退休老干部的带领下办起了家属工厂,他们发扬自强不息的精神,一年创产值千万余元。两年来,他们共为国家和军队上交税款和利润二百六十二万元,被沈阳军区评为先进家属工厂。",title_length
19980413-03-013,"本报讯桂林陆军学院在今年的转业干部安置工作中,引导他们主动适应国家经济体制改革新形势,及时转变择业观念,积极投身经济建设『主战场』。目前,学院二十五名已确定转业的干部正瞄准市场及时给自己『充电』,抓紧学习市场经济知识,对参与社会人才竞争充满信心。(周国祝王永清)",title_length
19980413-03-014,"本报讯近几年来,安徽省淮南军分区发动广大民兵积极投身于当地的两个文明建设。先后组织民兵为当地群众建设了二百多项富民工程,取得了显著的经济效益和社会效益。(詹涛)",title_length
19980413-03-015,"本报讯青岛海信公司全心全意依靠职工办企业,重视产品质量。据中国消费者协会日前在北京公布的消息,经九七全国一百家大中城市消费投诉站对五十八种空调品牌消费投诉调查,青岛海信空调有限公司生产的海信牌空调器为无投诉品牌。同时,海信空调荣获中国消费者协会一九九八至一九九九年度推荐品牌的荣誉。",title_length
19980413-03-016,"本报讯云南公安边防总队德宏边防支队木康公安边防检查站战士张和平缉毒成绩突出,被荣记一等功。张和平在平时的工作中掌握了一套过硬的查车验证本领,为边疆建设和社会稳定做出了积极的贡献。(杨金高)",title_length
19980413-04-001,文明城市需要文明市民,no_topic
19980413-04-004,地温日光温室(图片),short_body
19980413-04-007,我国将从四个方面加强出国旅游市场管理,no_topic
19980413-04-008,明天气象预报(4月13日20时—4月14日20时),no_topic
19980413-04-010,引入竞争机制量化评比标准浙江开展创建文明城市竞赛活动,no_topic
19980413-05-002,万人围着『二人转』白山黑水歌声亮吉林农村文化建设虎虎生风,multiple_topics
19980413-05-003,『新时速』摆式列车运抵天津港,no_topic
19980413-05-005,衡阳机务段加强职教保安全,no_topic
19980413-05-006,布拉特全力竞选国际足联主席,short_body
19980413-05-007,女子象棋大师电视快棋赛战罢首轮,short_body
19980413-05-008,全国短道速滑冠军赛收兵长春北方五环队包揽多半金牌,no_topic
19980413-05-013,北京国安队获亚优杯第三名,no_topic
19980413-05-014,"足协杯,今年更精彩",no_topic
19980413-06-001,联合国官员呼吁执行对安盟制裁,no_topic
19980413-06-002,图片新闻,title_length
19980413-06-003,北爱的历史转折点(附图片1张),no_topic
19980413-06-004,北爱尔兰问题,no_topic
19980413-06-005,墨反对美在两国边境堆放核废料,no_topic
19980413-06-006,朝出版《金日成全集》第20、21卷,no_topic
19980413-06-007,世界粮划署官员访朝,no_topic
19980413-06-008,亚美尼亚总统任命新总理,no_topic
19980413-06-009,基里延科缘何未能过关,no_topic
19980413-06-010,韩国前副总理涉嫌渎职被调查,no_topic
19980413-06-011,巴警方继续追查沙里夫死因哈马斯领导人阿瓦德拉被捕,no_topic
19980413-06-012,周樱前的怀念,no_topic
19980413-07-003,法隆重纪念德拉克洛瓦,no_topic
19980413-07-005,西班牙国产影片市场扩大,no_topic
19980413-07-006,奥国家级剧院脱离政府管理,no_topic
19980413-07-007,飞机挂电线起重机救援(图片),short_body
19980413-07-008,坦桑暴雨滂沱水淹井下三百米山体滑坡土埋矿工九十人,no_topic
19980413-07-009,墨城节水不手软浪费用水遭拘留,no_topic
19980413-07-010,美国大力开发生物工程药品,no_topic
19980413-09-001,意见分歧想买买不了沈微待字闺中五个月,no_topic
19980413-09-002,质次价高想卖卖不出京城一批企业受冷落,no_topic
19980413-09-003,银行诉讼路走得好辛苦,multiple_topics
19980413-09-005,“要个说法”(图片),no_topic
19980413-09-006,微利时代,title_length
19980413-09-007,为何空运钞票4000万,no_topic
19980413-09-009,如何使示范窗口永远敞开,no_topic
19980413-09-010,一位下岗女工的自述:拼搏创业苦变甜,no_topic
19980413-10-001,个体户建账好,no_topic
19980413-10-003,下岗女工尹桂荣三年缴税28万,no_topic
19980413-10-004,历年税收宣传月活动主题,short_body
19980413-10-005,京城设立地税公告栏(图片),no_topic
19980413-10-006,相国寺市场补税记,no_topic
19980413-10-007,自作聪明自食其果———何晓彬偷逃个人所得税案始末,no_topic
19980413-10-008,枣庄市实现企业足不出户纳税,no_topic
19980413-10-009,卫辉国税局磨利稽查之剑,no_topic
19980413-10-010,盘锦市表彰优秀纳税企业,no_topic
19980413-11-001,二手CT:打住(附图片1张),no_topic
19980413-11-002,邮市低迷为哪般,no_topic
19980413-11-003,建筑面积:葫芦里卖的什么药,no_topic
19980413-11-004,国际列车免费供餐(附图片1张),no_topic
19980413-11-005,中国电池工业协会公布检测结果国产电池优势明显,no_topic
19980413-11-006,九八中国国际家电展将举办,no_topic
19980413-11-009,朝日啤酒在华推出『舒波乐』,no_topic
19980413-11-010,酒是假的钱是真的(图片),short_body
19980413-11-011,上证综合指数日K线图(图片),short_body
19980413-11-013,沪市上周上涨前五名(%),short_body
19980413-11-014,沪市上周下跌前五名(%),short_body
19980413-11-015,深市上周上涨前五名(%),short_body
19980413-11-016,深市上周下跌前五名(%),short_body
19980413-11-017,深证成份股指数日K线图(图片),short_body
19980413-12-001,我们需要什么样的服装(附图片1张),no_topic
19980413-12-002,什么样的服装好卖,no_topic
19980413-12-003,设计要面向市场,no_topic
19980413-12-004,脱了西装去旅游,no_topic
19980413-12-005,国产高档时装在哪里?(附图片1张),no_topic
19980413-12-006,让消费者买得起名牌,no_topic
19980413-12-007,内外有别家居服,no_topic
19980413-12-008,职业休闲二合一(附图片1张),no_topic
19980413-12-009,服装消费要引导,no_topic
19980413-12-010,中老年人也要穿时装,no_topic
19980413-12-011,城市居民买服装想些啥,no_topic
19980414-01-001,在海南建省办经济特区十周年庆祝大会上李岚清同志的讲话,no_topic
19980414-01-002,治乱减负工作取得阶段性成果取消向企业不合理收费483亿元,no_topic
19980414-01-003,海南庆祝建省办经济特区10周年李岚清出席大会并发表讲话,no_topic
19980414-01-004,江泽民会见姆贝基,no_topic
19980414-01-005,李瑞环会见斯里兰卡客人,no_topic
19980414-01-006,朱镕基会见姆贝基,no_topic
19980414-01-007,“联”字擎起这片天———从石药集团跳跃发展看强强联合,no_topic
19980414-01-008,春浓茶香(图片),short_body
19980414-01-009,21>200,no_topic
19980414-01-011,"从今年4月起,安徽省政府将每个月第一个周一定为“金融工作日”,由省政府领导会同省直有关单位专门处理金融改革和金融工作中出现的需要政府处理和协调的问题。4月6日,在第一个“金融工作日”上,分管金融工作的常务副省长汪洋提出对企业违规逃废银行债务问题要进行认真治理,并采取了相应的措施。",title_length
19980414-01-012,"4月10日晚9时45分,随着由温州返回的CA1528航班在天津滨海国际机场平稳着陆,国航天津分公司创下了安全飞行33年的新纪录。33年来,他们执飞过亚洲、欧洲、非洲及北美洲的航班任务,累计安全飞行近20万小时,被民航总局授予“全国民航安全生产先进单位”荣誉称号。(唐中华)",title_length
19980414-01-013,"在重庆直辖市诞生一周年之际,重庆市博物馆举办的《迈向21世纪的新重庆展览》10日开幕。这个展览共展出图片图表650余幅、文物文献数百件,其中有不少是作为重庆各历史时期重要见证的珍贵文物,旨在让人们认识新重庆,热爱新重庆,建设新重庆。(颜雨)",title_length
19980414-01-014,"江苏省沛县国税局城区分局实行规范化管理,使征管工作走上了正轨。据统计,该分局纳税户上门纳税申报率已达100%,税款遵期入库率已达98%,今年1月至3月20日共入库税款750万元,比去年同期增加200万元。",title_length
19980414-02-001,规范基金市场保护投资者利益证监会处罚违规申购基金者,no_topic
19980414-02-002,从“汽车文明”到“信息文明”,no_topic
19980414-02-003,价廉物美安全放心大连九大配送体系送来副食品,no_topic
19980414-02-004,只缘设施坏冒险来飞黄(图片),short_body
19980414-02-005,触摸购物(图片),short_body
19980414-02-006,支持基础设施建设推动企业技术进步工行安排400亿固定资产贷款,multiple_topics
19980414-02-007,辽宁全面拍卖荒地使用权,no_topic
19980414-02-008,我穿西服厂家洗,no_topic
19980414-02-009,安阳对纳税户奖优罚劣,no_topic
19980414-02-010,中消协公布一季度投诉热点———皮衣掉皮“三包”扯皮,no_topic
19980414-02-012,山海关绿地长城相辉映,no_topic
19980414-02-013,四川机械提灌保春耕,no_topic
19980414-02-014,重庆市大力推广天然气汽车(图片),short_body
19980414-02-015,种子档案(图片),short_body
19980414-02-016,"本报讯由中国第一重型机械集团公司制造的具有当今世界先进水平的两台大型加氢反应器近日发往广东茂名石化公司。该设备单重四百六十吨,重量居国内第一。这种反应器是石化工业的关键设备,只有几个国家能生产。(刘长韧)",title_length
19980414-02-017,"本报讯江西江铃齿轮股份有限公司在搞好下岗分流的同时,稳步推进再就业工程,短短的一年多时间内成功分流了非生产性人员三百三十七人。一九九七年公司实现利润、销售收入、职工年人均收入等经济指标分别比上年增长百分之二十、百分之十六和百分之十三点八。(程曦李禾丰)",title_length
19980414-02-018,"本报讯江苏省三毛集团内部劳务调剂市场近日正式启动。该公司为国家特大型毛纺企业。该市场专门出台了跨工种、跨部门培训就业的新举措,因势利导,鼓励员工一专多能,搞好第二职业,以此平衡生产用工,积极开发员工就业潜力。",title_length
19980414-02-019,"本报讯人行河南省信阳县支行为发动社会力量监督,开通了金融违规举报电话。人民银行三日内给举报者反馈查处结果。仅今年头四个月,就对举报的金融违规机构罚款五十一万元。(常青)",title_length
19980414-02-020,"本报讯四月九日,湖北省监利县新镇双岭村农民徐开均就近来到湖北银欣集团公司粮食收购点,一次性出售家中余粮一千二百五十公斤,换取春耕生产资金一千五百五十元。截至四月八日,该公司共收购农民手中余粮四千六百多万公斤。",title_length
19980414-02-021,"本报讯河北省清河县东高集团有限公司,前不久从国家经贸委捎来大红证书他们研制开发出的绵羊绒衫,经专家评审,被认定为一九九七年度国家级新产品。",title_length
19980414-03-001,司马义·艾买提在全国民委主任会议上提出,no_topic
19980414-03-002,连心桥桥连心,no_topic
19980414-03-003,公安机关求贤若渴三年选拔三千大学生充实公安基层,multiple_topics
19980414-03-004,深入军营为官兵(图片),short_body
19980414-03-005,老年谈心站,no_topic
19980414-03-006,治理『散软瘫』西藏波密基层党建见成效,no_topic
19980414-03-007,柳州建立监察员队伍市民直接监督政府勤政廉政,no_topic
19980414-03-008,为边疆地区发展创造条件云南扫雷部队情系雷区群众,no_topic
19980414-03-009,"本报讯新疆军区某师对少数民族官兵坚持大胆选拔使用。近年来,这个师先后为地方输送政治合格、作风优良,又有一技之长的少数民族官兵近4000人,有120多人已走上了自治区县(市)级领导岗位,250多名退伍战士被地方破格提拔为厂长或乡村干部。(王雁翔刘玲)",title_length
19980414-03-010,"本报讯福建省福州市仓山区国家税务局与麦顶小学联合组成的税法宣传队源于1993年。宣传队除了每年4月1日参加摆摊设点进行税法咨询外,还在仓山区内巡回演出,分发税法宣传资料,宣传税收法规,起到良好的效果。(孙世长)",title_length
19980414-03-011,"本报讯广东省汕头市金园区认真落实社会治安综合治理领导责任制,取得了明显成果。目前,该区的综合治理已初步形成五大网络,即:打击整治网络、内部安全保卫网络、社会防范控制网络、街区立体防护网络、宣传教育网络。",title_length
19980414-03-012,"本报讯武警辽宁总队盖州中队大力抓好执勤工作,不断完善执勤制度,确保执勤目标绝对安全。中队连续35年无事故,曾先后十几年被上级评为先进中队。",title_length
19980414-04-001,湖北二万多党政干部易地任职在新岗位开创了工作新局面,no_topic
19980414-04-002,身到位与心到位,no_topic
19980414-04-004,北京将建国家大剧院前期建设设计方案开始国际招标,no_topic
19980414-04-005,明天气象预报(4月14日20时—4月15日20时),no_topic
19980414-04-006,国务院任免一批国家工作人员,no_topic
19980414-04-007,邹家华在浙江视察时强调加大基础设施建设力度,no_topic
19980414-04-008,开发塔里木石油获重大进展(图片),short_body
19980414-04-010,中国赴沙特朝觐人员平安无事,no_topic
19980414-04-011,上海虹桥机场恢复通航,no_topic
19980414-04-013,吴邦国会见美国客人,short_body
19980414-04-014,曾庆红率中共代表团回京,short_body
19980414-04-015,吴仪会见古巴副外长,short_body
19980414-04-016,布赫率代表团出访奥地利德国,short_body
19980414-05-003,青春期健康教育计划启动,multiple_topics
19980414-05-007,博士后流动站形成网络建站四百五十个涉及十大学科门类,multiple_topics
19980414-05-009,吴桥杂技文化节将举行,short_body
19980414-05-010,《中国资本市场发展》丛书出版,no_topic
19980414-05-011,诚华液晶投影机问世,short_body
19980414-05-012,中国红十字会扶危济困,no_topic
19980414-06-001,苏哈托会见唐家璇时表示印尼将继续推进对华友好关系,no_topic
19980414-06-002,朝韩副部长级会谈继续举行双方承认分歧并表示要真诚合作,no_topic
19980414-06-003,政治解决才有前途,no_topic
19980414-06-004,我代表在各国议联大会上指出,no_topic
19980414-06-005,图片新闻,title_length
19980414-06-006,美国校园犯罪率上升,multiple_topics
19980414-06-007,墨西哥驱逐12名外国游客出境,no_topic
19980414-06-008,塞尔维亚议长强调反对大国干涉,no_topic
19980414-06-009,叶利钦再促国家杜马批准基里延科任总理,no_topic
19980414-06-010,科技教育的基地---记朝鲜金策工业综合大学,multiple_topics
19980414-06-011,美对南政策透视———兼析美国巴尔干战略,no_topic
19980414-07-001,国际报业加快自我更新,no_topic
19980414-07-003,澳打响码头改革战,no_topic
19980414-07-004,图片新闻,title_length
19980414-07-006,植物抗寒基因,no_topic
19980414-07-007,日本公司警官通钱权东窗事发吃官司,no_topic
19980414-07-008,英国水灾百年未遇损失五亿英镑,no_topic
19980414-07-009,恒星形成需水猎户星云作证,no_topic
19980414-07-010,基因疗法治疗癌症,multiple_topics
19980414-07-011,骨质疏松症基因,no_topic
19980414-07-012,导致脱毛基因,no_topic
19980414-08-001,第二次机遇,no_topic
19980414-08-002,中国自行车男队出征菲律宾摩洛哥,no_topic
19980414-08-003,近访郎平,title_length
19980414-08-006,全国竞走锦标赛将举行,short_body
19980414-08-007,"本报讯由北京青年报等单位联合举办的首届“汇源果汁”杯市民健康创新高大赛上周末揭幕。首次推出的项目有看谁踢毽踢得多、投篮投得准、颠球(足球)颠得多,还有水中举重物持续时间等。每个项目的最好成绩将成为北京市市民体育新纪录。这一活动每隔一周在东单体育中心举行一次。(萧鸣)",title_length
19980414-08-008,本报讯北京市体育记者协会、北京伟业汽车租赁公司、北京康漫体育娱乐设备有限责任公司于日前在怀柔雁栖湖联合举办了’98“伟业杯”首都记者双体帆船趣味赛。来自首都30多家新闻单位的记者参加了比赛。,title_length
19980414-08-009,"本报讯由伟业顾问公司发起、伟业顾问网球队与首都记者网球队共同举办的第四届“伟业新闻杯”网球友好邀请赛,4月12日下午在中国大饭店网球中心战罢,伟业队以5∶2战胜记者队,蝉联“伟业新闻杯”网球赛冠军。(耀光)",title_length
19980414-08-010,"本报讯经万事达卡授权,中国农业银行将在中国独家发行’98世界杯足球赛纪念卡,一套5张,共发行5万套,其中在北京发行1万套。在发行活动结束后一周内,主办单位将在利生体育商厦举行抽奖活动,届时10名幸运消费者将免费赴法,身临其境感受世界杯狂潮。本活动由星期广告公司策划,北京利业行商贸有限责任公司承办。(王欣)",title_length
19980414-09-001,选公仆十年不辍论功过百姓评说(附图片1张),no_topic
19980414-09-002,码头『超生』何时了,no_topic
19980414-09-004,掌权不私亲女儿先下岗,no_topic
19980414-09-005,群众呼声就是决策依据(附图片1张),no_topic
19980414-09-006,不妨下访,title_length
19980414-09-007,设计人生———记“温州十大优秀青年”周德文,no_topic
19980414-09-008,千年瓷都:德化(附图片2张),no_topic
19980414-10-001,管用的理论形式———“邓小平理论风格”系列谈之十四,no_topic
19980414-10-003,建立与市场经济相适应的行政管理体制,no_topic
19980414-11-001,删繁就简减轻负担,no_topic
19980414-11-002,减轻与提高,no_topic
19980414-11-003,教学内容调整不会降低教育质量---中央教育科学研究所专家谈调整教材,multiple_topics
19980414-11-004,有什么胃口点什么菜,no_topic
19980414-11-005,课程设置不可随意化,no_topic
19980414-12-001,农民健康衡量文明的一把标尺---四川射洪县农村卫生见闻,multiple_topics
19980414-12-002,人口素质从零岁前抓起,no_topic
19980414-12-003,“白色污染”有治吗?,no_topic
19980414-12-005,用我青春染深山———记自愿献身环保的山里青年刘翥,no_topic
19980414-12-006,丹顶鹤喜栖辽河畔(附图片2张),short_body
19980414-12-007,缺血性眼病不再难治,no_topic
19980414-12-008,西方干扰素不宜滥用,no_topic
19980415-01-001,建造千里长堤造福子孙后代浙江集中人财物修海塘,no_topic
19980415-01-002,我与人民日报,no_topic
19980415-01-003,我的良师挚友,no_topic
19980415-01-004,"人民日报,同战士一起冲锋",no_topic
19980415-01-005,应邀出访日本和韩国前胡锦涛分别会见日韩大使及驻京记者,no_topic
19980415-01-006,李瑞环看望多党合作研究班学员,no_topic
19980415-01-008,内蒙古草原上的三下乡车队(图片),short_body
19980415-02-001,农户后院成为城市蛋筐农户规模化养殖崛起城郊工厂化鸡场收缩,no_topic
19980415-02-002,怎样看待国产轿车降价,no_topic
19980415-02-003,合肥市多数下岗职工实现再就业(图片),short_body
19980415-02-006,小宣传员(图片),short_body
19980415-02-007,新纳税人(图片),short_body
19980415-02-008,三峡部分项目进入冲刺阶段,no_topic
19980415-02-009,上海海关支持非公有制经济发展,no_topic
19980415-02-010,帮助企业增强国际市场竞争力商检促进食品出口,no_topic
19980415-02-013,"本报讯4月14日,北京市国家税务局、北京市税务学会召开了“税收管理与依法治税”座谈会。国家税务总局领导、首都部分税务专家学者、企业代表等参加了会议。(李建兴)",title_length
19980415-02-014,"本报讯4月13日,交通部副部长刘松金在上海航运交易所正式发布“中国出口集装箱运价指数”。由此,世界上第一个集装箱运价指数在上海诞生。运价指数可以反映航运市场的价格变动趋势,为政府决策和航运企业定价提供参考依据。",title_length
19980415-02-015,"本报讯山东金乡县今年的大蒜种植面积达到50万亩,现长势喜人,丰收在望,将产蒜头55万吨,蒜薹18万吨。(刘广良周秀梅)",short_body
19980415-02-016,"本报讯广东川岛试验区陆岛大桥、王府港、填海造地等项工程,日前在广东省台山市正式动工。这个中外合资的大型建设项目由柬埔寨中国城集团和台山海宴房地产开发公司合作开发。(罗雪)",title_length
19980415-02-017,"本报讯湖北九龙实业股份有限公司近年来依靠科技求发展,研制开发多功能系列汽车转向器。去年创利税5200万元,4年便实现了从亏损大户到盈利大户的跳跃。(胡文峰王联生)",title_length
19980415-02-018,"本报讯日前,意大利梅洛尼家用电器公司宣布,选择北京当代商城、翠微大厦、海蓝云天购物商城等八家大型商场作为阿里斯顿品牌的首批零售商,产品直接进入中国市场。(孟兰云)",title_length
19980415-03-002,广西面向全国招聘副厅级干部杭州公开选拔副局级干部,no_topic
19980415-03-003,传情的戈壁石,no_topic
19980415-03-005,黄河岸边写忠诚,no_topic
19980415-03-007,周恩来摄影展反响强烈,no_topic
19980415-03-008,"本报讯河南省柘城县人武部把在全县民兵中广泛开展“重晚情、送温暖,孤老身边有民兵”活动,作为民兵参加精神文明建设的一项重要内容。全县23个乡镇武装部和491个民兵连都有自己定点服务的敬老院或孤寡老人,先后有15个民兵连和32名民兵受到市县表彰。(张超冯永刚)",title_length
19980415-03-009,"本报讯随着分布于全国的各工地开始施工,日前,在休工期经过集中培训的河北建设集团企业党校58名理论骨干,已分赴各工地的流动党校,担负授课任务。据集团公司党委副书记霍建炉介绍,该集团注重抓好党的建设,有力地推动了企业发展,已连续6年企业的产值平均增加1亿元。(王渊刘景乔)",title_length
19980415-03-010,"本报讯武警北京一总队十三支队后勤部助理员高秋兵,在3月14日执行首批全国政协九届一次会议委员离京铁路线警卫勤务中,因护路灭火被火车挂倒,不幸以身殉职,壮烈牺牲。日前,武警总部批准高秋兵为革命烈士,并追记一等功。",title_length
19980415-03-011,"本报讯江苏省淮阴军分区在组织开展“百营攻坚、百村脱贫”(即:100个民兵营帮扶100个自然村)的活动中,重点解决老区交通闭塞、生产条件差、技术落后、信息不畅等20多个致富难题,先后投入1·2万多个劳动日,协调解决资金257.6万元,共培养种植、养殖、修理等各类人才1591名,使99个贫困自然村走上了脱贫致富的路子。(丁在新范成君)",title_length
19980415-04-001,学会算经济账,no_topic
19980415-04-002,中宣部等三部门联合举行报告会青年兴业领头人事迹感人,no_topic
19980415-04-003,国务院新部委和委管局陆续挂牌标志着国务院机构改革进入实质性阶段,no_topic
19980415-04-004,明天气象预报(4月15日20时—4月16日20时),no_topic
19980415-04-005,国务院任免一批国家工作人员,no_topic
19980415-04-007,唐山市东北发生4.7级地震,no_topic
19980415-04-008,科技深入农村(图片),short_body
19980415-04-009,海南特区建设邮票发行,no_topic
19980415-04-011,李铁映会见智利客人,short_body
19980415-04-012,中华大地之光征文举办,no_topic
19980415-04-013,韩喜凯当选山东省政协主席,short_body
19980415-04-014,研究邓小平行政理论探讨推进政府机构改革国家行政学院举行研讨会,no_topic
19980415-04-015,平顶山特大瓦斯爆炸事故有关责任人受到严肃处理,no_topic
19980415-04-016,黄菊会见意大利客人,short_body
19980415-04-017,吴仪会见基里巴斯商业部长,short_body
19980415-04-018,吴仪会见美国客人,short_body
19980415-04-019,曹志会见巴勒斯坦客人,short_body
19980415-04-020,石广生会见美国商务副部长,short_body
19980415-04-021,杨洁篪将率团出席亚太经社会年会,short_body
19980415-04-022,中国和基里巴斯签署贸易协定,short_body
19980415-04-023,南非副总统姆贝基结束访华,short_body
19980415-05-004,承百年报国志做世纪栋梁材北大以全新面貌迎百年校庆,no_topic
19980415-05-007,翦伯赞诞辰百年学术研讨会举行,no_topic
19980415-05-008,饶平县挑选大中专毕业生当“村官”,no_topic
19980415-05-009,西安交大发现早期高等学府史料,no_topic
19980415-05-011,牡丹节集邮品博览会举行,short_body
19980415-05-012,爱多公司为希望工程捐款千万元,no_topic
19980415-06-001,柬政府军占领安隆汶红色高棉领导人下落不明,no_topic
19980415-06-002,朝纪念金日成诞辰86周年,no_topic
19980415-06-003,朝韩副部长级会谈延长会期(附图片1张),no_topic
19980415-06-004,前程多困顿欧盟负重行,no_topic
19980415-06-005,喜迎新千年美国筹备忙,no_topic
19980415-06-006,叙黎重申拒绝以撤军计划,no_topic
19980415-06-008,北爱尔兰人的集会(图片),short_body
19980415-06-010,IAEA公布核查伊总统府邸结果,no_topic
19980415-06-011,克林顿致函阿尔巴尼亚总理对科索沃局势表示不安,no_topic
19980415-06-012,墨反对外国插手内政,no_topic
19980415-06-014,沙里夫案引发风波,no_topic
19980415-07-001,探寻地外生命,no_topic
19980415-07-002,因特网上信息膨胀搜索引擎力不从心,no_topic
19980415-07-003,“先治感冒再治贫血”———日本政府转变经济政策,no_topic
19980415-07-005,东亚经济传真日本经济今年将出现零增长,no_topic
19980415-07-007,图片新闻,title_length
19980415-08-001,优秀武术馆(校)长培训班在武汉举办,no_topic
19980415-08-002,近访郎平,title_length
19980415-08-004,首都网球友谊赛开拍,short_body
19980415-08-005,泰森将重新申请拳击执照,no_topic
19980415-08-006,乒坛新星京城再争高下,no_topic
19980415-08-007,公平竞争奖(图片),short_body
19980415-08-009,亚优杯:韩国兵败沙特夺冠,no_topic
19980415-09-001,电梯停运苦了残疾人(附图片3张),no_topic
19980415-09-002,灯会该如何办下去,no_topic
19980415-09-003,回音壁,title_length
19980415-09-004,引导市民尊重劳模,no_topic
19980415-09-005,天鹅蒙难好人相救,no_topic
19980415-09-006,联合办公解决难案,no_topic
19980415-09-007,管好古树培植新苗,no_topic
19980415-09-008,大家伸援手孤儿不孤独,no_topic
19980415-09-009,小心吃掉“民心”,no_topic
19980415-09-010,“衙门作风”该改了,no_topic
19980415-09-011,警惕非正常下岗,no_topic
19980415-09-012,百岁老人喜领津贴,short_body
19980415-10-001,一份不该发出的文件,no_topic
19980415-10-003,质量:驰名商标的灵魂,no_topic
19980415-10-004,恢复月坛邮票市场,no_topic
19980415-10-005,如此大米“精加工”(附图片3张),no_topic
19980415-10-006,企业改制后更要加强管理,no_topic
19980415-10-007,关于《彭州万亩林场被毁三分之一》一文的答复,no_topic
19980415-10-008,禁止在公路上建『大集』,no_topic
19980415-10-009,正安交警怎能如此蛮横,no_topic
19980415-10-010,优质服务十分必要被服务者要理解支持,no_topic
19980415-10-011,撕人民币辨真伪不可取,no_topic
19980415-10-012,小商品也应有信誉保证,no_topic
19980415-11-001,"妈妈,其实我懂您的心———本版征集《献给母亲的一句话》引出的话题",no_topic
19980415-11-002,做官·做事·做人,no_topic
19980415-11-003,电话被盗打责任由谁负,no_topic
19980415-11-004,困境也是机遇,no_topic
19980415-11-005,外来务工青年俱乐部,no_topic
19980415-11-007,“柑桔夫妻”,no_topic
19980415-11-008,我的打工日子,no_topic
19980415-11-009,迷惘的眼神(附图片2张),no_topic
19980415-12-001,“锦华人”走活了再就业这盘棋,no_topic
19980415-12-002,要生存先把泪擦干走过去前面是个天,no_topic
19980415-12-003,养路工出身的实干家———铁路山海关工务段段长朱远镇小记,no_topic
19980415-12-004,企业家与下岗青工共话创业,no_topic
19980415-12-005,敲开成功之门,no_topic
19980415-12-006,图片新闻,title_length
19980415-12-007,何江波:梅花香自苦寒来,no_topic
19980416-01-001,崛起的产业高地———浦东开发开放8周年的报告(附图片1张),no_topic
19980416-01-002,党报和咱心连心,no_topic
19980416-01-005,朱镕基会见格鲁吉亚外长,no_topic
19980416-01-006,尉健行会见卢旺达客人,no_topic
19980416-01-007,赵志浩当选山东省人大主任李春亭当选山东省省长,no_topic
19980416-01-008,中央党校进修部和本报国内政治部召开座谈会认为,no_topic
19980416-01-009,图片新闻,title_length
19980416-01-011,"由于注重生态保护和植树造林工作,海南森林面积不断扩大,全省森林覆盖率已由10年前的38%上升到目前的50·5%。1988年海南建省办特区后,对可封山育林的山区林地进行了全面封山育林,停止对原始森林的采伐,使海南热带雨林面积由10多年前的600万亩恢复到900万亩。植树造林工作也取得明显成绩。目前,全省拥有的人工林面积已突破1100万亩,其中橡胶、水果等经济林木达700多万亩。",title_length
19980416-01-012,"“江苏名牌产品多媒体查询系统”4月15日开始与因特网联网。该系统和配套的多媒体光盘收集了江苏1997年度425个名牌产品及其企业的情况介绍,通过中经网江苏中心和因特网,向全国及180多个国家和地区的7400万个因特网站点的几亿用户发布。(龚永泉)",title_length
19980416-01-013,"青海省将利用世行贷款项目计划,用5年时间实施一项易地开发扶贫工程:即在柴达木盆地兴建40万亩绿洲农业新灌区,以安置东部干旱山区17万农民调庄移民。项目建设内容有:兴建4个灌区;修建65公里35KV输电线路、271公里10KV线路;开垦农田28万亩,人工造林6万亩,人工种草6万亩;还将兴建乡镇企业、教育卫生、群众住房等基础设施。",title_length
19980416-02-001,旅游购物想说爱你不容易,no_topic
19980416-02-002,贸促会力促外贸发展,no_topic
19980416-02-003,农户优先社员优先农业优先农村信用社贷款实行三优先,multiple_topics
19980416-02-004,抓好『种子工程』,no_topic
19980416-02-005,杂交玉米种子质量提高去年促进玉米增产10亿公斤,no_topic
19980416-02-006,福州公房今起上市,no_topic
19980416-02-007,还差一点(图片),short_body
19980416-02-008,工程承包带动机电产品出口我为德黑兰地铁提供机车、客车,no_topic
19980416-02-009,赛羊会(图片),short_body
19980416-02-010,"本报讯日前,中国进出口银行与陕西韩城第二发电有限责任公司在北京签署了350亿日元贷款的转贷协议。此笔贷款是日本政府提供的第四批1997年度贷款总额中的一部分,将安排用于建设陕西韩城第二发电厂项目。(靳轩)",title_length
19980416-02-011,"本报讯中国企业管理协会、国家自然科学基金委员会管理科学部等单位最近在京召开了“振兴中国管理科学研讨会”,探讨在实施科教兴国的发展战略过程中,如何进一步加强管理教育,提高人们管理科学的认识水平,为我国社会和经济发展奠定更坚实的科学基础。(企讯)",title_length
19980416-02-012,"本报讯呼和浩特铁路局加快发展劳动服务企业。现在,该局已有劳服企业126个、414个网点,安置了两万余名职工就业。“八五”期间,这批劳服企业安置待业人员8000人。“九五”以来,又安置1484人就业。(占武)",title_length
19980416-02-013,"本报讯针对一些棉纺企业的出口经营困难,天津海关积极为企业争取出口创汇的有利条件,并批准天津棉纺一厂所在的天一集团设立保税仓库,使他们降低生产成本,提高贸易效率。(陈嘉亮)",title_length
19980416-02-014,"本报讯河南省安阳市文峰区国税局结合工商企业的具体情况分类开办税收培训班,方便纳税人办理各项纳税事宜。从去年10月底开始,这家国税局先后对下属工商企业290多户纳税人进行了培训,深受企业欢迎。(张遂旺)",title_length
19980416-03-001,努力建设一支高素质干部队伍,no_topic
19980416-03-002,公而忘私勤政为民(附图片1张),no_topic
19980416-03-003,实践之中长才干(附图片1张),no_topic
19980416-03-004,领导干部应有点『书卷气』(附图片1张),no_topic
19980416-03-005,让优秀人才脱颖而出(附图片1张),no_topic
19980416-03-006,“关键在人”的迫切要求(附图片1张),no_topic
19980416-03-007,肖扬在全国法院教育整顿工作座谈会上指出,multiple_topics
19980416-03-008,全国民委主任会议在京结束,no_topic
19980416-04-001,中宣部等五部门举行报告会号召深入学习十五大精神,no_topic
19980416-04-002,钟民同志逝世(附图片1张),no_topic
19980416-04-003,吴邦国会见苏丹客人,no_topic
19980416-04-004,吴仪会见世界知识产权组织副总干事,no_topic
19980416-04-005,明天气象预报(4月16日20时—4月17日20时),no_topic
19980416-04-006,中国国际服装服饰博览会开幕,no_topic
19980416-04-007,吴邦国会见瑞士客人,no_topic
19980416-04-008,乌干达第一副总理兼外长将访华,short_body
19980416-04-009,春风吹进七百,no_topic
19980416-04-010,邹家华会见法国客人,short_body
19980416-04-011,唐家璇与格鲁吉亚外长会谈,no_topic
19980416-04-012,农民合资购飞机载客旅游创收益(图片),short_body
19980416-04-014,世界传播集团第十届年会在京开幕,no_topic
19980416-04-015,第八十三届广交会开幕外企出口商品交易会在穗举行,no_topic
19980416-04-016,60多年前振兴中华的宏伟蓝图孙中山建国方略图在濮阳县发现,no_topic
19980416-04-017,胶济铁路今日提速,no_topic
19980416-05-001,军中名医『王一针』---记中国平衡针创立者王文远,no_topic
19980416-05-002,太湖治污拉开战幕国家环保总局要求千余企业年底达标排放,no_topic
19980416-05-004,亚足联处罚大连万达俱乐部,no_topic
19980416-05-005,抗旱抗寒抗病“农家宝”为农家分忧,no_topic
19980416-05-007,国际维生素学术研讨会召开,no_topic
19980416-05-009,『格威特』将登上亚运会领奖台,no_topic
19980416-05-011,绿茵少年之歌———走近秦皇岛中国足球学校,multiple_topics
19980416-05-013,中国汽车拉力赛6月在京举行,no_topic
19980416-05-014,亚洲足球俱乐部优胜者杯赛第一轮对阵形势揭晓,short_body
19980416-05-015,现代民间绘画画乡--吉林省东丰县(图片),short_body
19980416-06-001,联合国特使呼吁解决阿富汗问题阿两派将召开联合筹委会,no_topic
19980416-06-002,朝鲜对我提供援助表示感谢,no_topic
19980416-06-003,开源节流造福社会,no_topic
19980416-06-004,南非种族歧视令人发指黑人女婴惨遭枪杀,no_topic
19980416-06-005,美参联会主席称匈波捷将很快加入北约,no_topic
19980416-06-006,印总理会见美总统特使克林顿期待下半年访印,no_topic
19980416-06-007,图片新闻,title_length
19980416-06-008,柯伊拉腊就任尼首相,no_topic
19980416-06-009,泰国欢度宋干节,no_topic
19980416-06-010,何谓“伙伴关系”,no_topic
19980416-06-011,巴拉圭大选执政党自乱阵脚反对党联盟加强,no_topic
19980416-06-012,意大利涉嫌营私舞弊宪兵将军被捕,no_topic
19980416-06-013,西古关系趋向正常,no_topic
19980416-06-014,就俄新总理人选问题久加诺夫不赞同杜马主席立场,no_topic
19980416-07-001,从油价起伏看挪威经济,no_topic
19980416-07-004,欧佩克油价再次下跌伦敦市场原油价格再降,no_topic
19980416-07-005,圣水洗浴(图片),short_body
19980416-07-006,一季度收入锐减英特尔裁员三千,no_topic
19980416-07-007,拒绝巨额罚款大众状告欧盟,no_topic
19980416-07-008,试管女婴三胞胎体重均过一公斤,no_topic
19980416-09-002,『啃』太行的人们---全国山区综合开发试点县平山县纪事(上),no_topic
19980416-09-003,何时不再“跟风跑”?,no_topic
19980416-09-004,挣脱贫困的冲刺———河南省伊川县扶贫攻坚纪实,no_topic
19980416-09-005,福建『人情费』知多少,no_topic
19980416-09-006,此风不可长,no_topic
19980416-09-007,“打工妹之家”两岁了,no_topic
19980416-09-008,图片新闻,title_length
19980416-09-009,农行哈市分行巧打『城市牌』,no_topic
19980416-09-010,农行安化支行推行等级管理,no_topic
19980416-09-011,农行黄州支行筹资支持春耕,no_topic
19980416-10-001,朴实的理论语言---『邓小平理论风格』系列谈之十五,no_topic
19980416-10-002,蹲点调查:提高领导水平的基本功,no_topic
19980416-10-003,《可持续发展经济学》,no_topic
19980416-10-005,进一步完善代理制,no_topic
19980416-11-001,净化环境与净化心灵,no_topic
19980416-11-002,不忘追求,title_length
19980416-11-003,创业中谱写人生---记山西平朔煤炭工业公司油脂厂厂长王金玉,no_topic
19980416-11-004,肖波钢城“时传祥”,no_topic
19980416-11-008,图片新闻,title_length
19980416-12-001,清官之乐,title_length
19980416-12-002,"漩流中,一朵小小的浪花———怀念彭真同志",no_topic
19980416-12-003,拓展阅读的天地(附图片1张),no_topic
19980416-12-004,小板凳(油画),short_body
19980416-12-006,丢不开的笔,no_topic
19980416-12-007,领导莫当『报账筐』,no_topic
19980416-12-008,春意(中国画),short_body
19980416-12-009,中央台『热心听众谱』、『广播札记』征文活动结束,short_body
19980416-12-010,『河西杯』办好文化产业征文揭晓,short_body
19980417-01-001,向建国50周年献礼,no_topic
19980417-01-003,刮目相看鲁版书,no_topic
19980417-01-004,朱镕基会见澳大利亚前总理和日本前首相,no_topic
19980417-01-006,图片新闻,title_length
19980417-01-007,吉尔吉斯共和国总统将访华,short_body
19980417-01-008,俺给党报摇“把子”,no_topic
19980417-01-009,李岚清在海南考察时强调实施科教兴国方针发展海南特色经济,no_topic
19980417-01-011,"北京信息化“九五”规划和2010年远景目标中确定的首都信息化重点基础设施之一———首都公用信息平台已开始启动。首都公用信息平台是首都信息资源和信息产品集散的环境与枢纽,是与各种网络实行互联和转换的中心,是首都与国内、国际进行信息交换的出入口,也是沟通政府与社会,向公众提供开放性、公益性信息服务的重要渠道。",title_length
19980417-01-012,"代替目前普遍使用的40瓦日光灯的高效率T5直管荧光灯最近在浙江阳光集团研制成功,并投入批量生产。日前中国照明学会、中国照明电器协会在北京联合召开会议认为,T5直管荧光灯的问世,表明我国在节能灯生产上已达到了国际先进水平。(除署名外均据新华社电)",title_length
19980417-01-013,"由国家纺织工业局主办的第二届中国国际毛纺织会议4月15日在西安召开,来自澳大利亚等11个国家和国内19个省市的220余名代表参加了会议。近年来,我国已成为毛纺大国,毛纺业的规模和产量均居世界前列。本次会议将探讨世界毛纺织工业面临的挑战和机遇以及21世纪纺织工业的发展方向。",title_length
19980417-01-014,"第七届国际模具技术和设备展览会定于5月5日至9日在上海国际展览中心举行,将有来自10多个国家和地区的百余家厂商参展,荟萃了各类模具、模具加工设备以及模具的相关产品。展览会由中国模具工业协会、中国国际贸易促进会上海分会主办,模具协会和上海国际展览公司承办。(刘闻)",title_length
19980417-02-001,我国首次发布房地产价格指数,no_topic
19980417-02-002,市场不相信眼泪———哈铁局部分下岗职工再就业记事,no_topic
19980417-02-003,仙桃供销大厦优质服务占市场,no_topic
19980417-02-007,公司管理人员竟比宝钢职工还多本钢精简分流机关人员,no_topic
19980417-02-008,"我国经济能取得今天这样的成就,与一大批在企业工作的干部的努力是分不开的,他们为企业发展作出了不可磨灭的贡献。眼下,由于企业改革的需要,部分干部需要下岗分流,这同样是对改革事业的贡献。那么这部分干部下岗后能否再作贡献呢?答案同样是肯定的。正如本钢领导同志说的那样,下岗干部有文化,有管理经验,素质好,能力强,可以成为下岗职工再就业的带头人。",title_length
19980417-02-010,致富之门(图片),short_body
19980417-02-011,海关力保国企商标专用权共查获侵权案193起,no_topic
19980417-02-012,海口海关十年间业务大发展,no_topic
19980417-02-013,东风设备制造厂为轿车装备国产化“领跑”,no_topic
19980417-02-014,经济发展铁路发展天义站想着宁城县,no_topic
19980417-02-015,"本报讯国家建材局日前会同农业部、国家质量技术监督局、建设部在全国开展烧结砖质量整顿工作。此次质量整顿的对象包括粘土砖、页岩砖、粉煤灰砖等,新型墙体材料也可能根据各地方实际纳入整顿范围。据了解,这项工作将持续到二○○○年。(白边)",title_length
19980417-02-016,"本报讯中国社会科学院项目评估与战略规划研究咨询中心日前在京成立。这个中心是以该院数量经济与技术经济研究所专家为骨干,联合院内外专家共同组建成的跨学科的学术研究、评估服务与咨询机构。(李伦)",title_length
19980417-02-017,"本报讯华北制药集团有限责任公司投资近三千万元新建的青霉素废水处理工程竣工,四月十四日开始投料运行。这项工程可日处理青霉素混合废水一点一万吨,清除COD有机污染物四十多吨。(戴泉力)",title_length
19980417-02-018,本报讯亚行贷款三亿元的禹州电厂项目机炉岛合同签字仪式于四月十四日在人民大会堂举行。中国电力技术进出口公司、河南省电力公司与美国西屋电气公司共同签署了这份协议。通过公开竞标得到这一合同的西屋公司将主要提供技术与设备。(胡协),title_length
19980417-02-019,"本报讯河南省项城市国税局从强化依法治税、优化税收环境入手,税收收入稳步增长。近三年来,累计组织工商税收三点四亿元,依法查处偷、抗税案件二十一起,为国家挽回经济损失二百九十六万元,清理欠税三千五百多万元。",title_length
19980417-02-020,"本报讯四月十五日,黑龙江省牡丹江市绥芬河市俄罗斯格罗杰科沃乌苏里斯克国际公路客运开通。这条公路的开通,促进了东北亚国际大通道的开发利用。比由绥芬河出境缩短旅行时间四小时。(王增伟)",title_length
19980417-03-001,学以致用促发展(附图片1张),no_topic
19980417-03-002,大熔炉里学本领(附图片1张),no_topic
19980417-03-003,消除『精神贫困』(附图片1张),no_topic
19980417-03-004,提高素质刻不容缓(附图片1张),no_topic
19980417-03-005,威信从何而来?(附图片1张),no_topic
19980417-04-001,重提『浪费可耻』,no_topic
19980417-04-002,解放军四总部发出通报表彰参加西藏那曲抗雪救灾部队,no_topic
19980417-04-003,楚雄彝族自治州庆祝建州40周年,no_topic
19980417-04-004,摄影画册《邓小平———女儿心中的父亲》出版,no_topic
19980417-04-005,明天气象预报(4月17日20时—4月18日20时),no_topic
19980417-04-006,未来一周天气趋势,no_topic
19980417-04-007,江主席任免驻外大使,no_topic
19980417-04-008,迟浩田考察驻长沙部队时要求全军要自觉服从服务于改革大局,no_topic
19980417-04-010,吕梁查处假酒案失职党员干部,no_topic
19980417-04-011,创办全国第一个酥梨研究所的农民宋孔珍(图片),short_body
19980417-04-012,著名画家尹瘦石逝世,no_topic
19980417-04-013,吴仪会见香港贸发局代表团,no_topic
19980417-04-014,华北部分地区出现浮尘天气,no_topic
19980417-04-015,"据新华社北京四月十六日电(记者罗辉)国务委员吴仪今天在京同泰国副总理兼商业部长素帕猜举行会谈时表示,中国作为国际社会负责任的一员,愿尽自己的努力帮助包括泰国在内的受亚洲金融危机影响的国家。",title_length
19980417-04-016,据新华社北京四月十六日电(记者张荣典)全国政协副主席经叔平今天在京会见了以日本东京青年会议所日中友好之会会长服部仁基为名誉团长、以会议所理事长长谷部亮平为团长的东京青年会议所代表团。,title_length
19980417-04-017,新华社北京四月十六日电(记者王晓东)旨在促进两国铁道领域技术交流和人才培训的中日铁道交流协议今天在这里签署。铁道部部长傅志寰与日本日中铁道友好推进协议会会长永光洋一共同签署了协议。全国人大常委会副委员长王光英、日中铁道友好推进协议会名誉会长、日本前首相竹下登等出席了签字仪式。,title_length
19980417-04-018,"据新华社北京四月十六日电(记者刘云非)应日中友好协会名誉会长宇都宫德马、日本社民党党首土井多贺子和前众议院副议长鲸冈兵辅的邀请,中国国际交流协会代表团今天离京,前往日本参加将于本月二十日在东京举行的第十次中日亚洲形势座谈会。",title_length
19980417-04-019,据新华社北京四月十六日电(记者谭国器)俄罗斯文化节今晚在北京展览馆剧场拉开序幕。文化部长孙家正和来访的俄罗斯代理文化部长娜塔丽娅·杰缅季耶娃出席了开幕式并致辞。,title_length
19980417-04-020,"本报北京四月十六日讯记者李增伟报道:俄罗斯文化节在京开幕之际,人民文学出版社等一些中国出版社今天下午在俄罗斯驻华使馆向俄罗斯赠送一批图书。这批图书包括这些出版社翻译出版的俄罗斯美术作品画册和俄罗斯著名作家的作品。",title_length
19980417-05-001,美化:杭州的主题,no_topic
19980417-05-003,图片新闻,title_length
19980417-05-005,从『普通』含义的变化说起,no_topic
19980417-05-007,首都集会纪念张伯驹先生百年诞辰,no_topic
19980417-05-010,成城国画展在京举办,short_body
19980417-05-011,"本报讯湖北省英山县是宋代活字印刷术大发明家毕升的故乡。该县县委县政府科学规划,统筹安排,出台优惠政策,发动社会力量,在毕升开发小区和毕升森林公司投资1·63亿元,先后建成毕升塑像、毕升纪念馆、毕升印刷总厂等经济文化机构和设施,不但有力地促进了该县经济的快速发展,而且还为当地居民和外地客商提供了一个舒适的环境。(胡映球)",title_length
19980417-05-012,"本报北京4月16日讯美孚石油公司向国家环境保护总局宣传教育中心捐赠1000万元人民币,设立美孚中国环境教育基金,捐赠暨启动仪式今天在北京举行。(侯代军)",title_length
19980417-05-013,"本报讯由郑惠、张静如担任主编、十几位专家学者参与撰写的《中共一大代表丛书》日前由河北人民出版社出版发行。这套丛书共13本,挖掘、收集整理了大量具有历史价值的史料,体现了党史人物研究的最新成果。(彦周)",title_length
19980417-05-014,"本报讯以“新时代最可爱的人”为题,“辰光杯”全国青少年作文大奖赛4月16日在京颁奖。由团中央中青农村发展中心、辰光集团等单位联合举办的本次大赛历时4个月。(龙明)",title_length
19980417-06-001,我代表在联合国人权委员会强调评价国别人权应客观平等,no_topic
19980417-06-002,基里延科谈总理人选问题称总统有权对杜马作出决定,no_topic
19980417-06-003,北约『全球化』质疑,no_topic
19980417-06-004,违规处决外籍人犯受指责美重申遵守国际领事关系公约,no_topic
19980417-06-005,图片新闻,title_length
19980417-06-007,波尔布特去世,no_topic
19980417-06-009,摩将继续向伊提供人道援助,no_topic
19980417-06-010,埃叙领导人协调立场敦促以色列无条件撤出黎巴嫩,no_topic
19980417-06-011,罗马街头蓝车减,no_topic
19980417-06-012,复活节里鱼市闹,no_topic
19980417-06-013,由土著地权引发大辩论澳政府背水一战,no_topic
19980417-06-014,墨西哥再逐3名外国游客,no_topic
19980417-07-001,七国集团呼吁日本进行经济改革二十四国集团要求加快减免债务,no_topic
19980417-07-002,因特网上做生意,no_topic
19980417-07-004,农业的保护伞———记巴西农业保险体系,multiple_topics
19980417-07-005,房地产商偷工减料议员资格终被取消,no_topic
19980417-07-007,英国网上征海军兵源素质高,no_topic
19980417-07-009,迪斯尼公司又建起一座“动物王国”乐园(图片),short_body
19980417-08-003,欧洲冠军杯两强产生尤文图斯与皇家马德里争冠,no_topic
19980417-08-004,北大百年校庆体育文化节开幕,multiple_topics
19980417-08-005,华山国际攀岩邀请赛七月举行,no_topic
19980417-08-006,中国女排再获资助,no_topic
19980417-08-008,亚洲足球俱乐部冠军杯赛抽签揭晓,short_body
19980417-09-001,谁来保护这样的瑰宝,no_topic
19980417-09-003,可惜从此无徽州,no_topic
19980417-09-004,莫华伦:我最爱歌剧(附图片1张),no_topic
19980417-09-006,时装设计是龙头(附图片1张),no_topic
19980417-09-007,这里曾是著名的古城(图片),short_body
19980417-10-001,海诗海韵(附图片1张),no_topic
19980417-10-002,少来点暴力场面,no_topic
19980417-10-003,走进兵的世界,no_topic
19980417-10-004,真情吕继宏(附图片1张),no_topic
19980417-10-005,歌剧《图兰朵》、《马可·波罗》将赴台演出,no_topic
19980417-10-006,《三姐妹·等待戈多》上演,no_topic
19980417-10-007,情系“3·15”,no_topic
19980417-10-008,《白山黑水》讴歌抗联英雄(附图片1张),no_topic
19980417-10-009,幽默开心《女人心》,no_topic
19980417-10-010,《小镇女部长》真实感人,short_body
19980417-10-011,《千秋大业》演出超百场,no_topic
19980417-11-001,举起中国一面旗(附图片1张),no_topic
19980417-11-002,抓好选题推出佳作———《中国863》编辑谈片(附图片1张),no_topic
19980417-11-004,梦幻般流淌的童真,no_topic
19980417-11-005,《龙旗悲歌》忆百年痛史,no_topic
19980417-11-006,《生命河》、《遥远女儿岛》热切反映军旅生活,no_topic
19980417-11-007,刘玉堂小说三卷本展示新乡土小说独特魅力,no_topic
19980417-11-008,陆绎广散文集《乡关梦寻》展浓郁乡情,no_topic
19980417-12-001,构筑爱的书屋,no_topic
19980417-12-002,闲评广告辞,no_topic
19980417-12-003,发挥生命的创造力———冯宗璞致詹克明的信,no_topic
19980417-12-004,父亲赶考,title_length
19980417-12-005,“下人”?,no_topic
19980417-12-006,养蜂人见闻,no_topic
19980417-12-007,名士的弱点(附图片1张),no_topic
19980417-12-008,灵岩涧一角(图片),short_body
19980418-01-001,江泽民总书记在重庆考察工作时强调,no_topic
19980418-01-002,服从大局支持改革全军和武警部队开展教育成效显著,review: 军队政治教育，非学校教育主题
19980418-01-003,朱镕基会见泰国副总理,no_topic
19980418-01-006,李瑞环在温州考察时强调必须坚持“三个有利于”标准,no_topic
19980418-01-009,图片新闻,title_length
19980418-02-001,今年一季度35个大中城市房地产价格指数表(以上年同季价格为100)房屋销售土地出让房屋租赁价格指数价格指数价格指数,no_topic
19980418-02-002,中宣部等五部门举行学习十五大精神报告会,no_topic
19980418-02-004,李岚清会见加拿大国际合作部长,short_body
19980418-02-005,国务院任免国家工作人员,no_topic
19980418-02-006,我国实行房地产价格指数定期公布制度,no_topic
19980418-02-007,明天气象预报(4月18日20时—4月19日20时),no_topic
19980418-02-008,北大举办马克思主义理论研讨会,no_topic
19980418-02-009,统一战线和多党合作理论与实践研究班结业,no_topic
19980418-02-011,"本报澳门4月17日电记者王荣久报道:葡萄牙总理古特雷斯今天下午乘专机抵达澳门,进行为期3天的访问。澳门总督韦奇立、立法会主席林绮涛和新华社澳门分社副社长柯小刚等到机场迎接。",title_length
19980418-02-012,"据新华社北京4月17日电(记者张荣典)全国人大常委会副委员长田纪云今天上午在人民大会堂会见了加拿大国际合作部长迪亚娜·马洛一行。外经贸部部长石广生、加拿大驻华大使霍华德·贝祥等参加了会见。加拿大客人是应石广生邀请访华的。抵京前,他们在云南、上海进行了参观访问。",title_length
19980418-02-013,据新华社北京4月17日电(记者王敬中)中央军委副主席、国务委员兼国防部长迟浩田上将今天在这里会见了由埃及武装部队军法总局局长艾哈迈德·哈桑少将率领的埃及军事友好代表团。,title_length
19980418-02-014,新华社北京4月17日电国务委员吴仪今天在中南海会见了来自16个非洲国家的中青年外交官代表团。,short_body
19980418-03-001,俄罗斯国家杜马再次否决总理人选叶利钦第三次提名基里延科,no_topic
19980418-03-003,周恩来曾在这里学习,no_topic
19980418-03-004,中尼加强双边合作,no_topic
19980418-03-007,理查森南亚之行,no_topic
19980418-03-008,希拉克谈欧洲联合,no_topic
19980418-03-009,儿童与小动物(图片),short_body
19980418-03-010,中国与东盟举行高级磋商,no_topic
19980418-03-011,朝韩会谈可能无果而终,no_topic
19980418-03-012,"应波兰总统克瓦希涅夫斯基邀请,匈牙利总统根茨15日开始对波兰进行为期3天的正式访问。两国总统在单独会谈后发表共同宣言,称战略合作把波兰和匈牙利联系在一起。出于共同加入北约和欧盟的目的,这种合作因而具有“结盟性质”。",title_length
19980418-03-013,"瑞典议会16日以231票对39票的绝对多数通过关于瑞典将于2000年加入《申根协定》的议案。根据1996年10月17日卢森堡欧盟部长会议的决定,瑞典等北欧5国将以不同方式加入《申根协定》,但须经5国议会审议通过。",title_length
19980418-03-014,"为纪念利比亚1986年遭美国空袭罹难日,利比亚近日举行“人权和制裁”思想讨论会。来自世界各地200多名知名人士和政党组织的代表在讨论会上纷纷谴责国际制裁,指出制裁是以政治动机强加于人的行为,同人权和人的自由意愿背道而驰,是用于打击人民的一种武器。",title_length
19980418-03-015,"自本月9日以来,阿根廷东北部地区连降大雨和暴雨,270多万公顷新播种的作物和50万公顷尚未收摘的棉田被淹没,1万多户人口被迫搬迁,已造成3人死亡。估计这场水灾造成的经济损失至少达5亿比索。气象专家们认为,厄尔尼诺现象仍在大西洋地区肆虐。",title_length
19980418-03-016,"南非纳塔尔省北部15日下午5辆车相撞,造成21名儿童和5名成人死亡,50人严重受伤的交通事故。警方正在调查肇事原因,恶劣的天气可能是造成事故的原因之一。(本报专电)",title_length
19980418-04-001,段位制---武术发展新的里程碑,no_topic
19980418-04-002,欧洲足联主席约翰松访华用改革和发展计划为竞选铺路,no_topic
19980418-04-003,NBA即将进入复赛16张入场券所剩无几,no_topic
19980418-04-006,全国射击冠军赛捷报频传,no_topic
19980418-04-007,获得高段位武术界人士名单(附图片1张),no_topic
19980418-04-009,中国高尔夫球公开赛七十六人获决赛资格,short_body
19980418-04-010,法国邀请五名中国学生观看世界杯,multiple_topics
19980418-05-001,世纪之交国际问题研究前瞻,no_topic
19980418-05-002,紧跟时代发展的步伐---《中国当代思想教育艺术精华》丛书评介,multiple_topics
19980418-05-003,《中国民族工商业发展史》,no_topic
19980418-05-004,《市场经济与政府职能及机构设置》,no_topic
19980418-05-005,《现代新儒学与中国现代化》,no_topic
19980418-05-006,关于美国“新经济”说,no_topic
19980418-05-007,新产业革命与劳动危机,no_topic
19980418-05-008,学术动态(图片),short_body
19980418-06-001,红楼与广场———为母校北大百年华诞而作,no_topic
19980418-06-002,感受春天,title_length
19980418-06-003,野山淡墨,title_length
19980418-06-004,墓地的红花与白花,no_topic
19980418-06-005,静静的金湖,no_topic
19980418-06-006,播种人,title_length
19980418-07-002,探究二十一世纪的国民素质---评《培养独生子女的健康人格》,review: 独生子女人格书评，非医疗主题
19980418-07-003,龙泉驿:都市人圆梦“桃花节”,no_topic
19980418-07-006,向未来呈上一份绿色答卷---李政道主编的《绿色战略》读后记,no_topic
19980418-08-001,协调才美,title_length
19980418-08-002,“读兹遗集更策将来”———读《许广平文集》,no_topic
19980418-08-003,驼铃,title_length
19980418-08-004,辛苦人之家,no_topic
19980418-08-005,遗梦沈园,title_length
19980418-08-006,伊朗细密画展作品(图片),short_body
19980418-08-007,“野味”,title_length
19980419-01-001,情系山城百姓间———江泽民总书记重庆访民家(附图片1张),no_topic
19980419-01-002,李鹏在浙江进行调研时强调立法工作必须坚持群众路线,no_topic
19980419-01-003,葡萄牙总理安东尼奥·古特雷斯今起对我国进行正式访问(附图片1张),no_topic
19980419-01-004,警惕城市『郊区化』,no_topic
19980419-01-005,海南’98经贸洽谈会引资多,short_body
19980419-01-006,潘根大造田记(附图片2张),no_topic
19980419-01-007,福州加大招商引资力度,no_topic
19980419-01-008,我国一季度引资增一成,no_topic
19980419-02-001,葡总理访华前表示发展葡中友好关系具战略意义,no_topic
19980419-02-003,叶利钦抵东京会晤日首相双方举行首轮非正式会谈,no_topic
19980419-02-004,早建比晚建好快建比慢建好江苏高标准建设江海堤防,no_topic
19980419-02-005,全国水文工作会议要求搞好今年防汛抗旱水文测报预报,no_topic
19980419-02-006,塞北春播时节来临(图片),short_body
19980419-02-007,明天气象预报(4月19日20时—4月20日20时),short_body
19980419-02-008,河北省政府感谢香港各界援助灾区,short_body
19980419-02-009,何鲁丽会见蒙古客人,short_body
19980419-02-010,中加签署3个合作协议,no_topic
19980419-02-012,五单位举办肿瘤防治宣传活动,short_body
19980419-03-001,合众国的摇篮———费城散记(附图片1张),no_topic
19980419-03-002,观火山爆发记(附图片1张),no_topic
19980419-03-003,炎夏澳洲拾零,no_topic
19980419-03-004,永恒星空下的哥白尼角楼(附图片1张),no_topic
19980419-03-005,阿鲁巴印象,no_topic
19980419-03-006,悉尼歌剧院的遗憾(附图片1张),no_topic
19980419-04-001,三峡工程:按预定目标推进(附图片1张),no_topic
19980419-04-002,围堰的生命线---防渗墙之战,no_topic
19980419-04-003,临时船闸“五一”通航胜券在握(附图片1张),no_topic
19980419-04-004,省长情系『断头路』,no_topic
19980419-04-005,曹娥江畔易旧俗满目菜园无坟堆,no_topic
19980419-04-006,山西省委书记听到群众反映拍案而起开车连撞6人岂能逍遥法外,no_topic
19980419-04-007,垃圾革命静悄悄生活质量步步高南昌城区垃圾袋装化,no_topic
19980419-04-008,沈阳北站售票多少与收入挂钩售票员见长队不再心烦,no_topic
19980419-04-010,吉林省法院开展街头来访活动(图片),short_body
19980419-04-011,国产风力发电机落户广东南澳,short_body
19980419-04-012,苏南昆山正仪镇翰墨飘香,no_topic
19980420-01-001,消费增长点在哪里?---扩大消费话题(一),no_topic
19980420-01-002,上饶地区科技进村入户采取多种形式推进农业产业化经营,multiple_topics
19980420-01-003,可贵的国防观———广东省烟草公司经理黄永东爱国拥军纪事,no_topic
19980420-01-004,“当代雷锋”聚会辽宁(图片),no_topic
19980420-01-005,为贫困地区人民鼓劲,no_topic
19980420-01-007,华西“绣球”抛京城,no_topic
19980420-01-009,"天津铁路分局在强化市场营销、推进减员增效、加强成本控制的同时,始终坚持“安全第一”的方针,不断强化安全基础建设,截至4月16日,实现安全生产2400天,创历史最高水平。(张淑英肖荻)",title_length
19980420-01-010,"截至4月17日18时,武昌火车站实现了连续5000天无行车责任事故、8100天无旅客责任伤亡事故,跃入全路特级车站安全生产先进行列。",title_length
19980420-01-011,"第五届鲁台经贸洽谈会18日在著名的“风筝之乡”潍坊拉开帷幕。本届鲁台经贸洽谈会除邀请22个国家和地区的1000多名台、外商参展外,还利用国际互联网等先进的信息手段发布了台湾600多个企业、1000多个项目的合作意向,并首次举办了大型机械产品展。(武侠刘全应)",title_length
19980420-01-012,"我国最大的氟里昂替代物HFC—134a生产基地建设工程日前在西安经济技术开发区奠基。由西安近代化学研究所科研人员完成的HFC—134a中试合成工艺,是国家“八五”重点科技攻关项目。目前,这项科技项目由西安金珠近代化工有限责任公司开发生产。(孟西安)",title_length
19980420-02-001,春意煦煦开新局———访中国证监会主席周正庆(附图片1张),no_topic
19980420-02-003,走安全质量效益之路———访中国民用航空总局局长陈光毅(附图片1张),no_topic
19980420-02-004,深化改革加强监管---访中华人民共和国海关总署署长钱冠林,no_topic
19980420-02-005,更准更快更全———访国家统计局局长刘洪(附图片1张),no_topic
19980420-02-006,促进旅游业的跨世纪发展———访国家旅游局局长何光(日韦),no_topic
19980420-02-008,不负众望管好市场———访国家工商行政管理局局长王众孚(附图片1张),no_topic
19980420-03-001,多学多干不负众望---访国家环境保护总局局长解振华(附图片1张),no_topic
19980420-03-005,经受严峻考验再为人民立功———访中国地震局局长陈章立(附图片1张),no_topic
19980420-03-006,保证人民用药安全有效———访国家药品监督管理局局长郑筱萸,no_topic
19980420-03-007,实行职能转变依法管理宗教---访国家宗教事务局局长叶小文,no_topic
19980420-03-008,千方百计做好气象服务工作———访中国气象局局长温克刚(附图片1张),no_topic
19980420-04-001,让村校在两个文明建设中放光辉,no_topic
19980420-04-002,铭记光荣传统担负历史重任,no_topic
19980420-04-004,钱其琛在上海江苏考察时强调发展两岸关系推进统一进程,no_topic
19980420-04-006,葡萄牙总理访问重庆,no_topic
19980420-04-007,明天气象预报(4月20日20时—4月21日20时),no_topic
19980420-04-008,乌干达第一副总理抵京,short_body
19980420-04-009,中国地方政府代表团访美,short_body
19980420-04-010,洛阳牡丹艳(图片),short_body
19980420-04-011,新凤霞遗体告别仪式在京举行,no_topic
19980420-05-004,纵向联全国横向通世界国家海洋信息系统建成,no_topic
19980420-05-005,大型画册《关怀》出版,no_topic
19980420-05-006,千载风雅有传人,no_topic
19980420-05-008,大学生与茶农(图片),short_body
19980420-05-009,蓝印花布重新亮相,no_topic
19980420-05-010,中国地质大学捐赠软件,multiple_topics
19980420-05-012,外国专家在中国采访行启程,short_body
19980420-05-013,"本报讯为帮助首都儿科研究所提高教学设备的现代化水平,提高儿科医学的教学质量,北京达因药业公司日前特向儿研所赠送电脑设备,支持儿科医生后备力量的培养工作,共同为儿童的健康事业贡献力量。(陈渝)",title_length
19980420-05-014,"本报讯“九五”国家重点音像工程———“三辰影库”中小学VCD卡通教材经过一年半的运作,近日正式面世。其中,大部分为中外优秀少儿故事片。首次发行的81部VCD只是“三辰影库”大举进军市场的一个前奏。4月底,将继续推出其他VCD卡通教材。(宗文)",title_length
19980420-05-015,"本报讯首届“京东燕郊科技节”将于5月26日在京东燕郊经济技术开发区举行。本次科技节内容包括高新科技成果项目发布、洽谈,科技产品展示、交易,科技报告会,科普宣传,科技咨询等活动。届时,国家有关部门、著名科研院所和高等院校将参加科技节活动。(杨志东)",title_length
19980420-05-016,"本报讯傣族传统的泼水节期间,《傣族建筑》特种邮票一套四枚在云南省德宏傣族景颇族自治州发行。人们将在方寸之间领略到“瑞丽水井”、“竹楼”、“八角亭”和“盈江允燕塔”的无限风光。(施芳)",title_length
19980420-05-017,"本报讯我国收集、保藏钝顶螺旋藻品系最多的藻种库在中科院武汉植物所建成。螺旋藻是一类地球早期形成的原始生命,它具有多种生物活性物质,不仅是一种优良的保健品,而且对多种疑难病症有良好的辅助治疗作用。中科院武汉植物所长期坚持不懈地进行国内外钝顶螺旋藻品系的收集、纯化及优良品系的筛选培育研究。(钟珂)",title_length
19980420-06-001,安南动情说非洲,no_topic
19980420-06-002,阿族拒绝谈判政府决定公决科索沃问题陷僵局,no_topic
19980420-06-003,阿富汗交战双方同意停火,no_topic
19980420-06-004,北爱统一党通过和平协议,no_topic
19980420-06-005,拉那烈同意交出武装和控制区,no_topic
19980420-06-006,基里延科能否出任总理,no_topic
19980420-06-007,图片新闻,title_length
19980420-06-008,日俄首脑会谈结束双方对会谈结果表示满意,no_topic
19980420-06-009,英首相抵埃及访问希望为巴以和谈带来新势头,no_topic
19980420-06-010,"乌克兰总统库奇马十七日正式批准乌多文科辞去外交部长职务的要求,同时任命鲍里斯·塔拉修克为新任外交部长。库奇马指出,更换外交部长并不意味着乌克兰的外交方针将发生变化。库奇马还高度评价了乌多文科在担任外交部长期间做出的富有成效的工作。乌多文科提出辞职的原因是他已在三月二十九日举行的议会选举中当选为新一届议会议员。新任外交部长塔拉修克现年四十九岁,曾任乌外交部第一副部长。",title_length
19980420-06-011,"意大利、斯洛文尼亚、匈牙利三国国防部长十八日在意大利乌迪内市宣布建立三国『联合步兵旅』。根据上述三国协议,联合步兵旅由意大利、斯洛文尼亚、匈牙利各一个团联合组成,司令部设在意大利乌迪内,联合步兵旅司令由意大利将军贾恩弗朗科·马里奈利担任。该旅的主要使命是参加中南欧和巴尔干地区维和行动。",title_length
19980420-06-012,为期十一天的朝鲜第十六届『四月之春』友谊艺术节十八日在平壤四·二五文化会馆隆重闭幕。中国艺术团获得艺术节团体奖和九个单项奖。今年有来自中国、美国、俄罗斯、日本、德国、法国等四十五个国家的八十六个艺术团体参加了本届艺术节。(本报专电),title_length
19980420-06-013,由美国亚太正义和平联合委员会举办的『侵华日军化学战争罪行图片展』十七日开始在纽约正式展出。展览以大量的图片史料揭示了日军在侵华战争期间所犯下的滔天罪行。(据新华社电),title_length
19980420-07-001,欧盟扩大就业门路,no_topic
19980420-07-002,美国没有『铁饭碗』,no_topic
19980420-07-003,瑞典失业去找职介所,no_topic
19980420-07-005,法推出促进就业计划,no_topic
19980420-07-006,保三月份失业人数下降,no_topic
19980420-07-007,图片新闻,title_length
19980420-08-001,中国高尔夫球公开赛落幕,no_topic
19980420-08-002,甲A京沪之战引来创纪录的七万观众泰山海狮首尝胜绩,no_topic
19980420-08-004,射击冠军赛再超一项世界纪录,no_topic
19980420-08-006,全国男子举重赛崔文华连破纪录,no_topic
19980420-08-007,玉渊潭畔健步走,no_topic
19980420-08-011,李芳打入国际网球公开赛决赛,short_body
19980420-08-012,短跑名将李雪梅将参加女子飞人挑战赛(图片),short_body
19980420-09-001,良种无端被扣罚今日返种得赔偿(图片),no_topic
19980420-09-002,北京市交通小资料,no_topic
19980420-09-003,目击北京行路难(附图片2张),no_topic
19980420-09-004,还我土地,title_length
19980420-09-005,“桥”造大些,no_topic
19980420-10-002,增量资金何处来,no_topic
19980420-10-003,上证综合指数日K线图(图片),short_body
19980420-10-004,小厂偷大税竟然近三倍林州市国税局查处一偷税案,no_topic
19980420-10-005,为难自己---记沈阳市优质服务标兵季岩二、三事,no_topic
19980420-10-006,沪市上周上涨前五名(%),short_body
19980420-10-007,上市公司(A股)1997年度主要经济指标一览表(8),no_topic
19980420-10-008,枣阳财政推出百户农民脱贫示范,multiple_topics
19980420-10-011,邢台建行一季度存款增长2.5亿元,no_topic
19980420-10-014,深证成份指数日K线图(图片),short_body
19980420-10-015,沪市上周下跌前五名(%),short_body
19980420-10-016,深市上周上涨前五名(%),short_body
19980420-10-017,深市上周下跌前五名(%),short_body
19980420-11-001,净菜配送离百姓多远,no_topic
19980420-11-002,培训中心怎么这样豪华,no_topic
19980420-11-003,下岗职工王明礼办厂吸纳下岗人,no_topic
19980420-11-004,"飞机误点,机场怎么办?",no_topic
19980420-11-005,消费者能否行使监督权,no_topic
19980420-11-006,真诚面对消费者,no_topic
19980420-11-007,"骑摩托车,你的头盔安全吗?",no_topic
19980420-11-008,中国国际陶瓷展将在京举行,short_body
19980420-11-009,“扬子”品牌获中国环境标志,short_body
19980420-11-011,"北京矿务局成立岩土机械工程处,安置转产职工90多人(图片)",short_body
19980420-12-001,不仅求大更要求强———经济学家评说“科龙高起点发展战略”,no_topic
19980420-12-002,从『波音』到『空客』---南航机队改装记,no_topic
19980420-12-003,在突破中生存———辽河石油勘探局局长王福成谈加快油田改革,no_topic
19980420-12-004,信息廊,title_length
19980420-12-005,科普栏(图片),short_body
19980421-01-001,九届人大常委会举行委员长会议,no_topic
19980421-01-002,中国共产党优秀党员、久经考验的忠诚共产主义战士,no_topic
19980421-01-004,重点企业“活”涪陵,no_topic
19980421-01-005,高寒地区引进节能日光温室(图片),short_body
19980421-01-006,朱镕基会见乌干达客人,no_topic
19980421-01-007,尉健行会见南斯拉夫客人,no_topic
19980421-01-009,党报给了我第二生命,no_topic
19980421-02-001,引入邯钢机制加强成本管理舞钢盈利逐月上升,no_topic
19980421-02-003,手不软开端好,no_topic
19980421-02-004,你吃的米香吗,no_topic
19980421-02-005,图片新闻,title_length
19980421-02-006,国家发展计划委员会召开电视电话会议,no_topic
19980421-02-007,新款桑塔纳2000推向北京市场,no_topic
19980421-02-008,北京实施『职业援助』计划,no_topic
19980421-02-010,"本报讯记者李丽辉报道:为了满足内地居民赴香港观光的心愿,让更多的同胞一睹香港风采,中国旅行社最近大幅度降低了“香港游”的价格。据悉,各线旅游价格平均下调幅度为24%,凡暑期参加中旅总社赴港师生团的,还可在降价基础上再享受优惠。除旅游外,中国旅行社还将为内地人士赴港从事商贸活动、举办大型会议和展览等提供多方面服务。",title_length
19980421-02-011,"本报讯经中国证券监督管理委员会批准,由华夏基金管理公司管理的基金———兴华基金将于4月22日在上海证券交易所上网发行,这是继金泰、开元之后的第三只证券投资基金。该基金为契约型封闭式,存续期15年,规模为20亿份基金单位,采取“分段配号、统一抽签”的发行方法,向中小投资者倾斜,提高中小散户的中签率。(蔡萌)",title_length
19980421-02-012,"据新华社西宁4月20日电(记者张进林)经过近6年努力,一种被国内外营养学专家们称为“牲畜专用巧克力”的新型高效添加饲料———畜用营养舔砖,由青海省畜牧兽医科学院的专家们研制成功。畜用营养舔砖是一种以糖蜜为主要原料,并添加麦麸、非蛋白氮、玉米、脱毒菜籽粕、矿物质元素而制成的小型高效饲料块。它不仅可用于抗灾保畜,还可广泛用于枯草季节以及在正常条件下的补饲,并可作为奶牛、奶羊的添加饲料。",title_length
19980421-03-002,王忠禹在全国军转安置工作会议提出安置工作要统一思想服从大局,no_topic
19980421-03-003,职业培训再就业的阶梯———再就业的形势和对策(一),no_topic
19980421-03-004,身为平民打工仔心似天山冰雪洁乌鲁木齐群众冒雨送别英雄杜养富,no_topic
19980421-03-005,交通安全记我心,no_topic
19980421-03-006,深圳表彰“外来青工贴心人”和优秀外来青工,no_topic
19980421-03-007,吉林省长春市总工会举办首届下岗职工劳务洽谈会(图片),short_body
19980421-03-008,"本报讯山西省阳城县国税局坚持文明执法、文明治税。该局先后有四个税务所被省、市、县共青团组织授予『青年文明号』光荣称号,三人被省国税局授予『优秀税务所长』、『税收征管能手』、『优秀票管员』称号,还有三十余人分别受到有关部门的表彰奖励。(张庭会董龙瑞)",title_length
19980421-03-009,"本报讯河南省濮阳市委实施县(区)直单位包村富民抓农村基层组织建设责任制。最近全市六县(区)已有二百一十个县(区)直单位的一千一百余名机关干部与一百九十八个村结对挂钩,担负起抓党建促发展、既扶贫又富民的重要任务。",title_length
19980421-03-010,"本报讯《爱国主义教育实用大典》出版座谈会近日在北京人民大会堂举行。程思远、李德生出席了座谈会。该书是由中华爱国工程联合会组织一百多名专家、学者经一年时间编撰而成,内容包括民族历史、爱国诗章等。座谈会上还颁发了『沱牌杯』爱国教育奖。(晓湖)",title_length
19980421-03-011,"本报讯武警福建总队晋江市中队经受住了『酒绿灯红』的考验,发挥『铁拳』和『尖刀』作用,狠狠地打击犯罪分子的嚣张气焰,中队多次被总队评为安全无事故和执勤先进单位,连续五次荣立集体二等功,成为武警部队唯一获此殊荣的单位。(吴文先桑世武)",title_length
19980421-04-001,绚丽的人生高洁的品格---悼革命老人帅孟奇,no_topic
19980421-04-002,用精品力作高歌伟大时代,no_topic
19980421-04-003,明天气象预报(4月21日20时—4月22日20时),no_topic
19980421-04-004,图片新闻,title_length
19980421-04-005,万只鹭鸟临津城,no_topic
19980421-04-007,南总统夫人新著中文版出版发行,short_body
19980421-04-008,王兆国会见香港雇主联合会访问团,no_topic
19980421-04-009,十佳电视经济节目主持人评选开始,short_body
19980421-04-010,江苏农村百人拥有5部电话,short_body
19980421-04-012,据新华社北京四月二十日电(记者刘云非)国务院副总理吴邦国今天在北京中南海会见了英国迈克尔亲王一行。,short_body
19980421-04-013,据新华社北京四月二十日电(记者王敬中)中央军委副主席、国务委员兼国防部长迟浩田上将今天在这里与纳米比亚国防部长埃里基·恩吉姆蒂纳举行了会谈。,title_length
19980421-04-014,据新华社北京四月二十日电全国政协副主席李贵鲜今天在京会见了由青年、体育和文化部长里弗基·阿布杜卡代尔·巴马克拉马率领的吉布提政府文化代表团。,title_length
19980421-04-015,据新华社北京四月二十日电(记者钱彤)外交部长唐家璇今天上午与乌干达第一副总理兼外长埃里亚·卡特加亚举行了会谈。,short_body
19980421-04-016,据新华社上海四月二十日电(记者陈毛弟)葡萄牙共和国总理安东尼奥·古特雷斯今天下午乘专机从重庆抵达上海参观访问。,short_body
19980421-04-017,本报北京四月二十日讯四月二十五日是朝鲜人民军建军六十六周年纪念日。朝鲜驻华大使馆武官姜逸模大校今天在大使馆举行电影招待会。朝鲜驻华大使朱昌骏出席了电影招待会。(归通昌),title_length
19980421-05-001,上海回国留学人员有用武之地,no_topic
19980421-05-002,“中国机器人之父”报道引起强烈反响沈阳:说不完的蒋新松,no_topic
19980421-05-005,河南人民出版社文化扶贫,short_body
19980421-05-006,顺平成为药用养蝎基地,no_topic
19980421-05-007,朝鲜著名画家作品在京联展,no_topic
19980421-05-008,"本报讯由北京冠亚智业文化发展公司、《中国社会报》中华家庭专刊主办的中央民族乐团大型音乐会,将于四月二十五日、二十六日在北京展览馆举行。",title_length
19980421-05-009,"本报讯张卫平『北疆血脉』摄影作品展日前在沈阳军区八一剧场开展,共展出以反映军队后勤油料保障题材为主的摄影作品一百幅。张卫平供职于沈阳军区后勤部物资油料部,入伍二十几年来,工作之余拍摄了大量的有关军队后勤油料保障工作的摄影艺术作品及各类图片资料,并有二百多幅在各级影展和影赛中获奖、展出或在报刊发表。(姜丙申)",title_length
19980421-05-010,"本报北京四月十九日讯清华、北大、北京林业大学等七所高校的大学生们今天在圆明园门前共同举办『为了长江的呼唤』大型地球日宣传活动。大学生们为游人义务讲解环境知识,介绍长江流域生态环境保护。(马飞孝)",title_length
19980421-05-011,"本报讯由我国著名法学家编写的《台湾法律大全》一书近日由中国大百科全书出版社推出。该书几乎统括了台湾现行的民法、商法、刑法、诉讼法等所有部门的法律,是研究台湾法律、开展两岸经贸往来的较完整的参考书,全书共二百一十五万字。(赵建卿)",title_length
19980421-05-012,"本报讯日前,英特尔公司推出了计算机个人用户期盼已久的赛扬处理器。这几款处理器大大降低了成本,为用户提供了性能优良、价格便宜的新型处理器。赛扬的总体性能优于多能奔腾处理器。(任建民)",title_length
19980421-05-013,"本报讯国内规模较大、设备先进、技术精湛的星源激光医疗中心日前在重庆西南医院建成并正式开业。激光医学是近年来医学与现代科学技术相结合而发展起来的一门新兴学科,具有安全、简便、快速、无痛等特点。(廖定国)",title_length
19980421-06-001,俄国家杜马主席说表决总理提名事关国家前途,no_topic
19980421-06-002,美洲国家首脑会议闭幕宣布启动建立自由贸易区谈判(附图片1张),no_topic
19980421-06-003,大国关系『伙伴热』,no_topic
19980421-06-004,以约领导人和布莱尔讨论中东问题,no_topic
19980421-06-005,阿拉法特称巴明年建国,no_topic
19980421-06-006,蒙古政府宣布辞职,no_topic
19980421-06-007,两伊红新月会签署合作协议,no_topic
19980421-06-008,克莱斯蒂尔蝉联奥总统,no_topic
19980421-06-009,俄日首脑会晤同舟垂钓各有所求(附图片1张),no_topic
19980421-06-010,俄日首脑会晤更新词语意在领土,no_topic
19980421-06-011,"波兰首都华沙各界代表19日举行集会,隆重纪念第二次世界大战期间华沙犹太区人民反法西斯起义55周年。波兰总理布泽克、众议院议长普瓦任斯基等出席了纪念集会,并向华沙犹太人死难烈士纪念碑敬献了花圈和花束。当天,华沙犹太人剧院等单位还举行音乐会等多种活动,纪念这一令犹太人难忘的日子。",title_length
19980421-06-012,"正在开罗访问的美国国防部长科恩19日表示,美国将加强同埃及的军事合作,继续进行对埃及的军事援助计划和美埃联合军事演习。科恩当天上午同埃及总统穆巴拉克就进一步推动两国“深厚的战略伙伴关系”举行了会谈。他在会谈后举行的新闻发布会上表示,美国将继续支持埃及的军事现代化计划。1998年,美国将向埃及提供13亿美元的军事赠款,并继续同埃及举行一年一度的联合军事演习和训练。",title_length
19980421-06-013,"据《土耳其每日新闻》报20日报道,土耳其和以色列将联合生产一种射程为150公里的中程防空导弹。该报援引土耳其武装部队总参谋部一位高级官员的话说,这种导弹同美国和以色列目前正在研制的“箭”式导弹性能接近,装备后将大大提高部队的防空能力。(据新华社电)",title_length
19980421-07-002,印尼去年出口有增加菲国际收支盈余大增,no_topic
19980421-07-003,我代表在亚太经社会年会上发言对亚太地区社会发展充满信心,no_topic
19980421-07-004,南美走向经济一体化,no_topic
19980421-07-006,完整食肉恐龙化石,no_topic
19980421-07-007,四百五十年前未腐女尸,no_topic
19980421-07-008,太空生育鼠类先行,no_topic
19980421-07-009,八千五百年前独木舟,no_topic
19980421-07-010,二千枚恐龙蛋化石,no_topic
19980421-07-011,图片新闻,title_length
19980421-08-006,全国冰球赛哈尔滨队五战五捷,no_topic
19980421-08-008,三军思奋斗必十倍,no_topic
19980421-08-009,《围棋报》电子版进入国际互联网宋晓波篮球俱乐部举办公开赛,multiple_topics
19980421-08-010,肯尼亚女将一举刷新马拉松世界最好成绩,short_body
19980421-09-001,圆梦第二故乡,no_topic
19980421-09-002,感受融合———延边采访札记,no_topic
19980421-09-003,育壮“常青藤”———中共山西省原平市委书记陈森(附图片1张),no_topic
19980421-09-004,职工来信必复『老总信箱』暖心,no_topic
19980421-09-006,东山归去来,no_topic
19980421-09-007,雷场智多星(附图片1张),no_topic
19980421-09-008,IC卡电话何以被卡,no_topic
19980421-10-001,学文件的学问,no_topic
19980421-10-002,生产力与生产,no_topic
19980421-10-003,《中国跨世纪的三大改革》,no_topic
19980421-10-005,努力调整和完善所有制结构---浙江所有制结构改革的实践与探索,no_topic
19980421-11-001,国企:莫把命运系一人———少数企业对腐败现象监督不力成因透视,no_topic
19980421-11-002,『老大』当戒『一言堂』,no_topic
19980421-11-003,『鞋不沾土不像官』,no_topic
19980421-11-004,公仆内涵的“四要素”(附图片1张),no_topic
19980421-11-005,刘炳东:黑土地上奏强音,no_topic
19980421-11-006,盂县共产党员带头致富,no_topic
19980421-11-007,托起一方艳阳天---记山西省柳林县刘家圪瘩村党支部,no_topic
19980421-11-008,奇迹在深山峡谷中诞生———记湖北省保康县尧治河村党支部,no_topic
19980421-11-009,吉祥村的吉祥---记黑龙江林甸县吉祥村党支部,no_topic
19980421-11-010,贫困村的成功路———记广东省梅州市上坪管理区党支部,no_topic
19980421-11-011,湖口县成立首家党员扶助会,short_body
19980421-11-012,图片新闻,title_length
19980421-11-013,二支队党员捐助黎族失学儿童,no_topic
19980421-12-001,心血倾注两代军人,no_topic
19980421-12-002,怀恋军装,title_length
19980421-12-003,黑马团长,title_length
19980421-12-004,桂林陆军学院不拘一格选人才,no_topic
19980421-12-005,武警安徽总队团结一心干事业,no_topic
19980421-12-006,南海舰队某部深入一线抓基层,no_topic
19980421-12-007,官兵同乐双休日(图片3张),short_body
19980421-12-008,王令喜:治病不断求进,no_topic
19980421-12-009,胡智华:致富不忘乡亲,no_topic
19980421-12-010,义县有个老武装,no_topic
19980422-01-002,王涛:新一代产业工人的楷模(附图片2张),no_topic
19980422-01-003,让千万个王涛涌现出来,no_topic
19980422-01-004,李岚清在“1998中国企业高峰会”发言,no_topic
19980422-01-006,今年10月1日火车再次提速,no_topic
19980422-01-007,朱镕基与古特雷斯会谈,no_topic
19980422-01-008,应邀赴日本韩国进行正式友好访问胡锦涛抵东京开始访日,no_topic
19980422-02-001,国务院发出通知禁止传销经营活动,no_topic
19980422-02-002,扶风饭店拍卖牵动众人心(附图片3张),no_topic
19980422-02-003,北京规范国际展品报关运输,no_topic
19980422-02-004,建材销售有所回升,no_topic
19980422-02-005,北京推出华夏城乡游,no_topic
19980422-02-006,纳税新方式方便纳税人南昌刷卡,no_topic
19980422-02-007,纳税新方式方便纳税人沈阳邮寄,no_topic
19980422-02-008,天津截获“水果天敌”,no_topic
19980422-03-001,认真贯彻『条例』加强自身建设云南反腐倡廉教育成效明显,review: 反腐倡廉教育，非学校教育主题
19980422-03-003,从严治党从严治政从严治吏山西反腐败重点反官僚主义,no_topic
19980422-03-004,海阔天高任汝行---访中共广东省委副书记张帼英(附图片1张),no_topic
19980422-03-005,清白做“官”老实做人———记正师级干部宗贻善,no_topic
19980422-04-001,提倡『自助餐』,no_topic
19980422-04-003,北京举行理论研讨会纪念真理标准讨论20周年,no_topic
19980422-04-004,李岚清分别会见土耳其和瑞士客人,no_topic
19980422-04-005,明天气象预报(4月22日20时—4月23日20时),no_topic
19980422-04-006,全国道路交通安全展览开幕,no_topic
19980422-04-007,下乡上岗,title_length
19980422-04-008,陇上江南(图片),short_body
19980422-04-009,叶恭绍同志逝世(附图片1张),no_topic
19980422-04-010,香港特区行政长官董建华表示特区政府非常关心失业问题,no_topic
19980422-04-011,吴仪会见香港雇主联合会访问团,no_topic
19980422-04-012,香港又遣返一批越南非法入境者及越南船民,no_topic
19980422-04-013,据新华社北京4月21日电(记者钱彤)国务院副总理钱其琛今天会见来访的乌干达第一副总理兼外长卡特加亚一行。,short_body
19980422-04-014,据新华社北京4月21日电(记者刘云非)国务委员吴仪今天在中南海会见了佛得角经济协调部长安东尼奥·多罗萨里奥。,short_body
19980422-04-015,新华社北京4月21日电全国妇联主席陈慕华今天在人民大会堂会见了由主席佛兰·威廉姆斯率领的美国妇女争取国际了解协会代表团。美国客人是应全国妇联的邀请访华的。,title_length
19980422-04-016,据新华社北京4月21日电(记者范文欣)外经贸部部长石广生今天在这里会见乌干达第一副总理兼外长卡特加亚。,short_body
19980422-05-002,村庄小、生源少、办学难怎么办?衡水市桃城区联村办学闯新路,no_topic
19980422-05-004,美化校园迎校庆(图片),short_body
19980422-05-006,开刀不缝用胶粘瞬康医用胶进入临床,no_topic
19980422-05-007,农民进京求科技,multiple_topics
19980422-05-008,特殊的招标会,no_topic
19980422-05-009,《岁月》丛书记录难忘岁月,no_topic
19980422-05-011,珠江漂流先遣队完成试漂任务,short_body
19980422-05-012,北京举办『百草』治癌义诊,short_body
19980422-05-013,国际郁金香展在京举行,short_body
19980422-05-014,卡通『红蚂蚁』面世,short_body
19980422-05-015,《中东非洲发展报告》出版,short_body
19980422-05-016,中科院香港院友会成立,short_body
19980422-06-001,特别小组向安理会递交报告,no_topic
19980422-06-002,俄各派领导人谈总理提名对第三次表决立场依旧,no_topic
19980422-06-003,好样的中国人,no_topic
19980422-06-004,阴云尚未散尽,no_topic
19980422-06-005,埃及警察换夏装(图片),short_body
19980422-06-006,以欢迎美资助研制导弹,no_topic
19980422-06-007,就欧盟条约和北爱问题爱尔兰将进行全民公决,no_topic
19980422-06-008,国际红十字会人员在索被绑架,no_topic
19980422-06-009,安哥拉中部形势恶化,no_topic
19980422-06-010,讨论加强安全与合作地中海论坛部长级会议举行,no_topic
19980422-06-011,走进“死亡区”———今日切尔诺贝利见闻(上)(附图片1张),no_topic
19980422-07-002,开发产品开拓市场拉美对外贸易五年翻番,no_topic
19980422-07-004,劳斯莱斯皇家女大众宝马争相娶,no_topic
19980422-07-005,美洲自由贸易区谈判起步,no_topic
19980422-07-007,巨冰漂离南极,no_topic
19980422-08-001,让校运会红火起来,no_topic
19980422-08-002,’98七星杯达力达全民健身保龄球赛举行(附图片2张),short_body
19980422-08-003,中国女篮赴日参加四国邀请赛,no_topic
19980422-08-005,环摩洛哥自行车赛我队成绩一站比一站好,no_topic
19980422-08-006,NBA复赛战火将燃公牛队爵士队咄咄逼人,no_topic
19980422-08-008,敢向『非洲羚羊』挑战吗,no_topic
19980422-09-001,柴国义为烈士守墓五十年,no_topic
19980422-09-003,难能可贵『双特班』,no_topic
19980422-09-006,一个普通家庭的传奇故事(附图片5张),no_topic
19980422-10-002,儿子的书包,no_topic
19980422-10-003,承包了就不退货?,no_topic
19980422-10-004,今日的质量是明天的订单,no_topic
19980422-10-005,扫好自家“门前雪”,no_topic
19980422-10-006,『英山牌照』感言,no_topic
19980422-10-008,取缔公开赌博的跑马厅,no_topic
19980422-10-009,市区无门牌实在不方便,no_topic
19980422-10-010,小城镇生活垃圾莫乱扔,no_topic
19980422-10-011,认真吸取教训查处违纪人员,no_topic
19980422-10-012,工地上的『弃儿』(附图片4张),no_topic
19980422-11-001,回归勿忘告始祖———黄陵香港回归纪念碑落成追记(附图片1张),no_topic
19980422-11-002,努力培养澳门青年人才---访澳门中华总商会青委会主任高开贤,no_topic
19980422-11-003,伍淑清印象,no_topic
19980422-11-004,台湾是两岸“三通”的最大受益者,no_topic
19980422-11-005,情系紫檀爱我中华———记香港富华国际集团董事长陈丽华,no_topic
19980422-11-006,澳门著名公众图书室———八角亭阅书报室(图片),short_body
19980422-11-007,"香港特区政府日前宣布,已委托顾问公司就香港可持续发展问题进行研究,提出整体性建议,协助政府决策。",short_body
19980422-11-008,"澳门总督韦奇立和南非共和国工商部长艾历荣日前签署了澳门与南非双边航空协议。双方一致认为,这项协议将促进两地之间今后开展更密切和积极的合作。",title_length
19980422-11-009,"受亚洲金融危机的影响,台湾今年首季对外贸易出现罕见的逆差纪录。据台湾经济部门分析,第一季度出现的逆差将是台湾自一九八三年以来首次出现的季度贸易逆差。",title_length
19980422-11-010,"今年头两个月香港的整体罪案比去年同期减少百分之七点三。而最新的一项民意调查显示,近百分之八十的市民认为香港治安良好,人们安居乐业。",title_length
19980422-11-011,"台湾『教育改革推动小组』日前针对青少年犯罪日益增多问题作出决议,将动员台湾全省的二十万中小学教师投入学生辅导工作,并彻底改革岛内的中小学辅导制度。",title_length
19980422-11-012,"据台湾台中荣民总医院大肠直肠科多年追踪研究,到目前为止,已发现有二十七个癌症家族。(以上均据新华社电)",short_body
19980422-12-001,全面推进外来务工青年培训工作,no_topic
19980422-12-002,征集“一句话”引起读者共鸣,no_topic
19980422-12-003,『打的』认动物,no_topic
19980422-12-004,真情的力量,no_topic
19980422-12-005,清明鲜花祭故人(图片),short_body
19980422-12-006,售房无证惹官司,no_topic
19980422-12-007,子宫肌瘤须辨证施治,no_topic
19980422-12-008,悄悄结婚,title_length
19980422-12-009,好书伴君走天涯,no_topic
19980422-12-010,水兵声声颂母亲,no_topic
19980423-01-001,江泽民会见全国军转干部安置工作会议代表强调,no_topic
19980423-01-002,江泽民在江苏考察时指出要从战略高度重视乡镇企业发展(附图片1张),no_topic
19980423-01-003,就国有企业下岗职工再就业工作国务院邀请部分全国政协委员座谈,no_topic
19980423-01-004,江泽民会见古特雷斯,no_topic
19980423-01-005,李鹏会见古特雷斯,no_topic
19980423-01-006,宋照肃任甘肃省代省长,short_body
19980423-01-007,胡锦涛会见日本众参两院议长,no_topic
19980423-01-008,“联村办学”好,no_topic
19980423-01-009,缺了一份人民日报后......,no_topic
19980423-02-001,福州各界情注下岗职工『五月关怀行动』拉开序幕,no_topic
19980423-02-003,传销为何红牌罚下,no_topic
19980423-02-004,内蒙古扑灭多起草原森林大火,no_topic
19980423-02-005,“京城第一点”勘定完毕,no_topic
19980423-02-006,沈阳商品包装印税金,no_topic
19980423-02-007,厄尔尼诺肆虐海南干旱严重(附图片2张),short_body
19980423-02-008,夏津土地少吃“大鱼大肉”,no_topic
19980423-02-009,低耗才能高效,no_topic
19980423-02-010,质检为汾酒厂正名,no_topic
19980423-02-011,中保集团业务增长三成,no_topic
19980423-02-012,大庆炼油厂与私企“结亲”,no_topic
19980423-02-013,黑龙江省森警总队战士在林内巡航防火(图片),short_body
19980423-02-014,锡铁山二矿降成本促发展,no_topic
19980423-02-015,"本报讯由中国企业家协会与经济日报社共同举办的『提高经营者素质,造就社会主义企业家队伍』座谈会近日在北京举行。企业界代表和有关专家就社会主义市场经济条件下如何提高企业经营者的素质,建立科学的激励与约束机制,加速中国企业家队伍建设等问题提出了意见和建议。(企协)",title_length
19980423-02-016,"本报讯国家商检局质量认证中心日前向福州华都集团颁发了ISO9002质量体系认证证书。据悉,这是我国首家私营商业零售企业通过ISO9002认证。(江宝章)",title_length
19980423-02-017,"本报讯全国通信产品展示交易会于近日在大连举行。展示交易各种交换、传输、终端设备,还有光通信、数据通信、图文通信、移动通信、卫星通信等通信类设备。(张书政)",title_length
19980423-02-018,"本报讯内蒙古自治区呼伦贝尔盟甘河林业公司切实关心下岗职工的生活,在春节前调拨近百万元资金为包括下岗人员在内的贫困职工解决生活福利,近期又拨款近二十万元帮助修缮了五栋家属楼,其中大部分为去年的分流下岗人员住房。",title_length
19980423-02-019,"本报讯日前由农业部主办,中国贸促会农业行业分会承办的中国国际农业新技术博览会在京开幕。博览会主题是『关注现代农业,创造贸易机会』,来自十九个国家和地区的三百八十六家中外企业参展。(董建勤)",title_length
19980423-02-020,"本报讯山西省泽州县国税局在全县一千二百余名中小学生当中举办税收知识讲座,开展『税收在我身边』有奖征文活动,并开展表彰模范纳税户和打击偷抗税专项斗争活动。(田东国)",title_length
19980423-03-001,全国军转安置工作会议提出不折不扣落实中央安置政策,no_topic
19980423-03-002,立足大局妥善安置,no_topic
19980423-03-003,王涛的故事,no_topic
19980423-03-005,纳税人“告”税官,no_topic
19980423-03-007,湖南长沙市首家社区服务中心成立(图片),short_body
19980423-03-008,"本报讯日前,江苏省张家港市九百余名民警分批步入市区和乡镇定点考场,参加市公安局组织的基本素质考试。据悉,这次考试不合格的民警,将实行待岗培训,培训不合格者将『下岗』。(俞慧军朱玉兰)",title_length
19980423-03-009,"本报讯新疆军区某部机关干部心系边疆『希望工程』。两年来,该部先后为少数民族学校捐资一万四千多元,使驻地二十七个乡一百四十二名失学儿童重返校园。(方传仆刘玲)",title_length
19980423-03-010,"本报讯近日,在武警北京一总队召开的『五好文明家庭』表彰大会上,武警部队副司令员朱曙光中将,国家计生委副主任杨魁孚,向以护卫队长的妻子胥慧霞等十名优秀军嫂为代表的『五好文明家庭』颁发了荣誉证书和奖金。",title_length
19980423-03-011,"本报讯辽宁省锦州市公安局深入开展派出所窗口规范化建设。经过几年的努力,现在全市一百五十三个公安派出所全部达到规范化服务标准,群众满意率由一九九五年的百分之四十七上升到目前的百分之九十五。他们的做法受到公安部领导的肯定。(安德才王成铎)",title_length
19980423-03-012,"本报讯四月十四日,北京市朝阳工商局巡查三中队在对辖区内的酒楼进行检查时,发现亚运村北京康乐宫内的北京鸿记鱼嘴档餐饮有限责任公司一酒楼擅自出售、宰杀野生保护动物。执法人员依法当场将上述野生保护动物暂扣移交给动物园,并对此案立案查处。(李非)",title_length
19980423-03-013,"本报讯福建省福州市仓山国税局十分注意窗口形象,他们组织了一场『假如我是纳税人』的换位思考,让收税人设身处地为纳税人着想,查问题,找原因,提高认识,并推出了限时服务、超时赔偿承诺等一系列优质服务措施。主动热情、快捷高效的服务让纳税人有一种回到家的感觉。(孙世长)",title_length
19980423-04-001,李鹏会见智利客人,no_topic
19980423-04-002,李鹏会见纳米比亚客人,no_topic
19980423-04-004,吕叔湘同志逝世,no_topic
19980423-04-005,张纯之同志逝世,no_topic
19980423-04-006,明天气象预报(4月23日20时—4月24日20时),no_topic
19980423-04-007,罗干在北京市考察工作时强调培养一支高素质政法队伍,no_topic
19980423-04-009,图片新闻,title_length
19980423-04-010,香港今年首次拍卖土地成绩理想,short_body
19980423-04-011,北京发现明皇城北城墙遗迹,no_topic
19980423-04-012,信阳4270名农民有了技术职称,multiple_topics
19980423-04-013,温室营造新天地,no_topic
19980423-04-014,李清林当选中共哈尔滨市委书记,short_body
19980423-04-015,据新华社上海4月22日电(记者陈毛弟)中共中央政治局委员、上海市委书记黄菊今晚在虹桥迎宾馆会见了由政治局委员、全国高教委主任赫尔曼女士为团长的多米尼加解放党代表团。多米尼加客人是今天上午乘飞机从北京前来上海访问的。,title_length
19980423-04-016,"据新华社北京4月22日电(记者王敬中)中央军委委员、中国人民解放军总参谋长傅全有上将今天在这里同克罗地亚军队总参谋长帕·米利亚瓦茨中将举行了会谈。会谈前,傅全有在军事博物馆前广场举行仪式欢迎克军总参谋长一行访华。",title_length
19980423-04-017,据新华社北京4月21日电(记者王敬中)中央军委委员、中国人民解放军总后勤部部长王克上将今天在这里会见了以空军副参谋长范·达勒少将为团长的比利时武装部队后勤代表团。,title_length
19980423-04-018,据新华社北京4月22日电(记者钱彤)外交部长唐家璇今天与陪同葡萄牙总理古特雷斯访华的葡外长伽马举行了会谈。,short_body
19980423-04-019,"据新华社北京4月22日电(记者刘朝晖)正在中国访问的葡萄牙总理安东尼奥·古特雷斯今天出席了葡萄牙产品和技术展览会开幕式并剪彩。国务委员吴仪、陪同古特雷斯访华的葡外长伽马、经济部长莫拉等出席了开幕式。古特雷斯今天还出席了中葡生物技术研讨会,会见了两国科技界人士。",title_length
19980423-04-020,"据新华社北京4月22日电(记者杨国钧)中国教育部部长陈至立和葡萄牙教育部长马尔萨尔·格里洛今天一致表示,两国将进一步加强在教育领域的交流与合作。",title_length
19980423-04-021,据新华社北京4月22日电中国政府和土耳其政府经贸联委会第十二次会议今天上午在北京开幕。中国外经贸部部长石广生和土耳其国务部长切莱比共同主持了开幕式。,title_length
19980423-05-002,首都举办『地球日』科普宣传活动保护蔚蓝色的家园,no_topic
19980423-05-003,爱岗敬业为人师表十位师德标兵令人敬仰(附图片1张),no_topic
19980423-05-004,标兵为鉴反求诸己,no_topic
19980423-05-005,飞行区内鸟成患首都机场被迫驱鸟,no_topic
19980423-05-006,十七年开展“爱鸟周”吉林群众护鸟成风,no_topic
19980423-05-007,中国信息产业界呼吁共同发展,no_topic
19980423-05-008,教师与学生(图片),short_body
19980423-05-009,我国儿童计划免疫有喜有忧喜:建起服务体系忧:经费投入不足,no_topic
19980423-05-010,引黄入晋运用全系统仿真,no_topic
19980423-05-012,《中国农村文库》第二批图书面世,multiple_topics
19980423-06-001,胡锦涛会见日本外相(附图片1张),no_topic
19980423-06-002,俄左翼领导人主张与总统妥协以保全杜马,no_topic
19980423-06-003,布莱尔中东之行有成效,no_topic
19980423-06-004,胡锦涛会见日本政党领导人,no_topic
19980423-06-005,在联合国人权会议上美针对古巴的议案首次遭否决,no_topic
19980423-06-006,蒙古大呼拉尔批准政府辞职,no_topic
19980423-06-007,美帮助格鲁吉亚转移核材料将交付英国用于民用发电,no_topic
19980423-06-008,北欧国家将组建维和旅,no_topic
19980423-06-009,俄拉关系起风波,no_topic
19980423-06-010,缅捣毁海洛因工厂,no_topic
19980423-06-011,葡警方去年缉毒12吨,no_topic
19980423-06-012,维也纳机场加强扫毒,short_body
19980423-06-013,婴儿葬礼(图片),short_body
19980423-06-014,十二年风雨路———今日切尔诺贝利见闻(中)(附图片1张),no_topic
19980423-07-001,韩国的IMF式改革,no_topic
19980423-07-003,理智战胜偏见———西澳堕胎合法化的辩论,no_topic
19980423-07-005,太阳系外行星系统研究新发现,no_topic
19980423-07-006,美国大量物种面临灭绝多数学者深表担忧,no_topic
19980423-07-007,千年问题解决有方,no_topic
19980423-07-008,智能魔鞋可大可小,no_topic
19980423-07-009,“视窗98”系统出展(图片),short_body
19980423-07-011,"意大利银行4月21日晚宣布将官方贴现率再降低半个百分点,即从5.5%降为5%,这是自1973年秋以来的最低水平。这一决定将使意大利国债利息减少10万亿里拉。",title_length
19980423-07-012,22日法国农业部宣布法国将正式参加“中国’99昆明世界园艺博览会”。法国总理若斯潘认为法国参加昆明园艺博览会将有助于发展两国在农业领域的合作。,title_length
19980423-07-013,"22日下午,一架波音727—200型客机在哥伦比亚首都圣菲波哥大以东山区撞山坠毁,机上53人无一生还。哥伦比亚民事航空局说,这架厄瓜多尔军事航空运输公司的客机从巴黎起飞,原计划在圣菲波哥大停留以后继续飞往厄瓜多尔首都基多。",title_length
19980423-07-014,泰国、马来西亚两国22日下午在泰国签订泰马联合开发区天然气供销协定。,short_body
19980423-08-001,全国冰球赛哈尔滨队首遭败绩,no_topic
19980423-08-002,北京市大学生足球联赛开赛在即,multiple_topics
19980423-08-005,『泰山』用人不疑力求后发制人,no_topic
19980423-08-007,图片新闻,title_length
19980423-08-008,排名制改革引发网坛震荡,no_topic
19980423-08-009,全国速度赛马公开赛将在广州举行,no_topic
19980423-09-001,这地怎么种?,no_topic
19980423-09-005,图片新闻,title_length
19980423-09-007,『啃』太行的人们---全国山区综合开发试点县平山纪事(下),no_topic
19980423-09-008,蝎子不再冬眠,no_topic
19980423-09-009,略阳之“略”,no_topic
19980423-09-010,蜜蜂打工在大棚(图片),short_body
19980423-09-011,"本报讯农行浙江温州市泰顺县支行支持全县发展茶园0·1万多公顷,水果0·153万公顷,经济收入达到3000多万元。还累计向水电资源开发项目投入贷款1.3亿多元。目前,全县拥有电站88座,其中农行贷款扶持的就达57座。三插溪电站今年5月投入运行后,年发电量可达1亿多千瓦时,年产值可达6659万元,每年可增加地方财政收入600万元。(光明国强)",title_length
19980423-09-012,"本报讯春暖花开之际,湖北“茶叶第一县”鹤峰县有近10万人上山建园、采茶,一曲曲土家山歌溢满茶山。近几年,该县开发非耕地56万亩,形成茶、果、药、林绿色“山坡经济”产业带。鹤峰有山地面积25·1万公顷。县委、县政府先后出台了一系列优惠开发政策。目前,全县已建有经济林3·73万公顷,其中茶叶0·7万公顷,年产5408吨,为农民增收2000多万元。",title_length
19980423-10-001,扭住发展不动摇,no_topic
19980423-10-002,希望工程具有重大社会意义,no_topic
19980423-10-003,建立和完善企业资本金制度,no_topic
19980423-10-004,《社会主义市场经济辩证法》简评,no_topic
19980423-10-006,"任克礼的文集《实践中的思索》,已由中国经济出版社出版。这本文集是根据作者的理论研究成果、调研报告整理而成的。作者从理论与实践的结合上,对党的思想、组织、作风建设等方面作了较详尽的阐述。主要内容包括:做好新时期的党建工作;切实加强领导班子思想政治建设;提高党员素质,增强党性;搞好组织部门的自身建设,更新用人观念,正确识别和选拔干部,注意培养选拔优秀年轻干部和妇女干部等。(蒯辙)",title_length
19980423-10-007,"中国外商投资企业协会国际贸易与投资研究委员会策划的《中国吸收外商直接投资热点问题探讨》一书,已由对外经济贸易出版社出版。该书共分5部分,对外商直接投资问题进行了较为全面的论述。(小龚)",title_length
19980423-10-008,"人民日报出版社出版的《杨柳青》,是作者储瑞耕10年来发表在《河北日报》“杨柳青”专栏中的评论文章集。这些文章深入浅出,题材均从实际中来。中宣部副部长徐光春在为该书作的序中说,“杨柳青”专栏最显著的特点,就在于“从生活中来,到生活中去”,密切关注社会热点、难点、疑点,把政论、新闻评论同杂文进行了某种意义、某种程度的借鉴、融合和杂交。(罗同松)",title_length
19980423-11-002,眼的生成与耳的再造,no_topic
19980423-11-004,今天黎明———金星木星残月聚首南天,no_topic
19980423-11-005,世界著名商学院钟情联想集团,no_topic
19980423-11-006,叶至善的科普情结(附图片1张),no_topic
19980423-11-007,DNA指纹图生物的“条形码”,no_topic
19980423-11-010,广揽人才尊重知识许继集团的『秘密武器』,no_topic
19980423-11-012,湖南省建成23个青少年科技教育基地(图片),short_body
19980424-01-002,千名先进个人获“五一劳动奖章”今年全国十大杰出工人评选揭晓,no_topic
19980424-01-003,老百姓有多少钱?---扩大消费话题(二),no_topic
19980424-01-004,江泽民会见智利客人,no_topic
19980424-01-005,日本天皇会见胡锦涛(附图片1张),no_topic
19980424-01-006,离不开的良师益友,no_topic
19980424-01-007,新型综合生活小区(图片),short_body
19980424-01-009,"我国第一套年产七万吨的聚丙烯装置四月二十日在长岭炼油化工总厂长盛石化公司投料开车一次成功。这套装置总投资六点一亿元,采用海蒙特高效载体催化剂液相环管反应本体聚合工艺,可生产二十五种牌号的聚丙烯本色颗粒,已达到同类装置九十年代国际先进水平。(吴兴华文良安)",title_length
19980424-01-010,"四月二十二日,中国国际航空公司的一架波音737客机安全降落在西宁机场,这是国航大型客机首次开通北京至西宁航线。该航线每星期三、五、日由波音737客机往返北京西宁,每星期一、四、六由图154客机往返北京西宁。",title_length
19980424-01-011,"地处广东省汕头市南区的汕头保税区加大招商引资力度,日前该区又有六个项目签约,投资总额一点一五亿美元。至此,今年保税区引进项目已达十五个,投资总额二点三八亿美元。(侯伟生)",title_length
19980424-02-001,政策优惠降低造价牡丹江安居工程建得广厦,no_topic
19980424-02-002,服务立行---记农行南京城北支行,no_topic
19980424-02-003,路伊盟数万人攻坚三原冠名权换资金周口拓宽投资渠道,no_topic
19980424-02-005,漫游相会屈成长途22城市手机收费有误,no_topic
19980424-02-006,定海神针身价上亿平保承保20万年石笋,no_topic
19980424-02-008,武汉5万外地传销员安全返乡,no_topic
19980424-02-009,劝说(图片),short_body
19980424-02-010,长沙一建筑物倒塌死难八人,no_topic
19980424-02-011,为谁辛苦为谁忙(图片),short_body
19980424-02-013,"本报讯今年“母亲节”(每年的5月10日)期间,西安杨森制药有限公司将联合全国17个主要城市的300家药店开展义卖活动,并决定将5月9日和5月10日这两天售出的西安杨森药品全部收入的20%赠给“幸福工程”。",title_length
19980424-02-014,"本报讯河南省开封市国税局把提高稽查人员业务素质作为加强税收征管的一个重要方面,加大了培训力度,开展了每周一题、每月一考、每季一赛等多种形式的业务学习练兵活动,今年内要使能独立查账人员达到稽查总人数的50%。",title_length
19980424-02-015,"本报讯国家电力公司加大宣传电力法力度,最近与有关部门合作的宣传贯彻电力法的电视系列剧《谁之罪》拍摄完成。(温绪庭)",short_body
19980424-03-002,职业介绍就业的重要手段———再就业的形势和对策(二),no_topic
19980424-03-003,烈火铸丰碑---记武警西安消防支队抢险灭火英雄群体,no_topic
19980424-03-004,北京推出『职业援助计划』,no_topic
19980424-03-005,安丘实施“民心工程”,no_topic
19980424-03-006,保定出台交通事故处理新机制,no_topic
19980424-03-007,全国劳模强自喜为民警作报告(图片),short_body
19980424-04-001,未来一周天气趋势,no_topic
19980424-04-002,自律三题,title_length
19980424-04-003,在王涛精神感召下,no_topic
19980424-04-004,外交部发言人答记者问,no_topic
19980424-04-005,明天气象预报(4月24日20时—4月25日20时),no_topic
19980424-04-006,就辜振甫率团来访事宜海协与台海基会在京交换意见,no_topic
19980424-04-007,中原突围烈士纪念碑在大悟落成,no_topic
19980424-04-008,育秧工厂卖秧苗(图片),short_body
19980424-04-009,澳门宣传周系列活动将在内地举办,no_topic
19980424-04-010,“海河之春”到基层(图片),short_body
19980424-04-011,修笔专柜回商场(图片),short_body
19980424-04-012,我国有180个“特产之乡”,no_topic
19980424-04-013,找准结合部,no_topic
19980424-04-014,长春首次拍卖出租车经营权,no_topic
19980424-04-015,共建研究生社会实践基地秦皇岛与清华合作双方受益,no_topic
19980424-04-016,据新华社北京4月23日电(记者张荣典)中央军委副主席、国务委员兼国防部长迟浩田上将今天在京先后会见了克罗地亚军队总参谋长帕·米利亚瓦茨中将一行和日本“中国政治经济恳谈会”会长、前日本自卫队参谋长联席会议主席高品武彦一行。,title_length
19980424-04-017,"据新华社北京4月23日电(记者刘朝晖)国务院副总理钱其琛今天在中南海紫光阁会见了陪同葡萄牙总理古特雷斯访华的葡外长伽马,双方一致认为,葡总理此访是成功和圆满的。",title_length
19980424-04-018,据新华社北京4月23日电(记者刘云非)国务委员吴仪今天在中南海会见了土耳其国务部长厄欣·切莱比。,short_body
19980424-04-019,据新华社北京4月23日电全国人大常委会副委员长曹志今天在人民大会堂会见了丹麦发展合作大臣波尔·尼尔森一行。,short_body
19980424-04-020,据新华社北京4月23日电(记者王晓东)外交部长唐家璇今天在京与赞比亚外长凯利·瓦卢比塔举行会谈。,short_body
19980424-04-021,据新华社北京4月23日电(记者邹春义)外经贸部部长石广生今天在这里与美国贸易代表巴尔舍夫斯基举行了会谈。,short_body
19980424-05-001,第二届『地球奖』颁奖,no_topic
19980424-05-003,学农基地(图片),short_body
19980424-05-004,“金盾”之路———记金盾出版社,no_topic
19980424-05-006,专家研讨老龄问题时提出家庭养老应与社会养老相结合,no_topic
19980424-05-009,新世纪人才学院探索办学新路,no_topic
19980424-05-010,超级抗磨节能剂研制成功,no_topic
19980424-05-011,空军总医院激光中心有特色,short_body
19980424-05-012,《脊梁国有企业的机遇与挑战》出版,no_topic
19980424-05-014,体制改革与办学效益,no_topic
19980424-05-017,为高层次人才创造用武之地扬子江药业设立“博士后工作站”,no_topic
19980424-06-001,在日中友好七团体欢迎宴会上胡锦涛强调继续发展中日关系,no_topic
19980424-06-002,胡锦涛广泛接触日本朋友看望我驻日使馆和中资机构人员,no_topic
19980424-06-003,谈谈《巨龙》一书,no_topic
19980424-06-004,南阿边境发生大规模武装冲突,no_topic
19980424-06-005,叶利钦会见俄议会两院主席就第三次表决总理提名交换意见,no_topic
19980424-06-006,额勒贝格道尔吉当选蒙新总理,no_topic
19980424-06-007,第三届中国国际新闻奖揭晓本报4篇作品获一等奖,no_topic
19980424-06-008,就新喀里多尼亚未来地位问题法政府同新喀两派达成协议,no_topic
19980424-06-009,塞尔维亚说“不”,no_topic
19980424-06-010,欢声笑语中的握手(附图片1张),no_topic
19980424-07-002,第三届非洲石油贸易会议开幕世界油价依然疲软,no_topic
19980424-07-003,我旅芬学者提出物种相互作用新模式,no_topic
19980424-07-004,欧洲经济将稳定增长,no_topic
19980424-07-005,图片新闻,title_length
19980424-07-007,英国眼睛充当密码存款万无一失,no_topic
19980424-07-008,景气与改革,no_topic
19980424-07-009,杜邦与北京大源签订合作意向书,no_topic
19980424-08-001,利生轮滑俱乐部在京成立,no_topic
19980424-08-003,民运会西藏赛区主体工程破土动工,no_topic
19980424-08-005,延安首次承办全国大赛,no_topic
19980424-08-007,全国冰球赛齐齐哈尔队夺冠,no_topic
19980424-08-008,美国网球名将桑普拉斯(图片),short_body
19980424-08-010,环菲律宾自行车赛东道主占先,no_topic
19980424-08-011,布达佩斯网球赛李芳闯进八强,short_body
19980424-08-013,运动鞋除臭有新招,no_topic
19980424-09-002,可贵的追求,no_topic
19980424-09-003,图片新闻,title_length
19980424-09-004,首都艺术博览会文商结合,short_body
19980424-09-005,那英出版新专辑,short_body
19980424-09-007,《三毛钱歌剧》登上北京舞台,no_topic
19980424-09-008,"中华慈善总会和中国交响乐团将于4月25日在北京世纪剧院举办“中华慈善总会交响音乐会”。这次音乐会特邀美国钢琴家朵拉·库恩女士参加,陈佐湟担任指挥,演出的全部收入将用于孤残儿童的救助与康复。演出活动得到了美国日内瓦集团中国代表处的支持。(向文)",title_length
19980424-09-009,"中央实验话剧院创演的小剧场话剧《思凡》,自1993年首演以来,已在国内外舞台上演出了七轮。剧院最近重排此剧,从4月下旬至5月31日在该院小剧场演出。《思凡》取材于昆曲《思凡·双下山》和意大利薄伽丘《十日谈》中的两则故事,仍由孟京辉导演。(广南)",title_length
19980424-09-010,"以塑造文武老生形象闻名于京剧舞台和影视领域的中国京剧院演员李岩,最近在北京人民剧场举行了从艺四十周年谢师敬业专场纪念演出。在连续四天的演出中,李岩将四十年来演出过的五十多个剧目中的精华再次奉献。(刘玉)",title_length
19980424-10-001,记述周恩来经历的信史———《周恩来传(1949—1976)》读后,no_topic
19980424-10-002,《孙中山的历程》的成书及特点,no_topic
19980424-10-003,走近钱学森,no_topic
19980424-10-004,俄罗斯作曲家肖斯塔科维奇(图片),short_body
19980424-10-005,日记真实吗,no_topic
19980424-10-007,幽默而温馨的《东张西望》,short_body
19980424-10-008,读新书(附图片2张),no_topic
19980424-10-009,长诗《伟人周恩来》(一、二部)出版,no_topic
19980424-10-010,留存在新一代的记忆里---读『爱国主义故事丛书』,no_topic
19980424-10-011,《岁月印痕》出版,short_body
19980424-10-012,关注社会的《诺言》,no_topic
19980424-11-003,曾宓:娓娓道来(附图片1张),no_topic
19980424-11-004,西藏风情(油画),no_topic
19980424-11-005,联手描绘《大地回春》图(附图片1张),no_topic
19980424-11-007,惊涛(中国画),short_body
19980424-11-008,农家(油画),no_topic
19980424-11-009,漫人快语(附图片2张),no_topic
19980424-12-001,一读三叹,title_length
19980424-12-002,长城独秀慕田峪,no_topic
19980424-12-003,圆通山花事,no_topic
19980424-12-004,极地颂歌———读大型画册《雪域颂》,no_topic
19980424-12-005,小院里的俩老头儿,no_topic
19980424-12-006,“乐凯之光”专栏,no_topic
19980424-12-007,小三峡漂流记,no_topic
19980424-12-008,龙腾万里(图片),short_body
19980425-01-001,立民族志气创世界名牌———江泽民总书记苏南企业看发展(附图片1张),no_topic
19980425-01-002,朱镕基会见几内亚比绍外长,no_topic
19980425-01-003,国家统计局发布一季度国民经济运行情况表明,no_topic
19980425-01-004,中国和几内亚比绍复交两国签署联合公报,no_topic
19980425-01-005,“现场办公”莫变味,no_topic
19980425-01-006,同龄情谊深,no_topic
19980425-01-007,张德江当选中共吉林省委书记,short_body
19980425-01-008,国务院决定组建国家有色金属工业局,no_topic
19980425-01-009,国家杜马第三次表决通过提名基里延科出任俄总理,no_topic
19980425-01-010,就21世纪中日关系等问题胡锦涛在东京答记者问,no_topic
19980425-01-011,首都图书大厦将开张(图片),short_body
19980425-02-001,李岚清会见丹麦和德国客人,no_topic
19980425-02-002,李岚清会见英国农业大臣,short_body
19980425-02-003,朱镕基会见赞比亚外长,no_topic
19980425-02-004,金融部门将出台政策措施进一步支持中小企业健康发展,multiple_topics
19980425-02-005,中国同几内亚比绍恢复外交关系,no_topic
19980425-02-006,全总邀请劳模代表进京庆“五一”,no_topic
19980425-02-007,明天气象预报(4月25日20时—4月26日20时),no_topic
19980425-02-008,吴仪会见美国贸易代表,no_topic
19980425-02-010,义务抚孤51年(图片),short_body
19980425-02-011,朝驻华使馆庆祝建军节,short_body
19980425-02-012,外交部发言人谈中几比复交,no_topic
19980425-02-013,北京审结印华平重大侵权盗版案,no_topic
19980425-02-014,镇江破获贩卖淫秽盗版音像制品案,no_topic
19980425-02-015,国家经贸委国务院纠风办发出通知制止向外商投资企业罚款,no_topic
19980425-02-016,铁木尔·达瓦买提会见印度客人,short_body
19980425-02-017,彭珮云会见罗马尼亚客人,short_body
19980425-03-001,联合国人权会议结束我代表说有积极变化,no_topic
19980425-03-002,胡锦涛会见三位日本前首相离东京前往京都访问,no_topic
19980425-03-003,阿拉伯联手反恐怖,no_topic
19980425-03-004,朝鲜庆祝建军节,short_body
19980425-03-005,美官员谈国务卿访华目的筹备美中首脑会晤和继续战略对话,no_topic
19980425-03-006,纪念二战中惨遭杀害的犹太人波兰举行“幸存者大游行”(附图片1张),no_topic
19980425-03-007,图片新闻,title_length
19980425-03-008,基里延科,title_length
19980425-03-009,拉那烈准备参加柬大选,no_topic
19980425-03-010,塞尔维亚全民公决揭晓,no_topic
19980425-03-011,德联邦议院赞同欧元如期启动,no_topic
19980425-03-012,多利喜得千金母女安然无恙,no_topic
19980425-04-003,汪嘉伟呼吁球迷为男排加油,no_topic
19980425-04-005,普拉蒂尼看好巴西队,no_topic
19980425-04-009,日本四国女篮赛中国队首战负于澳大利亚队,no_topic
19980425-04-010,意大利博洛尼亚男篮获欧洲俱乐部赛冠军,short_body
19980425-05-002,美国的企业兼并浪潮及启示,no_topic
19980425-05-003,《中东非洲发展报告》简介,no_topic
19980425-05-004,评《当代政治学基本理论》,no_topic
19980425-05-005,合作与发展———京九沿线地区与社会发展研讨会综述,no_topic
19980425-05-006,学术动态(图片),short_body
19980425-05-007,"刘崇顺撰写的《社会转型与心理变迁改革与社会心理研究》一书,由武汉出版社出版。该书认为,改革开放和社会转型条件下的社会心态、社会心理问题,是应用社会学和应用社会心理学关注的重要问题,同时又是一个新的、有开拓性的研究领域。作者首次提出『改革心理』概念,认为改革心理与一般社会心理相区别的显著特征,在于前者具有突出的变异性。全书贯穿了对改革心理特征的具体分析,还涉及到改革心理的社会成因、具体条件、基本形态、社会效应、变化趋势、调控方法等诸多方面,初步探讨了改革心理研究这一领域的理论建构。(小晖)",title_length
19980425-05-008,"由熊坤新撰著的《民族伦理学》一书已由中央民族大学出版社出版。该书从宏观和微观的角度,分别对民族伦理学、中国少数民族伦理思想和族别伦理思想等三个层面进行了研究。它对于拓宽民族学和伦理学的研究领域,弘扬民族文化,增进民族间的相互了解,加强民族团结,建设社会主义精神文明,有着积极的作用。",title_length
19980425-05-009,"姚传旺主编的《真理观研究》,是一部七卷本系列专著,它全面系统地阐明古今中外哲学家、自然科学家和军事家的真理观,揭示了人类认识史上真理观的产生和发展。最近,由黑龙江人民出版社首批推出三卷:《中国哲学史上的真理观》、《西方哲学史上的真理观》、《马克思主义哲学史上的真理观》。整个系列专著内容丰富,材料翔实,体系完整,是全国几十位长期从事真理问题研究的专家艰苦努力和创造性劳动的结晶。它能够帮助人们更好地掌握马克思主义的真理观,探索改革开放和现代化建设的发展规律。(群英)",title_length
19980425-05-010,"武汉大学经济学院主编的『二十一世纪的经济、经济学、经济学教育』研讨会的论文集《二十一世纪经济学前瞻》,已由湖北人民出版社出版。在该书收录的几十篇论文中,专家学者研究和探讨了世界经济,中国经济的发展走向和趋势,经济与科技、经济与社会、经济与自然相互关系,未来经济学说以及经济学研究方式手段将如何发展等问题,对二十一世纪中国和世界的经济学发展走向作了预测。",title_length
19980425-06-001,迎接买方市场的挑战走出旧的模式(附图片1张),no_topic
19980425-06-002,四个矛盾待解决,no_topic
19980425-06-003,研究买方,title_length
19980425-06-004,提高素质练内功,no_topic
19980425-06-005,『龙翔』之谜,no_topic
19980425-06-006,黑土地上的魔术师———记全国优秀青年企业家郎青山,no_topic
19980425-06-007,图片新闻,title_length
19980425-06-008,"本报讯广西壮族自治区积极调整优化乡镇企业产业、产品结构,克服了市场疲软、资金短缺等不利因素,去年全区乡镇企业完成营业收入3383·7亿元,占全区国内生产总值的32·35%。近年来广西有关部门帮助乡镇企业调整优化产业、产品结构,注意多业并举,大力培育新的优势产业,使全区乡镇企业产业结构向多元化、多层次的方向协调发展。桂林市去年上半年新上农副产品加工项目占所有新上项目的53%,农业企业和农副产品加工业总产值比上年同期增长77·56%。乡镇企业与农业产业化结合更加紧密,涌现出了像广西黑五类食品集团等一大批上规模、上档次,能带领千家万户致富的农业产业化龙头企业。(刘星泽)",title_length
19980425-06-009,"本报讯近3年来,有400多名高中级管理和科技人才,从大江南北不约而同地奔赴深居内陆江汉平原的潜江市张金镇。据了解,吸引他们的是村办企业幸福集团公司。1995年前后,幸福集团下重手调整产业结构,兴办15万千瓦电厂、3万吨铝厂和220千伏输变电站。三大工程均为技术密集型企业,急需科技人才尤其是高级人才。为此,在三大工程上马前,幸福集团就选派几路人马到各地人才市场调查,储存了一大批优秀技术人才。(明钢学佐发清)",title_length
19980425-06-010,"本报讯日前,九届全国人大代表、雅戈尔集团董事长、总裁李如成将一份50万元的支票交到宁波市人大常委会主任项秉炎手中,用于捐助设立社会慈善助学金。据悉,这已是雅戈尔集团近5年来第三十八次向社会捐款。自1993年成立集团公司以来,雅戈尔在自身发展的同时,密切关注着社会公益事业的发展,已累计向社会公益事业捐款3120万元。(何全良)",title_length
19980425-06-011,"本报讯由中国设备管理协会组织的部分乡镇企业及股份制企业设备管理与维修工作研讨会近日在广州召开。此次研讨会意在了解企业对设备管理宏观指导的希望和要求,以及为企业提供一个交流与研讨的场合。(柯仁)",title_length
19980425-07-001,杜重远先生后继有人---纪念杜重远先生诞辰一百周年,no_topic
19980425-07-002,受益终生的教诲———深切缅怀彭真同志,no_topic
19980425-08-001,企业职工多奉献(附图片6张),no_topic
19980425-08-002,磨练意志增强体质(附图片4张),no_topic
19980425-08-003,月城有个“书报村”(附图片2张),no_topic
19980426-01-003,图片新闻,title_length
19980426-01-004,400城市建立最低生活保障制度,no_topic
19980426-01-005,建功“西陲第一哨”———新疆军区斯姆哈纳边防连纪事,no_topic
19980426-01-006,吉尔吉斯共和国总统阿卡耶夫今起对我国进行国事访问(附图片1张),no_topic
19980426-01-007,二滩输电工程改革投资体制,no_topic
19980426-01-008,胡锦涛抵大阪访问瞻仰京都岚山周恩来纪念诗碑,no_topic
19980426-01-009,田成平当选中共青海省委书记,no_topic
19980426-01-012,"首届中国国际茶博览交易会将于金秋10月在杭州市举办。“第五届国际茶文化研讨会”、“世界和平茶会”、“茶艺术作品展”等也将同时举行。由中国国际茶文化研究会、浙江省世界贸易中心、杭州市人民政府共同主办的首届中国国际茶博览交易会,将邀请80多个国家和地区的600多个团体和国内各省市的2000多家企业参展或派员参加。(田文)",title_length
19980426-01-013,"4月25日,海尔集团与国家广播电影电视总局广播科学研究院合资成立的“海尔广科数字技术开发有限公司”在海尔集团工业园举行了签字仪式,联手开发数字化系列产品。这是海尔集团在3个月内第二次以资本为纽带控股国家级科研机构。今年1月份,以资本为纽带的全新的科企联手方式成立的海尔科化公司,3个月来已取得26项科研成果。(宋学春)",title_length
19980426-01-014,"4月23日,汇丰银行在华中重镇———武汉开设分行。这是汇丰银行在我国内陆开设的第一间分行,同时也是汇丰银行在国内提供全面外币银行服务的第八间分行。据悉,汇丰银行武汉分行正着手引进海外资金,重点支持武汉的各项基础设施建设项目,以及发展前景和经济效益较好的企业。(龚达发)",title_length
19980426-02-001,纪念文集《缅怀彭真》和画册《彭真》出版,no_topic
19980426-02-002,纪念长征火箭发射50次座谈会举行,no_topic
19980426-02-003,南京庆祝解放四十九周年,no_topic
19980426-02-004,北京档案馆建馆四十年成绩大,no_topic
19980426-02-005,明天气象预报(4月26日20时—4月27日20时),short_body
19980426-02-006,敦煌破获一起特大文物盗卖案,no_topic
19980426-02-007,中日专家联合发掘汉长安城桂宫遗址,no_topic
19980426-02-008,"洛阳牡丹花会落幕签订合同17项,投资额27·46亿元",no_topic
19980426-02-009,香港拨款救助受灾渔户,no_topic
19980426-02-010,全国哲学社会科学规划会强调把思想统一到十五大精神上来,review: 哲学社会科学政治学习，非本实验科技主题
19980426-02-011,北京市开展“交通安全在我心中”活动(图片),short_body
19980426-02-012,傅全有离京赴四国访问,no_topic
19980426-02-013,再访岚山(附图片1张),no_topic
19980426-02-014,哈总统会见张德广强调扩大哈中合作,no_topic
19980426-02-015,新疆暴风造成人员伤亡和财产损失,no_topic
19980426-02-016,"在俄罗斯国家杜马(议会下院)24日通过了叶利钦总统对基里延科的总理提名后,俄各权力机构和政治力量领导人立即发表谈话,阐明各自对这一结果的看法。叶利钦总统对国家杜马通过基里延科为总理的提名表示满意。",title_length
19980426-02-017,"据南通社援引南斯拉夫军队总参谋部24日发表的公告说,南边防军23日至24日连续击退从阿尔巴尼亚非法进入南斯拉夫境内的武装分子。公告说,南边防军在科沙拉村附近的战斗中击退了约200名武装分子,当场击毙16名,俘虏两名武装分子,并缴获大批武器弹药。",title_length
19980426-02-018,"中国常驻联合国代理代表沈国放24日在联合国安理会发言指出,国际社会应把非洲国家真正看作平等的发展伙伴,大力支持和帮助非洲国家维护和平、谋求发展的努力。(据新华社电)",title_length
19980426-03-001,联合国秘书长与《鹿娃图》(附图片1张),no_topic
19980426-03-003,走进美联储金库,no_topic
19980426-03-005,语言与民族融合,no_topic
19980426-03-006,圣城凯鲁旺(附图片1张),no_topic
19980426-04-002,更准、更快、更全:调正统计“晴雨表”,no_topic
19980426-04-003,因特网上寻救万里来华求医米勒母子杭州受助,no_topic
19980426-04-005,苗族娃娃学电脑(图片),short_body
19980426-04-006,山西原平撞人事件已处理肇事者拘留十天赔偿损失,no_topic
19980426-04-007,合肥开辟五条政府倾听通道,no_topic
19980426-04-008,河北新闻媒体敢于曝光省委书记支持舆论监督,no_topic
19980426-04-010,台胞捐助内蒙古失学儿童,short_body
19980427-01-001,制定量化目标建立推进机制黑龙江全省上下抓落实,no_topic
19980427-01-002,人大常委会第二次会议举行,no_topic
19980427-01-003,湖北举办王涛事迹报告会,no_topic
19980427-01-004,人民日报为我『充电』,no_topic
19980427-01-005,朱镕基总理致电祝贺基里延科就任俄总理,no_topic
19980427-01-006,圆满结束访日离开大阪胡锦涛抵汉城开始访问韩国,no_topic
19980427-01-007,多种经济成分共同发展上海商业推进战略性重组,no_topic
19980427-01-009,吉尔吉斯共和国总统抵京,no_topic
19980427-01-010,图片新闻,title_length
19980427-01-012,"四川省委、省政府日前设立『四川省科技杰出贡献奖』,每两年评选一次。候选人必须在科技领域有创造性的、重大的科技成果或专利,获省科技进步特等奖或国家科技进步一等奖、自然科学二等奖、技术发明二等奖;从事科技研究开发或引进先进技术成果并推广应用等。(梁小琴)",title_length
19980427-01-013,"全球最大的工业用酶制剂厂商丹麦诺和诺德公司投资兴建的大型酶制剂生产项目四月二十四日在天津开发区投产。这一项目是总投资额二点四三亿美元的诺和诺德(中国)生物技术有限公司的一期工程。二○○○年全部项目建成后,将成为该公司向亚太地区提供工业用酶的基地。(陈杰)",title_length
19980427-02-001,我国一季度投资:东西高中部低河北确定今年重点建设目标,no_topic
19980427-02-002,治治铁路罚款,no_topic
19980427-02-003,制止挤占挪用收购资金农发行举起停贷红牌,no_topic
19980427-02-004,龙眼树成伤心树(附图片3张),no_topic
19980427-02-006,陕西严厉查禁传销活动,no_topic
19980427-02-007,湖南迅速关闭传销公司,no_topic
19980427-02-008,南宁市民拥护禁止传销,no_topic
19980427-02-009,落地钟又落市场,no_topic
19980427-02-010,黄埔海关查获大宗白银走私案,no_topic
19980427-02-011,海南芒果香又甜,no_topic
19980427-02-012,"本报讯国家经贸委举办的(第四届)国际多媒体技术与应用展览会于日前在北京国际会议中心开幕。本届展览会是目前国内规模最大的多媒体专业展览会。国内外参展厂商一百五十家,国际著名公司如IBM、MICROSOFT等也参加了展览会。(范琳)",title_length
19980427-02-013,"本报讯河南安阳市国税局直属局实现了税企微机联网,企业需三天汇总报送的重点税源报表和有关资料,仅用三分钟就能传输到直属局,提高了纳税效率。",title_length
19980427-02-014,本报讯目前国内规模最大的专业化、规范化的珠宝交易场所北京国际珠宝交易中心日前开业。该中心可容纳四百余家珠宝厂商入市交易。(李建滨),title_length
19980427-02-015,"本报讯美国莎卢森电脑公司与北京通信设备厂联合推出的全功能多媒体计算机产品开路神CROSS2000C近日面市,该产品将以整机和主板两种方式在中国市场上销售。(国胜)",title_length
19980427-02-016,"本报讯最近,上海鑫品建材超市建成。这家超市采取发达国家仓储式超市管理模式,运用现代计算机系统进行科学管理。(晓予)",short_body
19980427-02-017,"本报讯葡萄牙在北京展览会日前起在北京举行。本次展览会共有六十多家葡萄牙公司参展,涉及食品、建材、高科技铸模、机械与电子、纸及纸浆、纺织品与服装、电讯业等多种领域。(李君)",title_length
19980427-02-018,"本报讯亚洲最大的陆路口岸深圳皇岗口岸第一季度各项业务发展迅猛。其中进出境车辆、人员增幅尤为显著,进出境车辆比去年同期增长百分之十六点四,旅客增长百分之七十二,创下皇岗海关开关九年来的最高水平。(陈晓军刘昆)",title_length
19980427-02-019,"本报讯中国电池工业协会日前公布对国内五十个厂家生产的一百种碱性锌锰电池质量监督检测结果,福建南平南孚电池有限公司生产的南孚牌和EXCE11牌五号、七号碱性电池合格率百分之百。另据国家统计局统计,南孚电池去年在国内同类产品中产销量居第一。(李舸)",title_length
19980427-03-001,《残疾人扶贫攻坚计划》(1998—2000年),no_topic
19980427-03-002,心底无私平生唯实---深切怀念敬爱的帅孟奇大姐,no_topic
19980427-03-003,朝阳区团委为下岗职工献爱心,no_topic
19980427-03-005,军民共建先进单位(图片),short_body
19980427-03-006,"本报讯深圳市宝安区工商局前进工商所在行政执法中推行办案、发照、收费“三分离”制度,把权力分解,全所行风建设大变样。据不完全统计,两年来,该所没有出现一例因“吃、拿、卡、要、报”而受到处分的现象,所处理的案件结案率达到100%,没有出现一起行政复议案件。(钱竣)",title_length
19980427-03-007,"本报讯华侨华人摄影展日前在天津开发区泰达会馆开幕,共展出作品150幅。这是天津开发区与侨界共同主办的国际文化交流活动。(吴亚明)",title_length
19980427-03-008,"本报讯北京军区汽车技工训练大队充分发挥自身教学科研优势,积极为部队和地方经济建设服务。10年来,他们为军队培训各类汽车技工万余名,先后有十几项成果获全军科技进步奖,两项技术获得国家专利,并已陆续投入应用,产生了明显的经济和社会效益。(郭文)",title_length
19980427-03-009,"本报讯日前,山西晋城军分区发出通知,号召全体民兵、预备役人员向山西省阳城县杨柏乡后龛村民兵连长吉素兵学习。3月29日中午,老君堂林区发生火灾,吉素兵带领民兵和群众火速赶赴现场奋勇扑救,自己不幸牺牲。",title_length
19980427-03-010,"本报讯河北省三河市公安局北城派出所,针对辖区流动人口多、商贸企业和饮食服务娱乐场所密集的治安特点,采用思想发动,宣传开路,加大巡逻密度等有效措施,取得了突出战果。截止到1998年1月底,共破获刑事案件16起,打掉团伙2个,抓获犯罪嫌疑人10名,缴获赃款赃物总价值2万元,有效地保证了辖区社会治安秩序的持续稳定。(成希宽张志新)",title_length
19980427-04-002,纪念命名三十五周年『南京路上好八连』开门纳谏,no_topic
19980427-04-003,图片新闻,title_length
19980427-04-004,展示港人智慧见证骄人经济香港新机场工程竣工,no_topic
19980427-04-005,明天气象预报(4月27日20时—4月28日20时),no_topic
19980427-04-007,周永康就土地管理法修订草案作说明将土地分级审批改为用途管制制度,no_topic
19980427-04-008,侯宗宾作预防少年违法行为法草案说明创造维护少年健康成长社会环境,review: 预防少年违法立法，非医疗
19980427-04-009,会议审议澳门特区筹委会组成人员名单草案,no_topic
19980427-04-010,周克玉报告消防法草案审议结果制定消防法很有必要,no_topic
19980427-04-011,李伯勇向会议报告森林法修正案草案审议结果,no_topic
19980427-04-012,成都抢救杜甫草堂古树,no_topic
19980427-04-013,熊猫都都:36初度成寿星,no_topic
19980427-04-014,徐公祠在龙口落成,no_topic
19980427-04-015,"本报北京4月26日讯记者刘玉琴报道:记者从中央电视台、周恩来纪念馆在京举行的馆藏交接仪式上获悉,由中央电视台赠送的电视文献纪录片《周恩来》、电影文献片《周恩来的外交风云》、电视连续剧《周恩来在上海》的VCD和录像带,将作为珍贵资料被周恩来纪念馆永久保存。",title_length
19980427-04-016,"本报讯南京鼓楼市民广场日前全面竣工,广场总面积约1.1万平方米,铺植草坪3500平方米。广场结合地块落差设置了300平方米的电脑控制灯光音乐喷泉;广场北面设置长27米的高科技长廊,8个橱窗内分别设有多媒体触摸屏、霓灯闪烁的动态模型等,生动形象地展示南京市的高、精、新科技成果。",title_length
19980427-04-017,"本报讯记者龚永泉报道:中国小企业改革与发展国际研讨会4月23日在江苏镇江闭幕,研讨会由国家经贸委、联合国开发计划署等4单位主办。",title_length
19980427-04-018,"本报讯经文化部批准,由《中外文化交流》杂志社、中国商业经济学会市场营销分会等单位主办的’98全国知名企业收藏艺术品大展,将于今秋在北京中国人民革命军事博物馆举行。(谢文)",title_length
19980427-05-001,开阔中兴路———深圳市中兴通讯股份有限公司发展纪实(附图片1张),no_topic
19980427-05-003,四级机构健全工作网络畅通两万教育督导人员依法督教,multiple_topics
19980427-05-004,4位青年获世界青年创业者大奖,no_topic
19980427-05-005,苦瓜酒地瓜秧山野菜酸枣糕赣南特色食品香起来,no_topic
19980427-05-006,针探“电击穴”———记针灸医师王新来,no_topic
19980427-05-007,减肥食品有『猫腻』四品牌竟含兴奋剂,no_topic
19980427-05-008,冰城五位“换心人”“老大”安度六周年,no_topic
19980427-05-009,"本报讯四月二十六日,中国摄影家协会在北京举行『德艺双馨』优秀会员表彰大会,来自全国各地和各条战线的八十八名摄影工作者受到表彰。他们中间大都是从希望工程、抗震救灾和文化扶贫等活动中涌现出来的先进摄影工作者,多年来深入生活,用手中的相机反映人民群众的心声,颂扬真善美、鞭挞假丑恶,创作了大量优秀的摄影作品。(仁泉)",title_length
19980427-05-010,"本报讯记者杨明方报道:一套采用纪实文学的手法,立体反映和思考少儿成长状况的《中国少年儿童教育纪实文学丛书》,近日由湖北少儿出版社推出。该丛书由三部长篇报告文学组成:《新人类的呼唤中国独生子女教育纪实》、《还你一片蓝天中国失足少年教育纪实》、《同享七彩阳光中国残疾儿童教育纪实》。",title_length
19980427-05-011,"本报讯美国ESS技术公司和中国实达集团公司日前向教育部赠送新研制开发的交互式VCD开发平台及交互式VCD播放机用于电化教学,以全面推进我国的素质教育。利用这套开发平台,可把过去大量的幻灯、投影、录像、录音等教学资源编辑转换成VCD光盘,增加交互式学习内容,尤其适合偏远地区的各幼儿园、中小学和家庭使用。(徐文)",title_length
19980427-05-012,"本报讯甘肃省高台县政协委员、癫痫病研究所所长黄吉文热心扶贫济困,先后救助多名贫困地区失学儿童,并免费救治数十名贫困患者,受到群众的好评。",title_length
19980427-06-001,胡锦涛访问日本兵库县,no_topic
19980427-06-002,阿富汗敌对双方召开联筹会喀布尔附近再爆激战,no_topic
19980427-06-003,俄罗斯政府危机暂告结束新的对立恐难避免,no_topic
19980427-06-004,伊朗强调发展同各国关系抨击美继续实施经济制裁,no_topic
19980427-06-006,埃叙就以撤军建议协调立场科尔表示支持中东和平进程,no_topic
19980427-06-007,纳粹战犯现形阿根廷克罗地亚要求引渡,no_topic
19980427-06-008,美国特使罗斯重返中东斡旋,no_topic
19980427-06-009,切尔诺梅尔金重申竞选总统,no_topic
19980427-06-010,金正日视察人民军部队,no_topic
19980427-06-012,瑞士允许以色列保释其特工,no_topic
19980427-06-013,一要犯潜逃两大臣辞职,no_topic
19980427-06-014,阴霾仍未散尽———今日切尔诺贝利见闻(下)(附图片1张),no_topic
19980427-07-003,联合国讲坛的模拟外交官,no_topic
19980427-07-004,图片新闻,title_length
19980427-07-005,意瑞英三国协同努力解决青年人就业问题,no_topic
19980427-07-006,日本成功预报伊豆群发地震,no_topic
19980427-07-008,厄尔尼诺又添一害登革热病连夺人命,no_topic
19980427-07-009,印尼森林大火连烧三月经济损失十亿美元,no_topic
19980427-07-010,英特尔公司呼吁政府重视“千年问题”,no_topic
19980427-08-005,足球甲A联赛积分榜(截至4月26日),review: 积分榜表格，非通常叙述文章
19980427-08-006,国际泳联取消对4名中国选手临时禁赛处罚,no_topic
19980427-08-007,中国选手连破世界纪录轰动世界大学生举重赛,review: 大学生举重比赛，实际为体育报道
19980427-08-009,"全国赛艇冠军赛25日在肇庆市开幕,图为女子单人双桨比赛(图片)",short_body
19980427-08-010,四国女篮赛中国队不敌美国队,no_topic
19980427-09-001,破除再就业的体制障碍,no_topic
19980427-09-002,就业目光投向何处,no_topic
19980427-09-003,创造小行业,no_topic
19980427-09-004,不幸的五泉书院(图片2张),no_topic
19980427-09-005,保卫藏羚,title_length
19980427-09-006,彩电搬回家(图片),short_body
19980427-09-007,不法传销害人不浅,no_topic
19980427-09-008,龙眼树成了“瞎眼树”(图片),no_topic
19980427-10-001,募股资金请勿乱用,no_topic
19980427-10-002,“买壳”不如“买肉”,no_topic
19980427-10-003,误诊记(图片),short_body
19980427-10-004,现金流量表是怎么回事,no_topic
19980427-10-005,沪市上周上涨前五名(%),short_body
19980427-10-006,沪市上周下跌前五名(%),short_body
19980427-10-007,深市上周上涨前五名(%),short_body
19980427-10-008,深市上周下跌前五名(%),short_body
19980427-10-010,上市公司(A股)1997年度主要经济指标一览表(9),no_topic
19980427-10-011,上证综合指数日K线图(图片),short_body
19980427-10-012,深证成份指数日K线图(图片),short_body
19980427-10-013,"本报讯中国国际金融有限公司(中金公司)应北京市政府和国家科学技术部的邀请,将作为中国高新技术产业投资银行顾问,参加于5月11日至15日召开的“北京高新技术产业国际周”活动。这将是中国高新技术企业领域的一次国家级的、大规模的国际交流活动,也是首次使用投资银行服务的一次科技大会。作为“国际周”的投资银行顾问,“国际周”期间,中金公司将负责主持一个为期三天的金融讲座。(冯丹云)",title_length
19980427-10-014,"本报讯截至4月7日,工行北京市分行已完成1998年一号凭证式国债代理发行任务92亿元,并代理兑付国债50多亿元。目前正积极开展30亿元增发国债的代售工作。近几年来,工商北京市分行承担了北京地区60%以上的国债代理发行任务,1997年该行共代售国债136亿元。目前,该行储蓄所传统业务量大幅度上升,同时不断开办了近30种代理业务。该行利用营业网点多、分布广的优势,形成了一个遍及全市的国债代理发行、兑付网络。(章印)",title_length
19980427-10-015,"本报讯国家重点科技攻关项目———税控收款机由广东京粤电脑技术研究开发中心研制成功,近日在北京通过国家级验收。税控收款机的研制与开发1996年被国家计委列为国家重点科技攻关项目,并由广东省计划委员会组织,广东京粤电脑技术研究开发中心承担。(朱卫平)",title_length
19980427-10-016,"本报讯河南省滑县国家税务局加大税务稽查力度,强化税源管理。目前,该县纳税人的申报纳税率已达到98%以上。为强化税务稽查,他们挑选政治过硬、业务精通、作风优良的年轻干部充实稽查队伍,使稽查人员占全系统人员的比例提高到42%。该局在人、财、物上予以倾斜,优先保证稽查办案经费。今年以来,该局已稽查纳税单位和个人170余户,查处税款、罚款150余万元,有力地打击了偷逃骗税行为。(孙新民左相奎魏贻龙)",title_length
19980427-11-001,二手车为何难出手,no_topic
19980427-11-002,接到投诉快处理,no_topic
19980427-11-003,练好“水性”展身手,no_topic
19980427-11-004,“验尸”与“体检”,no_topic
19980427-11-005,苦涩的现挤现卖,no_topic
19980427-11-006,在澳洲感受福特,no_topic
19980427-11-007,污水何处流(附图片3张),no_topic
19980427-12-001,贯彻《价格法》保障经济健康发展,short_body
19980427-12-002,百分之三涨幅能否打住?---国家发展计划委员会负责人答本报记者问,no_topic
19980427-12-003,依法规范价格行为,no_topic
19980427-12-004,我国的基本价格制度是什么?,no_topic
19980427-12-005,"搞价格猫腻,违法———《价格法》禁止的不正当价格行为",no_topic
19980427-12-006,价格听证会好,no_topic
19980427-12-007,为何实行价格听证会制度,no_topic
19980427-12-008,“市场包公”强自喜(图片),short_body
19980427-12-009,打折(图片),short_body
19980427-12-010,哪些商品和服务价格实行政府指导价和政府定价?,no_topic
19980427-12-011,《价格法》如何保护消费者的合法权益?,no_topic
19980428-01-002,江主席同阿卡耶夫总统会谈,no_topic
19980428-01-003,全国人大举行委员长会议李鹏主持听取常委会今年工作要点说明等,no_topic
19980428-01-004,胡锦涛与金钟泌会见(附图片1张),no_topic
19980428-01-005,有钱为啥难出手?———扩大消费话题(三),no_topic
19980428-01-006,清理公款移动电话:石家庄市敢较真不手软,no_topic
19980428-01-007,关键要下真功夫,no_topic
19980428-02-002,农业大省欲变财政强省黑龙江财政扶农生财,multiple_topics
19980428-02-003,沙海铁流(图片),short_body
19980428-02-004,送炭借梯树人———江苏海安县集体经济帮扶纪实,no_topic
19980428-02-005,淮北农民靠科技奔小康,multiple_topics
19980428-02-006,小麦跨区收获首仗打响从19个省区扩大到所有小麦产区,no_topic
19980428-02-007,溪河断流土壤失墒四川发生严重干旱,no_topic
19980428-02-008,把防范风险落到实处,no_topic
19980428-02-009,种植纪念树活动举办,short_body
19980428-02-010,关铝公司艰苦创大业,no_topic
19980428-02-011,并不枯燥的海关统计,no_topic
19980428-02-012,河南整顿拍卖行山西查处私盐案,no_topic
19980428-02-013,电价层层加用户实不堪调查表明每年加价总额高达217亿元,no_topic
19980428-02-014,"本报讯为纪念《农药管理条例》颁布一周年,日前,农业部农药检定所和北京市农业局联合在北京市通州区马驹桥镇举办了『宣传《条例》、服务农民』的下乡宣传及科技咨询活动。农业部有关领导及北京市政府、市农业局近百名专家为农民服务。(梁彩恒)",title_length
19980428-02-015,"本报讯北京公略中工汽油割焊技术有限公司研制成功的新型汽油割焊技术,近日通过原机械部火焰切割中心检测。该产品具有不回火、安全可靠、可实现全自动化切割等特点,与传统方式比较,每小时节能折合人民币十五点五元。",title_length
19980428-02-016,"本报讯河北无极县组成由多部门参加的专职队伍,对罚款、乱罚款、乱留、乱用、乱报销等问题进行集中治理。同时在严格执行财政专户储存的基础上,将收费和罚没收入统归财政管理,并清退执法执纪部门临时雇佣人员。",title_length
19980428-02-017,"本报讯第五届潍坊鲁台经贸洽谈会日前降下帷幕,前来参加洽谈会的台、外客商一千二百一十六人,不到五天的时间里,全国三十一个省市自治区利用台外资四千四百二十八万美元,签订合资、合作项目上百个。(武侠刘全应)",title_length
19980428-02-018,"本报讯冰岛力思(LYSI)集团公司生产的深海鱼油日前进入中国市场。该公司已有六十年鱼油生产历史,产品出口一百多个国家和地区。此次进入中国是中冰两国政府卫生领域的首次合作。(百友)",title_length
19980428-02-019,"本报讯河南中岳阀门制造有限公司获得多项国家专利,其中为三十万吨聚氨乙烯工程设计的伸缩式蝶阀荣获国家发明专利。最近,该公司通过了ISO9002国际标准质量体系认证。(姜德兴)",title_length
19980428-02-020,"本报讯不久前,青岛市国税局、《经济参考报》社等有关单位主办了国内部分沿海省市『亚洲金融危机与税收对策』研讨会。来自江苏、福建、武汉、大连等省市的税务部门负责人,以及国家有关单位专家近五十人,就有关问题进行了深入探讨。(刘红)",title_length
19980428-02-021,"本报讯山东省荣成市国税局坚持依法征管,成立了行政复议委员会和税务案件审理委员会,有效地避免了执法的随意性。近年来,该局共对二千六百三十起税务违法案件进行了处理,补税罚款二千六百七十四万元,无一起行政复议和司法诉讼案件。(刘志坚孙文胜)",title_length
19980428-03-001,继往开来迎接新世纪———九届全国人大常委会第二次会议侧记,no_topic
19980428-03-002,保障少年身心健康的法律武器———预防少年违法行为法(草案)简介,multiple_topics
19980428-03-003,图片新闻,title_length
19980428-03-004,让人们多了解人大,no_topic
19980428-03-005,森林法修改的主要内容,no_topic
19980428-04-001,六青年荣获『中国青年五四奖章』,no_topic
19980428-04-002,九届全国人大常委会第二次会议审议森林法修正案草案消防法草案,no_topic
19980428-04-003,美国国务卿将访华,short_body
19980428-04-004,建立审批制树立铁规矩长沙市“治会”卓有成效,no_topic
19980428-04-005,学习孔繁森的艰苦奋斗精神,no_topic
19980428-04-006,『办报为大众办报靠大众』研讨会在江苏盐城召开,no_topic
19980428-04-007,深刻的教训,no_topic
19980428-04-008,陈玉益当选海南省政协主席,short_body
19980428-04-009,投资33亿负债65亿河南两重点项目贪大求洋酿苦果,no_topic
19980428-04-011,明天气象预报(4月28日20时—4月29日20时),no_topic
19980428-04-012,蒋正华会见美国客人,no_topic
19980428-05-001,民族语言的守望者---追记语言学大师吕叔湘,no_topic
19980428-05-003,再就业变成再创业京城『小红帽』送报忙,no_topic
19980428-05-006,北京:学子帮困化工大爱心特快基金启动,no_topic
19980428-05-009,"本报讯记者王娜梅报道:由中国教育学会、中国海外文化交流学会等单位联合举办的第三届华人少年作文比赛日前开始。华人少年作文比赛是一项国际间华人少年的文化交流活动,每年举行一次。",title_length
19980428-05-010,"本报讯长岭集团公司与西安圣方计算机公司合作组建长岭圣方计算机公司,日前推出金(商用)、木(教育型)、水(图形工作站)、火(家用)、土(服务器)5个系列的电脑。(向先知)",title_length
19980428-05-011,"本报讯由中国民间文艺家协会湖北分会会员马大泉先生编著的八集电视连续剧剧本《活字神毕升》,近日由印刷工业出版社出版。(马如飞)",title_length
19980428-06-001,胡锦涛在韩国发表演讲希望中韩工商界着眼长远发展,no_topic
19980428-06-002,图片新闻,title_length
19980428-06-003,避乱求稳的妥协,no_topic
19980428-06-004,我代表在日内瓦重申中国一贯反对核扩散,no_topic
19980428-06-005,胡锦涛会见韩政党和经济界人士,no_topic
19980428-06-006,基里延科谈新政府组成原则任人唯贤不以党派划线,no_topic
19980428-06-007,前越共中央总书记阮文灵病逝,no_topic
19980428-06-008,我海军舰艇编队访问新西兰,no_topic
19980428-06-009,内塔尼亚胡称以不接受美和谈新方案欧盟特使加入巴以和平斡旋,no_topic
19980428-06-010,蒙古政府为何集体辞职,no_topic
19980428-06-011,对接受行贿型招待进行惩治日本大藏省处分百余公务员,no_topic
19980428-06-012,德国州议会选举爆冷门极右翼政党获合法议席,no_topic
19980428-06-013,加拿大总理访问古巴,no_topic
19980428-07-003,油价低迷诱发欧佩克内争,no_topic
19980428-07-004,欧盟外长理事会决定中俄不再被列入非市场经济名单,no_topic
19980428-07-005,图片新闻,title_length
19980428-07-007,鸟类蛋壳变薄酸雨疑为祸首,no_topic
19980428-07-008,德消费品博览会举行,no_topic
19980428-07-009,美能源部最新报告认为今年世界油价将继续走低,no_topic
19980428-08-002,健力宝青年队去留待定,no_topic
19980428-08-003,难度不小希望犹存———汪嘉伟谈中国男排世锦赛前景,no_topic
19980428-08-004,国球的魅力国手的风采(附图片2张),short_body
19980428-08-007,女子象棋大师赛半决赛郭莉萍胜胡明,short_body
19980428-08-008,简讯,title_length
19980428-09-001,"赤潮,亮起红色警告",no_topic
19980428-09-002,『解放』拆迁不拆情职工离岗难离心,no_topic
19980428-09-003,小地方也要做大文章(附图片1张),no_topic
19980428-09-004,守护家园,title_length
19980428-09-005,泼水花儿开(附图片1张),no_topic
19980428-09-006,为了孩子的安宁(附图片1张),no_topic
19980428-09-007,干干净净干实事———记吉林市丰满运输管理所所长阎洪印(附图片1张),no_topic
19980428-10-001,广开进贤之路,no_topic
19980428-10-002,把初级阶段理论应用于领导实践,no_topic
19980428-10-003,国有资产管理理论研讨会综述,no_topic
19980428-10-004,读《新时期职工思想道德修养读本》,no_topic
19980428-11-001,“金佛”追回记(附图片1张),no_topic
19980428-11-002,法苑古树绽新枝———记百年校庆中的北大法律系,review: 大学法律系校庆，教育与法治交叉
19980428-11-003,勇士·义士·有识之士---打击文物走私纵横谈,no_topic
19980428-11-004,手持一份公证书免遭损失数百万,no_topic
19980428-11-005,为了辖区的平安,no_topic
19980428-11-006,激战无枪声,no_topic
19980428-11-007,图片新闻,title_length
19980428-11-008,"本报讯由公安部消防局和中国教育电视台共同开办的消防安全教育电视栏目《119热线》,近日在中国教育电视台北京35频道正式播出。它是我国第一个消防安全教育的固定电视栏目。(刘书杰傅祥荣)",title_length
19980428-11-009,"本报讯沈阳市大东区人民检察院多年来坚持“高起点、高标准、高要求”的战略思想,健全和完善竞争激励机制,依法建院,实现了“建一流班子,带一流队伍,创一流业绩”。1993年以来,该院已连续5年被评为沈阳市检察系统先进单位。(肖爽)",title_length
19980428-11-010,"本报讯黑龙江省宁安市公安局坚持硬软并举,走科技强局之路,狠抓素质建警,极大地提高了整体战斗功能,从重从快打击刑事犯罪,为保一方平安做出了显著贡献。去年至今,综合破案率达81.2%。(禹春山)",title_length
19980428-11-011,"本报讯近日,北京市公安局东城分局一举打掉一涉嫌抢劫、伤害、盗窃的犯罪团伙,张海燕等9名犯罪嫌疑人被抓获。经查,犯罪嫌疑人来自安徽和甘肃,他们于今年2月来京后,互相勾结,盗窃抢劫,共同进行犯罪活动。",title_length
19980428-11-012,"本报讯四川省成都铁路公安处马角坝火车站派出所支部一班人充分发挥战斗堡垒作用,坚持艰苦创业促进队伍建设,支部连续四年被评为勤政廉洁的好班子。近日该所被四川省公安厅授予优秀派出所称号,并荣记集体二等功。",title_length
19980429-01-002,在联合国粮农组织颁奖仪式上江泽民主席的讲话(附图片1张),no_topic
19980429-01-003,参加丰富多彩的“五一”庆祝活动各地劳模代表陆续抵京,no_topic
19980429-01-004,金大中会见胡锦涛(附图片1张),no_topic
19980429-01-005,中共中央总书记、国家主席江泽民致越共中央总书记黎可漂唁电,no_topic
19980429-01-006,中共中央政治局常委、全国人大常委会委员长李鹏,no_topic
19980429-01-007,李鹏朱镕基分别会见阿卡耶夫,no_topic
19980429-01-008,毛如柏当选宁夏回族自治区党委书记,no_topic
19980429-01-009,杜青林当选海南省人大主任汪啸风当选海南省省长,no_topic
19980429-02-001,国务院关于修改《中华人民共和国海上国际集装箱运输管理规定》的决定,no_topic
19980429-02-002,对外商逐步实行国民待遇浙江加大引资力度,no_topic
19980429-02-004,拍卖款抵缴欠税款滁州拍卖欠税企业货物,no_topic
19980429-02-005,华夏城乡游中国旅游欢乐节开幕,no_topic
19980429-02-006,中外游客门票同价,no_topic
19980429-02-008,丰收的草莓供市场(图片),short_body
19980429-02-009,沈阳涌现『无失业人员居委会』,no_topic
19980429-02-010,京城又添合资大型超市,no_topic
19980429-02-011,国家邮政局挂牌,short_body
19980429-02-012,合理布局简化手续福建加快口岸建设,no_topic
19980429-03-001,中组部中宣部召开学习孔繁森座谈会强调做人民公仆当时代先锋,no_topic
19980429-03-003,在孔繁森精神鼓舞下———全国各地学习孔繁森加强思想作风建设综述,no_topic
19980429-03-004,下岗职工转变观念(图片),short_body
19980429-03-005,国务院纠风办专项治理座谈会提出狠抓落实标本兼治,no_topic
19980429-03-007,"本报讯四月二十一日上午,天安门国旗护卫队荣誉室传出阵阵掌声。苏州某电器公司向天安门国旗护卫队无偿赠送七台总价值八十万元的空调岗台安装竣工交接仪式在这里举行。自二月十八日起,该公司施工人员奋战十个夜晚,如期完成了七台空调岗台的安装。(苏荐)",title_length
19980429-03-008,"本报讯深圳市国税局罗湖征收分局认真做好纠风工作。他们对群众反映强烈的热点问题进行专项治理,规范工作窗口,设置便民设施,公开税政咨询电话,局长轮流值班,现场解决纳税户的疑难问题,受到广大群众的好评。(袁宝玉)",title_length
19980429-03-009,"本报讯武警云南总队保山医院认真组织官兵学习《宪法》、《刑法》等法律法令,举办学法、知法、守法知识竞赛,参加地方的宣判大会,请地方政法战线上的专家和英模来部队为官兵上法制课。该院近日被武警总部评为『连续十年无刑事案件』先进单位。(欧阳明林)",title_length
19980429-03-010,"本报讯武警北京一总队某部卫生队,经常深入驻地乡村,义务为农民治病,并按季给村民发放预防传染疾病的药品。他们到卧床不起的重病号家中临床诊治,并进行跟踪治疗。该队先后为驻地农民义务看病二百多人次,免收诊断费、治疗费、医药费四千多元。(赵广裕赵新)",title_length
19980429-03-011,"本报讯沈阳铁路公安局在爱民走访活动中,积极扶贫助困。全局走访慰问管内贫困户、特困生四千八百九十户(人),下岗职工二千八百三十一人次,扶贫助困捐款捐物价值二十三万多元,扶贫办实事七千六百多件,收到表扬信一千八百四十三封。(胡元)",title_length
19980429-04-001,王涛先进事迹报告会在京举行与会者深为王涛敬业奉献精神所激励,no_topic
19980429-04-002,主人翁意识与时代精神---向王涛同志学习感言,no_topic
19980429-04-003,中吉签署联合声明,no_topic
19980429-04-004,首都青年突击队雕塑揭幕李瑞环等出席揭幕仪式,no_topic
19980429-04-005,吴仪等就欧盟决定表示此举有利促进中欧经贸关系正常发展,no_topic
19980429-04-006,全国政协中央统战部举行座谈会,no_topic
19980429-04-007,异族风情引游客(图片),short_body
19980429-04-008,陈勇当选宁波市人大主任张蔚文当选宁波市市长,short_body
19980429-04-009,外交部发言人就欧盟不再将中国列入『非市场经济』名单表示,no_topic
19980429-04-010,尉健行与首都观众观看话剧《工人世家》,no_topic
19980429-04-011,明天气象预报(4月29日20时—4月30日20时),no_topic
19980429-04-012,据新华社北京四月二十八日电(记者罗辉)中央军委副主席、国务委员兼国防部长迟浩田上将今天上午在人民大会堂会见了澳大利亚陆军司令约翰·桑德森中将一行。,title_length
19980429-04-013,据新华社北京四月二十八日电国务委员吴仪今天下午在中南海会见了德国经济部长京特·雷克斯罗特。,short_body
19980429-04-014,"据新华社北京四月二十八日电国务委员吴仪今天在这里会见美国前商务部长米基·坎特时,对他为中美经贸关系的发展做出的努力表示赞赏。",title_length
19980429-04-015,据新华社北京四月二十八日电(记者刘朝晖)全国政协副主席、全国工商联主席经叔平今天在人民大会堂会见了以董事蔡志斌为团长的德国德累斯顿·本森银行集团代表团。,title_length
19980429-04-016,"据新华社北京四月二十八日电应古巴共和国革命武装力量部和墨西哥合众国国防部的邀请,中央军委委员、中国人民解放军总政治部主任于永波上将今日离京前往两国进行正式友好访问。随同访问的有第二炮兵政治委员隋明太中将、沈阳军区副司令员兼沈阳军区空军司令员郑申侠空军中将等。",title_length
19980429-04-017,"新华社北京四月二十八日电外交部发言人朱邦造今天在记者招待会上宣布:应国家副主席胡锦涛的邀请,塞舌尔共和国副总统詹姆斯·米歇尔将于五月四日至九日对中国进行正式访问。",title_length
19980429-05-004,三湘科普“十百千”铺设兴乡富民路,no_topic
19980429-05-005,向不文明行为告别(附图片2张),no_topic
19980429-05-006,全国绿化工作重点确定建设绿色通道启动生态工程,no_topic
19980429-05-007,黄宏生与“数字电视之梦”,no_topic
19980429-05-008,经营要守法违规必受罚违规音像制品的处罚标准出台,no_topic
19980429-05-009,注重服务的中国南方航空(集团)湖北公司(图片),short_body
19980429-05-010,中宣部等向农村赠科技录像带,multiple_topics
19980429-05-011,"本报讯四月二十八日是黑龙江省证券公司成立十周年并乔迁新址的日子,他们不搞庆典活动,把省下来的钱捐助下岗职工子女就学,出资五十万元资助哈尔滨市、大庆、双鸭山等七市地的一千名双下岗职工子女就学。同时,向省下岗再就业培训中心捐赠微机二十台。(赵明哲)",title_length
19980429-05-012,"本报讯一部对青少年具有启迪和教育意义的新书《虎子的五十个故事》最近由四川少年儿童出版社出版。虎子是刘伯坚烈士的遗孤。刘伯坚牺牲后,周恩来派人把他接到延安,抚养成人。虎子从苏联留学回国后,成为一名出色的技术专家。",title_length
19980429-05-013,"本报讯青年画家刘戈个人画展四月二十八日在北京中国美术馆举行。此次展出的百余幅绘画作品是刘戈二十多年绘画生涯中的精品力作,其中大部分以北京古都为题材,画面雄浑而富有动感。(陈以)",title_length
19980429-05-014,"本报讯日前,一种安全有效的新型刹车系统在美国取得专利后开始与中国用户见面。该项产品名为BX100,能够在车辆紧急制动时防止轮胎抱死、跑偏、侧滑,能直线停车,能有效地缩短刹车距离。(李晓宏)",title_length
19980429-05-015,本报讯中国关心下一代工作委员会办公室和中国国际儿童智力开发中心等单位定于五月二十七日至六月二日在北京中国儿童中心联办『全国首届少儿产品宣传展示周』。(奇凯),title_length
19980429-05-016,"本报讯北京老中医张书斌发明的一种新的治疗糖尿病药物『非常好降糖足贴』最近由北京盛世临科技集团开发生产。此药由中草药组成,贴敷于足下,以足底而达全身,加速血液循环,使全身的血脉通畅,能促进胰岛素的分泌。(刘文)",title_length
19980429-05-017,本报讯由中国青基会主办的『爱心标志』设计义赛近日在京拉开帷幕。近千位海内外设计师将参加此项义赛。义赛评选出的标志将在标有捐款金额的『爱心标志』荣誉商品包装上使用。(秦萱),title_length
19980429-06-001,胡锦涛会见韩国议长韩国外交通商部长官拜会胡锦涛(附图片1张),no_topic
19980429-06-003,我赞成举办千年首脑会议,no_topic
19980429-06-004,克林顿敦促以与阿拉伯和睦相处内塔尼亚胡重申不许巴勒斯坦建国,no_topic
19980429-06-005,以色列总理突访埃及,no_topic
19980429-06-006,印度总理会见傅全有傅全有会见印军方领导人,no_topic
19980429-06-007,巴冻结布托家族财产,no_topic
19980429-06-008,安理会审议解除对伊制裁问题中国俄罗斯要求作出客观公正评估,no_topic
19980429-06-009,讨论执行北爱和平协议布莱尔与亚当斯会谈,no_topic
19980429-06-010,日内阁通过“指针”关联法案,no_topic
19980429-06-011,推动裁军维护和平———写在《禁止化学武器公约》生效一周年之际,no_topic
19980429-06-012,胡锦涛广泛接触韩各界人士,no_topic
19980429-06-013,对伊制裁何时休,no_topic
19980429-07-001,中远南太平洋展宏图,no_topic
19980429-07-002,中国美国商会呼吁美应无条件给我最惠国待遇,no_topic
19980429-07-004,日本东京上野动物园为一只雌性大熊猫实施人工授精(图片),short_body
19980429-07-005,太空失重母鼠罢哺实验幼仔死亡近半,no_topic
19980429-07-006,卡西尼号掠过金星大提速风驰电掣向土星,no_topic
19980429-07-007,三只太阳高悬两个小时奇景,no_topic
19980429-08-003,环菲自行车赛第十站结束中国队团体总成绩列第六,no_topic
19980429-08-004,赛场又见王文教,no_topic
19980429-08-005,北大登山队登上卓奥友峰,no_topic
19980429-08-006,假如蔡振华『下课』......(附图片1张),no_topic
19980429-08-007,香港足球甲组联赛结束,short_body
19980429-08-008,坐稳四强力争夺牌———郎平谈中国女排征战世锦赛前景,no_topic
19980429-08-009,四国女篮赛中国队有进步澳大利亚队击败美国队,no_topic
19980429-09-001,拉萨海关缉私人员保护文物显身手(附图片2张),no_topic
19980429-09-002,老八路与十五名失学儿童,no_topic
19980429-09-003,没房盼房住有房不敢住(附图片2张),no_topic
19980429-09-004,应当变的和不应变的,no_topic
19980429-09-005,为潇洒正名,no_topic
19980429-09-006,从魔窟中救出的“包身工”———从鸿运黑矿解救18名民工纪实,no_topic
19980429-09-007,乐山大佛需要整容,no_topic
19980429-09-009,偷渡不成落入法网,no_topic
19980429-09-010,下岗职工青睐钟点工,no_topic
19980429-10-001,管好用好捐赠款物献上社会一片真情,no_topic
19980429-10-002,从买牙膏说开去,no_topic
19980429-10-003,名牌莫走下坡路,no_topic
19980429-10-004,好一条『免费街』,no_topic
19980429-10-005,挖沙毁堤谁来管?(附图片3张),no_topic
19980429-10-006,广告须与精神文明建设同行,no_topic
19980429-10-007,北京站地区管理处严查违纪,no_topic
19980429-10-008,大岭镇负担卡项目外再收费,no_topic
19980429-10-009,烈士陵园竟成乞丐“家园”,no_topic
19980429-10-011,土地竞价承包不可取,no_topic
19980429-10-012,京九铁路需防地质灾害,no_topic
19980429-10-013,盼『双休日』也能看到报刊,no_topic
19980429-11-001,乱穿马路治不了吗?,no_topic
19980429-11-002,道德建设要常抓不懈重视群体越轨问题,no_topic
19980429-11-003,至深母爱感念永远,no_topic
19980429-11-004,做凉粉,title_length
19980429-11-006,感谢城市,title_length
19980429-11-007,中老年需防更年期综合征,no_topic
19980429-11-008,不得辞退哺乳期内的女职工,no_topic
19980429-11-010,越来越讲道理,no_topic
19980429-11-011,贾雪荣的“全家福”(图片),no_topic
19980429-12-001,功勋卓著名将风范———深切悼念王平同志,no_topic
19980429-12-002,播种希望和幸福的事业,no_topic
19980429-12-004,参政议政调研先行,no_topic
19980429-12-005,中国民主建国会,no_topic
19980429-12-006,母子共商国是,no_topic
19980429-12-007,不让贫困跨世纪黑龙江农垦总局抓好扶贫工作,no_topic
19980430-01-002,肩负伟大历史使命实现跨世纪宏伟目标,no_topic
19980430-01-003,九届人大常委会二次会议闭幕,no_topic
19980430-01-004,全总举行庆『五一』招待会(附图片1张),no_topic
19980430-01-005,三峡工程重庆库区二期移民工作启动,no_topic
19980430-01-007,徐有芳当选中共黑龙江省委书记,short_body
19980430-02-001,国家工商局要求积极稳妥做好禁止传销经营工作,no_topic
19980430-02-002,北京首季出口贸易增长,no_topic
19980430-02-003,挪用信贷资金炒作期货浙江两家粮食企业被查处,multiple_topics
19980430-02-005,“下岗人”当“领头雁”(附图片3张),no_topic
19980430-02-006,林州查处一起偷税案,no_topic
19980430-02-007,香港中资企业:稳步发展,no_topic
19980430-02-008,5月1日涉外饭店星级划分有新标准,no_topic
19980430-02-010,顺时应变,title_length
19980430-02-012,湖南工商打假保农,short_body
19980430-02-013,沈阳宣判偷逃税案犯,no_topic
19980430-02-014,5月1日进口机电产品标准化管理,no_topic
19980430-02-015,"本报讯天津汽车集团开发生产的一点三升夏利轿车目前已批量上市。这种装有一点三升发动机的轿车百公里能耗仅五升,但功率和时速有提高,汽车尾气排放装置亦有改进。(林文)",title_length
19980430-02-016,"本报讯经国土资源部日前组织的稀土研究专家的技术鉴定,山东烟台磁王集团有限公司采用国内首创低氧工艺技术生产的高性能钕铁硼产品,性能指标国内领先,达到同类产品的国际先进水平。(赵玉浩焦光绪)",title_length
19980430-02-017,"本报讯『五一』前夕,康佳集团向天安门城楼捐赠了四台三十八英寸大屏幕彩电,摆放在天安门城楼上用于向游人播放天安门的录像资料片,使游客在登临天安门城楼游览时,可以更多地了解天安门悠久的历史和丰富的文化蕴含。(李斌)",title_length
19980430-02-018,"本报讯河南省安阳市郊区国税局最近开展了『税法小小宣传员』系列活动,组织干部向区属五所小学近万名学生宣讲了税法,还举办了《我向亲人讲税法》征文比赛。(邹慧娟杨利萍)",title_length
19980430-02-019,"本报讯招商局集团(北京)有限公司四月二十八日在京开业,该公司是交通部招商局集团有限公司的控股子公司。目的是为集团拓展在华北地区的业务和加强对投资企业的管理。(陈志明)",title_length
19980430-02-020,本报讯由中国国际贸易促进会北京分会和中国文艺演出物资协会等联合举办的第八届国际专业音响、灯光及技术展览会将于五月八日在北京展览馆举行。,title_length
19980430-02-021,"本报讯山东省五莲县管帅国税分局,推行个体工商业户建账分步法,对管辖的二百八十多家个体工商业户,分A、B、C三种类型建立简易记账,最后实行全部建账。(郑召远)",title_length
19980430-02-022,"本报讯陕西合阳电力电容器制造有限公司总工张浩奋,近日研制成功我国第一台66KV落地式集合式并联电容器。自一九八五年以来,『合容』在全国网络上已运行了两千多台电容器,从未发生过电器性能质量方面的问题。",title_length
19980430-02-023,"本报讯日前,海尔洗衣机厂通过全国总工会将他们最新生产的高科技产品十分钟速洗、十水位选择的『螺旋飓风神童王』全自动洗衣机赠送给『全国十大杰出工人』。(李文)",title_length
19980430-03-001,全国人大常委会二次会议举行全会,no_topic
19980430-03-002,王维澄报告修改森林法决定草案和消防法草案修改稿的修改意见,no_topic
19980430-03-004,关于全国人民代表大会澳门特别行政区筹备委员会组成人员名单草案的说明,no_topic
19980430-03-005,全国人民代表大会澳门特别行政区筹备委员会组成人员名单,no_topic
19980430-03-006,一法之立重如泰山,no_topic
19980430-03-007,图片新闻,title_length
19980430-03-008,全国人民代表大会常务委员会免职名单,short_body
19980430-03-009,全国人民代表大会常务委员会任免名单,short_body
19980430-03-010,全国人民代表大会常务委员会批准任命的名单,short_body
19980430-04-002,丁关根等前往越南驻华使馆吊唁阮文灵逝世,no_topic
19980430-04-003,钱其琛会见奥尔布赖特,no_topic
19980430-04-004,外交部发言人答记者问,no_topic
19980430-04-005,唐家璇与奥尔布赖特会谈,no_topic
19980430-04-006,中央文明办召开电视电话会议要求深入开展“讲文明树新风”活动,no_topic
19980430-04-007,循序渐进常抓常新---兴起『讲文明树新风』的新热潮,no_topic
19980430-04-008,尹瘦石遗体告别仪式在京举行李瑞环等参加遗体告别仪式,no_topic
19980430-04-009,明天气象预报(4月30日20时—5月1日20时),short_body
19980430-05-002,确保教育优先发展浦东财政收入四分之一办教育,multiple_topics
19980430-05-003,袭大娘的“救命药”,no_topic
19980430-05-005,义诊(图片),short_body
19980430-05-006,为潜艇诊治『心脏』---记青年电磁兼容专家马伟明,no_topic
19980430-05-008,看病开方随叫随到济宁农技服务到田头,no_topic
19980430-05-009,"本报讯为了改善农村贫困教师的生活条件,中华慈善总会烛光工程日前在北京启动。据介绍,烛光工程的宗旨是:争取国内外关心中国农村贫困教师、热心中国农村教育事业的团体和个人的支持和赞助,以救助和培训的方式逐步改善中国农村贫困教师的生活条件,提高他们的教学水平,从而促进中国农村教育事业的发展。(艾文)",title_length
19980430-05-010,"本报讯记者杨健报道:今年五月八日,是我国第一个国家级高新技术开发区北京新技术产业开发试验区的十周岁生日。试验区管委会日前在京宣布:将于这一天隆重推出首届『中关村电脑节』。本届为期五天的电脑节的主题是:中关村推进中国信息化。",title_length
19980430-05-011,"本报讯日前,全国部分高校投资经济系的教授和有关部门的专家学者在中国人民大学举行投资学科建设研讨会。会议就投资在社会经济发展中的重要作用,投资的宏观管理与调控,投融资体制改革等重大问题进行了深入的讨论。(倪宁)",title_length
19980430-05-012,"本报讯记者杨明方报道:北大哲学系教授张世英随笔集《北窗呓语》新近由东方出版社推出。本书多为随想式的杂文,作者由论道而及论人、论时、论事,睿智的思想、真挚的情感、中肯的评论时时溢于笔端。此书思想深刻而又文采斐然,给眼下的学术随笔书籍带来了一股清新的空气。",title_length
19980430-05-013,"本报讯北京广播学院一行十余人日前赴革命老区河北易县,为西山北乡中学送去了大批文具、药品和千余册图书。随行的红十字会员还为师生进行了义诊。西山北乡由于交通、自然环境等原因,普九任务十分繁重,广院还将开展一系列的扶贫助教活动。(刘春梅)",title_length
19980430-06-001,胡锦涛访问蔚山济州(附图片1张),no_topic
19980430-06-002,花开时节访汉城,no_topic
19980430-06-003,要对话不要对抗,no_topic
19980430-06-004,金正日提出民族团结五大方针,no_topic
19980430-06-005,越南为阮文灵举行葬礼,no_topic
19980430-06-006,阿拉法特首次公开表示巴接受美国方案,no_topic
19980430-06-007,独联体国家元首会议举行,no_topic
19980430-06-008,叶利钦任命部分政府成员,no_topic
19980430-06-009,南非欢庆『自由日』,no_topic
19980430-06-011,"中国驻法国斯特拉斯堡总领事馆开馆揭牌仪式二十八日举行。黄道生总领事主持了仪式,中国驻法国大使蔡方柏为总领馆揭牌并发表了讲话。在为此举行的招待会上,蔡方柏大使和欧洲委员会议长弗舍尔女士、阿尔萨斯大区区长兼下莱茵省省长帕特里斯·马涅埃、斯特拉斯堡市市长罗朗·雷斯及法国各界人士二百五十余人出席。斯特拉斯堡总领事馆是继马赛总领事馆后中国在法国设立的第二个总领事馆。",title_length
19980430-06-012,"泰国、柬埔寨和联合国难民事务高级专员公署关于滞留在泰国境内的柬埔寨难民问题的三方会议二十七日在曼谷举行。三方代表达成协议,尽快将滞留在泰的柬埔寨难民遣返回国,以使他们参加七月的全国大选。会议认为,遣返应在自愿的基础上进行。自去年七月柬埔寨发生武装冲突以来,进入泰国境内的柬埔寨难民约有六点四万人。(本报专电)",title_length
19980430-06-013,"尼日利亚特别军事法庭二十八日以叛国罪判处前国家第二号人物、总参谋长迪亚中将死刑。同时被判死刑的还有五人,包括前通讯部长和前工程住房部长。迪亚等人被控涉嫌参与去年十二月的一起未遂政变。(据新华社电)",title_length
19980430-07-001,欧盟调整对华反倾销政策,no_topic
19980430-07-002,亚行第三十一届年会开幕将从供资机构向开发机构转变,no_topic
19980430-07-003,美民间机构首次向伊拉克空运药品,no_topic
19980430-07-005,亚洲经济前景光明———西门子总裁冯·皮勒先生一席谈,no_topic
19980430-07-006,塑料肺植入猪体成功,no_topic
19980430-07-007,用磁铁修复受伤关节,no_topic
19980430-07-008,人工肝脏将进行人体试验,no_topic
19980430-07-009,让受损大脑恢复功能,no_topic
19980430-07-010,印尼流行登革热病(图片),short_body
19980430-07-011,塔吉克斯坦泥石流肆虐四十余丧生,no_topic
19980430-07-012,"为促进德中经贸发展与技术交流,德国莱比锡国际博览中心中国代理四月二十七日在北京正式开业。莱比锡国际博览中心地处东西方贸易中心,它具有悠久的历史。现在,它每年举办三十五次博览会,去年观众达一百五十多万,有七十四个国家与地区参展。今年五月,它将举办中国运输日活动,交流交通、电信等最新信息。(本报讯)",title_length
19980430-07-013,"从四月十八日起,蒙古大部分地区遭到大风的袭击,特别是戈壁阿尔泰省、乌布苏等省,发生每秒速度达四十二米的大风。蒙古西部三省大风连续刮七八天。重灾区已有一千七百零三座蒙古包被大风刮坏,刮断六十多根高压电线,三百二十六条电话杆,直接经济损失达四亿图格里克。死亡牲畜近三万头(只)。",title_length
19980430-07-014,"阿根廷东北部地区数省近日内继续连降大雨,巴拉那河以及其它几条支流河水猛涨,大面积的农田及民房被淹,已造成十八人死亡,十二万多人无家可归。目前大水已开始威胁到科连特斯、雷西斯滕西亚等大、中城市,布宜诺斯艾利斯省的部分地区以及南部的丘布特省也开始遭灾。",title_length
19980430-07-015,"埃及第一颗通信卫星『尼罗河101』由阿丽亚娜4型火箭运载,于二十八日在南美的法属圭亚纳岛发射升空。这颗能够转播八十四个电视频道和四百个广播频道的通信卫星是由法国马特拉马库尼公司设计制造的。这颗卫星的发射成功使埃及成为国际太空俱乐部的第六十个成员。(本报专电)",title_length
19980430-08-002,中国足协杯赛将于下月开幕,no_topic
19980430-08-004,波尔多队将访华,no_topic
19980430-08-008,明珠杯高尔夫球赛在珠海揭幕,short_body
19980430-08-009,中国女篮再负美国队,no_topic
19980430-08-010,拳击赛上的吉祥物(图片),short_body
19980430-09-001,农技推广队伍昔日流失一半今朝恢复百万,no_topic
19980430-09-002,唱好农区开发重头戏,no_topic
19980430-09-003,警惕新『大锅饭』,no_topic
19980430-09-004,走马广西看“春修”,no_topic
19980430-09-005,英山春茶丰产盼销路,no_topic
19980430-09-006,虹鳟鱼跃六盘山(图片),short_body
19980430-09-007,延河之滨一好汉,no_topic
19980430-09-008,天门出现“田保姆”,no_topic
19980430-09-009,庆安备耕与备市场同步,no_topic
19980430-09-011,张榜公布财务村民查看监督(图片),short_body
19980430-10-001,也说『明白与清白』,no_topic
19980430-10-002,怎样认识流动与流失,no_topic
19980430-10-003,新闻出版业发展趋势刍议,no_topic
19980430-10-004,源于实践的思考,no_topic
19980430-10-005,抓住有利时机促进新的发展———关于东莞市实施跨世纪发展战略的思考,no_topic
19980430-11-001,浩气凌云上清风万里来———写在《中华魂》杂志创办4周年之际,no_topic
19980430-11-002,『做人与做事』课别开生面,no_topic
19980430-11-003,低水平的应试类图书铺天盖地而来素质教育读物如何杀出重围,multiple_topics
19980430-11-004,香雪引---王成喜画梅(附图片1张),no_topic
19980430-11-005,中国恐龙扬威费城,no_topic
19980430-11-006,建设家园的勇气和才智———评“国际青少年消除贫困奖”得主传记,no_topic
19980430-11-007,生命的内涵用人格来诠释---品读邵道生《学会生存》一书,no_topic
19980430-11-008,先秦有没有逻辑学《名学与辩学》一书的新探索,no_topic
19980430-11-009,电影院:借高科技唤回观众,multiple_topics
19980501-01-001,肩负起神圣的历史使命---庆祝『五一』国际劳动节,no_topic
19980501-01-002,总书记和工人群众在一起(图片),short_body
19980501-01-003,江泽民会见奥尔布赖特,no_topic
19980501-01-004,朱镕基会见奥尔布赖特,no_topic
19980501-01-005,在九届全国人大常委会第二次会议上李鹏的讲话,no_topic
19980501-01-006,圆满结束对日本韩国的访问,no_topic
19980501-01-007,就全心全意依靠工人阶级和搞好下岗职工再就业等,no_topic
19980501-01-008,哈萨克斯坦总理将访华,short_body
19980501-02-001,全国人民代表大会常务委员会关于修改《中华人民共和国森林法》的决定,no_topic
19980501-02-002,把『讲文明树新风』活动引向深入---中央文明办负责人答记者问,no_topic
19980501-02-003,中宣部、国家经贸委等部门召开座谈会指出学习王涛贵在行动,no_topic
19980501-02-004,人大常委会关于修改森林法的决定获通过,no_topic
19980501-02-005,中直机关贯彻落实『八项规定』成效明显,no_topic
19980501-02-006,外交部发言人答记者问,no_topic
19980501-02-007,明天气象预报(5月1日20时—5月2日20时),no_topic
19980501-02-008,"新华社北京四月三十日电外交部发言人朱邦造今天在记者招待会上宣布:应巴西众议院、智利参议院和秘鲁国会的邀请,由田纪云副委员长率领的中国全国人大代表团将于五月八日至十九日对上述三国进行正式友好访问。",title_length
19980501-02-009,新华社北京四月三十日电全国人大常委会副委员长布赫今天下午在人民大会堂会见了由参议员伦佐·古柏特率领的意大利议会对华友好小组代表团。双方就进一步加强两国议会间的友好关系交换了意见。,title_length
19980501-02-010,"新华社北京四月三十日电应国际行动理事会执行主席、巴西前国会主席诺泽·萨尔内的邀请,全国政协副主席宋健今天离京赴巴西出席国际行动理事会第十六届年会。",title_length
19980501-02-011,"新华社北京四月三十日电外交部发言人朱邦造今天在记者招待会上宣布:应外交部长唐家璇的邀请,智利共和国外交部长何塞·米格尔·因苏尔萨将于五月六日至九日对中国进行正式访问。",title_length
19980501-03-001,胡锦涛在韩国答记者问对访韩成果表示满意对两国关系前景充满信心,no_topic
19980501-03-002,戴秉国对记者发表谈话指出胡锦涛访问日韩圆满成功,no_topic
19980501-03-003,独联体路在何方,no_topic
19980501-03-004,就核裁军问题美俄英法中发表共同声明,no_topic
19980501-03-006,以色列欢庆建国50周年(图片),short_body
19980501-03-007,以驻华使馆庆祝以独立50周年,no_topic
19980501-03-008,"俄罗斯总统叶利钦30日在莫斯科郊外官邸会见总理基里延科后,又任命了1名政府副总理和10名部长。这名副总理是原副总理瑟苏耶夫。10名部长为:国有资产部长加济祖林、农业和食品部长谢苗诺夫、科学技术部长布尔加克、自然资源部长涅克鲁坚科、燃料和动力部长格涅拉洛夫、劳动和社会发展部长德米特里耶娃、经济部长乌林松、司法部长克拉舍宁尼科夫、文化部长杰缅季耶娃、运输部长弗兰克。(据新华社电)",title_length
19980501-03-009,"南非陆军中将尼扬达4月29日被任命为南非国防军总司令。他将成为南非第一位黑人总司令。47岁的尼扬达将于今年6月1日正式上任,接替于5月31日提前退休的迈林格将军。",title_length
19980501-03-010,"法国前外长、现任国家宪法委员会主席罗朗·迪马涉嫌参与埃尔夫石油公司军售案,4月29日正式被通知接受司法审查。迪马这次受指控的罪名是“窝藏和伙同滥用公司资产”。据认为,迪马在90年代初担任外长期间,在法国售台军舰事件中得到好处,涉嫌一笔约800万法郎的佣金。(本报专电)",title_length
19980501-04-001,团结奋进再创新业(附图片7张),no_topic
19980501-04-002,劳模风采(附图片10张),no_topic
19980502-01-001,学劳模创业绩发扬主人翁精神全国各地欢庆劳动者的盛大节日,no_topic
19980502-01-002,干部先干一步好,no_topic
19980502-01-003,首都举行庆“五一”联欢会尉健行出席,no_topic
19980502-01-004,张立昌当选中共天津市委书记,no_topic
19980502-01-005,劳模喜登长城(图片),short_body
19980502-01-006,人民日报伴随我成长,no_topic
19980502-01-008,纪念碑下忆当年,no_topic
19980502-01-010,保证三峡二期工程施工的重要项目三峡工程临时船闸正式通航,no_topic
19980502-01-012,"旅游部门介绍,郑州市有近10万人在今年“五一”节放假期间外出旅游。据郑州市旅游局有关人士介绍,今年“五一”期间全市近百家旅行社都出现了少有的繁忙景象,省内省外各旅游线路都很走俏,这一状况充分说明,市民们在生活水平提高后已不再满足于在家里过节,消费选择正悄然发生变化。",title_length
19980502-01-013,"天津市今后5年将投资400亿元建设新住房2400万平方米,使全市人均住房达到14平方米。据了解,天津有关部门已制订了建设规划,分解落实了相关指标,每年投资80亿元,继续以“货币还迁”的办法搞好危陋旧房改造,以“只售不租”的办法加快安居工程建设。今年建房资金已经到位,将开工1100万平方米,竣工450万平方米。",title_length
19980502-01-014,"汉江武汉段的又一座大桥———江汉四桥5月1日正式通车。江汉四桥主桥为独塔空间双索面预应力混凝土斜拉桥,全桥长1052米,设双向四车道及人行道。大桥总投资3·06亿元,由武汉建通股份有限公司自筹资金建设经营,建通公司将经营管理20年,期满后无偿移交政府。(除署名外均据新华社电)",title_length
19980502-01-015,"’98中国北方旅游交易会4月30日在北京展览馆拉开帷幕。本届交易会由京、津、冀、晋、鲁、豫、辽、吉、黑和内蒙等北方十省市联合主办,旨在开展区域合作、共同发展旅游经济,共设展台411个。(龚雯)",title_length
19980502-02-001,推进《党政领导干部选拔任用工作暂行条例》贯彻落实,no_topic
19980502-02-002,中组部派员检查领导干部选拔任用工作,no_topic
19980502-02-003,第九届全国人民代表大会常务委员会,no_topic
19980502-02-004,完善档案制度建立互助组织湖南工会做好困难职工生活保障,no_topic
19980502-02-006,军嫂风采(图片),short_body
19980502-02-008,香港工联会庆祝『五一』国际劳动节,no_topic
19980502-02-009,澳门举行酒会庆祝国际劳动节,no_topic
19980502-02-010,中共友好代表团出访古巴玻利维亚,short_body
19980502-02-011,巴布亚新几内亚议长和泰国国会主席将访华,short_body
19980502-02-012,北大百年校庆书画展开幕,no_topic
19980502-02-013,明天气象预报(5月2日20时—5月3日20时),no_topic
19980502-02-014,实行双向选择确定托管期限北京下岗职工托管中心运作逐步完善,no_topic
19980502-03-001,克林顿表示希望美中密切合作,no_topic
19980502-03-002,安南秘书长认为伊正在遵守核查协议克林顿主张继续对伊制裁,no_topic
19980502-03-003,图片新闻,title_length
19980502-03-004,俄又任命部分新政府成员,no_topic
19980502-03-005,军警高度戒备举国一片欢腾以色列庆祝建国五十周年,no_topic
19980502-03-006,埃及总统穆巴拉克说,no_topic
19980502-03-007,加古接近美国不悦,no_topic
19980502-03-008,中非友谊深入人心,no_topic
19980502-03-009,世界各地纪念“五一”劳动节,no_topic
19980502-03-010,"美国国防部长科恩与来访的法国国防部长里夏尔四月三十日在五角大楼讨论了科索沃等问题。他们在会谈后表示,两国反对在阿尔巴尼亚与南联盟边界部署北约部队。",title_length
19980502-03-011,"俄罗斯总统驻车臣共和国全权代表弗拉索夫五月一日中午莫斯科时间十二时在罗斯托夫至巴库的公路上被匪徒劫持。据报道,俄内务部长斯捷帕申已将这一事件报告总统叶利钦和总理基里延科。根据叶利钦总统的意见,俄罗斯内务部已组成以第一副部长瓦西里耶夫为首的特别工作小组,前往出事地点处理事件。",title_length
19980502-03-012,"美国国防部四月三十日宣布,波音公司将为国防部设计、研制和试验『星球大战』式的导弹防卫体系,以保护美国不受任何弹道导弹的攻击。国防部与波音公司签署的十六亿美元的合同要求波音公司在今后三年内完成这项『国家导弹防卫体系』的研究工作。研究项目包括陆基截击导弹体系、太空部署的导弹发射侦察卫星及通讯卫星,并将此体系与尖端的战区指挥系统联系在一起。",title_length
19980502-03-013,"欧洲议会在四月三十日举行的全体会议上以四百零二票赞成、七十九票反对和二十七票弃权的表决结果,同意欧盟委员会提出的首批流通欧洲单一货币欧元的十一国名单。这十一个国家是:法国、德国、意大利、西班牙、比利时、荷兰、卢森堡、葡萄牙、奥地利、芬兰和爱尔兰。它们将在一九九九年一月一日搭上欧元『头班车』,启用欧元。(据新华社电)",title_length
19980502-04-001,五月唱给建设者的歌,no_topic
19980502-04-002,老北大永远年轻,no_topic
19980502-04-004,牧归(摄影),short_body
19980502-04-005,焊起生命的残缺,no_topic
19980502-04-006,东北虎威(附图片1张),no_topic
19980502-04-007,五月的气质,short_body
19980502-04-008,庆祝五·一(图片),short_body
19980503-01-003,长二丙再送两颗铱星升空圆满完成铱星组网发射任务,no_topic
19980503-01-004,山东中华发电公司签署合同,no_topic
19980503-01-005,数码闭路电视监控系统在京展示,no_topic
19980503-01-006,昆明南线调水工程告捷,short_body
19980503-01-007,扶余玉米深加工项目开工,short_body
19980503-01-008,河南省博物院开馆(图片),short_body
19980503-01-009,愿与党报长相伴,no_topic
19980503-01-011,民心河(图片),short_body
19980503-01-012,宜昌实行『学岗制』,no_topic
19980503-02-001,外交部发言人答记者问,no_topic
19980503-02-002,闪光的青春---记南京军区某部战士、全国优秀共青团员张长路,no_topic
19980503-02-004,程思远会见日本客人,short_body
19980503-02-005,团中央表彰优秀团员团干部我国团员总数达六千八百五十万,no_topic
19980503-02-006,北大校友向母校捐赠纪念礼品,no_topic
19980503-02-007,自编自演贺校庆(图片),no_topic
19980503-02-008,明天气象预报(5月3日20时—5月4日20时),no_topic
19980503-03-001,欧盟财长确认首批欧元国家名单,no_topic
19980503-03-003,我藏学家代表团结束访奥,no_topic
19980503-03-004,哈萨克斯坦外长说哈总理访华将促进哈中关系,no_topic
19980503-03-005,波音中国公司新任总裁表示波音仍看好亚洲和中国市场,no_topic
19980503-03-006,黄山神韵飞向维也纳,no_topic
19980503-03-007,安南要求美无条件补缴会费,no_topic
19980503-03-008,克林顿签署紧急拨款法案,no_topic
19980503-03-009,饥民皮包骨(图片),short_body
19980503-03-010,荒野露天居(图片),short_body
19980503-03-011,伊拉克致信安理会要求解除制裁,no_topic
19980503-03-012,波兰对可能加入北约表示满意,no_topic
19980503-03-013,美参院批准北约东扩背后,no_topic
19980503-03-014,"澳大利亚联邦政府四月二十八日宣布,澳将于一九九九年起进行商业性卫星发射。霍华德总理说,澳将同一家美国公司合作,于今年底开始试验性发射,一九九九年将正式开始商业性发射。发射时该公司将在世界上首次采用名K1的可回收式火箭:两级火箭都能在完成推进任务后落向地面时自动打开降落伞,然后张开充气垫进行软着陆,因此火箭可反复使用上百次之多,这就可大大降低发射成本,抢占卫星发射市场。",title_length
19980503-03-015,"泰国内阁会议四月二十八日审议通过了财政部和国家银行联合提出的改善资金周转,解决资金短缺的十五项措施。这十五项措施主要包括:向世界银行、亚洲开发银行等国际金融机构寻求新的贷款;在国外发行政府债券,以增加融资;由泰国金融改革机构负责拍卖被关闭的五十六家金融公司的资产;督促国内商业银行尽快完成增资任务,吸引外资流入;加紧对国有企业的改革和向私营化转化;通过与外国债权人谈判尽可能地延长外债偿还期限;抑低短期金融市场的利率等。",title_length
19980503-03-016,"泰总理川·立派四月二十七日在总理府接见了以中国贸促会会长俞晓松为团长的中国经贸代表团。川·立派总理对中国政府在泰国金融危机后对泰国提供的各项援助表示感谢,希望进一步加强两国在经贸和金融领域的合作。",title_length
19980503-03-017,"二次大战期间的纳粹战犯丁科·萨基克四月三十日在阿根廷首都被擒获。据阿警方宣布,这名现年七十六岁的战犯,二次大战期间在克罗地亚主持一所纳粹集中营,在这所集中营里,估计曾经有六十万犹太人、塞尔维亚人、吉卜赛人和克罗地亚人死亡。一九四七年萨基克改名换姓潜逃到阿根廷。一个月前,这名战犯被当地电视台十三台记者发现,经过阿联邦检察局严密侦查后才于昨天捉拿归案,目前被关押在布市郊区的托罗累斯监狱,准备在近期内引渡到克罗地亚。据透露,德国当局曾经向阿根廷警方提交了一百四十三名潜藏在阿根廷的纳粹分子名单,阿联邦警察局已经成立了侦查这批罪犯的专门机构。(本报专电)",title_length
19980503-04-001,有容乃大———陈平原谈北大百年及其精神(附图片1张),no_topic
19980503-04-002,传艺(摄影),short_body
19980503-04-003,妙治官僚,title_length
19980503-04-004,素心如简,title_length
19980503-04-005,漫游多彩的世界———《五十六个民族五十六朵花》读后(附图片1张),no_topic
19980503-04-006,村农,title_length
19980503-04-007,大地书讯,title_length
19980503-04-008,"第四届总后军事文学奖近日在京揭晓,有二十篇作品获奖。本届获奖作品中,有长篇报告文学、中篇小说、短篇报告文学和电视连续剧《红十字方队》等。创立于八十年代末的总后军事文学奖,在促进军事文学的创作与培育文学新人等方面起了积极作用,受到社会各界关注。(余晖)",title_length
19980504-01-001,『希望寄托在你们身上』---江泽民总书记关怀青年一代纪事,no_topic
19980504-01-003,做好下岗分流和再就业工作的一些建议,no_topic
19980504-01-004,胡锦涛会见优秀青年代表时勉励广大青年,no_topic
19980504-01-005,浙江省举办青年文化艺术节(图片),short_body
19980504-01-007,"国家统计局中国城市居民消费形态调查表明,我国城市居民家庭大部分住房面积在40—60平方米。据调查,在城市居民家庭中,17%的住房面积在30平方米以下;17%为30—40平方米;21%为41—50平方米;20%为51—60平方米;17%为61—80平方米;8%在81平方米以上。",title_length
19980504-01-008,"5月3日,部分在京参加“五一”庆祝活动的全国服务系统劳动模范与海尔空调服务标兵在北京座谈,交流经验。大家认为,针对目前服务行业所存在的服务意识、服务态度、服务质量、服务水平等问题,要进一步倡导树立全心全意为人民服务的思想和爱岗敬业的精神,促进服务质量的提高。(新文)",title_length
19980504-01-009,"湖南省洪江电站长532米,宽3.5米,高8米的一期砼围堰日前完工。洪江电站位于怀化市所属洪江市内,其设计枢纽由泄洪闸、发电厂房、船闸、左右岸砼重力坝组成,是湖南省1998年重点工程,也是我国沅水开发的一大重点项目。一期砼围堰工程由铁十八局四处承担施工,比预计工期提前了37天,累计完成土石方65万立方米。(李顺崇叶行军)",title_length
19980504-01-010,"’98中国重庆旅游交易会于5月1日上午在重庆南坪会展中心开幕。这次交易会是跨省区的区域性旅游交易会,由重庆市人民政府主办。交易会共设197个展台,集中展示我国中西部地区涉及旅游的产品、商品、交通、旅行社、旅游饭店和旅游商品生产厂家等。交易会期间还将举行旅游交易、洽谈及重庆旅游商品新产品设计大奖赛。(李维平颜雨)",title_length
19980504-01-011,"中国石油天然气管道局以中国石油工程建设公司名义总承包的苏丹黑格里格油田至苏丹港石油输送管道,5月1日打火开焊。这条管线是目前非洲最长的输油管线,也是国际管道建设市场近些年来最长和管径最大的输油管线,全长1540公里,管径711.2毫米,年设计输量1195万吨。(王振良)",title_length
19980504-02-002,中华人民共和国森林法,no_topic
19980504-03-001,服务改革发展稳定大局青年志愿者走近下岗职工,no_topic
19980504-03-002,北京十杰青年评选揭晓,no_topic
19980504-03-003,团徽在铁路线上闪光,no_topic
19980504-03-004,福建省妇女就业服务中心开业(图片),short_body
19980504-03-005,生产自救走出困境---再就业的形势和对策(四),no_topic
19980504-03-006,武警陕西总队设身处地着想帮助下岗官兵亲属再就业,no_topic
19980504-03-007,香港喷射船撞不明物体逾百人受伤,no_topic
19980504-03-008,八十万元打动不了战士心,no_topic
19980504-04-003,香港新机场首次试运行(图片),short_body
19980504-04-004,节日里的『清洁工』,no_topic
19980504-04-005,本报创刊号银箔衬缩微收藏版将推出,no_topic
19980504-04-006,迟浩田同日本防卫厅长官会谈,no_topic
19980504-04-007,北大新图书馆落成(图片),short_body
19980504-04-008,澳门特区筹委会澳门委员启程赴京,no_topic
19980504-04-009,《彭德怀年谱》出版发行,no_topic
19980504-04-010,丁关根会见罗马尼亚客人,short_body
19980504-04-011,明天气象预报(5月4日20时—5月5日20时),no_topic
19980504-05-002,赤子华章---追记留美博士生崔剑平,no_topic
19980504-05-005,《回眸〈新青年〉》出版,no_topic
19980504-05-007,图片新闻,title_length
19980504-06-001,伦敦会谈前夕阿拉法特接受美新方案埃及希望会谈获得成功,no_topic
19980504-06-002,安南同萨利姆会谈,no_topic
19980504-06-003,『向珠』轮驶向中国,no_topic
19980504-06-004,南高官阐明解决科索沃问题方案土耳其对科局势表示担忧,no_topic
19980504-06-005,西哈努克鼓励洪森搞好大选约三万柬难民涌入泰国,no_topic
19980504-06-006,瓦杰帕伊主张印巴全面对话,no_topic
19980504-06-007,塔首都东部局势趋稳,no_topic
19980504-06-008,反思历史还旧债———法国纪念废除奴隶制150周年(附图片1张),no_topic
19980504-06-009,伊朗批评美国言行不一,no_topic
19980504-06-010,严打假冒伪劣,no_topic
19980504-06-011,重罚违章行车,no_topic
19980504-06-012,极右翼抬头德政界警惕,no_topic
19980504-06-013,"五月三日是日本宪法纪念日。日本一些党派发表谈话或举行集会,纪念日本战后宪法实施五十一周年。日本社民党系统的护宪团体三日在日本教育会馆举行研讨会,约有近千名各界代表参加了会议。与会者批评日本政府提出的日美防卫合作新指针的相关法案,主张维护现行和平宪法,防止日本卷入由美国引起的国际冲突。",title_length
19980504-06-014,"巴基斯坦外长古哈尔·阿尤布汗二日宣布辞去外交部长职务,并要求总理纳瓦兹·谢里夫重新安排他的工作。据巴基斯坦外交部人士说,谢里夫总理已同意考虑阿尤布汗的要求,但具体为他安排何种职务现在尚不清楚。巴外交国务部长西迪基汗·坎朱将出任代理外长。",title_length
19980504-06-015,"土耳其外交部二日在安卡拉发表一份书面声明,指责希腊支持反土耳其政府的库尔德工人党在希首都雅典设立办事处。声明指出,希腊代议长和议员参加库尔德工人党雅典办事处的成立仪式表明,『希腊直接组织针对土耳其领土完整的恐怖主义』活动。声明说,『希腊支持和保护库尔德工人党武装公开违反了联合国宪章和国际法』。",title_length
19980504-06-016,"联合国难民事务高级专员署一日把滞留在埃塞俄比亚东部达瓦纳吉难民营的四百七十三名索马里难民遣返回索北部地区。据在这个难民营工作的联合国难民事务官员说,这批难民遣返后使逗留在这个难民营的来自索马里北部地区的难民人数降为三万余人。余下的难民也将在今年年底之前全部被遣返回索马里北部地区。目前在埃塞东部八个接待索马里难民的难民营里滞留着二十二点五万多名难民。",title_length
19980504-07-001,欧盟确认首批欧元国杜伊森贝赫出任欧洲央行行长(附图片1张),no_topic
19980504-07-002,我西藏图片展在捷受欢迎日内瓦书展介绍西藏出版业,no_topic
19980504-07-003,欧盟史上的大事,no_topic
19980504-07-004,印度推出加速经济改革计划,no_topic
19980504-07-005,杜伊森贝赫---控制通胀的能手,no_topic
19980504-07-006,已知距地球最远星系:123亿光年,no_topic
19980504-07-007,无声的抗议(图片),no_topic
19980504-07-010,尼加拉瓜查获一贩毒飞机,no_topic
19980504-08-001,迎接世博会昆明举行万人长跑活动,no_topic
19980504-08-002,第四届上海国际武术博览会开幕,no_topic
19980504-08-006,四国女篮邀请赛中国队名列最后,no_topic
19980504-08-007,甲A最新积分榜(截至5月3日),no_topic
19980504-08-010,“世界和平棋”面世,no_topic
19980504-09-001,甲方商家:我们该怎么办,no_topic
19980504-09-002,乙方顾客:商家合情违法,no_topic
19980504-09-003,隆福广场你怎么啦(附图片2张),no_topic
19980504-09-004,鲇鱼效应,title_length
19980504-09-005,为数字电视正名,no_topic
19980504-09-006,商品“三包”再加把劲,no_topic
19980504-09-007,城镇居民衣食住行消费新变化,no_topic
19980504-09-008,"企业,不能“卖你没商量”",no_topic
19980504-09-009,温州人话经商(图片),short_body
19980504-10-001,欧元挑战美元,no_topic
19980504-10-003,实施欧元条件,short_body
19980504-10-004,供您参考,title_length
19980504-10-005,欧洲统一货币进程表(图片),short_body
19980504-10-006,上证综合指数日K线图(图片),short_body
19980504-10-008,沪市上周上涨前五名(%),short_body
19980504-10-009,上市公司(A股)1997年度主要经济指标一览表(10),no_topic
19980504-10-010,深证成份指数日K线图(图片),short_body
19980504-10-011,沪市上周下跌前五名(%),short_body
19980504-10-012,深市上周上涨前五名(%),short_body
19980504-10-013,深市上周下跌前五名(%),short_body
19980504-11-001,何必争办服装节,no_topic
19980504-11-002,周报两月无一达标,no_topic
19980504-11-003,家具质量让人难放心,no_topic
19980504-11-004,运营『绿色资产』,no_topic
19980504-11-005,计费误查询难一言难尽电话费,no_topic
19980504-11-006,巨额损失谁承担,no_topic
19980504-11-007,"大连市在公共汽车上彩绘图案,给城市增添不少风采(图片)",short_body
19980504-11-008,"●“会说话”的空调面世一种能随时向你报告现在的室内温度是几度,湿度是几度,风力、风速是多少的空调最近投放首都市场。这种名为“志高”的遥控智能型语音空调是由广东志高空调有限公司生产的。语音空调的问世开创世界空调领域之先河,产品获得国家专利。(汪永基)",title_length
19980504-11-009,"●诺基亚推出随心换机壳手机诺基亚(中国)投资有限公司新近推出全新型号诺基亚5110手机,该机具备新颖的“随心换”机壳,用户在几秒钟内不用任何特殊工具就可以改变机壳颜色,有10多种彩色机壳可供选择。(刘龙)",title_length
19980504-11-010,"●新型女性美容片剂面世由美国未来生物学公司研制的体内美容器“30天美丽秘方”最近在北京、广州等城市同时上市。据营养学家介绍,该片剂通过功能因子的提炼和量化,将38种维生素、矿物质、微量元素等按不同比例配给,为女性肌肤提供均衡营养。(晓朱)",title_length
19980504-11-011,"●“来格仕”在京设首家专卖店世界著名服装品牌法国LACOSTE“鳄鱼”日前在北京开设了第一家丰联广场专卖店。该品牌中国注册商标为“来格仕”,今年计划在中国开设50个销售店,销售“来格仕”服装及配件,包括鞋、皮件、香水、帽、围巾、眼镜等。(树荣)",title_length
19980504-12-003,保险力助中国航天(附图片1张),multiple_topics
19980504-12-005,中保推出司机急救险,no_topic
19980504-12-006,平保承保秦山二期工程,short_body
19980504-12-008,五角保费升值千倍,no_topic
19980504-12-010,雨中送伞(图片),short_body
19980504-12-011,为农民着想的中保财产保险公司(图片),short_body
19980505-01-003,朱镕基会见日中友好议员联盟代表团,no_topic
19980505-01-004,李鹏会见澳大利亚参议长,no_topic
19980505-01-005,保加利亚总统将访华,short_body
19980505-01-006,两代情缘,title_length
19980505-02-001,关键是抓好落实,no_topic
19980505-02-002,明确两条方针,no_topic
19980505-02-003,今日商机何处寻?---扩大消费话题(四),no_topic
19980505-02-004,环保产业市场巨大,no_topic
19980505-02-005,三峡临时船闸试航成功(图片),short_body
19980505-02-006,“告别三峡游”误导游客牟一时暴利终结苦果,no_topic
19980505-02-008,一季度『国房景气指数』显示上半年房地产业可进入景气空间,no_topic
19980505-02-010,中国国际仲裁业发展迅速,no_topic
19980505-02-011,国家电力公司取缔罚款,no_topic
19980505-02-012,鸡西矿务局面向社会盘活资产,no_topic
19980505-02-013,海信集团靠人才促发展,no_topic
19980505-02-014,华药集团兼并太原制药厂,no_topic
19980505-02-015,本报讯由北京大学光华管理学院主办的中国资本市场发展国际研讨会五月二日至三日在北京大学举行。一九九六年诺贝尔经济学奖得主詹姆斯·莫里斯、香港证券期货监察委员会主席梁定邦、北京大学光华管理学院院长厉以宁出席了会议。,title_length
19980505-02-016,"本报讯由国土资源部和中华全国新闻工作者协会共同举办的中央和首都新闻单位土地管理优秀新闻作品评选活动,日前在京圆满结束,共评出一、二、三等奖六十五篇。本报《哭泣的土地》等四篇作品获一等奖。(夏珺)",title_length
19980505-02-017,"本报讯北京十三陵定陵地下宫殿于『五一』国际劳动节推出自动门禁系统旅游纪念磁卡。该纪念磁卡一套两枚,一枚为进门票卡,另一枚为纪念卡,由北京威煌国际广告传播有限公司策划、设计,北京十三陵特区办事处定陵管理处监制发行。(陈静)",title_length
19980505-02-018,"本报讯由农业部科学技术与质量标准司主办的中国农业科技质量信息网,日前正式上网运行。该信息网容量大,有国家农业科技政策和法规,农业科技管理、科研、教学、推广等系统的有关信息。(刘艳)",title_length
19980505-02-019,"本报讯由北京市政设计院设计、北京市公路局第一工程处承建的北京首座钢管混凝土拱形结构公路桥北京到八达岭高速公路山羊洼一号桥,日前一次吊装就位成功。该桥长一百一十五点五米、宽十三米,下部钢管拱跨径达八十米。(晓飞)",title_length
19980505-02-020,"本报讯经过近两个月的装修调整,北京友谊商店于五月一日重新开业。如今,该店的购物环境舒适温馨,商品定位是『旅游商品突出精品,民用商品突出名牌』。(文)",title_length
19980505-02-021,"本报讯中国工商银行总行日前向青海贫困的玉树藏族自治州捐资六十万元,用于三所希望小学建设。(马应珊)",short_body
19980505-02-022,"本报讯江苏省双灯集团最近向中国乒乓球队女队捐助三十万元人民币。地处滨海县的双灯集团是生产生活用纸的重点企业,产品畅销二十多个省市区。",title_length
19980505-03-001,中华人民共和国消防法,no_topic
19980505-04-001,李岚清分别会见日本和联合国客人,no_topic
19980505-04-002,井下过“五一”,no_topic
19980505-04-003,天安门广场:首都万名新团员庄严宣誓,no_topic
19980505-04-004,图片新闻,title_length
19980505-04-005,吉林下岗青工自强创业,no_topic
19980505-04-007,香港青年缅怀『五四』传统,no_topic
19980505-04-008,拉萨万名团员举行升旗仪式,no_topic
19980505-04-009,白水江自然保护区家底摸清,no_topic
19980505-04-010,关心《价格法》(图片),short_body
19980505-04-011,国航取得国际航运通行证,no_topic
19980505-04-012,香港打击盗版成绩有目共睹,no_topic
19980505-04-013,朱镕基会见日本防卫厅长官,no_topic
19980505-04-014,新疆:野马返乡子孙成群,no_topic
19980505-04-016,明天气象预报(5月5日20时—5月6日20时),no_topic
19980505-04-017,"新华社北京5月4日电应国家副主席胡锦涛的邀请,塞舌尔共和国副总统詹姆斯·米歇尔于今天抵达北京,开始对中国进行为期6天的正式访问。这是米歇尔首次以副总统身份正式访华。访问期间,江泽民主席、胡锦涛副主席将分别与他举行会见和会谈。",title_length
19980505-04-018,"据新华社北京5月4日电(记者杨国强)全国人大常委会副委员长田纪云今天下午在京会见了由国会外委会主席维克多·许会·罗哈斯率领的秘鲁议会华裔议员代表团,宾主就进一步发展两国议会的友好交流进行了交谈。",title_length
19980505-04-019,据新华社北京5月4日电(记者王敬中)中央军委副主席、国务委员兼国防部长迟浩田上将今天在这里会见了尼日利亚海军参谋长奥凯·阿基格比少将。,title_length
19980505-04-021,"新华社北京5月4日电国务委员司马义·艾买提今天在人民大会堂会见了由众议院议员船田元率领的日本自民党年轻国会议员代表团,宾主就进一步推动中日友好,加强两国年轻一代、特别是青年政治家之间的友好交往进行了交谈。全国青联代主席、团中央书记处书记巴音朝鲁等参加了会见。日本客人是应全国青联的邀请来访的。",title_length
19980505-05-002,袁熙坤向北大文博院捐赠3万美元,no_topic
19980505-05-008,首届蔡元培学术讲座在北大举行,no_topic
19980505-05-009,北大百年华诞纪念邮票发行,no_topic
19980505-06-001,埃美领导人会晤后一致强调伦敦会议对中东和平至关重要,no_topic
19980505-06-002,洪森呼吁柬议员出席国会会议拉那烈洪森同意磋商军队合并,no_topic
19980505-06-003,从欧元看欧盟政治联合,no_topic
19980505-06-004,英国搭台美国唱戏---写在巴以伦敦会议前夕,no_topic
19980505-06-005,叶利钦签署改组政府令俄政府机构由54个部委减少到33个,no_topic
19980505-06-006,安南访问肯尼亚(图片),short_body
19980505-06-007,金正日强调加强部队思想教育,review: 军队思想教育，非学校教育
19980505-06-008,美国务卿访问韩国韩拒绝分担对朝援助费用,no_topic
19980505-06-009,我舰艇编队抵澳访问,no_topic
19980505-06-010,“祖国军舰好神气”,no_topic
19980505-06-011,吉总统谈新政府主要任务,no_topic
19980505-06-012,科索沃地区冲突再起,no_topic
19980505-06-013,谢瓦尔德纳泽主张独联体应成为开放型组织,no_topic
19980505-06-015,繁忙的特马港,no_topic
19980505-07-001,美国出现无通胀经济,no_topic
19980505-07-002,希拉克谈欧元启动意义按集中意志建造欧洲,no_topic
19980505-07-003,非行行长认为非洲经济发展前景乐观,no_topic
19980505-07-004,印尼努力解决粮荒,no_topic
19980505-07-005,图片新闻,title_length
19980505-07-006,肝硬化原因新解,no_topic
19980505-07-007,英国发现防癌基因,no_topic
19980505-07-008,艺术品有利病人康复,review: 艺术品医疗康复，文化与医疗交叉
19980505-07-009,新型肠镜无痛感,no_topic
19980505-07-010,泰央行行长宣布辞职,no_topic
19980505-07-012,中欧学者研讨就业问题,no_topic
19980505-07-013,卢浮宫又丢名画,no_topic
19980505-08-001,中国确定参加汤尤杯赛阵容女队全力争冠男队立足于拼,no_topic
19980505-08-002,印尼马来西亚公布汤尤杯赛名单,no_topic
19980505-08-004,马来西亚将主办英联邦运动会,no_topic
19980505-08-006,只要祖国需要我跳水名将高敏谈复出,no_topic
19980505-08-007,★北京举行庆“五一”网球赛,short_body
19980505-08-010,德足球甲级联赛决出冠军,short_body
19980505-08-011,图片新闻,title_length
19980505-08-013,★雁栖湖推出大型水上跑车,no_topic
19980505-09-001,"生命,因抗争而美丽",no_topic
19980505-09-002,下岗职工再就业社区服务来帮忙(附图片1张),no_topic
19980505-09-003,以民为本为民造福(附图片1张),no_topic
19980505-09-004,分流要有严标准,no_topic
19980505-09-005,壮士如歌,title_length
19980505-09-006,风雨畹町桥(附图片1张),no_topic
19980505-09-007,青山恋———记青岛市十佳文明市民王永祥,no_topic
19980505-10-001,选贤任能也是革命,no_topic
19980505-10-003,在改革中加强企业党建工作,no_topic
19980505-10-004,改善生态环境发展高质高效农牧业,no_topic
19980505-10-005,"李振城撰著的《苏联兴亡的沉思》一书,已由改革出版社出版。该书阐述了列宁的执政谋略,系统分析了前苏联历史的若干重大疑难问题。(凡凯)",title_length
19980505-10-006,"陈先达撰写的《漫步遐思:哲学随想录》一书,已由中国青年出版社出版。该书是针对我国学术理论界的思想实际、哲学讨论中的难点和焦点问题而展开理论概括和理论阐述的。该书强调哲学要关注当今的现实,书中所谈论的问题大多来自现实生活,提出的许多见解也大多是对现实问题进行思考的结果,是对现实问题的哲学回答。(韩庆祥)",title_length
19980505-10-007,"《中国人物年鉴》是一部以年鉴的形式,介绍每年度我国各方面知名人士的活动、事迹、贡献及生平的大型工具书。《年鉴》自一九八九年创刊以来,发行到海内外,受到各界广泛重视和众多读者的欢迎,被称为『英模人物的光荣榜,知名人士的言行录,精神文明建设的窗口,爱国主义教育的阵地』。《年鉴》每年出版一卷,每卷收入一千人左右。《年鉴》由中华名人协会主办,新华出版社出版。",title_length
19980505-11-001,见义勇为立法呼之欲出,no_topic
19980505-11-002,弘扬社会正气倡导见义勇为,no_topic
19980505-11-003,群众勇救子弟兵,no_topic
19980505-11-004,编后,title_length
19980505-11-005,歹徒抛劫款:求求别追我!见钱不眼开:众擒瓮中鳖!,no_topic
19980505-11-006,"真情,在患难中闪光",no_topic
19980505-11-007,化粪池里的“战斗”,no_topic
19980505-11-008,图片新闻,title_length
19980505-12-001,以民为天———记山东省宁津县红庙李村党支部书记张国华,no_topic
19980505-12-002,隧道深处党旗红,no_topic
19980505-12-003,警惕决策浪费,no_topic
19980505-12-005,渝水区实施村级干部“素质工程”,no_topic
19980505-12-006,讲政德干实绩(附图片1张),no_topic
19980505-12-007,一名原副厅长的狱中悔悟,no_topic
19980505-12-008,方齐连的改革『三部曲』,no_topic
19980505-12-009,让嘴馋干部称称『王』,no_topic
19980505-12-010,党委深入第一线(图片),short_body
19980505-12-011,高坪区为农村基层干部投保见义勇为保险,multiple_topics
19980505-12-012,广水市外出党员同村支部建立“双向联系”,no_topic
19980505-12-013,孙桥镇一批致富状元走上党校讲台,no_topic
19980506-01-001,中共中央发出通知纪念十一届三中全会召开20周年,no_topic
19980506-01-002,回归祖国的工作进入实质性阶段,no_topic
19980506-01-003,应罗意西法议长邀请李瑞环将出访欧洲四国,no_topic
19980506-01-004,江泽民主席会见比利时客人希望中比合作关系长期稳定发展下去,no_topic
19980506-01-005,胡锦涛与米歇尔会谈对中塞两国富有成效的合作表示满意(附图片1张),no_topic
19980506-01-007,中俄元首直通保密电话开通,short_body
19980506-02-002,广开门路分类安置,no_topic
19980506-02-003,北京一家具城毁于火灾(附图片3张),no_topic
19980506-02-005,邮电纠正手机漫游计费问题,no_topic
19980506-02-007,从“纺嫂”到“商嫂”从临时工到正式工福德广场公平聘用下岗职工,no_topic
19980506-02-008,招聘要公平,no_topic
19980506-02-009,全国旱情虽有缓解局部地区仍很严重,no_topic
19980506-02-011,调动社会力量,no_topic
19980506-02-012,"本报讯中国发展出版社近日出版了《经济白皮书:中国经济形势与展望》(一九九七至一九九八),书中文章由国务院发展研究中心和各有关部委专家撰写。",title_length
19980506-02-013,"本报讯由铁道部十六工程局四处承担施工的北京地铁复八线咽喉王府井地铁站,九万零一百八十八立方米土方近日全部安全开挖完毕。(高进忠)",title_length
19980506-02-014,"本报讯截至五月三日,地处京哈铁路干线咽喉要道的锦州铁路分局实现无责任行车重大、大事故四千天,居全路四大干线分局安全天数之首。(张权德)",title_length
19980506-02-015,"本报讯近日,内蒙古区内航线结束了使用螺旋桨飞机的历史。这次换飞的BAE146喷气客机,是英国宇航公司制造的比较先进的支线客机。(崔东旺)",title_length
19980506-02-016,"本报讯近年来,吉林临江海关努力为老区企业办实事。白山东方制衣有限公司是老区白山市最大的服装加工企业,临江海关为其提供二十四小时服务,使该企业年挣取工缴费近二千万元。(姜成葆汪传宝)",title_length
19980506-02-017,"本报讯亚太经济合作组织首次举行的服务贸易研讨会近日在青岛市召开,包括我国在内的十五个成员经济体参加了研讨会,这有助于我国更好地了解WTO《服务贸易总协定》的规则及其运行情况。(宋学春)",title_length
19980506-02-018,"本报讯北京方舟纸制餐具厂在全市首家投资近三百万元生产一次性纸质餐具,近日该生产线已全线开工。(小仲)",short_body
19980506-03-001,屈指报佳期---记澳门回归倒计时牌揭幕(附图片1张),no_topic
19980506-03-002,听那回归的足音———写在澳门特区筹委会成立之际,no_topic
19980506-03-003,『澳门宣传周』拉开帷幕,no_topic
19980506-04-001,澳门特区筹委会举行首次全体会议筹委会主任委员钱其琛致开幕词,no_topic
19980506-04-002,江泽民会见英特尔公司董事长,no_topic
19980506-04-003,李瑞环会见澳大利亚参议长,no_topic
19980506-04-004,李鹏会见秘鲁华裔议员,no_topic
19980506-04-005,李岚清会见日本客人,no_topic
19980506-04-006,英皇家音乐学院交响乐团来华交流演出,short_body
19980506-04-007,履行神圣职责创造美好明天———祝贺澳门特别行政区筹备委员会成立,no_topic
19980506-04-008,外交部发言人答记者问,no_topic
19980506-04-009,香港汀九桥通车(图片),short_body
19980506-04-010,明天气象预报(5月6日20时—5月7日20时),no_topic
19980506-04-011,"新华社北京5月5日电应巴西众议院、智利参议院和秘鲁国会的邀请,由全国人大常委会副委员长田纪云率领的中国全国人大代表团今天离开北京,将从5月8日开始对上述3国进行正式友好访问。",title_length
19980506-04-012,据新华社北京5月5日电(记者刘云非)中央军委副主席、国务委员兼国防部长迟浩田上将今天在人民大会堂会见了美国空军参谋长迈克尔·瑞安上将一行。空军司令员刘顺尧、美国驻华大使尚慕杰等参加了会见。,title_length
19980506-04-013,据新华社北京5月5日电(记者张荣典)中央军委副主席张万年上将今天在京会见了来访的美国助理国防部长富兰克林·克雷默。,no_topic
19980506-04-014,据新华社北京5月5日电(记者杨国强)中共中央政治局委员、全国人大常委会副委员长谢非今天下午在人民大会堂会见了由领导人塔瓦雷·巴斯克斯率领的乌拉圭进步联盟代表团。,title_length
19980506-04-015,"新华社北京5月5日电外交部长唐家璇今天在这里会见了日本防卫厅长官久间章生,双方就中日关系等共同关心的问题坦诚地交换了意见。",title_length
19980506-04-016,"据新华社北京5月5日电(记者刘朝晖)外交部长唐家璇今天下午在钓鱼台国宾馆与西班牙外交大臣阿韦尔·马图特斯—胡安举行了会谈,双方就两国关系和共同关心的国际问题交换了意见,并取得了广泛的一致。",title_length
19980506-05-001,让国产机器人服务企业---访中科院沈阳自动化所所长王天然,no_topic
19980506-05-002,强化市场意识拓宽就业渠道石铁院毕业生99%有去向,no_topic
19980506-05-004,杨振宁等在北大演讲受欢迎,no_topic
19980506-05-005,兰州举行中专毕业生双向选择、供需见面洽谈会(图片),short_body
19980506-05-006,全国防治碘缺乏病电话会议强调加大对碘制品监管力度,no_topic
19980506-05-007,胸怀祖国服务人民从我做起,no_topic
19980506-05-008,卫生部教育部联手对青少年进行防艾滋病教育,multiple_topics
19980506-05-009,"本报北京5月5日讯记者王娜梅报道:今天,美国康柏电脑公司将其新近推出的服务器及相关外设产品捐赠给中国青少年发展基金会。这套价值10万元的服务器将用于中国青基会及希望工程的网站建设。",title_length
19980506-05-010,"本报讯《金镜头———共和国领袖爱情、家庭、生活大特写》上下册,日前由长征出版社出版。这是一部领袖儿女们用亲人的眼光、亲身的感受,书写父辈亲情及家庭社会,栩栩如生地再现了毛泽东、周恩来、刘少奇、朱德、邓小平等共和国领袖的爱情、家庭和生活。(余海)",title_length
19980506-05-011,本报讯西南财经大学与美国DEC电脑中国有限公司将合作建立中国人民银行模拟银行实验中心。它是中央银行支付与清算、金融监管、货币政府决策的研究型实验基地。(陈冀),title_length
19980506-06-001,哈总理访华前夕表示哈中关系取得积极进展,no_topic
19980506-06-002,『邓公要我写书』---访《巨龙》作者之一伯斯坦,no_topic
19980506-06-003,巴以美三方伦敦会谈结束克林顿邀请巴以领导人赴华盛顿续谈,no_topic
19980506-06-004,阿拉法特赞成贝林—马赞计划同意在东耶路撒冷郊区建都,no_topic
19980506-06-005,洪森与拉那烈通话协商解决国会危机,no_topic
19980506-06-006,安南敦促苏丹解决内部冲突,no_topic
19980506-06-007,越共总书记黎可漂强调不接受资本主义制度,no_topic
19980506-06-008,旱灾无情人有情,no_topic
19980506-06-009,既无战争又无和平———恰帕斯州纪行(上)(附图片1张),no_topic
19980506-06-010,印国防部长反华言论受谴责,no_topic
19980506-06-011,阿富汗和谈破裂,no_topic
19980506-06-012,"俄罗斯总统叶利钦五日签署总统令,任命伊利亚·尤扎诺夫为新成立的土地政策、建设、住房和市政事业部部长。这一消息是俄总统新闻秘书亚斯特任布斯基当天在克里姆林宫举行的记者招待会上宣布的。尤扎诺夫生于一九六○年,从一九九七年五月开始担任土地改革和土地资源委员会主席。",title_length
19980506-06-013,"在铁托故乡克罗地亚的库姆罗韦茨,二千多人四日冒雨举行集会,隆重纪念铁托逝世十八周年。这次集会是由克罗地亚老战士联合会和克罗地亚反法西斯战士联合会组织的。来自斯洛文尼亚、波黑等地的反法西斯老战士和群众以及一些政党代表参加了集会。(据新华社电)",title_length
19980506-06-014,"四日晚九时许,当日刚上任的梵蒂冈卫队长阿洛伊斯·埃斯特曼在梵蒂冈其住处身亡,同时死亡的还有卫队长的妻子格拉迪斯·梅萨和士官锡德里克·托内伊,三人均系枪杀。在托内伊尸体下发现一支手枪,初步认为是他杀死了卫队长夫妇,然后自杀。教皇为这一枪杀案感到震惊。梵蒂冈的唯一法官姜·路易吉·马罗内负责调查此案。梵蒂冈卫队始建于一五○六年,由一百名瑞士天主教徒组成,其中有七十名戟士,二十五名士官,四名军官,一名牧师。(本报专电)",title_length
19980506-07-001,鲁杰罗:希望中国尽早加入世贸瑞工商大臣:将努力促进瑞中经贸合作,no_topic
19980506-07-002,拉美去年吸收外资创纪录,no_topic
19980506-07-003,欧元提出的挑战,no_topic
19980506-07-004,珍龟放生记,no_topic
19980506-07-009,人类病亡主因———环境污染,no_topic
19980506-07-010,板书直接存入学生电脑,multiple_topics
19980506-07-011,亚美尼亚向德国归还文物(图片),short_body
19980506-07-012,美能源部预测世界能源需求持续上升,no_topic
19980506-08-002,国安还会胜吗———国安敖东之战前瞻,no_topic
19980506-08-003,岳阳龙舟竞风流---访岳阳市市长周昌贡(附图片1张),no_topic
19980506-08-004,上海国际武术博览会落幕,no_topic
19980506-08-006,中国队将参加中国汽车拉力赛,short_body
19980506-09-002,王民岗谈青年突击队着力点时说---跨世纪人才要有跨世纪本领,no_topic
19980506-09-003,有钱建庙堂无钱修学堂不该!(附图片2张),no_topic
19980506-09-004,从泰坦尼克号沉没说起,no_topic
19980506-09-005,心贴老干部情系老干部———江西省认真做好离退休干部工作,no_topic
19980506-09-006,628次列车保母子平安,no_topic
19980506-09-008,双休日电脑小教员--戴勇(图片),short_body
19980506-09-009,盂县千名下岗职工再就业,no_topic
19980506-10-001,办报为大众办报靠大众,no_topic
19980506-10-002,发扬传统开拓未来,no_topic
19980506-10-003,坚持党报为群众服务的方针,no_topic
19980506-10-004,继往开来探索新路,no_topic
19980506-10-005,"优良传统要继承,也要发展",no_topic
19980506-10-006,大众化的典范,no_topic
19980506-10-007,为“退货有奖”喝彩!,no_topic
19980506-10-008,不能再继续下去了(附图片3张),no_topic
19980506-10-009,这位列车长胃口真大!,no_topic
19980506-10-010,党旗党徽图案不能乱用,no_topic
19980506-11-001,中式快餐稳中偏“火”,no_topic
19980506-11-002,“说实话”与“听实话”,no_topic
19980506-11-003,肯定主流强化培训,no_topic
19980506-11-004,公路“杂耍”(图片),short_body
19980506-11-005,打工要思归,no_topic
19980506-11-006,看护好心灵的绿坪,no_topic
19980506-11-007,偷一罚十于法无据私自扣车错上加错,no_topic
19980506-11-008,火柴厂走出来的『孩子王』,no_topic
19980506-11-009,多宣传平凡的人,no_topic
19980506-11-010,补充松果体素纠正失眠要掌握剂量,no_topic
19980506-12-001,怀念彭真同志,no_topic
19980506-12-002,良师挚友情谊永存,no_topic
19980507-01-001,江泽民会见澳门特区筹委会委员时强调实现澳门回归是中华民族又一盛事,no_topic
19980507-01-002,江泽民会见米歇尔中塞两国友好合作顺利发展富有成果,no_topic
19980507-01-004,全国政协举行第四次主席会议李瑞环主持会议,no_topic
19980507-01-005,国务院召开常务会议,no_topic
19980507-01-006,中共中央印发党和国家机关基层组织工作条例,no_topic
19980507-01-007,全国人大常委会办公厅通知公布土地管理法(修订草案)征求意见,no_topic
19980507-01-008,哈萨克斯坦共和国总理巴尔金巴耶夫今起对我国进行正式访问,no_topic
19980507-01-009,“远亲不如近邻”,no_topic
19980507-02-001,旅游:何时潇洒走一回?———扩大消费话题(六),no_topic
19980507-02-002,发展小企业开辟新门路,no_topic
19980507-02-004,江苏免费培训百万下岗职工,no_topic
19980507-02-005,湖南运用价格杠杆启动市场,no_topic
19980507-02-006,鸭嬉白洋淀(图片),short_body
19980507-02-007,『龙』卧平川(图片),short_body
19980507-02-008,鹏运获衬衫西服双金奖,no_topic
19980507-02-009,天津六成大中型国企完成嫁接改造调整,no_topic
19980507-02-010,铁道部加紧建设三峡运输大通道,no_topic
19980507-02-012,多些『水公司』,no_topic
19980507-02-013,京沪穗开通“空中高速路”,no_topic
19980507-02-015,内蒙古媒体免费刊播择业广告,no_topic
19980507-02-016,汕头八千职工悉数分流安置,no_topic
19980507-02-017,"本报讯由北京建工集团七建公司承建的王府井变电站土建工程目前已进入冲刺阶段。这座变电站是北京市电网改造工程的重要项目,也是华北电网中的大型变电站。(胡豫民白延龙)",title_length
19980507-02-018,"本报讯中保财险广东省云浮市支公司今年第一季度实现保费同比增长百分之二十三,承保总金额达二十五亿多元,业务增幅居于广东各市同行前茅。",title_length
19980507-02-019,"本报讯由私营企业安徽中兴房地产有限公司与合肥荣事达集团有限责任公司共同出资组建的合肥荣事达电工有限公司,日前在合肥蜀山开发区挂牌投产。",title_length
19980507-02-020,"本报讯日前,广东黄埔海关在珠江口沙角水域查获走私进口电视机、胶卷和相纸的『广驳运307』船,走私物品案值人民币二千零四十万元,偷逃税款额达九百二十四万元。(黄广雄赖悦喜)",title_length
19980507-02-021,"本报讯据广州海关统计,今年一季度广东全省鞋类出口总值四点四四亿美元,经广州海关关区共出口鞋类九千零三万双,价值三点七二亿美元,量值比去年同期增长百分之四。(徐越汤志俭)",title_length
19980507-02-022,本报讯由美国福来纳公司与北京市百惠经济发展有限公司联合设立的福来纳产品北京办事处日前在京成立。(仲文),short_body
19980507-03-001,中国共产党党和国家机关基层组织工作条例,no_topic
19980507-03-002,认真贯彻执行基层组织工作条例,no_topic
19980507-03-003,中直机关表彰青年岗位能手,no_topic
19980507-03-004,真情熨暖你的心,no_topic
19980507-04-001,澳门特别行政区筹备委员会工作规则,no_topic
19980507-04-002,澳门特区筹委会首次全体会议闭幕,no_topic
19980507-04-003,李鹏会见塞舌尔副总统,no_topic
19980507-04-004,朱镕基分别会见西班牙智利客人,no_topic
19980507-04-005,澳门特区筹委会第一次全会新闻公报(1998年5月6日通过),no_topic
19980507-04-006,外经贸部发言人发表谈话,no_topic
19980507-04-007,关于澳门特区筹委会设立工作小组的决定,no_topic
19980507-04-008,外交部发言人答记者问中国对中东问题会谈未果表示遗憾,no_topic
19980507-04-009,澳门特区筹委会秘书长陈滋英表示澳门特区筹备工作进入实质阶段,no_topic
19980507-04-010,李岚清分别会见比利时西班牙客人,no_topic
19980507-04-011,李鹏会见比利时客人,no_topic
19980507-04-012,明天气象预报(5月7日20时—5月8日20时),no_topic
19980507-05-003,继承光荣传统献身世纪伟业,no_topic
19980507-05-004,跋山涉水风餐露宿测绘先进集体个人受表彰,no_topic
19980507-05-006,西安市『百名盲童复明工程』启动(图片),short_body
19980507-05-007,"本报北京5月5日讯英特尔公司董事长兼首席执行官安德鲁·葛鲁夫今天在北京宣布,英特尔公司将在北京建立一个信息技术研究与开发中心。该中心将就国际互联网和信息技术的有关问题进行探索。(马飞孝)",title_length
19980507-05-008,"本报北京5月6日讯由中国国际贸易促进委员会、国家药品监督管理局和北大方正集团合作编辑出版的中国医药行业第一张中英文多媒体光盘《中国医药企业名典》,今日驶上因特国际互联网。该光盘选编了我国千家中西制药、保健品、医疗器械、制药机械等企业和百余种名、优、新药产品。(王燕)",title_length
19980507-05-009,"本报讯走科技兴税之路已为山东泰安市泰山区国税局干部职工认同,并取得显著成效。这个局充分利用计算机、多媒体、投影电视等设施,组织岗位学习,结合税收应用软件,边学、边练、边工作。目前已有30%的职工取得计算机初级证书。科技兴税有效地促进了职工业务素质的提高。(李道友张培甲)",title_length
19980507-05-010,"本报讯最近,北京市红十字会医疗保健服务中心向全国企事业单位及个人推出了“红十字医疗服务卡”,以便发挥红十字会保护人生命和健康的作用。持卡者可享受到就医、手术、住院预约、电话医疗建议、就医服务指导、药品邮寄、临终关怀、心理咨询等各项服务。(汪葆明)",title_length
19980507-05-011,"本报讯黑龙江省牡丹江市煤气公司把粉煤灰和粘土按一定比例配制成焦炉密封材料,在国内同行业中开了先河。经测算年创综合经济效益上百万元。7个多月的应用证明,每年可节约200多吨焦煤,多产焦炭150多吨、煤气6万多立方米,还可多出煤焦油等产品。(魏久纯)",title_length
19980507-05-012,"本报讯最近,一台定型为CE—7479DBS的康力73厘米卫星数字直播彩电在康惠电子公司研制成功。卫星数字直播彩电,在欧美已盛行多年,它无需有线电视台提供有线信号,能够直接接收来自卫星上转播的电视广播信号,可以有效解决边远地区信号接收困难的难题。(晓裴)",title_length
19980507-05-013,"本报讯广东女书法家、诗人汪铭珊的诗词书法作品展日前在中国军事博物馆举行。汪铭珊诗词书法作品展是应首都艺术博览会的邀请来京举办的。展出的30幅书法作品,大部分是她自己创作的诗词、楹联,字体以篆书为主,兼写其他,展示了这位女书法家的艺术功力。(王曦东)",title_length
19980507-05-014,"本报讯建在北京西单路口的北京图书大厦于5月6日正式开业。北京图书大厦建筑面积5万平方米,可陈列图书10万余册。据悉,该大厦已与全国500多家出版社建立了业务关系,并与华北计算机公司共同研制开发出营销软件。",title_length
19980507-06-001,印度外交部发言人发表正式声明印中友好合作进程不变,no_topic
19980507-06-002,巴否认阿拉法特同意建都东耶郊区以总理可能拒绝赴美参加以巴和谈,no_topic
19980507-06-003,伦敦会议未获突破,no_topic
19980507-06-004,印舆论突出报道我发言人表态前总理古杰拉尔批评费尔南德斯,no_topic
19980507-06-005,佩雷斯支持巴勒斯坦建国,no_topic
19980507-06-006,川·立派同洪森会谈,no_topic
19980507-06-007,泰前总理差猜逝世,no_topic
19980507-06-008,俄组成政府主席团,no_topic
19980507-06-009,南塞政府再邀阿族谈判愿坦率对话解决一切具体问题,no_topic
19980507-06-010,就近来科索沃局势,no_topic
19980507-06-013,只要播种就有收获———恰帕斯州纪行(下)(附图片1张),no_topic
19980507-06-014,莫斯科筹备纪念二战胜利日(附图片2张),short_body
19980507-07-002,国际行动理事会发表公报要求世贸组织接纳我为成员,no_topic
19980507-07-003,美海关协助我文物完璧,no_topic
19980507-07-004,隐姓埋名五十载纳粹战犯露真相,no_topic
19980507-07-005,发太空财(附图片1张),no_topic
19980507-08-001,世界冠军队也有弱点---巴西队阵容初析,no_topic
19980507-08-005,中斯联合登山队首次冲顶受挫,no_topic
19980507-08-007,卡尔波夫将再度来华,no_topic
19980507-09-002,小白兔『吃』掉大白菜,no_topic
19980507-09-004,“银海”泛舟亦潇洒,no_topic
19980507-09-006,菏泽牡丹年销售收入四亿元,no_topic
19980507-09-007,新河兴起私营水利,no_topic
19980507-09-008,《农药管理条例》有奖征答颁奖,short_body
19980507-09-009,空中观看北京绿化(图片),short_body
19980507-09-011,福建漳浦县大力开发水产养殖业(图片),short_body
19980507-10-001,关键是抓落实,no_topic
19980507-10-002,“话风”也得改一改,no_topic
19980507-10-003,怎样理解市场多元化战略,no_topic
19980507-10-004,买方市场下的企业创新,no_topic
19980507-11-002,百年沧桑入卷来北大出版社推出30余种校庆图书(附图片1张),review: 高校出版校庆图书，文化与教育交叉
19980507-11-005,人间有味是清欢———大型画册《中国竹工艺》赏析(附图片2张),no_topic
19980507-11-006,平生竹石有深情———祝竹的篆刻与国画(附图片2张),no_topic
19980507-11-007,《从政明镜》娓娓谈修养,no_topic
19980507-11-008,低眉信手续续弹(图片),short_body
19980507-11-009,迎接一个新兴产业的崛起《中国商检经济学》的探索,no_topic
19980507-11-010,社会热点的冷静思考———《中国跨世纪的再就业工程》评介,no_topic
19980507-12-001,关于精神文明建设“五个一工程”,no_topic
19980507-12-002,文当尽天下之妙,no_topic
19980507-12-003,饱蘸激情写历史———评长诗《百年期待》,no_topic
19980507-12-004,《鸟瞰地球》:“筑巢者”悲壮的轨迹,no_topic
19980507-12-005,涨潮的季节---读亦秋《涨潮时分》随想,no_topic
19980507-12-006,寄予厚望的期待---读范小青《百日阳光》,no_topic
19980507-12-007,"●长篇小说《长相思》研讨会举行本世纪四十年代前后,一批生活在大西南的年轻知识分子,走出书斋,投身到革命洪流当中,他们顺长江而下,先武汉后南京再上海乃至异国,他们的身份也由原先的教员、学生、官僚、戏子、旧军人逐渐地转变成为共产党人、革命军人及文艺工作者。在周懋庸的长篇小说《长相思》中,通过这段历史生动地展现出一个时代的深刻变化。由上海文艺出版社、中国作家协会创联部等单位在北京举办的研讨会上,与会者认为,小说的题材独具特色,通过主人公的求索,反映了几代中国知识分子的心路历程和几十年中国文化的变迁发展。(郑艺)",title_length
19980507-12-008,"●长篇小说《海噬》研讨会在京举行文艺报社举办的长篇小说新作《海噬》(作家出版社出版)研讨会于日前在北京举行。余德庄创作的《海噬》,描述了一个不甘平庸的下海者如何在商海大潮中浮沉、挣扎以至最后被吞没毁灭的全过程,揭示出我们今天时代所面临的种种社会矛盾、人与人之间错综复杂的关系以及在新的生活面前人们的各种心态和精神面貌。与会专家认为,长篇小说《海噬》剖析了商海大潮中的众生相,有很强的现实针对性和警世意义。小说对主人公裴子鸿矛盾复杂的心理性格刻画,给当代文学画廊增添了一个不可多得的艺术形象。",title_length
19980507-12-009,"●《天津日报》举办小小说大赛小小说作品不仅篇幅短小、题材多样,而且蕴含深刻,富有生活气息,因此,小小说受到广大读者的欢迎。为此,《天津日报》文艺周刊继一九九六年第一届小小说大奖赛之后,又于今年四月举办『华孚杯』第二届小小说大赛,通过这次活动推出一批好的小小说作品,从中发现文学新人。(宋曙光)",title_length
19980507-12-010,"●抗联英雄三部曲之二《李兆麟》出版老作家王忠瑜新著『抗联英雄三部曲之二』《李兆麟烽火辽东》一书,日前在北京出版。这部由人民文学出版社出版的长篇小说,是王忠瑜继著名小说『抗联英雄三部曲之一』的《赵尚志》之后的又一部力作。书中描写了抗联著名将领李兆麟,在『九一八』事变后,为寻求救国之道,投奔中国共产党,组织抗日义勇军,与日寇侵略军展开殊死血战的英雄事迹。",title_length
19980508-01-002,壮烈未必在疆场———记身患绝症仍不辱使命的大使夫人叶兆烈同志,no_topic
19980508-01-003,朱镕基与巴尔金巴耶夫会谈,no_topic
19980508-01-004,江泽民会见英国路透集团总裁(附图片1张),no_topic
19980508-01-005,中央军委发出通知要求全军和武警部队,no_topic
19980508-01-006,健全社会保障体系,no_topic
19980508-01-007,苏里南总统将访华,short_body
19980508-01-008,加强对选拔任用干部工作的监督,no_topic
19980508-01-009,重视发展高效特色农业的河北省清县(图片),short_body
19980508-01-011,注意再就业工作中女工问题,no_topic
19980508-02-001,中华人民共和国土地管理法(修订草案),no_topic
19980508-03-001,中央直属中央国家,no_topic
19980508-03-003,全总要求加强对女职工权益的维护,no_topic
19980508-03-005,助残扶贫携手同行(图片),short_body
19980508-03-007,哈密出现各族军民团结新局面,no_topic
19980508-04-002,外交部发言人发表谈话,no_topic
19980508-04-003,未来一周天气趋势,no_topic
19980508-04-004,国家工商局要求各级工商行政管理机关,no_topic
19980508-04-005,唤起社会对贫困母亲的关心援助“献给母亲的一句话”活动参加者踊跃,no_topic
19980508-04-006,李鹏会见巴布亚新几内亚议长,no_topic
19980508-04-007,李岚清会见美国客人,short_body
19980508-04-008,话剧《工人世家》打动观众心(图片),no_topic
19980508-04-009,图片新闻,title_length
19980508-04-010,如皋市城西乡培植花木美名扬,no_topic
19980508-04-011,英雄虎妈妈产仔一十八,short_body
19980508-04-013,启事,title_length
19980508-04-014,明天气象预报(5月8日20时—5月9日20时),short_body
19980508-04-015,"据新华社北京5月7日电(记者罗辉)国务院副总理钱其琛今天在中南海会见了智利外交部长何塞·米格尔·因苏尔萨。钱其琛表示,中方愿同智利政府一道,为建立中智跨世纪、长期稳定的互利合作关系而努力。",title_length
19980508-04-016,"据新华社北京5月7日电(记者谭国器)国务委员罗干今天在中南海会见了由联合国副秘书长兼禁毒署执行主任皮诺·阿拉奇率领的联合国禁毒署代表团。罗干表示,严厉禁毒是中国政府的一贯立场,中国将一如既往地积极参与国际禁毒合作,为国际社会的禁毒事业作出贡献。阿拉奇一行是应公安部的邀请来华访问的,访问期间,他们还将赴云南实地考察禁毒工作。",title_length
19980508-04-017,"新华社北京5月7日电中国社会科学院院长李铁映今天下午在人民大会堂会见了智利外长何塞·米格尔·因苏尔萨一行,双方就共同感兴趣的问题进行了亲切友好的交谈。",title_length
19980508-04-018,据新华社北京5月7日电中共中央政治局候补委员曾庆红今晚在钓鱼台国宾馆会见了日本自民党代理干事长野中广务一行。,short_body
19980508-04-019,新华社北京5月6日电全国政协副主席万国权今天在人民大会堂会见了由毛里求斯艺术、文化和娱乐部长曾范兴健率领的毛里求斯政府文化代表团。,title_length
19980508-04-020,"据新华社北京5月6日电(记者王晓东)外交部长唐家璇和智利外长何塞·米格尔·因苏尔萨今天在京举行会谈,双方对中智建交28年来双边关系的发展都表示满意。",title_length
19980508-04-021,据新华社北京5月6日电(记者刘朝晖)外经贸部部长石广生今天在这里会见了来访的西班牙外交大臣阿韦尔·马图特斯—胡安。,short_body
19980508-04-022,"据新华社北京5月7日电(记者刘朝晖)外经贸部部长石广生今天在这里会见了智利外长何塞·米格尔·因苏尔萨,双方就进一步加强两国经贸关系等问题交换了意见。",title_length
19980508-05-001,营造书香世界———访国家新闻出版署署长兼国家版权局局长于友先,no_topic
19980508-05-002,雪域奇莲---高级工程师雷菊芳援藏记,no_topic
19980508-05-004,减轻灾害工程浩大分区管理乃为良策,no_topic
19980508-05-005,跨越国界多元互补汉学研究国际会议在京举行,no_topic
19980508-05-006,图片新闻,title_length
19980508-05-009,江阴每天清洁路面整洁花草绕城空气清新,no_topic
19980508-05-010,碧海舟赴澳办个人画展,no_topic
19980508-05-012,中国的发展与21世纪的国际格局国际学术研讨会在京举行,no_topic
19980508-05-013,大型建筑为何坍塌碱集料反应是祸害,no_topic
19980508-05-014,"本报讯位于北京海淀图书城的国林风图书中心,日前与微软公司合作成立了『微软资源信息中心』。自此图书城有了『网上书吧』,众多爱书人可以利用微软强大的软件网络优势及国林风图书中心的丰富图书资源,直接在网上查询图书信息,尽享信息时代的科技文化成果。(戴黎丽)",title_length
19980508-05-015,"本报讯以研制开发儿科外用贴剂闻名的山西亚宝药业(集团)公司,近来开展了『向全国贫困乡村父老乡亲献爱心』活动。到目前为止,已向全国十多个省区一千多个县(市)的十万余个乡村卫生所邮寄捐赠了价值三百多万元的外用贴剂。",title_length
19980508-05-016,"据新华社北京电(记者于长洪)国家级有突出贡献专家、山西稷山骨髓炎医院院长杨文水,开辟骨髓炎治疗新途径,创造了无一例截肢的世界纪录,其中为九千多例曾被建议截肢的患者保全了肢体。最近他在人事部牵线下来到北京,与武警北京第二总队医院联办骨髓炎诊疗中心,用先进医术成果服务群众。",title_length
19980508-06-001,中美举行次内阁级磋商,no_topic
19980508-06-002,克林顿反驳以对美指责法敦促以打破和谈僵局,no_topic
19980508-06-003,亨廷顿承认『多极化』,no_topic
19980508-06-004,安南赴布隆迪斡旋敦促布接受坦桑调解,no_topic
19980508-06-005,肯尼亚召开经济协商会议(图片),short_body
19980508-06-006,荷兰大选揭晓工党保持议会第一大党地位,no_topic
19980508-06-007,苏丹交战双方和谈再告失败,no_topic
19980508-06-008,布莱尔梅杰同赴北爱呼吁民众赞成和平协议,no_topic
19980508-06-009,法德首脑磋商欧洲建设,no_topic
19980508-06-010,俄罗斯组成新政府机构精简成员年轻权力扩大,no_topic
19980508-06-011,洪森表示将与拉那烈会谈柬主要政党全部注册参加大选,no_topic
19980508-06-012,哈首都易名为阿斯塔纳,no_topic
19980508-06-013,智利重视发展旅游业(图片),short_body
19980508-06-014,平淡中看变化---荷兰大选结果试析,no_topic
19980508-07-001,中国藏学家代表团访问瑞士,no_topic
19980508-07-002,欧元与德法关系,no_topic
19980508-07-004,工业史上最大合并事件奔驰与克莱斯勒“联姻”(附图片1张),no_topic
19980508-07-005,"东盟农林部长级会议四月二十七日至二十九日在泰国普吉举行。会议制定东盟粮农合作的长期战略,并决定在稳定东盟粮食生产,促进东盟各国在农业、林业、渔业的合作和交流,开发农林业新技术等七个方面开展合作。",title_length
19980508-07-006,以非洲复兴充满机遇为主题的一九九八年非洲电信展五月四日上午在南非约翰内斯堡开幕。这是非洲大陆举办的规模最大的电信展览。来自非洲四十个国家和世界主要国家的四百四十多家厂商和运营公司参加了这次展览。中国电信、中国电子进出口总公司等十三家公司共展出十大类产品。,title_length
19980508-07-007,"泰国内阁会议五月六日通过决议,任命乍都蒙空亲王为国家银行行长。泰国国家银行前行长猜亚瓦是五月四日宣布辞职的。(本报专电)",short_body
19980508-08-002,阳信人民情系女排,no_topic
19980508-08-003,小球运动管理中心确定亚运目标女子垒球力争三连冠,no_topic
19980508-08-004,谁比谁快———女“飞人”挑战赛预测,no_topic
19980508-08-006,高敏复出与王怡之走,no_topic
19980508-08-007,上海改革青少年运动会竞赛体制,no_topic
19980508-08-008,意大利国际米兰队捧得欧洲联盟杯,no_topic
19980508-08-009,田径世锦赛奥运会又添新项目,short_body
19980508-08-010,香港高尔夫球爱好者资助失学儿童,no_topic
19980508-08-011,棒球:从娃娃抓起(图片),short_body
19980508-09-001,走向市场之后......(附图片1张),no_topic
19980508-09-002,致北京居民:让我们都来维护文明环境,no_topic
19980508-09-005,嘉德春季有“重”拍,no_topic
19980508-09-006,法国芭蕾又登北京舞台南锡芭蕾舞团明晚演《天鹅湖》,no_topic
19980508-09-007,《黑脸》无私观众动情,no_topic
19980508-09-008,"举世闻名的北京故宫,前些日子在墙下却漂浮着许多烂纸和塑料袋(图片)",short_body
19980508-09-009,"这里原来没有路,可人一多......(图片)",short_body
19980508-09-010,在交响乐中迎接“五四”,short_body
19980508-10-001,银幕迎来现代海军(附图片1张),no_topic
19980508-10-002,战胜迷惘闯出新路,no_topic
19980508-10-005,为再现塔山阻击战叫好,no_topic
19980508-10-007,照亮历史写精神,no_topic
19980508-10-009,且慢称『帝』道『后』,no_topic
19980508-10-010,《好人合算》因为平实而感动(附图片1张),no_topic
19980508-10-011,老舍歌剧《拉郎配》搬上舞台,no_topic
19980508-10-012,三地明星联手演传奇《新江山美人》在苏州拍摄,no_topic
19980508-10-013,《东方时空》的特殊纪念,no_topic
19980508-10-014,《家事风云》将播出,no_topic
19980508-10-015,《人间正道》在京研讨,no_topic
19980508-11-001,楼阁清癯类硕儒,no_topic
19980508-11-002,白水城梦水,no_topic
19980508-11-003,父母的歌谣,no_topic
19980508-11-004,河神,title_length
19980508-11-005,暖雪之思,title_length
19980508-11-006,我们在严寒中锻炼青春,no_topic
19980508-12-001,"凤霞,你怎么就走了(附图片1张)",no_topic
19980508-12-002,北大百年感言,no_topic
19980508-12-003,青草娃变三毛,no_topic
19980508-12-004,心灵有寄唱晚晴,short_body
19980508-12-005,春雨,title_length
19980508-12-006,五月的苏铁,no_topic
19980508-12-007,岗位,title_length
19980508-12-008,乡村学童(摄影),short_body
19980509-01-001,更加自觉坚定地坚持实践标准坚持党的解放思想实事求是思想路线,no_topic
19980509-01-002,在伟大的实践中开拓前进---纪念『真理标准讨论』二十周年,no_topic
19980509-01-003,江泽民会见哈萨克斯坦总理,no_topic
19980509-02-001,李鹏会见哈萨克斯坦总理,no_topic
19980509-02-002,中纪委监察部提出中央和国家机关制止奢侈浪费要做表率,no_topic
19980509-02-003,诗人张志民逝世,no_topic
19980509-02-004,黄乙俊同志逝世,no_topic
19980509-02-005,胡锦涛分别会见日本韩国客人,no_topic
19980509-02-007,钱其琛会见中非总统特使,no_topic
19980509-02-008,我国瑶学研究获重大突破瑶族圣地千家峒地理位置被确认,no_topic
19980509-02-009,中国西部开发与企业发展战略研讨会在成都召开,no_topic
19980509-02-010,王兆国会见香港客人,short_body
19980509-02-011,《范文正公全集》重版本发行,no_topic
19980509-02-012,首届中关村电脑节开幕(附图片3张),short_body
19980509-02-014,《延安解放日报史》出版座谈会举行,no_topic
19980509-02-015,首批无偿献血者座谈会在京举行,no_topic
19980509-02-016,明天气象预报(5月9日20时—5月10日20时),no_topic
19980509-02-017,钱其琛会见韩国客人,short_body
19980509-02-018,吴仪会见美国在华企业代表,short_body
19980509-02-019,据新华社北京5月8日电国务委员吴仪今天在这里会见了以日本经济团体联合会中国委员会委员长关本忠弘率领的日本经济访华团。日本客人是应中国国际友好联络会邀请来访的。,title_length
19980509-02-020,据新华社北京5月8日电国务委员司马义·艾买提今天在钓鱼台国宾馆会见了来访的澳大利亚维多利亚州州督詹姆士·戈博爵士。,short_body
19980509-02-021,据新华社北京5月6日电全国妇联主席陈慕华今晚在人民大会堂会见了以朝鲜民主妇女同盟中央委员会副委员长郑明姬为团长的朝鲜妇女代表团。,title_length
19980509-02-022,"据新华社北京5月7日电中国卫生部部长张文康率领的代表团今天离京赴日内瓦,出席将于5月11日开始举行的第51届世界卫生大会。",title_length
19980509-02-023,"新华社北京5月7日电外交部发言人朱邦造今天宣布:应外交部长唐家璇的邀请,爱沙尼亚共和国外交部长托马斯·伊尔维斯将于5月11日至16日对中国进行正式访问。",title_length
19980509-03-001,保加利亚总统访华前夕表示希望推动保中关系向前发展,no_topic
19980509-03-002,中东和谈,title_length
19980509-03-003,门当户对的联姻---记奔驰和克莱斯勒合并,no_topic
19980509-03-004,图片新闻,title_length
19980509-03-005,涉嫌售台武器收佣金法前外长迪马受审查,no_topic
19980509-03-007,为减少城市大气污染欧洲拟建“绿色汽车区”,no_topic
19980509-03-008,安南在卢旺达发表演说对未能阻止部族屠杀表示遗憾,no_topic
19980509-03-009,巴特勒建议解除对伊部分制裁,no_topic
19980509-03-010,美宣布促进北爱和平新措施,no_topic
19980509-03-011,南阿边境再起冲突,no_topic
19980509-03-012,我藏学家在法举行报告会,no_topic
19980509-03-013,日极右翼炮制反动影片公然美化战犯东条英机,no_topic
19980509-04-001,珍惜机会---访四川女子短跑教练张荣伟,no_topic
19980509-04-002,全国保龄球精英赛将在广东举行,no_topic
19980509-04-008,国际泳联跳水大奖赛余卓成获一米板冠军,no_topic
19980509-04-009,世界女“飞人”挑战赛赛程,short_body
19980509-05-002,宏观经济学发展的方向和问题,no_topic
19980509-05-003,邵景均撰文提出:对干部要考核领导科学理论水平,review: 领导科学理论考核，非自然科学技术
19980509-05-004,郑新立撰文主张:重视引导消费,no_topic
19980509-05-005,推荐一本转轨经济学新著,no_topic
19980509-05-006,简评《产业经济学》,no_topic
19980509-05-007,学术动态(图片),short_body
19980509-06-001,为了三亿小读者,no_topic
19980509-06-002,新的景观新的繁荣,no_topic
19980509-06-005,少年英雄梦,no_topic
19980509-06-006,编后,title_length
19980509-07-001,"手拉手,心连心(附图片2张)",no_topic
19980509-07-002,阿昌族女乡长(附图片1张),no_topic
19980509-07-003,找一条致富路(附图片1张),no_topic
19980509-07-005,能否说声:没关系,no_topic
19980509-07-006,天津为下岗女工想实招办实事,no_topic
19980509-07-007,国外有关尊重和保护女性的法规(小资料),no_topic
19980509-07-008,“巾帼英雄”的传说,no_topic
19980509-07-009,保姆阿姨,title_length
19980509-08-001,素朴平淡才是真———痛悼吕叔湘老师,no_topic
19980509-08-002,短歌四首,title_length
19980509-08-003,曲径(摄影),short_body
19980509-08-004,想起滕子京,no_topic
19980509-08-005,山外侃山,title_length
19980509-08-006,谒刘勰墓,title_length
19980509-08-007,虾趣(中国画),short_body
19980509-08-008,走远的牛,title_length
19980509-08-009,"一部介绍信息发展和网络知识的电视系列片《新世纪之歌》五月十一日至十五日在北京高新技术产业国际周期间播出。该片由中共北京市委宣传部、北京市科委、北京信息化办公室和北京有线电视台联合制作。它以当今全球信息发展为背景,客观的报道,力求使观众更直观更实际地了解信息技术,从而认识现实,把握未来。(张)",title_length
19980509-08-010,"总政话剧团将于五月十二日起在八一剧场举行三场大型话剧、小剧场话剧和小品文艺晚会,以庆祝建团四十五周年。总政话剧团成立于一九五三年。四十五年来,该团以高超的艺术水准、严整的阵容,先后演出大小剧目二百余部,累计为部队巡回演出五十六次,观众达一千三百四十二点七万,赢得了军内外的赞誉。此次演出的话剧《男人兵阵》、小剧场剧《冲出强气流》和小品文艺晚会,旨在展示近年来的艺术成果和新人。(林木)",title_length
19980510-01-001,利用投资环境综合优势开拓思路强化招商举措,no_topic
19980510-01-003,大漠壮歌---记空军某试验基地的知识分子(附图片1张),no_topic
19980510-01-005,吴邦国在部分省市经济运行形势座谈会上强调,no_topic
19980510-01-007,发展个体私营经济,no_topic
19980510-01-008,外交部发言人答记者问,no_topic
19980510-01-009,保加利亚总统斯托扬诺夫今起对我国进行国事访问(附图片1张),no_topic
19980510-02-001,日驻美大使粉饰南京大屠杀我驻美使馆发言人严词驳斥,no_topic
19980510-02-002,战犯成“英雄”(附图片1张),no_topic
19980510-02-003,内塔尼亚胡拒赴华盛顿阿拉法特决定如期与会,no_topic
19980510-02-005,张北农民春耕忙(图片),short_body
19980510-02-006,’97全国新闻摄影年赛揭晓本报有7幅作品获金、银、铜奖,no_topic
19980510-02-007,首批部级文明律师事务所受表彰,no_topic
19980510-02-008,人类基因简介,no_topic
19980510-02-009,九江长江大堤险情基本得到控制,no_topic
19980510-02-010,塞舌尔副总统结束访华,no_topic
19980510-02-011,中哈经贸洽谈会在京举行,short_body
19980510-02-012,姜春云会见韩国客人,no_topic
19980510-02-013,军博四十年接待观众五千万,no_topic
19980510-02-014,明天气象预报(5月10日20时—5月11日20时),no_topic
19980510-03-004,当代小提琴之王,no_topic
19980510-03-005,伊比利亚半岛的乐声,no_topic
19980510-03-006,太阳雨,title_length
19980510-03-007,埃及开罗尼罗河畔风光(图片),short_body
19980510-04-001,济南交警的辐射效应,no_topic
19980510-04-002,济南交警旗帜更鲜艳,no_topic
19980510-04-003,集节能、环保、社会、经济效益于一体新一代蜂窝煤亟待推广,no_topic
19980510-04-004,哈尔滨力戒婚事上的腐败严禁领导干部及其子女大操大办,no_topic
19980510-04-005,长沙:街头脏乱又抬头,no_topic
19980510-04-006,打包公牌唱廉政歌合肥着手纪念包拯千年诞辰,no_topic
19980510-04-007,图片新闻,title_length
19980510-04-008,慈溪围垦杭州湾荒滩一派春光图,no_topic
19980510-04-010,青岛方便用电市民一户一表,no_topic
19980511-01-001,朱镕基在国有重点大型企业稽察特派员培训班开班式上强调,no_topic
19980511-01-002,在纪念真理标准讨论二十周年座谈会上的讲话(一九九八年五月八日),no_topic
19980511-01-004,“白衣血库”奉献爱心,no_topic
19980511-01-005,加强就业指导信息服务,no_topic
19980511-01-006,保加利亚总统抵京,no_topic
19980511-01-007,一花引来百花开,no_topic
19980511-01-008,新疆建成我国最大的风电场(图片),no_topic
19980511-01-009,安徽省蚌埠市重视再就业工程(图片),short_body
19980511-01-011,"中央第三次西藏工作座谈会召开以来,对口援藏省市把教育援藏摆到突出位置,三年共为西藏教育事业投入资金九千三百多万元,占对口援藏实际到位资金的近四分之一,极大地促进了西藏教育的发展。日前,西藏自治区隆重表彰了近年涌现出来的教育援藏先进部门、单位和个人。(张忠王建新)",title_length
19980511-01-012,"五月七日,吉林省七十三名『种田能手』、『养殖大王』、土生土长的农民科技人才,经业务部门考核、审查和专家评审,被授予高级技术职称。这是该省首次在农民中评审技术职称,开辟了科技人才管理的新领域,标志着全省农民的科学文化素质达到了一个新的水平。据专家介绍,首批被授予高级职称的农民,在某一专业领域具备了相当水平的理论知识,掌握了先进技术的操作技能,已成为本乡本土的科技带头人。(汪波)",title_length
19980511-01-013,"山东省邮电管理局近日透露,山东省移动电话用户目前已突破百万户。截至四月底,山东省移动电话用户已达一百零三万户,成为继广东、江苏、浙江、福建之后全国第五个用户超过百万户的省份。据了解,山东省移动电话网基本实现了所有县以上城市、国道、高速公路、旅游热点区域和东部发达乡镇无缝覆盖,并与全国三十一个省、市、自治区及二十四个国家和地区实现了自动联网漫游。",title_length
19980511-02-001,轿车能否成为热点---扩大消费话题(七),no_topic
19980511-02-003,我国个体私营经济快速发展,no_topic
19980511-02-004,航运市场呈现全方位开放新格局对外开放港口达130多个,no_topic
19980511-02-006,投资基础设施促进经济发展(图片3张),no_topic
19980511-02-007,系好“安全带”,no_topic
19980511-02-010,安康建行盈利大幅增长,no_topic
19980511-02-011,广州轿车项目与日本本田签约,no_topic
19980511-02-012,江苏规范有形建筑市场,no_topic
19980511-02-013,鲁港将合作建设济泰高速公路,no_topic
19980511-02-014,岷县专业村层出不穷,no_topic
19980511-02-015,烟台港成为对外开放“小龙头”,no_topic
19980511-02-016,"本报讯中国北方航空公司将于六月一日正式开辟哈尔滨日本新国际航线。该航线是根据中日两国政府达成的航空协定,由中国民航总局批准北方航空公司开辟的。该航线采用MD82型客机投入运营,每周一飞行。(董伟)",title_length
19980511-02-017,"本报讯在全国机械工业企业竞争激烈的形势下,以生产精密注塑机而闻名的广东震德塑料机械厂有限公司,努力完善和加强内部管理,通过实施ISO9001质量标准,今年第一季度完成销售七千五百多万元,比去年同期增长百分之二十五,利润总额增长百分之二十。(三可)",title_length
19980511-02-018,"本报讯广东高路华电视机有限公司注重市场开发,收到显著成效。在最近国家统计局公布的去年中国彩电市场十大畅销品牌中,该公司生产的高路华牌彩电荣列第八位。(张长河)",title_length
19980511-02-019,"本报讯日前,湖北红桃K集团在国家科委主办的全国科技成果转化交易洽谈会上,举行了专场发布会,表达了寻求生物技术、新药、功能食品等领域的大中型高新技术项目的初衷。(汪文)",title_length
19980511-02-020,"本报讯河北龙达灌溉设备有限公司引进先进技术,研制成功适应中国土壤特征的内嵌迷宫式滴灌设备,与明水漫灌相比,该种滴灌设备可节水百分之六十,节能百分之五十至百分之七十,可有效缓解干旱缺水地区的大面积灌溉问题。",title_length
19980511-03-001,河北考核干部有把『铁尺子』跑官要官的少了真抓实干的多了,no_topic
19980511-03-002,全国人大常委会法工委等强调深入宣传贯彻消防法,no_topic
19980511-03-003,让中青年干部在实践中增长才干---访中共辽宁省委副书记孙春兰,no_topic
19980511-03-004,国防法施行经验交流会举行,no_topic
19980511-03-005,“名贵与而不贵取”,no_topic
19980511-03-007,残疾人的贴心社,no_topic
19980511-03-008,下岗职工的贴心人---邵支南(图片),short_body
19980511-04-001,全国宣传部长座谈会要求,no_topic
19980511-04-002,反腐败要抓『源头』,no_topic
19980511-04-003,著名地理学家胡焕庸逝世,no_topic
19980511-04-005,唐家璇前往泰驻华使馆吊唁差猜,short_body
19980511-04-006,唐家璇会见埃塞俄比亚副总理,no_topic
19980511-04-007,清理通讯工具控制会议数量制止公款旅游,no_topic
19980511-04-008,陆曦同志逝世,no_topic
19980511-04-009,湘乡市全面清理罚款逐步推行行政收费卡制度,no_topic
19980511-04-011,浙江建成多功能广播电视传输网,no_topic
19980511-04-012,图片新闻,title_length
19980511-04-013,漳州乡村民居实行统一规划,no_topic
19980511-04-014,凤翔东湖碑林建成迎客,no_topic
19980511-04-015,明天气象预报(5月11日20时—5月12日20时),no_topic
19980511-05-001,人口减下来经济搞上去曹县用活人口经济学,no_topic
19980511-05-003,专家建议增加膳食纤维,no_topic
19980511-05-004,北京红十字会助市民自救互救,no_topic
19980511-05-007,扎曲世界第一大峡谷标志点,no_topic
19980511-05-008,保定一中分校关心下岗职工子女特殊团费助困生(附图片1张),no_topic
19980511-05-011,银发银针治顽症———记张显臣大夫三十多年对针灸的研究,no_topic
19980511-05-012,"本报北京五月十日讯新改版后的《人生十六七》杂志今天上午在市少年宫向中学生举行首期二千册的赠阅仪式,并同市十五中的师生代表进行座谈,倾听他们的心声。该杂志首期刊登的中学生情感大调查、烽火世界杯、PC工作站等引起中学生们的浓厚兴趣。座谈会上,师生代表还就如何更贴近中学生的生活实际,增加反映他们生活的深度等提出了建议。《人生十六七》是由三九企业集团和共青团沈阳市委都市青年报刊社合办的。(文梦)",title_length
19980511-05-013,"本报讯惠普公司最近在国内市场推出具有照片图像输出质量的五十四英寸超大幅面打印机,在打印效率、图像质量、打印速度、打印成本、操作简便性等方面达到领先水平。(文君)",title_length
19980511-05-014,"本报讯北京野林科技有限公司近期推出了新型高效二氧化氯发生器,这种发生器通过电解盐产生以二氧化氯为主,伴有多种强氧化气体的混合气体,在强力杀菌的同时,不产生氯代有机物致癌物质,被建设部、中国预防医学科学院等专家誉为新一代安全型水消毒系统。(广泉)",title_length
19980511-06-001,阿拉法特要求以表现诚意原定今日华盛顿会议流产(附图片1张),no_topic
19980511-06-002,中阿友好合作前景广阔---访阿盟驻华代表处主任萨基特博士,no_topic
19980511-06-003,蒙美关系全面发展,no_topic
19980511-06-004,宰客『的士』有人管,no_topic
19980511-06-005,散步结社乐趣多,no_topic
19980511-06-006,俄乌南捷举行各种活动纪念反法西斯战争胜利(附图片1张),no_topic
19980511-06-007,马克思铜像头部失而复得人们认为破坏系极右分子所为,no_topic
19980511-06-008,经合组织外长会议举行,no_topic
19980511-06-009,安理会对伊官员出国解禁美一人道主义代表团抵巴格达,no_topic
19980511-06-010,欧盟向朝鲜提供援助,no_topic
19980511-06-011,南拒绝外国插手科索沃问题前南国际联络小组禁止向南投资,no_topic
19980511-06-012,美一州遭龙卷风袭击(图片),short_body
19980511-06-013,"伦敦市民在七日举行的全民公决中,赞成工党政府关于通过全民公决,直接选举产生伦敦市长和市议会的倡议。尽管投票率只有百分之三十四点一三,然而投票结果表明,大多数人赞成伦敦未来有一个民选的市长,投赞成票的比率为百分之七十二。这次全民公决是与英格兰地区地方议会的选举同时进行的。伦敦市长和议会的选举将于二○○○年举行。",title_length
19980511-06-014,"泰国外长素林九日呼吁国际社会,援助滞留在泰国边境的八万多柬埔寨难民,以解决这些难民的生活问题。",short_body
19980511-06-015,"为完成差猜上将的遗愿,泰中友协理事会九日一致通过决议,设立差猜上将慈善基金。基金为二百万铢(约五万美元),用于援助边远地区的穷人和贫穷的学生。",title_length
19980511-06-016,"十五国集团外长会议九日在开罗举行。这次会议是预定于十一日开幕的第八届十五国集团首脑会议的预备会议,主要任务是草拟大会的最后宣言、确定大会的议题和工作日程,并讨论斯里兰卡申请加入十五国集团的问题。",title_length
19980511-06-017,"南非开普敦高级法院八日做出裁定,推翻对姆贝基副总统等三十七名非洲人国民大会高级官员的『一揽子特赦』决定。去年十一月十八日,真相委员会下设的大赦委员会做出决定,特赦被指控在种族隔离时期犯有侵犯人权罪状的三十七名非国大高级官员,其中包括现任副总统姆贝基和五位政府部长。(本报专电)",title_length
19980511-06-018,"印度尼西亚执政的专业集团总主席兼国会议长哈尔莫科八日在雅加达说,专业集团同意在二○○三年以后总统任期最长不超过连任两届的建议。哈尔莫科是在谈到最近社会上要求进行政治、经济和司法等方面的改革时作上述表示的。",title_length
19980511-07-002,从金融风暴看网络经济,multiple_topics
19980511-07-003,欧元与意大利经济,no_topic
19980511-07-004,泥石流祸及五市镇意内阁拨款三千万(附图片1张),no_topic
19980511-07-005,核电站部件被盗伊警方加紧调查,no_topic
19980511-07-007,保加利亚南部城市举办《中国在发展》图片展(图片),short_body
19980511-07-008,英财长:IMF应有“黄牌警告权”,no_topic
19980511-08-001,海峡两岸保龄球冠军赛(上海站)结束,no_topic
19980511-08-002,首届连港杯女足赛大连队夺冠,no_topic
19980511-08-003,跳水蔡玉燕郭晶晶再夺两枚金牌,no_topic
19980511-08-008,举重中国力士刷新两项世界纪录,no_topic
19980511-08-010,『巧遇』琼斯,no_topic
19980511-08-011,西藏登山队登上世界第三高峰,short_body
19980511-08-013,孙浩平一项射击世界纪录,no_topic
19980511-09-001,北京房价为何高高在上,no_topic
19980511-09-002,盼望买到中国货,no_topic
19980511-09-003,举手说真话,no_topic
19980511-09-004,五常酒霸真难除?(附图片1张),no_topic
19980511-09-005,清淤非要砍树吗?(附图片2张),no_topic
19980511-09-007,沟通你和我,no_topic
19980511-09-008,“世界一流”的悲剧(附图片2张),no_topic
19980511-10-001,企业投资为何上不来,no_topic
19980511-10-003,上市公司(A股)1997年度主要经济指标一览表(11),no_topic
19980511-10-004,现金流量表是怎么回事,no_topic
19980511-10-006,上证综合指数日K线图(图片),short_body
19980511-10-007,深证成份指数日K线图(图片),short_body
19980511-10-008,沪市上周上涨前五名(%),short_body
19980511-10-009,沪市上周下跌前五名(%),short_body
19980511-10-010,深市上周上涨前五名(%),short_body
19980511-10-011,深市上周下跌前五名(%),short_body
19980511-10-012,"本报讯今年以来,工商银行北京市分行根据总行的稽核体制改革方案和稽核工作规定,充实全行稽核队伍,努力优化稽核部门人员结构,选拔责任心强、业务能力强、肯于吃苦耐劳的干部,按不同业务合理配备稽核人员,强化专业稽核检查的力量。加强对稽核人员的培训,尽快帮助稽核干部全面熟悉政策和业务技能,并推行稽核人员和其他专业人员同期培训制度。(李建兴)",title_length
19980511-10-013,"本报讯黑龙江省伊春市国税局为支持再就业工程制定了多项服务措施:优先办理税务登记。截至3月底已发放下岗人员《税务管理卡》1830份。简化办税手续。贯彻合理负担的原则。对业户采取查实征收的办法征收税款,以达到均衡业户税负的作用。搞好税法宣传。到3月末已帮助368户企业建账建制;定期对业户进行政策辅导,举办各类培训班87次,受训1800人次;免费向业户提供税收辅导资料和税收征管资料1800余份。(任立新黄继胜)",title_length
19980511-10-014,"本报讯中国建设银行延安分行大力筹措资金,支持当地石油工业发展。近年来,该行向石化系统累计发放各种贷款18亿余元,占该行贷款发放总额的70%以上。",title_length
19980511-11-001,旅游广告水分知多少?,no_topic
19980511-11-002,警惕修车陷阱,no_topic
19980511-11-003,送葱姜还送了什么,no_topic
19980511-11-004,无锡下岗职工舞动行业龙头,no_topic
19980511-11-005,您想上哪儿玩?———’98中国北方旅交会侧记(附图片1张),no_topic
19980511-11-006,桐柏农行腾楼请人住,no_topic
19980511-11-007,买球拍加小心,no_topic
19980511-11-008,鸡西鞋厂办起『再就业互助会』,no_topic
19980511-11-009,"新型重载列车———25吨轴重单浴盆式敞车日前在株洲车辆厂通过了铁科院专家组的技术设计和样车技术审查,填补了国内铁道车辆科研空白。",title_length
19980511-11-010,"pervasive公司最近推出世界上第一套基于一个共享引擎而同时提供事务型和关系型两种服务的数据库产品。该软件价格低,重维护,特别适合中小企业和单一部门使用。(守仁)",title_length
19980511-11-011,"飞利浦消费通讯公司最近推出第二代GSM移动电话,它可以发传真、存取电子邮件、浏览互联网等等。这种手机带一个显示器,用户只要利用一支特制的笔,便可在显示器上书写信息,并发出传真。(冉永平)",title_length
19980512-01-001,“一致药店”的示范效应,no_topic
19980512-01-002,江泽民与斯托扬诺夫举行会谈,no_topic
19980512-01-003,李鹏会见泰国客人,no_topic
19980512-01-005,胡锦涛在中委候补中委研讨班开学典礼上强调,no_topic
19980512-01-006,以高昂的精神状态奔向新世纪,no_topic
19980512-01-007,高法设立举报中心,no_topic
19980512-01-008,小议『献礼工程』,no_topic
19980512-01-009,关怀下岗职工,no_topic
19980512-02-001,迎接住房消费———扩大消费话题(八),no_topic
19980512-02-003,前四月工业增长7.9%,no_topic
19980512-02-004,麦客南下(图片),short_body
19980512-02-005,正视落后加快发展宁夏加紧培育优势产业,no_topic
19980512-02-007,北京控股输血国企,no_topic
19980512-02-009,河北省迁安化肥厂注重企业管理(图片),short_body
19980512-02-010,不图虚名,title_length
19980512-02-011,弃大就小种上摇钱树德州停建豪华商场省5880万,no_topic
19980512-02-012,中远订造9艘国产船,no_topic
19980512-02-013,4月份市场价格继续回落,no_topic
19980512-02-014,"本报讯人行河南洛阳分行积极发挥监管职能,近期严肃查处一起高息揽存事件,金额8万元。该行对违规金融机构处于10万元罚款,取消该储蓄所负责人任职资格。(王建亚)",title_length
19980512-02-015,"本报讯拥有600个商铺的江西省装潢建材大市场,日前在南昌市开业。这个由武警总部企业局江西国武实业发展中心投资3600万元建成的市场,汇集了全国数百家企业和当地的经销商,经营2000多种装饰材料,日成交额近百万元,成为江西省最大的建材、装饰材料集散地。(林友)",title_length
19980512-02-016,"本报讯第四届房山旅游文化节将于今年5月18日至6月18日举行。位于京郊西南的房山区,有国家和市级文物保护单位16处;十渡风景区、上方山国家森林公园、石花洞等风景区国内外知名。(隗合军)",title_length
19980512-02-017,"本报讯山西省乡宁县1997年3月投资50万元,引进福建省食用菌研究所“野外大田立体袋栽花菇”新技术,在张马乡法王庙村栽培试验成功,仅此一项,全村人均收入增加750元,实现当年脱贫。今年该县已陆续投入100万元,重点扶持5个乡镇16个村,大力发展花菇生产。(张悦)",title_length
19980512-03-001,“黑豆”们笑了———陕西“回归儿童村”纪事(附图片1张),no_topic
19980512-03-002,紧要处拉一把,no_topic
19980512-03-003,加强学习是关键---访中共江苏省委副书记许仲林(附图片1张),no_topic
19980512-03-004,"据新华社北京五月十一日电(陈辉、郭晓东)北京军区在全军率先走出了为作战部队培养高层次人才的路子。他们培养的首批十九名军官日前全部获得硕士学位或学历证书,除两人继续攻读博士学位外,其他人已到作战部队建功立业。首批硕士毕业生所学的专业分别是导弹、雷达、军用光学、计算机等。",title_length
19980512-03-005,"本报讯多年来,湖北省孝感长途电信传输局安陆长信分局充分发挥党员的先锋模范作用,加强职工技术培训和岗位责任,实行『局长抓重点,组长抓难点,班员抓急点』等措施,认真履行职责,确保全线畅通。(梅盛曾晓斌)",title_length
19980512-03-006,"本报讯山东潍坊是个农业大市,为满足经济发展的需要,邮电局采取区别对待、分类指导的原则,加快农村电话的普及。在全国著名的蔬菜果品基地寿光市,电话直接引进了大棚。在一些条件较差的地区,实现了一村至少一部公用电话。全市农村邮电代办所发展到四千七百多处。寿光、诸城两市村村设立了代办所。",title_length
19980512-03-007,"本报讯北京惠能大饭店管理有限责任公司在北京市劳动局指导下,制定并实施了『再就业工程』计划,分期分批招用北京市下岗人员。目前招用下岗职工人数已达百分之五十。(刘晓明)",title_length
19980512-04-001,中宣部国家经贸委召开座谈会要求深入宣传推广邯钢经验,no_topic
19980512-04-002,党校系统纪念真理标准讨论二十周年,no_topic
19980512-04-003,摆正人民与公仆的位置---聊城干部学习孔繁森纪事,no_topic
19980512-04-004,继续解放思想永葆蓬勃生机光明日报纪念真理标准讨论20周年,no_topic
19980512-04-005,省级党报负责人座谈会召开中国记协省级党报工作委员会成立,no_topic
19980512-04-006,昆明世博会门票开始发售,short_body
19980512-04-007,献给母亲的爱(图片),short_body
19980512-04-008,国际原子能机构完成大亚湾核安全评审对电站安全方面的改进表示满意,no_topic
19980512-04-010,’97全国新闻漫画作品年赛揭晓,short_body
19980512-04-011,“爱心在国旗下凝聚”活动启动,no_topic
19980512-04-012,明天气象预报(5月12日20时—5月13日20时),no_topic
19980512-04-013,"据新华社北京5月11日电(记者刘云非)国务院副总理钱其琛今天在京会见了美国前国务卿万斯,宾主进行了友好的交谈。外交学会会长梅兆荣和美国驻华大使尚慕杰等参加了会见。",title_length
19980512-04-014,"据新华社北京5月11日电(记者邹春义)国务委员吴仪今天在这里同埃塞俄比亚副总理卡苏·伊拉拉举行了会谈。会谈后,吴仪和卡苏签署了两国政府关于促进两国企业开展经贸合作的谅解备忘录。外经贸部副部长刘山在和埃塞俄比亚贸工部长阿耶勒签订了两国政府关于鼓励和相互保护投资协定。",title_length
19980512-04-015,据新华社北京5月11日电全国人大常委会副委员长布赫今天在人民大会堂会见了瑞士丰泰保险集团董事长谢明德一行。谢明德一行是应中国国际友好联络会的邀请来华访问的。,title_length
19980512-04-016,据新华社北京5月11日电(记者刘云非)国务委员兼国务院秘书长王忠禹今天在中南海会见了以日本经济同友会中国委员会委员长荒木浩为团长的日本经济同友会第三次访华团主要成员。国家经贸委主任盛华仁等参加了会见。,title_length
19980512-04-017,据新华社北京5月11日电(记者刘朝晖)外经贸部部长石广生今天在这里会见了瑞典工商大臣安德斯·松德斯特伦一行。,short_body
19980512-04-018,"据新华社北京5月11日电(记者刘朝晖)外经贸部部长石广生今天在这里会见了埃塞俄比亚副总理卡苏·伊拉拉,双方就进一步加强中埃经贸合作交换了看法。",title_length
19980512-05-001,我国中药抗癌研究获重大突破『康莱特』注射液临床疗效显著,no_topic
19980512-05-003,成果服务主战场论文变为生产力武汉大学抓科研重转化,multiple_topics
19980512-05-005,海峡两岸学者研讨古籍整理,no_topic
19980512-05-006,我首次承办亚洲血管大会著名血管外科专家汪忠镐任主席,no_topic
19980512-06-002,中西亚经合组织首脑会议举行会议通过阿拉木图宣言,no_topic
19980512-06-003,图片新闻,title_length
19980512-06-004,田纪云会见拉美议会领导人,no_topic
19980512-06-005,中共友好代表团访问古巴,no_topic
19980512-06-006,不平凡的捐赠,no_topic
19980512-06-007,新芬党通过北爱和平协议将允许其代表参加北爱议会,no_topic
19980512-06-008,侯赛因国王说约愿继续为解除对伊制裁努力,no_topic
19980512-06-009,华盛顿会议为何流产,no_topic
19980512-06-010,伊朗在伊拉克寻找士兵遗骸,no_topic
19980512-06-011,巴拉圭大选揭晓,no_topic
19980512-06-012,埃及希望发展与苏丹关系,no_topic
19980512-06-013,印度进行三次地下核试验,no_topic
19980512-06-014,加强交流增进理解---中法藏学家座谈会侧记,no_topic
19980512-06-015,泰国舆论谴责美化侵略影片军国主义乃全人类公敌,no_topic
19980512-07-001,有关知识产权和知识经济的思考,no_topic
19980512-07-003,波音737一飞机电线故障众机型紧急安检,no_topic
19980512-07-004,欧元法币厂开铸硬币,no_topic
19980512-07-005,欧元德专家仍有微词,no_topic
19980512-07-006,保加利亚麦尔尼克葡萄酒厂(图片),short_body
19980512-07-007,15国集团首脑会议举行穆巴拉克呼吁发展中国家加强协作,no_topic
19980512-07-009,金大中号召国民配合经改,no_topic
19980512-07-010,韩起亚经营不善倒闭董事长贪污渎职被捕,no_topic
19980512-07-011,奔驰欲购日产柴油股份,no_topic
19980512-07-012,韩国总统府青瓦台向游人开放,no_topic
19980512-08-002,女飞人挑战赛琼斯信心十足雪梅出言谨慎(附图片1张),no_topic
19980512-08-003,奇女琼斯,title_length
19980512-08-004,女“飞人”挑战赛选手实力对比,short_body
19980512-08-005,国际泳联跳水大奖赛中国选手再获一金一银,no_topic
19980512-08-006,武术搏击赛在户县开擂,no_topic
19980512-08-008,北京举办业余青年保龄球赛,short_body
19980512-08-009,世界轻量级拳击赛莫斯利卫冕成功,no_topic
19980512-09-001,金蒙传奇,title_length
19980512-09-002,下乡上岗领头雁———下岗女工柳萍记事,no_topic
19980512-09-003,靠水吃水富民强县(附图片1张),no_topic
19980512-09-004,小区何以点蜡烛———来自江西新余市富丽新村的报道,no_topic
19980512-09-005,争当改革促进派,no_topic
19980512-09-006,本报报道引起反响社会各界热情援助吕建生走出困境,no_topic
19980512-09-007,打通一条隧道带富一方百姓(附图片1张),no_topic
19980512-10-001,坚持解放思想、实事求是的思想路线努力做好新形势下的宣传思想工作,no_topic
19980512-10-002,进一步认识十五大在思想解放进程中的历史地位和战斗意义,no_topic
19980512-11-001,奋斗着的青春最壮美---小记九八『中国青年五四奖章』获得者,no_topic
19980512-11-004,十载青年星火路百万人才耀神州,no_topic
19980512-11-005,图片新闻,title_length
19980512-12-001,那颗心还在跳动———怀念张志民,no_topic
19980512-12-002,狼道与人道,no_topic
19980512-12-003,喜马拉雅山下的帐篷,no_topic
19980512-12-004,旅途行草,title_length
19980512-12-005,脊(摄影),short_body
19980512-12-006,跨越,title_length
19980512-12-007,腹有诗书气自华———海军后勤某部读书活动小记(附图片1张),no_topic
19980513-01-002,我国石油勘探一项重大突破柴达木发现巨厚生油层,no_topic
19980513-01-003,江泽民会见泰国会主席万·努,no_topic
19980513-01-004,江泽民会见美国前国务卿万斯,no_topic
19980513-01-005,与深化改革同行———全国实施再就业工程三年回顾,no_topic
19980513-01-006,加强金融法治提高风险意识,multiple_topics
19980513-01-007,李鹏朱镕基分别会见斯托扬诺夫,no_topic
19980513-01-008,前4月进出口继续增长总值974亿美元同比增7·9%,no_topic
19980513-02-001,传销活动寿终正寝有关企业正在转制,no_topic
19980513-02-002,『门』里闯出新天地---盼盼集团的成功之路,no_topic
19980513-02-005,大型现代物资配送中心在津启动,short_body
19980513-02-006,节水新招(图片),short_body
19980513-02-007,怀铁总公司实行物资“零储备”去年储备资金减少900余万元,no_topic
19980513-02-008,企业不妨这样做,no_topic
19980513-02-009,中国国际经贸仲裁委对仲裁规则作重要修订仲裁受理扩大到三资企业,no_topic
19980513-02-010,上海海关办理出口退税有新招,no_topic
19980513-02-011,安义保护个体私营企业权益,no_topic
19980513-02-012,商丘站优质服务引货来,no_topic
19980513-02-013,"本报讯由国家经贸委、中国经济效益纵深行组委会联合组织的『管理培训工程』十二日在京启动。该工程将对各类企业特别是国有大中型企业的有关人员进行财务管理培训,并委托财政部中华财务会计咨询公司、普华国际会计公司举办培训班。(小郑)",title_length
19980513-02-014,"本报讯浙江省嘉兴绢纺厂经过一年多的试验,结合本厂绢纺工艺优势及桑蚕短纤维的特性,率先将桑蚕短纤维与Tencel纤维混纺,开发出一系列牛仔面料,填补了此类产品的空白,也使中国的服装面料上了一个新台阶。(林薇)",title_length
19980513-02-015,本报讯以展示我国计算机发展暨名牌产品为宗旨的第十九届全国计算机产品展览交易会五月十五日将在京举行。十多个省市近一百八十家厂商展出近千种新颖电子信息产品与应用系统。(刘边),title_length
19980513-02-016,"本报讯一个由五十多家瑞典驻中国公司组成的中国瑞典商会,日前经有关部门批准成立。该商会将向中瑞两国政府部门提供信息,并组织商贸代表团出访、展览、讲座、研讨会等活动。(文梦)",title_length
19980513-02-017,"本报讯由美国恒康相互人寿保险公司资助、民政部农村社会养老保险管理服务中心实施的中国农村社会养老保险计算机网络实验系统,近日在北京正式投入使用,提高了网络覆盖区域内农村养老保险信息共享和数据交换的效率。(齐国强)",title_length
19980513-03-001,放弃『安稳饭』投身第一线邗江涌现走出机关的『先行官』,no_topic
19980513-03-003,传统教育课(图片),short_body
19980513-03-005,拓宽就业渠道提高劳动技能空军做好随军家属就业工作,no_topic
19980513-03-006,丰台积极安置随军家属就业,no_topic
19980513-04-002,胡锦涛会见爱沙尼亚客人,no_topic
19980513-04-004,林修德同志逝世,no_topic
19980513-04-005,弄通一个道理开辟一片天地---『真理标准讨论』二十年感言,no_topic
19980513-04-006,李岚清会见埃塞俄比亚副总理,no_topic
19980513-04-007,胡锦涛会见吉布提客人,no_topic
19980513-04-008,外交部发言人答记者问中国政府对印度进行核试验表示严重关切,no_topic
19980513-04-009,《虎踞钟山》久演不衰前话建团四十三年奉献作品六十余部,no_topic
19980513-04-010,“新时速”摆式列车亮相(图片),short_body
19980513-04-011,三年基本解决残疾人温饱问题《残疾人扶贫攻坚计划》开始实施,no_topic
19980513-04-012,明天气象预报(5月13日20时—5月14日20时),no_topic
19980513-04-013,据新华社北京5月12日电(记者刘云非)中共中央政治局委员、中国社会科学院院长李铁映今天在人民大会堂会见了由北海道知事堀达也率领的、前来参加中国和日本北海道经济发展与合作学术研讨会的日本代表团。由中国社会科学院世界经济与政治研究所和日本北海学园大学主办的研讨会于今天开幕。,title_length
19980513-04-014,据新华社北京5月12日电(记者容安才)北京市市长贾庆林今天在此间分别会见了以维也纳市市长麦克尔·郝普、哥德堡市副市长芮德凯率领的市政府代表团和美籍华人贝聿铭一行。,title_length
19980513-04-015,据新华社北京5月12日电(记者刘朝晖)国务委员吴仪今天下午在中南海会见了纳米比亚总理哈格·根哥布的夫人卢安·根哥斯。中国人民对外友好协会副会长李小林出席了会见。根哥斯是应对外友协邀请访华的。,title_length
19980513-04-016,"据新华社北京5月12日电全国人大常委会副委员长铁木尔·达瓦买提今天在人民大会堂会见了利比亚副外长萨阿德·穆斯塔法·穆吉贝尔,宾主就进一步加强两国友好合作关系及两国议会间的交流进行了交谈。此前,外交部长唐家璇会见了穆吉贝尔一行。利比亚客人是应外交部的邀请于5月7日来华进行政治磋商的。",title_length
19980513-04-017,据新华社北京5月12日电(记者钱彤)外交部长唐家璇今天在这里同来访的爱沙尼亚外交部长伊尔韦斯举行了会谈。两国外长还就共同关心的国际问题交换了意见。,title_length
19980513-04-018,"据新华社北京5月12日电(记者王晓东)外经贸部部长石广生今天会见保加利亚贸易和旅游部长瓦伦丁·瓦西列夫时表示,中国愿意与保加利亚共同探索两国间多种形式的经贸合作。",title_length
19980513-04-019,"新华社北京5月12日电应中国人民解放军空军司令员刘顺尧中将的邀请,印度尼西亚空军参谋长杜巴古斯上将一行今日抵京,开始对中国进行为期4天的正式友好访问。这是印尼空军参谋长首次访华。",title_length
19980513-04-020,据新华社上海5月12日电(记者周解蓉)上海市长徐匡迪今晚在上海和保加利亚共和国总统彼得·斯托扬诺夫进行了亲切友好的交谈。,short_body
19980513-04-021,"据新华社北京5月12日电(记者刘云非)中国国家外国专家局今天在这里与美国匹兹堡市签订了人才交流及其它合作事项的协议。根据协议,中美双方将在专业人才交流、研究和培训人员方面进行交流、代表团进行互访以及美中工商管理硕士项目等方面开展合作。协议签订前,全国人大常委会副委员长王光英会见了墨菲市长一行。",title_length
19980513-05-003,星耀中华科普,no_topic
19980513-05-006,光荣花献给白衣天使(图片),short_body
19980513-05-007,济宁市进京招聘机关分流人员,no_topic
19980513-05-009,《再给我十年》感人肺腑,no_topic
19980513-05-010,北大创维实践人才培养基地建立,no_topic
19980513-06-001,斯托扬诺夫总统接受本报专访指出保中关系将全面发展,no_topic
19980513-06-002,国际社会对印核试验反应强烈,no_topic
19980513-06-003,寻找金钥匙---评中西亚经合组织首脑会议,no_topic
19980513-06-004,印官员称印能造核武器在东部沿海成功试射短程导弹(附图片1张),no_topic
19980513-06-005,我驻印使馆批驳“中国威胁论”,no_topic
19980513-06-006,西欧联盟部长级会议举行,no_topic
19980513-06-007,英首相布莱尔发出警告要求爱尔兰共和军解除武装,no_topic
19980513-06-008,格总统说应改善格俄关系,no_topic
19980513-06-009,南联盟领导人强调尊重各国主权是巴尔干稳定基础,no_topic
19980513-06-010,中国工程技术人员和尼日利亚工人在伊莫河铁路桥修复工地一起工作(图片),short_body
19980513-06-011,警卫局高官走私香烟罗总统断然下令严查,no_topic
19980513-06-012,为了“我的兄弟”——墨西哥无偿献血活动见闻(附图片1张),no_topic
19980513-07-001,世界卫生大会坚持原则“台湾观察员地位提案”再告破产,review: 国际组织政治议案，非主要医疗内容
19980513-07-002,美预测今年全球粗粮产量略降,no_topic
19980513-07-003,非洲石油生产前景看好,no_topic
19980513-07-006,切尔诺贝利石棺封存核泄漏欧行援助作维修,no_topic
19980513-07-007,埃及雷击储油罐火伤二十人,no_topic
19980513-07-008,图片新闻,title_length
19980513-07-009,尼加拉瓜,title_length
19980513-08-001,小球中心下属项目立亚运会“军令状”,no_topic
19980513-08-003,世界女飞人挑战赛琼斯轻松夺冠(附图片1张),no_topic
19980513-08-004,飞人赛以外的话题,no_topic
19980513-08-006,全国象棋大奖赛在上海举行,short_body
19980513-08-008,为世锦赛最后热身国家女篮今赴斯洛伐克,no_topic
19980513-08-010,卡尔波夫来华点拨青少年棋手,no_topic
19980513-09-001,弘扬人道主义精神促进社会文明进步,no_topic
19980513-09-002,一条连心路十载助残情(附图片1张),no_topic
19980513-09-003,奉献爱心众志成城---陕西、山西助残扶贫纪行,no_topic
19980513-09-004,胡同里的康复站,no_topic
19980513-09-005,失明老人重见光明,no_topic
19980513-10-001,打保并举振兴白酒产业,no_topic
19980513-10-002,仅有包装还不够,no_topic
19980513-10-003,一颗纽扣烦人心,no_topic
19980513-10-004,提倡人人拒假货,no_topic
19980513-10-005,不要“语罚”孩子,no_topic
19980513-10-006,人行便道不便人行(附图片3张),short_body
19980513-10-007,八里庄市场旧貌换新颜,no_topic
19980513-10-008,干部档案须如实填写,no_topic
19980513-10-009,"义举受阻,谁来管?",no_topic
19980513-10-010,"搭车收费,何其凶!",no_topic
19980513-11-002,继续解放思想永葆蓬勃生机,no_topic
19980513-11-003,坚持解放思想、实事求是全面贯彻党的十五大精神,no_topic
19980513-11-004,解放思想、实事求是的马克思主义思想路线的胜利,no_topic
19980513-12-001,一字一句凝聚深情“献给母亲的一句话”征文综述,no_topic
19980513-12-002,打陀螺(附图片3张),short_body
19980513-12-003,『献给母亲的一句话』优秀作品,no_topic
19980513-12-005,当干部就要不怕吃亏,no_topic
19980513-12-006,硬皮病的预防和康复,no_topic
19980513-12-007,重视打工者的组织生活,no_topic
19980513-12-008,不该辍学务工,no_topic
19980514-01-001,中共中央召开对台工作会议强调加强对台工作领导全面发展两岸关系,no_topic
19980514-01-003,江泽民会见克里斯托弗就共同关心的问题进行了友好交谈,no_topic
19980514-01-004,大力发展第三产业,no_topic
19980514-01-005,积极倡导自主创业,no_topic
19980514-01-007,中日友好21世纪委员会举行会议,no_topic
19980514-01-009,"截至5月13日18时,地处祖国北部边陲的哈尔滨铁路局伊图里河分局,经过万名干部职工的奋力拼搏,实现无行车重大、大事故3000天,创分局安全史最高纪录。(潘国萍)",title_length
19980514-01-010,"为减轻企业负担,辽宁省辽阳市今年4月在全省率先对行政事业性收费、罚没收入实行单位执罚、银行收款、资金缴存财政的管理办法,使收费、罚没收入征管走上规范化、法制化轨道。辽阳市预算外收入管理局据此进一步加大了对罚款、乱罚款、乱摊派清理整顿力度。(张方)",title_length
19980514-01-011,"农用车产销量居全国同行业第二的福建龙马集团公司自1983年起累计生产15万辆农用车,是全国首家突破15万辆四轮农用运输车的企业。为了回报农民兄弟,5月9日,公司将第十五万辆龙马车送给随机选出的山西省灵石县农民郭瑞林。(欧阳)",title_length
19980514-02-001,福州改善外商投资软环境压缩外商投资项目审批时限,no_topic
19980514-02-002,浦东楼市悄悄变,no_topic
19980514-02-004,———原来我们在纺织业织花布。,short_body
19980514-02-007,广西黎钦铁路建设进入全面铺轨阶段(图片),short_body
19980514-02-008,北京特种设备事故减少,no_topic
19980514-02-009,舍弃眼前利益保护生态环境弥渡县炸封一批小煤窑,no_topic
19980514-02-010,四川亏损企业有“五不准”,no_topic
19980514-02-011,武汉400家企业挂牌“征婚”,no_topic
19980514-02-012,辽宁检验液化石油气钢瓶,short_body
19980514-02-013,天津港保税区建成自由贸易区累计吸引投资总额三十八亿美元,no_topic
19980514-02-014,"本报讯福建省人民政府日前在北京召开重点招商项目推介会,这是该省面向跨国公司在华商务机构和代表处等为主要对象的一次重大招商洽谈活动。这次推介会在基础设施、基础工业、农业综合开发、旅游等方面推出五十个重点项目。",title_length
19980514-02-015,"本报讯中国进出口银行于五月十二日至十四日在广东省珠海市举办了中国进出口银行出口信贷与保险业务培训班,来自广东以及其他省市区的一百多家经营机电产品出口的企业管理人员近二百多人参加。(靳宣)",title_length
19980514-02-016,"本报讯五月十二日,来自新疆供销合作社系统的六十个先进集体和维、汉、哈、蒙、回等十个民族的一百三十六名劳动模范在乌鲁木齐受到隆重表彰。",title_length
19980514-02-017,"本报讯到五月十一日十八时,山西临汾铁路分局胜利实现安全运输生产二千五百天,取得良好的经济效益和社会效益。(毛小芳)",short_body
19980514-02-018,"本报讯北京可来博电子应用技术开发公司开发生产出万能插座,成功地解决了多用插座的插孔不能完全兼顾、易造成错位误插两大难题。目前,产品已通过中国电工产品质量安全认证。(张荐)",title_length
19980514-02-019,"本报讯北京瑞泽网络销售(集团)有限责任公司研制出国内第一台排队机,一年多来,全国已有一百多家银行营业场所使用了该产品,受到用户好评。",title_length
19980514-02-020,"本报讯北京艾森绿宝油脂有限公司生产的『绿宝』牌系列食用油日前通过国家ISO9002质量体系认证。畅销市场的『绿宝』牌食用油是北京市『名牌产品』,公司于一九九七年初按照ISO9002质量标准建立了质量体系。",title_length
19980514-02-021,"本报讯今年以来,深圳海关在查私工作方面取得了突破性进展。一至四月份,全关共查获走私案件八百七十三宗,在扣私货价值上亿元,近期又连续查获多宗案值上千万元的大案。(深关)",title_length
19980514-03-001,直挂云帆济沧海———写在澳门特别行政区筹委会成立之际,no_topic
19980514-03-002,青春写忠诚---记光荣牺牲的武警警官高秋兵,no_topic
19980514-03-003,江苏表彰百个『人民满意派出所』对六十五个派出所通报批评限期整改,no_topic
19980514-03-004,《中国共产党党和国家机关基层组织工作条例及相关党内法规》出版,short_body
19980514-03-005,请群众评警风议警纪大连交警系统从严治警,no_topic
19980514-03-006,北京举办军转干部分配协调会,no_topic
19980514-03-007,江苏扬子石化公司注重培养弱智儿童(图片),short_body
19980514-03-009,"本报讯安徽省交通部门多年来始终坚持『军事交通运输任务第一』的思想,在省内实行军队车辆免收过路、过桥和汽渡费船舶过闸费,对过往部队车辆船舶免费充电、加水、施救。(王庆平)",title_length
19980514-03-010,"本报讯陕西西安边防检查站日前启动了精神文明建设的两大工程。一是『窗口工程』,就是完善执勤硬件设施,改善服务态度,加强执法监督,自觉接受旅客的批评和建议。二是『形象工程』,就是要求官兵内强素质,外树形象。让世界通过口岸了解西安,在内陆人面前树立陕西人的形象。(赖浩)",title_length
19980514-03-011,"本报讯广东省郁南县委和县人武部,同心协力抓好全民国防教育。这个县将四月份定为『国防教育活动月』,印发《郁南民兵》专刊,在一百七十七个『青年民兵之家』开办国防知识讲座,使全县人民群众受教育面达百分之八十以上。",title_length
19980514-03-012,"本报讯最高人民检察院主办的《方圆》杂志创刊五年来,坚持以法制题材为主体,用纪实和文学相结合的手法,关注社会热点,歌颂当代英雄业绩,揭露违法犯罪,赢得了读者的喜爱。(王比学)",title_length
19980514-03-013,"本报讯河北省定州市公安局党委为加强干警队伍建设,大力开展了『一个党员一面旗』活动。去年以来,全局有七十八名党员干警受到表彰,其中受到全国表彰的有两名,被荣记个人二等功的两人,受到各级嘉奖和荣誉称号的六十三人。",title_length
19980514-03-014,"本报讯近年来,湖北省潜江市国税局廉政建设首先从『嘴巴』抓起,制定了严格的陪客用餐制度。同时,注重清除『耳朵上的腐败』,杜绝了手机公款消费的现象。此外,市局还对离任干部的财务开支情况进行专人专项审计,合格者才能办理移交手续。(杜成文聂中凌)",title_length
19980514-03-015,"本报讯北京铁路公安处日前对活动在北京站、北京西站、北京南站的票贩子进行了专项打击,仅三天时间,共清理抓获各类倒票人员一百零三人。(李德怀)",title_length
19980514-04-001,解放军总政治部中央党史研究室举行座谈会纪念项英百年诞辰,no_topic
19980514-04-002,民盟八届中常会二次会议闭幕,no_topic
19980514-04-003,跨越界河的拥抱---中俄边境见闻,no_topic
19980514-04-004,国务院任免国家工作人员,no_topic
19980514-04-005,采血车亮相钢城好市民街头献血,no_topic
19980514-04-006,为国分忧工作扎实细致为民解难措施有情有义,no_topic
19980514-04-007,太白森林公园开通高山索道,short_body
19980514-04-008,图片新闻,title_length
19980514-04-011,北京纪念布莱希特百年诞辰,no_topic
19980514-04-012,《中国新闻媒介名专栏丛书》出版,no_topic
19980514-04-013,中保经贸洽谈会举行,no_topic
19980514-04-014,明天气象预报(5月14日20时—5月15日20时),no_topic
19980514-04-015,"据新华社北京5月13日电(记者王敬中)中央军委副主席、国务委员兼国防部长迟浩田上将今天在这里会见来访的印度尼西亚空军参谋长杜巴古斯上将时说,中国和印尼两国军队发展多层次、全方位的友好合作关系不仅符合两国人民的利益,也有益于本地区和世界的和平。空军司令员刘顺尧中将参加了会见。",title_length
19980514-04-016,据新华社北京5月13日电(记者钱彤)国务院副总理钱其琛今天上午在钓鱼台国宾馆会见了美国前国务卿沃伦·克里斯托弗一行。双方就中美关系和共同关心的其它问题友好地交换了意见。外交部副部长杨洁篪、中国人民外交学会会长梅兆荣和美驻华大使尚慕杰会见时在座。克里斯托弗一行是应外交学会的邀请访华的。,title_length
19980514-04-017,据新华社北京5月13日电(记者钱彤)国务院副总理钱其琛今天在钓鱼台国宾馆会见了安哥拉社会联络部部长佩德罗·内图率领的安哥拉新闻代表团。新闻出版署署长于友先会见时在座。内图一行是应新闻出版署邀请于5月10日来华开始访问的。,title_length
19980514-05-002,传统化学面临挑战绿色化学悄然兴起,no_topic
19980514-05-004,支持留学人员短期回国服务“春晖计划”扩大资助面,no_topic
19980514-05-005,开展文化导引确立人生追求沈阳学生文化节绚丽多姿,multiple_topics
19980514-05-007,校园里的爱鸟行动(图片),short_body
19980514-05-008,无梁无檩也能盖房金属薄壁拱形屋顶成型机组及工艺问世,no_topic
19980514-05-009,发挥优势形成特色新华出版社码洋过亿,no_topic
19980514-05-010,前列腺素冻干粉针剂研制成功,no_topic
19980514-05-012,"本报讯路透集团日前向北京大学光华管理学院捐赠了一套金融信息系统及设备,该系统每年将提供价值90万美元的信息服务,帮助北大培养高水平的金融人才,这是路透集团第六次向中国高等学府捐赠金融信息系统设备。(肖佳)",title_length
19980514-05-013,"本报北京5月13日讯’98中国国际美术年大型系列展《伊朗细密画精品展》,今天在北京中国美术馆举行。细密画多指在书籍、徽章、匣子、象牙板上的肖像画或装饰画。伊朗细密画是波斯艺术的重要门类,始于《古兰经》边饰图案,色彩华丽,富于装饰性。此次《伊朗细密画精品展》着重介绍伊朗著名细密画大师法尔希奇扬和阿里江普尔的绘画作品百余件。(李文生)",title_length
19980514-05-014,"本报讯从今年起,香港青少年开始参加已连续举办了五届的雷达表中国青少年科学英才奖竞赛。这项竞赛始于1993年,竞赛的科目包括数理化天地生等科学基础知识以及中、英文、计算机等。今年香港新一代文化协会将组织200名香港青少年参赛。(建民)",title_length
19980514-06-001,美助理国务卿说克林顿访华将进一步推动两国间战略对话,no_topic
19980514-06-002,不许美化战犯———评日本反动影片《自尊———命运的瞬间》,no_topic
19980514-06-003,美国特使调解有收获南政府将与阿族谈判科索沃问题现转机,no_topic
19980514-06-004,印度又进行两次地下核试验,no_topic
19980514-06-005,叶利钦阐述俄外交政策,no_topic
19980514-06-006,图片新闻,title_length
19980514-06-007,哥前国防部长遭暗杀桑佩尔总统谴责大选前暴力活动,no_topic
19980514-06-008,中国藏学家代表团访问比利时,no_topic
19980514-06-009,国际社会继续谴责印度核试验,no_topic
19980514-06-010,美将向阿联酋出售军火,no_topic
19980514-06-011,土议会决定调查总理腐败行为,no_topic
19980514-07-001,澳大利亚刹赌风,no_topic
19980514-07-002,此物只应天上有(附图片1张),no_topic
19980514-07-003,为人才架桥,no_topic
19980514-07-004,奥议员爆丑闻携款潜逃豁免权被撤销面临追捕,no_topic
19980514-07-005,十五国集团首脑会议联合公报呼吁加强南南合作促进南北对话,no_topic
19980514-07-008,人类祖先何时能直立行走最新答案:400多万年前,no_topic
19980514-07-010,"开罗机场十二日发生两架客机相撞事故,但未造成人员伤亡。事故发生前,一架从开罗飞往亚的斯亚贝巴、载客一百四十一人的埃塞俄比亚七一五航班的波音767客机已开始加速滑行准备起飞;这时,一架从沙特阿拉伯吉达飞抵开罗、载客五十四人的埃及航空公司六六四号航班的空中客车320型客机突然降落在起飞跑道的支线上。为避免两机完全相撞,埃塞客机被迫紧急提前起飞,埃航客机也及时采取了避让措施。但还是造成埃塞客机右翼前端断裂、埃航客机尾翼破损的相撞事故。",title_length
19980514-07-011,"经过七十二小时的艰苦奋战,埃及部队和红海油田的职工十二日终于将熊熊燃烧了三天的拉斯哈里布储油站大火扑灭。据埃及石油部的初步调查,这场大火损失达一亿埃镑(约合三千万美元)。拉斯哈里布储油站建于一九六一年,有十六个容积五千立方米的储油罐以及原油加热和供油等整套设备。(本报专电)",title_length
19980514-07-012,"在刚刚结束的北京『中关村电脑节』上,美国微软公司联合其他业内公司主持了『合法使用出版软件、打击盗版』的倡议活动,并计划通过其他后续活动,为保护知识产权、促进中国软件产业的发展而努力。(本报讯)",title_length
19980514-08-002,第十一届中日天元战在日开枰常昊首战胜工藤纪夫,no_topic
19980514-08-005,伍绍祖到北大演讲,no_topic
19980514-08-006,中国男排赴美加比赛,no_topic
19980514-08-007,郎平率中国女排赴清华表演,no_topic
19980514-08-008,世界女排大奖赛将在八、九月举行,no_topic
19980514-09-001,菜田与市场对接,no_topic
19980514-09-002,产业化≠一业化,no_topic
19980514-09-003,依然抢手的仔猪无人问津的树苗(附图片2张),no_topic
19980514-09-005,余姚有个蘑菇王,no_topic
19980514-09-006,买断植树权,no_topic
19980514-09-007,厉庄镇花生米寻客户,no_topic
19980514-09-008,梁山灵芝急盼外销,no_topic
19980514-09-010,组织起来,title_length
19980514-09-012,海林镇财务政务两公开,no_topic
19980514-09-013,靖江供电局治热点降电价,no_topic
19980514-10-001,真理标准讨论的意义和启示,no_topic
19980514-11-001,周真国:乐做边疆“孩子王”,no_topic
19980514-11-002,李卓奇:伊图里河畔写春秋,no_topic
19980514-11-003,增强自我发展能力,no_topic
19980514-11-004,寺庙里的“活菩萨”,no_topic
19980514-11-005,《三千孤儿和草原母亲》一书出版,no_topic
19980514-11-006,节后再品“劳动节”,no_topic
19980514-11-007,图片新闻,title_length
19980514-11-008,苗乡溢彩花蕊流芳,no_topic
19980514-11-009,走进瑶族村寨,no_topic
19980514-11-010,武警营口支队注重发展少数民族战士入党,no_topic
19980514-11-011,中央社会主义学院举办少数民族知名人士读书班,no_topic
19980514-12-001,吴宓先生与钱钟书(附图片2张),no_topic
19980514-12-002,职称的名与实,no_topic
19980514-12-003,构筑美的心灵世界———读“美育丛书”,no_topic
19980514-12-004,"屈原滩,流淌着一支千古不朽的绝唱",no_topic
19980514-12-005,“成山杯”金台随感征文获奖名单,no_topic
19980514-12-006,母性(外一首),no_topic
19980514-12-007,水乡牧歌(摄影),short_body
19980515-01-001,把党和政府的关怀切切实实落实到每一个下岗职工身上,no_topic
19980515-01-002,德才兼备精干高效优化结构平稳过渡,no_topic
19980515-01-003,开始对欧洲四国进行正式友好访问,no_topic
19980515-01-004,外交部发表声明中国政府强烈谴责印度核试验,no_topic
19980515-01-005,《江总书记抓党建重要活动记略》出版,no_topic
19980515-01-007,"我国纺织行业压锭工作取得阶段性成果。今年一季度,全行业已按计划压缩淘汰74·2万落后棉纺锭,分流安置下岗职工24万人。截至一季度,全国各地承诺压锭补贴资金11·2亿元,用于压锭企业兴办三产、安置富余人员以及更新设备、开发新产品,压锭与企业兼并破产、减员增效相结合,重组项目达到70%左右。",title_length
19980515-01-008,"根据全国粮食流通体制改革会议精神,湘、鄂、赣、粤、桂五省区领导5月13日会聚长沙,协商衔接今年粮食价格和产销计划,共商粮食流通大计。五省区在各自介绍了本省区种粮成本、市场价格、财政状况和粮食产销情况的基础上,共同协商制定了五省区今年稻谷的定购价、保护价;同时,通过了建立市场粮食批发价将实行最低销售起点价的原则。(均据新华社)",title_length
19980515-02-002,保重点保投产保收尾今年国家重点建设项目名单下达,no_topic
19980515-02-003,部分国家重点建设项目名单,no_topic
19980515-02-004,大连开展再就业『即时服务』只要不挑不拣能在两天上岗,no_topic
19980515-02-005,上海全面实施就业预备制度,no_topic
19980515-02-006,成都处罚不守规公用企业,no_topic
19980515-02-007,进私企下厨房务农又何妨转观念学技能下岗天地广(图片3张),no_topic
19980515-02-008,不满足货郎担,no_topic
19980515-02-010,"本报讯湖南省汉寿县近3年吸引外商投资达1300多万美元。目前,美商投资的鸵鸟养殖场、加拿大商人投资的冷冻加工厂、澳门和台湾商人投资的珍珠加工厂、食品罐头厂已先后建成投产。(龙雪飞)",title_length
19980515-02-011,"本报讯厦门厦华公司与电子七所、四川长虹集团日前决定联合开发生产GSM手机。据预测,此机若实现大批量生产并占领市场,将使我国通讯产业再登新台阶。(郅振璞)",title_length
19980515-02-012,"本报讯倍特电动自行车日前在成都问世。该车是由成都倍特电动自行车有限公司引进技术自行开发设计的,已获8项专利。(王君)",short_body
19980515-02-013,"本报讯湖南临湘市全面实行个体税收征管建账制度。今年一季度,个体税收入库324万元,比去年同期增加52万元,增长了19%。(彭志红)",title_length
19980515-02-014,"本报讯江西省樟树市国税局立足税收岗位,认真执行干部岗位变换制度。今年全体换岗干部做到了移交手续齐全,“钱、物”两清。(陈晓光新龙)",title_length
19980515-03-001,为伟大的军事变革当好先导,no_topic
19980515-03-002,全国人大有关专门委员会和工作机构召开座谈会,no_topic
19980515-03-003,苏州市推行会计委派制度效果明显中纪委监察部发出通报予以肯定,no_topic
19980515-03-004,北京市法官违法违纪举报中心挂牌,no_topic
19980515-03-005,李明龙荣获国际民防组织勋章,no_topic
19980515-03-007,"残疾人优免证,好!",no_topic
19980515-03-008,打起背包深入基层(图片),short_body
19980515-03-009,"本报讯湖北英山县是国务院确定的重点贫困山区县。县委动员广大党员干部与五千一百三十八个重点贫困户结穷亲,为贫困户捐钱捐物,提供科技服务,帮助他们加快脱贫致富步伐。据统计,今年一季度,他们共为穷亲办实事、做好事一点五万件,进行实用技术培训达二点五万人次,捐款捐物总价值七十五万元。",title_length
19980515-03-010,"本报讯近日,河南省长葛市法院向诉讼当事人和社会各界推出政务『六公开』:公开司法程序,公开收费标准,公开强制手续,公开适用法条,公开服务承诺,公开监督渠道。(卢松甫孙建华)",title_length
19980515-03-011,"本报讯一头长五点五米、高三点六米、重达五吨的铜牛,于日前在海军四八○五厂铸成。这是我国目前最大、最重的单体动物铜像,现已运往江苏省如东县安家落户。这是该厂铸造职工在贯彻『保军转民』的办厂方针中,积极发展民品的又一杰作。(陈文胜林妙法)",title_length
19980515-03-012,"本报讯武警河北总队六支队积极参加驻地秦皇岛市的排污、治理美化环境,甘当城市的『清洁工』,为旅游胜地『穿新衣』作出贡献。",short_body
19980515-03-013,"本报讯驻天山脚下的新疆军区某部农场因地制宜,边开发,边生产,边建设,走出了一条以棉花生产为主,农、林、牧、副并举,种、养、加、供相结合全面发展的新路子。三年来,全场收益达六百五十万元,先后五次被兰州军区和新疆军区评为先进农场。(李朴刘玲)",title_length
19980515-04-001,未来一周天气趋势,no_topic
19980515-04-002,曹兵到底多少万?,no_topic
19980515-04-004,中国投资贸易洽谈会将在港举行,no_topic
19980515-04-005,称霸南亚的图谋,no_topic
19980515-04-006,唐家璇与奥尔布赖特通话,no_topic
19980515-04-007,外交部发言人答记者问中国愿应邀向柬埔寨派遣大选观察员,no_topic
19980515-04-008,北大设立英之杰讲座教授基金,no_topic
19980515-04-009,雅鲁藏布江大峡谷被确认为世界之最,no_topic
19980515-04-010,洋县朱鹮数量过百,no_topic
19980515-04-011,云南制定法规保护湖泊(图片),short_body
19980515-04-013,我国将参加里斯本世界博览会,no_topic
19980515-04-014,《孙中山与宋庆龄》出版,no_topic
19980515-04-015,天津克隆成功微小病毒B19的基因,short_body
19980515-04-016,制定重建规划提高抗灾能力那曲灾情缓解生产有序恢复,no_topic
19980515-04-017,明天气象预报(5月15日20时—5月16日20时),no_topic
19980515-04-018,据新华社北京5月14日电全国人大常委会副委员长王光英今天在人民大会堂会见了以文化部长贝尔纳·扎乌鲁为团长的科特迪瓦政府文化代表团。,title_length
19980515-04-019,据新华社北京5月14日电(记者邹春义)十多家中国国有企业、贸易公司和金融机构的60多名负责人今天离开这里赴墨西哥、秘鲁和智利等国访问。,title_length
19980515-04-020,"新华社北京5月14日电外交部发言人朱邦造今天下午在记者招待会上宣布:应中国政府邀请,厄立特里亚国地方政府部长马哈茂德·谢里夫将于5月16日起对中国进行正式访问。",title_length
19980515-05-005,陕西省长安县发现五皇帝诰封圣旨(图片),short_body
19980515-05-007,青藏高原多雪南方雨量超常今年我国防汛形势严峻,no_topic
19980515-05-009,朱力行荣获洪堡研究奖,no_topic
19980515-05-010,扎根农村服务农民廉洁行医钻研医术模范乡村医生受表彰,multiple_topics
19980515-05-011,川妹子唐胜利站起来了(附图片2张),no_topic
19980515-05-013,中药“保生液”治中风,no_topic
19980515-05-015,"本报讯记者祝华新报道:日前,陕西省副省长范肖梅在北京宣布:由陕西省政府主办的第九届全国书市筹备就绪,十月九日至二十日将在西安新建成的国际展览中心举行。全国五百多家出版社和二千五百家书刊发行单位将洽谈订货。有十二万种图书可供读者选购。书市期间,在延安、杨凌还将分别举办爱国主义教育和农业科技两个专业书市。",title_length
19980515-05-016,本报讯江汉公学爱国主义教育基地五月十二日在湖北省随州市双河镇中学建立。,short_body
19980515-05-017,"本报北京五月十四日讯记者任建民报道:中国金辰安全技术公司和美国CA公司今天在京宣布,双方组建一个合资公司,并将在七月份推出第一个合作产品KILL98认证版杀毒软件。",title_length
19980515-05-018,"本报北京五月十四日讯来自十六个国家的航天专家,今天聚会北京,共同研讨航天器及运载火箭的国际标准化问题。国际标准化组织于一九九三年成立了航天技术委员会,共有加拿大、中国、法国、德国、以色列、意大利、日本、俄罗斯和美国九个正式成员国。(肖佳)",title_length
19980515-06-001,国际社会强烈谴责印度核试验,no_topic
19980515-06-002,瓦杰帕伊诬称『邻国威胁』印政党和舆论抨击政府核政策,no_topic
19980515-06-003,美日澳宣布对印制裁,no_topic
19980515-06-004,国际舆论批评日本影片《自尊》,no_topic
19980515-06-005,巴西总统会见田纪云,no_topic
19980515-06-007,苏哈托中止访埃回国印尼新闻部长呼吁国民保持镇静,no_topic
19980515-06-008,巴黎举办国际研讨会纪念《共产党宣言》发表一百五十周年,no_topic
19980515-06-009,南北同舟合作共济,no_topic
19980515-06-010,图片新闻,title_length
19980515-06-011,克林顿访问德国,no_topic
19980515-07-001,雅典研讨会认为香港经济前景美好,no_topic
19980515-07-002,欧盟通过1998年经济政策“大纲方针”强调确保就业和经货联盟,no_topic
19980515-07-004,图片新闻,title_length
19980515-07-005,一份争取选票的预算,no_topic
19980515-07-007,波兰五亿年前曾在南极千万载后漂至北极,no_topic
19980515-07-008,中国应有准备---写在欧元问世之前,no_topic
19980515-07-009,中国和蒙古合作开发蒙古图木尔廷敖包锌矿的签约仪式十三日在乌兰巴托举行。中国有色金属建设股份公司代表达莲古尔班、蒙古国财政部长巴图巴雅尔分别在合同上签了字。这是中国在蒙最大的开发项目。(本报专电),title_length
19980515-07-010,"第五十一届世界卫生大会十三日选举挪威前首相布伦特兰女士为新一任世界卫生组织总干事,以接替即将卸任的总干事中岛宏博士。布伦特兰女士将于今年七月二十一日正式就职,任期五年。(据新华社电)",title_length
19980515-08-001,切尔西队再捧欧洲优胜者杯,no_topic
19980515-08-003,亚足联代表大会结束张吉龙当选副主席,no_topic
19980515-08-004,舆论训练动员---汤尤杯赛前三部曲,no_topic
19980515-09-001,报春花开『紫禁城』,no_topic
19980515-09-002,怀念曹禺(附图片1张),no_topic
19980515-09-003,友情是一种快乐,no_topic
19980515-09-004,保护徽州历史文化,short_body
19980515-09-005,"贵报四月十七日『大地周刊』刊登的《可惜从此无徽州》一文,写得太好了。它不仅写出了保护徽州,尊重历史,维护徽州文化名牌的重要性,而且揭示了徽州易名黄山后,皖南出现处处皆黄山,黄山地名十分混乱的弊病,还认真提出了好的建议。这篇文章不仅反映了我们徽州人的心声与呼声,也道出了千千万万游客因黄山地名混乱而带来的苦恼。",title_length
19980515-09-006,中央歌剧舞剧院芭蕾舞团上演著名三幕舞剧《海盗》(图片),short_body
19980515-09-007,青艺小剧场观众席噪音太多建议采取惩罚措施,no_topic
19980515-09-008,法国南锡芭蕾舞团在京沪受赞誉,no_topic
19980515-10-001,迎接世界园艺博览会的昆明绿色在这里交汇,no_topic
19980515-10-002,绚丽的服饰梦(附图片1张),no_topic
19980515-10-003,一张假画的来历(附图片3张),no_topic
19980515-10-004,重听阿卡多(附图片1张),no_topic
19980515-10-005,价值与价格,no_topic
19980515-10-006,身体素质:生命能力的基础(附图片1张),no_topic
19980515-10-008,『黑豹』王海联手反盗版,short_body
19980515-10-009,绍兴有一条老街,no_topic
19980515-10-012,中国广播交响乐团名扬成都,no_topic
19980515-10-013,大山向母校献礼,short_body
19980515-11-003,动静相生形妙神融———张鸿飞的工笔画(附图片1张),no_topic
19980515-11-004,王孟奇:自在以文养画(附图片1张),no_topic
19980515-11-005,《杨铁崖乐府》:版本、收藏、题跋三绝(附图片1张),no_topic
19980515-11-006,天道酬勤(附图片1张),no_topic
19980515-11-007,书法,title_length
19980515-12-001,账很简单就怕算(附图片1张),no_topic
19980515-12-002,刘绍棠魂归故里,no_topic
19980515-12-003,九十九分的苦恼,no_topic
19980515-12-004,葛仙米·地皮菜,no_topic
19980515-12-005,工间小憩(摄影),short_body
19980515-12-006,俞平伯老人的全集,no_topic
19980515-12-007,人人尽说江南好(中国画),short_body
19980516-01-001,断腕后的新生———上海百万国企下岗职工再就业纪实(附图片1张),no_topic
19980516-01-002,援藏重点工程发挥显著效益62项重点工程已有60项交付使用,no_topic
19980516-01-004,胡锦涛会见冈部达味和符浩一行,no_topic
19980516-01-005,尉健行会见检察机关开展教育整顿工作会议代表时要求,multiple_topics
19980516-01-006,"『党员带头再就业,带领下岗职工再就业』",no_topic
19980516-01-007,柴达木盆地天然气勘探又获重要进展,no_topic
19980516-01-008,陕西将对24万余人易地扶贫,no_topic
19980516-01-009,我国向马其顿出口大型水电站设备,no_topic
19980516-01-010,重庆市设立市长电子信箱(图片),short_body
19980516-01-012,党组织关心职工疾苦做好思想工作成都国企人员下岗分流有序进行,no_topic
19980516-02-001,中国和保加利亚发表联合声明,no_topic
19980516-02-002,江泽民接受五国驻华大使国书,short_body
19980516-02-003,韩杼滨要求各级检察机关切实抓好队伍集中教育整顿工作,multiple_topics
19980516-02-004,广东严厉打击非法制贩光盘活动,no_topic
19980516-02-006,江苏省邮电管理局开展“邮电服务万千行”活动(图片),short_body
19980516-02-008,铁道部近日发出通知整顿铁路客货运输罚款行为,no_topic
19980516-02-009,保加利亚总统结束访华离京,no_topic
19980516-02-010,中国民航确保飞行安全十八架波音七三七客机将接受安全检查,no_topic
19980516-02-011,中国高校科技协作网向社会开放,multiple_topics
19980516-02-012,纪念巴勒斯坦领土被占领50周年巴驻华使馆举行纪念活动,no_topic
19980516-02-013,丝绸版《孙子兵法》在京捐赠,no_topic
19980516-02-014,明天气象预报(5月16日20时—5月17日20时),no_topic
19980516-03-001,李瑞环与罗参众议长会谈(附图片2张),no_topic
19980516-03-002,巴以和谈裹足不前,no_topic
19980516-03-003,苏哈托要求对骚乱采取行动,no_topic
19980516-03-004,决不是好事,no_topic
19980516-03-005,国际地位如此提高?(图片),short_body
19980516-03-006,巴基斯坦举国抗议印核爆(综述),no_topic
19980516-03-007,日内瓦裁军会议谴责印度核试验,no_topic
19980516-03-008,安理会发表主席声明强烈要求印度停止核试验,no_topic
19980516-03-009,柬对立武装会谈破裂拉那烈突然前往泰国,no_topic
19980516-03-010,国际社会抨击印度核试验,no_topic
19980516-03-011,巴勒斯坦纪念“灾难日”游行者与以军警冲突8人被打死,no_topic
19980516-04-001,汤尤杯赛拉开战幕中国女队首战轻取香港队(附图片1张),no_topic
19980516-04-005,《中华武术图典》将推出,no_topic
19980516-04-006,世界冠军车轮战彭小民逼和卡尔波夫,no_topic
19980516-04-007,亚排联行政理事会在沪举行,no_topic
19980516-04-008,好雨知时节———汤尤杯开赛小记,no_topic
19980516-05-001,按生产要素分配理论研究述评,no_topic
19980516-05-002,微观经济学发展的现状,no_topic
19980516-05-003,研究当代中国凝聚力的可喜成果,no_topic
19980516-05-005,简评《近代中国的经济发展》,no_topic
19980516-05-006,中国经济学走过的道路,no_topic
19980516-05-007,学术动态(图片),short_body
19980516-06-001,重视中小企业的改革与发展,no_topic
19980516-06-003,围绕总体目标谋求更大发展,no_topic
19980516-06-005,抓住机遇推进乡企东西合作,no_topic
19980516-06-006,因地制宜发展旅游业,no_topic
19980516-07-001,绿色汽车驶向现代都市(附图片1张),no_topic
19980516-07-002,历史的迷失与现实的呼唤———谈知识产权意识的强化,no_topic
19980516-07-003,创新圆了“霸主”梦,no_topic
19980516-07-007,专家告诫不能只喝纯净水,no_topic
19980516-07-008,"本报讯日前,北大方正又一批通用曲线字库通过国家级鉴定,连同1995年通过鉴定的方正八款曲线字库,方正已开发出一个全系列、跨平台、多文种的字库系统。",title_length
19980516-07-009,"本报讯以生产主板著称的华硕日前在京推出了P6300系列笔记本电脑,其最大特点是全模组化设计,解决了笔记本电脑的维修和升级难题。在散热和键盘设计上,该机也有独到之处。(王文)",title_length
19980516-07-010,"本报讯由实迪计算机(福建)有限公司制造的DIGITALPC首批定单交付仪式日前在北京举行。实迪计算机公司由美国DEC计算机公司与实达集团合资组建。由于实行本地化生产,更贴近市场需求,降低了产品成本,缩短了交货时间。(段建华)",title_length
19980516-08-001,农家娃学电脑(附图片3张),review: 农村儿童学电脑，教育科技农业交叉
19980516-08-002,空中乘务员手记(附图片4张),no_topic
19980516-08-003,重塑灵魂的“特殊学校”———新疆监狱见闻(附图片6张),review: 监狱见闻，特殊学校属比喻
19980517-01-003,陕西涌现400多“企业农庄”,no_topic
19980517-01-004,李瑞环同康斯坦丁内斯库会见,no_topic
19980517-01-005,新风拂南山(附图片1张),no_topic
19980517-01-006,工会理应多出力,no_topic
19980517-01-007,李瑞环同瓦西里会见,no_topic
19980517-01-008,"三十年自费订党报,值",no_topic
19980517-02-001,李瑞环继续在罗访问(附图片1张),no_topic
19980517-02-002,建设部发出紧急通知要求抓好安全管理防止重大事故,no_topic
19980517-02-003,可可西里山地区发生5.1级地震,short_body
19980517-02-004,丁关根出访德国、奥地利、瑞士,no_topic
19980517-02-005,美国务院发言人说印度自封“核大国”令人痛惜,no_topic
19980517-02-006,外交部驻港特派员公署发表通报我使馆已从印尼救出70多港人,no_topic
19980517-02-007,瓦杰帕伊称印度已成为核武国家重申印不签署全面禁核条约,no_topic
19980517-02-008,首都第八次全国助残日座谈会召开,no_topic
19980517-02-009,帕巴拉·格列朗杰当选西藏自治区政协主席,no_topic
19980517-02-010,八国集团首脑会开幕,no_topic
19980517-02-011,为迎国庆加快建设步伐(图片),short_body
19980517-02-012,八国首脑谴责印度核试验北欧国家对印核试验表示震惊,no_topic
19980517-02-013,印尼决定改组内阁,short_body
19980517-02-014,明天气象预报(5月17日20时—5月18日20时),no_topic
19980517-02-015,高检派出调研组听取人民代表意见,no_topic
19980517-03-001,悲怆的那一晚她选择了中国(附图片1张),no_topic
19980517-03-002,东京馆里赠诗日本朋友,no_topic
19980517-03-003,五彩缤纷霍利节,no_topic
19980517-03-004,荷兰水城阿姆斯特丹(图片),short_body
19980517-03-005,五脏是人类共同财产吗?,no_topic
19980517-03-006,复活节随感,no_topic
19980517-03-007,日内瓦遇热心人,no_topic
19980517-04-001,竟把劳模当作摇钱树多家出版社向王涛伸手,no_topic
19980517-04-002,怒江州组织力量搬运二战坠机残骸,no_topic
19980517-04-003,环境得治理信鸽落武钢,no_topic
19980517-04-004,支持城市建设无怨言南京300农户推倒自家楼房,no_topic
19980517-04-005,万里求医受助杭城米勒儿子眼睛复明,no_topic
19980517-04-006,成都街头“巧”罚款,no_topic
19980517-04-008,残疾人大学生(图片),short_body
19980518-01-001,认真负责尽力而为突出重点加强调控,no_topic
19980518-01-002,大兴安岭发生草原森林大火内蒙古自治区已组织4500余人扑救,no_topic
19980518-01-003,人民日报帮我走正道,no_topic
19980518-01-004,昌江芒果进京来,no_topic
19980518-01-005,苏里南共和国总统韦登博斯今日起对我国进行国事访问(附图片1张),no_topic
19980518-01-006,"全局的大事,重要的任务",no_topic
19980518-01-007,圆满结束罗马尼亚之行李瑞环访意大利抵罗马,no_topic
19980518-02-001,进一步扩大对外开放提高利用外资水平,no_topic
19980518-02-002,发挥优势积极配合天津工会协助政府搞好再就业,no_topic
19980518-02-003,三峡风光依旧旅游时机正好,no_topic
19980518-02-005,尽心尽力,title_length
19980518-02-006,打工未必到城市(图片),short_body
19980518-02-007,员工持股同担风险共享利益金地集团探索国企产权改革,no_topic
19980518-02-009,本报讯一条商用信息『高速公路』近日在山东建成。这条名为『百灵』的高速信息网采用国际最先进的ATM组网技术和设备由山东三联集团设计建设。,title_length
19980518-02-010,"本报讯一种获得国家专利的牙膏产品『安神』牙膏,经由北京神龙保健科技开发公司和北京藏密保健技术研究所开发、生产,近日在国内上市。(刘彦广)",title_length
19980518-02-011,"本报讯由中国丝绸工业总公司主办的丝绸行业实施名牌战略研讨会,五月十五日在北京举行。(孟兰云)",short_body
19980518-02-012,"本报讯天津海关对部分资信良好的企业,实行先尽速放行快递物品,再征收有关税费的方便措施,使通关时限由过去的两个小时以上缩短为现在的十分钟以内。(陈嘉亮)",title_length
19980518-02-013,"本报讯杭州东风日产柴汽车有限公司近日在杭州正式建成投产。该公司以大型客车底盘和重型卡车底盘为主要产品,填补了我国大型客车底盘生产空白。",title_length
19980518-03-001,同城不吃请乡镇份餐制下村吃派饭万载县村级招待费实现『零』管理,no_topic
19980518-03-002,刹风须堵源,no_topic
19980518-03-003,“拼命三郎”王起河,no_topic
19980518-03-004,扶贫送温暖解困沐春风———首都“全国助残日”纪实(附图片1张),no_topic
19980518-03-005,中央统战部组织党外领导干部赴江西考察为老区发展建言献策,no_topic
19980518-03-006,不看僧面佛面单看德才贡献清丰选拔干部导向正,no_topic
19980518-03-008,"本报讯中国长城铝业公司法律事务室重视法律知识的普及和培训,自己动手编写了《常用法律、法规汇编及辅导》、《诉讼管理办法》、《技术合同管理办法》等实用教材6部,计77万多字。他们还积极依法参与、规范公司经营和管理,依法代理起诉和应诉,两年来挽回经济损失3000万元。(任云杨建强)",title_length
19980518-03-009,"本报讯山西省大同铁路运输法院为从源头上预防和整治“关系案、金钱案”等司法腐败,从去年年初就在全国法院系统第一家推行轮流办案责任制,即固定审判员序号,逐人类推担任审判长实行办案负责制,在社会上引起强烈反响。这项防止行政干预和司法腐败的新举措,强化了廉政建设的防范力度,制约了行政包揽的指令性,提高了法官的整体素质。(肖增辉)",title_length
19980518-03-010,"本报讯为给中外游客游玩名刹少林寺提供一个良好的交通环境,登封市公安交警支队在加强境内省道乡道的路面控制的同时,对民警队伍本身也制定了严格的措施,全大队150名民警签订责任书,保证自身首先不引发三乱。大队、中队、岗组层层节制、一人违纪连带受罚,决不允许一起三乱事件的发生。",title_length
19980518-03-011,"本报讯广西防城港市委坚持从严治党,制定了十几个党员干部廉洁自律、勤政廉政的规定和措施,并深入开展“党员联户致富”、“党员责任区”、“市领导包点”等活动,涌现出了一大批带领广大群众致富的好党员,市委书记徐文彦被群众誉为“为民造福的好公仆”。(黑雪)",title_length
19980518-03-012,"本报讯吉林高校党工委,在狠抓奢侈浪费问题上坚持“纠建并举”的方针。通过专项清理,共为高校避免、挽回经济损失680多万元,有力推动了高校反腐纠风工作的开展。(尹思源)",title_length
19980518-03-013,"本报讯沈铁通辽分局在深化企业改革中,大胆实践,充分开发和利用千里铁路沿线的土地资源和闲置的房屋,实施了“千亩良田、万头家禽工程”,为企业扭亏增盈,减人增效,安置下岗分流人员,职工再就业创造条件。",title_length
19980518-04-001,究竟是谁在搞威胁?,no_topic
19980518-04-002,腾出时间『讲新话』,no_topic
19980518-04-003,尉健行会见叙利亚客人,no_topic
19980518-04-004,民主党派工商联等发挥各自优势积极帮助各地下岗职工再就业,no_topic
19980518-04-005,南京十佳再就业青年--王嫣(图片),short_body
19980518-04-007,兰侨同志逝世(附图片1张),no_topic
19980518-04-008,明天气象预报(5月18日20时—5月19日20时),short_body
19980518-05-003,拒绝污染企业“天堂”再添美景苏州新区实行环保一票否决,no_topic
19980518-05-005,图片新闻,title_length
19980518-05-006,华夏出版社积极捐资助学,no_topic
19980518-05-009,牛猪蛋鸡规模养殖示范基地效益倍增,no_topic
19980518-05-010,科教兴国战略研讨会举行,no_topic
19980518-06-001,李瑞环会见罗中友协领导人,no_topic
19980518-06-002,八国集团首脑会议闭幕英法赞扬我对世界经济稳定作出贡献,no_topic
19980518-06-003,印称已能为导弹装备核弹头印社会团体抗议政府核政策,no_topic
19980518-06-004,盛开的中罗友谊花,no_topic
19980518-06-005,国际社会继续谴责印度核试验,no_topic
19980518-06-006,西方七国首脑发表经济声明,no_topic
19980518-06-007,图片新闻,title_length
19980518-06-008,谢里夫总理表示巴不会在核问题上草率行事,no_topic
19980518-06-009,缅怀周恩来颂扬斯中友谊斯庆祝班厦落成二十五周年,no_topic
19980518-06-010,印尼采取措施稳定局势,no_topic
19980518-06-011,阿根廷与伊朗关系恶化,no_topic
19980518-06-012,法右翼两大党结为同盟党,no_topic
19980518-06-013,南总统会见阿族领导人,no_topic
19980518-06-014,日本有识之士联合签署声明强烈反对日美防卫合作指针,no_topic
19980518-07-001,农村可去苦活可干海外可发展东南亚再就业有“三招”,review: 再就业政策，非主要农业报道
19980518-07-004,法中小企业创就业岗位多,no_topic
19980518-07-005,石油脱硫新法有利环境保护,no_topic
19980518-07-006,美举办第四十届航空展(图片),short_body
19980518-07-007,俄美将联合探测太阳和冥王星,no_topic
19980518-08-001,贝尔格莱德红星队来访福田杯中南对抗赛在即,no_topic
19980518-08-005,九冬会筹备工作紧张有序,no_topic
19980518-08-007,年轻选手要善于自我调节———李玲蔚评龚智超负于水井泰子,no_topic
19980518-08-008,奥林匹克世纪之行展览在京开幕,no_topic
19980518-08-009,羽坛芭蕾能跳多久———印尼女将王莲香印象,no_topic
19980518-09-001,消费者话费心惊肉跳,no_topic
19980518-09-003,希望在改革,no_topic
19980518-09-004,扩大消费拉动增长,no_topic
19980518-09-005,“二七司法学校”被撤销司法部发出通报郑州查处责任人,multiple_topics
19980518-09-006,是买药打假还是借故敲诈,no_topic
19980518-09-007,警惕:无证照“旅行社”,no_topic
19980518-09-008,天天照照日日平安(图片),short_body
19980518-09-009,长期污染酿苦果30万公斤鱼死东湖(图片),no_topic
19980518-09-010,沟通你和我,no_topic
19980518-09-011,关注话费,title_length
19980518-10-001,农民企盼金融知识下乡来,multiple_topics
19980518-10-002,ST现象,title_length
19980518-10-003,高息揽存缘何禁而难止,no_topic
19980518-10-004,堵住诈骗,title_length
19980518-10-005,筛钱机子(图片),no_topic
19980518-10-006,上市公司(A股)1997年度主要经济指标一览表(12),no_topic
19980518-10-007,沪市上周上涨前五名(%),short_body
19980518-10-008,上证综合指数日K线图(图片),short_body
19980518-10-010,沪市上周下跌前五名(%),short_body
19980518-10-011,深市上周上涨前五名(%),short_body
19980518-10-012,深市上周下跌前五名(%),short_body
19980518-10-013,深证成份指数日K线图(图片),short_body
19980518-10-014,"本报讯河北承德市国家税务局、承德拍卖行日前联合举办扣押抵税物品拍卖会,对税务机关依法扣押、查封的物品公开进行了拍卖,首次拍卖共有14件物品成交,成交额近40万元。据了解,目前一些企业和个体经营者采取种种非法手段,千方百计偷逃税款,有的企业长期拖欠税款,屡催不缴。为此,承德市国税局今年一季度把查处偷税案件、清缴企业欠税作为工作重点,他们通过日常检查、专项检查、专案检查和重点检查,共查补税款610万元,罚款290万元,清缴欠税1150万元。虽然成效显著,但一些企业仍然偷逃国家税款。进入4月份,市国税局根据税收征管法,扣押、查封了涉及全市8县3区32家企业的一批价值共300万元财产。(吕君铁军国君)",title_length
19980518-10-015,"本报讯北京奥德映真计算机技术有限公司开发的奥德映真银行验印系统受到金融界的欢迎。日前,该系统已被工行沈阳市、武汉市、深圳市、南昌市等28个城市的分行、支行采用,还被建行、中行、交行、农行等银行的一些分行、支行采用。据悉,该系统是利用切换软件实现验印系统的识别模块与前台记账系统程序之间的切换,可使记账和验印在同一台设备上完成。(肖瑞)",title_length
19980518-10-016,"本报讯河北唐山市地税局依托计算机广域网建立全新的税收征管体系,确保税收额每年高速递增。1994年至1997年,4年来税收额以年平均29.17%的速度递增,实现税收60.2亿元。今年一季度,税收又实现了开门红。1994年9月,唐山市地税局组建后,人员少,税种多,征管手段落后,为此,他们下决心研制成了广域网软件。计算机广域网的建立,使唐山地税征管进入了“法治、公平、文明、效率”的新阶段。(亭梅钱宝琦刘文波)",title_length
19980518-11-001,大火烧出的警示,no_topic
19980518-11-002,永不言输,title_length
19980518-11-004,推行绿色照明阻力何在,no_topic
19980518-11-005,兴旅游须治罚款,no_topic
19980518-11-006,民族的才是世界的———兄弟杯中国国际青年服装设计师作品大赛一瞥,no_topic
19980518-11-007,湖面游船如织湖底清淤送土亚太集团开发出新型疏浚船,no_topic
19980518-11-009,预制件组装有新技术,short_body
19980518-12-001,企业呼唤有序竞争,no_topic
19980519-01-001,青岛:不让棚户区进入下世纪,no_topic
19980519-01-002,江泽民同韦登博斯会谈,no_topic
19980519-01-003,江泽民会见叙利亚客人,no_topic
19980519-01-004,李鹏会见卢森堡大公储,no_topic
19980519-01-005,李瑞环主席与意总统斯卡尔法罗会见,no_topic
19980519-01-006,爷爷的遗产,no_topic
19980519-01-007,热地当选西藏区人大常委会主任列确当选自治区政府主席,no_topic
19980519-01-008,受中共中央委托王兆国向党外人士通报会议精神,no_topic
19980519-01-010,毛如柏当选宁夏区人大常委会主任马启智当选自治区政府主席,no_topic
19980519-02-001,康佳为何杀出“回马枪”,no_topic
19980519-02-002,部分国家重点建设项目名单,no_topic
19980519-02-003,运用市场机制制定配套政策贵阳落实再就业责任目标,no_topic
19980519-02-004,“平方公里”的价值,no_topic
19980519-02-005,商品房销售将实行“两书”制度,no_topic
19980519-02-006,江苏启动新一轮农业科技革命,multiple_topics
19980519-02-008,第二十二届万国邮联大会会徽邮票发行,no_topic
19980519-02-009,达成铁路开通(图片),short_body
19980519-02-012,利辛向三边四荒要地,no_topic
19980519-02-013,保护个体私营经济浠水清理『糊涂费』,no_topic
19980519-03-001,创业实现再就业———全国青年兴业领头人创业事迹报告团侧记,no_topic
19980519-03-002,奋发图强开拓进取---访中共河北省委副书记赵世居(附图片1张),no_topic
19980519-03-003,检察机关工作会议指出教育整顿工作不能走过场,multiple_topics
19980519-03-004,一批党建和法律新书问世,review: 新书出版，文化与法治交叉
19980519-03-005,面对乘客的投诉,no_topic
19980519-03-006,光荣院里笑声朗(图片),short_body
19980519-03-007,廊坊建立“双休日”党校,no_topic
19980519-03-008,筑“巢”引“凤”———记深圳市宝安区公明镇党委一班人,no_topic
19980519-03-010,"本报讯新疆独山子石化总厂、克拉玛依市独山子区自开展『奉献一片爱心,救助贫困学生』活动以来,贫困学生问题日益受到社会关注,并在社会形成关心贫困学生风尚。社会团体、各界人士纷纷伸出热情双手,捐钱捐物,助养贫困学生,使一批贫困学生得到了社会的温暖。(张太亭)",title_length
19980519-03-011,"本报讯山西省临汾军分区动员全区人武系统广泛开展帮扶活动,去年重点帮扶的八百零一户贫困军属,经年底军地双方联合验收,已有百分之六十八实现了当年脱贫;七个县市的贫困军属实现了整体脱贫。(曹寒冰李国成)",title_length
19980519-03-012,"本报讯河北省承德市军民共建植树活动已经坚持开展了八年,驻承德解放军和武警官兵视驻地为故乡积极参加植树活动,八年来,共植树二十五万多株,通过共植『军民友谊林』,密切了军政军民关系。(李树春)",title_length
19980519-03-013,"本报讯辽宁省锦州市国家税务局注重文化拥军。他们在帮助驻军某部四十七个连以上单位安装了有线电视的基础上,又送来功放机、扩音器、VCD机等文体器材近百件,还捐书数千册,帮助该部建起了『军事图书室』,丰富了官兵的业余文化生活,为稳定部队起到了拴心留人的作用。(田志忠李刚)",title_length
19980519-03-014,"本报讯担负北京市安全保卫任务的武警某部,针对近几年部队官兵涉法违纪现象增多,法制观念淡薄等问题,及时采取有效措施,通过演讲赛、法律知识竞赛,举行法律小品晚会等形式,对官兵进行经常性教育,大力加强了官兵的法纪观念,提高了整个部队的法制建设,杜绝了各类违法乱纪现象的发生。",title_length
19980519-03-015,"本报讯山西太原是全国能源重化工基地的中心城市,国有大中型企业占有很大比重。中共太原市委一班人深入各困难企业开展调查研究,现场办公,与职工群众共商企业改革发展的大计。省委常委、市委书记纪馨芳深入十二个市属机电企业进行调研,力求从总体上对全市机电行业进行系统的改革。(晋仁)",title_length
19980519-04-001,历史不容否认事实胜于雄辩,no_topic
19980519-04-002,江阴农家读书乐,no_topic
19980519-04-005,日侵华『军事秘密地图』公开,no_topic
19980519-04-006,中葡联合联络小组组长再次会晤,no_topic
19980519-04-007,马思忠当选宁夏回族自治区政协主席,no_topic
19980519-04-008,中宣部全总举办国企下岗职工再就业先进事迹报告会,no_topic
19980519-04-009,安徽省涌现出许多『再就业之星』(图片),short_body
19980519-04-011,明天气象预报(5月19日20时—5月20日20时),short_body
19980519-04-012,据新华社北京5月18日电中共中央政治局委员李铁映今天在人民大会堂会见了由阿洛伊泽·比斯多夫主席率领的卢森堡共产党代表团。中联部副部长刘敬钦参加了会见。,title_length
19980519-04-013,据新华社北京5月18日电(记者罗辉)国务委员兼国务院秘书长王忠禹今天下午在中南海紫光阁会见了加拿大工业部长约翰·曼利。曼利是应国家经贸委邀请于16日抵京的。,title_length
19980519-04-014,"据新华社北京5月18日电中央军委委员、中国人民解放军总参谋长傅全有上将一行在圆满结束了对印度、奥地利、捷克及西班牙的正式友好访问后,于今天回到北京。副总参谋长熊光楷及上述国家的驻华使节等前往机场迎接。",title_length
19980519-04-015,据新华社北京5月18日电中央军委委员、中国人民解放军总政治部主任于永波上将在结束了对古巴和墨西哥两国的正式友好访问后今日返抵北京。到机场迎接的有副总参谋长熊光楷中将、总政治部副主任周子玉上将以及古巴和墨西哥驻华使节等。,title_length
19980519-04-016,据新华社北京5月18日电全国妇联主席陈慕华今天在京会见了以吉布提总统夫人、妇联主席艾莎·博格雷为团长的吉布提妇女代表团。,short_body
19980519-04-017,据新华社北京5月18日电(记者范文欣、钱彤)国家经济贸易委员会主任盛华仁今天在京会见了加拿大工业部长约翰·曼利。曼利今天还和信息产业部部长吴基传签署了中加电信谅解备忘录。,title_length
19980519-05-002,请给孩子一杯豆奶---国家大豆行动计划实施侧记,no_topic
19980519-05-003,抢占新一轮创业制高点每年投十亿科教兴福州,no_topic
19980519-05-005,山里娃上学坐中巴,no_topic
19980519-05-006,"本报成都五月十八日电记者梁小琴报道:第七届『茅以升科技教育基金』颁奖大会,今天在成都西南交通大学举行。我国科技教育战线六十五名成绩突出者荣获茅以升桥梁大奖等六个奖项。『德高望重风范长存茅以升、周培源生平事迹展览』也同时开幕。",title_length
19980519-05-007,"本报北京五月十八日讯今天是『国际博物馆日』,湖广会馆前人头攒动。国家文物局和北京市文物局的负责人在宣传摊位前向过往行人发放宣传品,讲解文物保护知识。与此同时,在全国各地分别举行宣传、咨询活动的博物馆、纪念馆和开放的文物保护单位近千家。今天的宣传主题是『与文物的非法贩运和交易行为进行斗争』。(朱晓东)",title_length
19980519-05-008,"本报北京五月十八日讯北京工人体育场北门广场迎来一个优雅温馨的艺术之夜。由朝阳区委区政府举办、朝阳区文化文物局承办的九八朝阳区『五月的鲜花』夏日文化广场暨建区四十周年大型文艺演出活动于今晚在工人体育场北门广场拉开帷幕,著名艺术家刘秉义、姜昆、徐沛东等登台献艺。这是朝阳区举办的大型公众演出活动。(阎冰)",title_length
19980519-05-009,"本报讯日前,美国通用无线电公司和杭州等通信企业进行技术交流,介绍了个人移动信息系统。个人移动信息服务指的是个人在移动的状态中获得信息的收集、分类、存贮、检索等服务。它可以随时随地收发电子邮件,可以与其它无线信息系统通信等。(王雅平)",title_length
19980519-06-001,李瑞环主席与意众议长会谈希望中意关系在新世纪得到更大发展,no_topic
19980519-06-002,安南敦促印签署禁核武公约,no_topic
19980519-06-003,宾加曼参议员的现实感,no_topic
19980519-06-004,从“西方七国”到“八国集团”,no_topic
19980519-06-005,瓦杰帕伊仍为核试验辩解,no_topic
19980519-06-006,不是自尊是耻辱,no_topic
19980519-06-007,希拉克总统撰文说巴勒斯坦人有权建国,no_topic
19980519-06-008,不应忽视的群体———国际残疾人问题一瞥,no_topic
19980519-06-009,印尼议长希望苏哈托辞职,no_topic
19980519-06-010,列别德当选克边疆区行政长官,no_topic
19980519-07-001,油价依然低位徘徊,no_topic
19980519-07-002,鲁杰罗敦促世贸组织成员守承诺,no_topic
19980519-07-004,图片新闻,title_length
19980519-07-005,荷兰巨幅大熊猫画像揭幕,no_topic
19980519-07-006,秦兵马俑亮相南非,no_topic
19980519-07-008,巴西政府重视扫盲,no_topic
19980519-07-009,微软搭售风波再起谈判破裂面临官司,no_topic
19980519-07-010,访加纳“高峡平湖”,no_topic
19980519-07-011,巧克力味美有缘由可可油晶体藏奥秘,no_topic
19980519-08-001,汤姆斯杯小组赛决出四强中国男队打入半决赛(附图片1张),no_topic
19980519-08-002,亚洲金融危机冲击国际羽毛球赛事,multiple_topics
19980519-08-003,韩国选手不言败,no_topic
19980519-08-005,深圳将举办全球散打搏击大赛,no_topic
19980519-08-007,世界杯足球赛中文网站开通,short_body
19980519-08-008,中、斯联合登山队中方第二次冲顶失利,no_topic
19980519-08-010,中国队有个“参谋部”,no_topic
19980519-08-011,兄弟姐妹齐上阵,no_topic
19980519-09-003,群众满意是最高奖赏(附图片1张),no_topic
19980519-09-004,梁子湖畔养龟王(附图片1张),no_topic
19980519-09-006,特色即优势,no_topic
19980519-09-007,出租车站缘何车马稀(附图片1张),no_topic
19980519-10-001,破题:一个有效的工作方法,no_topic
19980519-10-002,哲学的力量,no_topic
19980519-10-003,根治重复建设从何入手,no_topic
19980519-10-004,坚持真理观与价值观的统一,no_topic
19980519-11-004,虚功实做软件硬抓———关于社会大文化建设的话题,multiple_topics
19980519-11-005,一代人的青春纪念碑---关于《中国知青诗抄》,no_topic
19980519-11-006,在社会难点问题上寻求突破———读《脊梁———国有企业的机遇与挑战》,no_topic
19980519-11-007,《望花台》再现军旅风情,no_topic
19980519-11-008,欣赏风景门票(附图片1张),no_topic
19980519-12-001,鸟类天堂———鸟迷钟情北戴河纪事(附图片1张),no_topic
19980519-12-002,用知识清洁地球---记青年环境工程师武斌,no_topic
19980519-12-003,妊娠人生大事务使母婴平安,no_topic
19980519-12-006,不要迷信剖宫产,no_topic
19980519-12-007,撑起农村孕产妇的保护伞,review: 农村孕产妇医疗保健，非农业
19980519-12-008,图片新闻,title_length
19980519-12-009,福及母婴(图片),short_body
19980520-01-001,针对当前严峻的火灾形势江泽民总书记要求全党同志敲起警钟,no_topic
19980520-01-002,头四月国民经济平稳运行,no_topic
19980520-01-003,朱镕基会见韦登博斯总统,no_topic
19980520-01-004,政协委员关心下岗职工,no_topic
19980520-01-005,收割机挺进中原拉开麦收会战(图片),short_body
19980520-01-006,《十四大以来重要文献选编》中册出版,no_topic
19980520-01-007,李瑞环主席与意总理普罗迪会见,no_topic
19980520-01-008,我在国外看党报,no_topic
19980520-01-009,我国利用外资稳步增长,no_topic
19980520-01-010,永远的春城———’99昆明世界园艺博览会筹备活动巡礼,no_topic
19980520-02-001,广开门路热情帮助长沙开拓社区服务安置下岗职工,no_topic
19980520-02-002,开局良好仍需努力———就外贸出口形势访外经贸部部长助理高虎城,no_topic
19980520-02-003,昔日素手舞飞锭今朝端盘飨嘉宾(图片),short_body
19980520-02-004,国家电力公司制定措施确保上交利润86亿元,no_topic
19980520-02-006,融资与融智并重,no_topic
19980520-02-008,部分国家重点建设项目名单,no_topic
19980520-02-009,北京玉泉营家具城火灾原因查清,short_body
19980520-02-010,汗滴下土终不悔犹抱葫瓜笑说勤(图片),short_body
19980520-02-011,政策优惠科技配套济南吸引下岗人员开发『四荒』,review: 下岗再就业和土地开发政策，科技非主要内容
19980520-02-012,"本报讯苏州工业园区华能发电厂日前正式开工。电厂规划装机容量一百二十万千瓦,是国家批准利用国内外汇贷款购买国产发电设备发展电力工业的四个试点项目之一。(周成文)",title_length
19980520-02-013,"本报讯中保财险潍坊分公司业务处理中心近日成立,是全国成立最早的综合性业务处理中心。(赵礼忠)",short_body
19980520-02-014,"本报讯九八中国国际名茶、茶制品、茶文化展览会于近日在京举办,全国近二百家企业,以及阿根廷、肯尼亚政府代表团、意大利等国家的企业参展。",title_length
19980520-02-015,本报讯以『飞越无限』为创意的摩托罗拉公司全球品牌形象推广活动日前在中国拉开序幕。同时将在中国推出『摩托罗拉全质量服务』和『明星寻呼计划』。,title_length
19980520-02-016,"本报讯由湖北省武汉博大电气有限责任公司开发研制并投入生产的硅橡胶冷缩预制式电力电缆附件高科技产品,日前通过国家科委鉴定。(小尹)",title_length
19980520-02-017,"本报讯江苏省三毛集团自一九九一年起,累计支出八百万元,解决本镇所有一百八十三名四残人员的就业和生活问题,帮助他们脱贫。同时不断提高设备自动化程度,减轻劳动强度,让他们工作得轻松。(啸力方才)",title_length
19980520-03-001,中央文明委召开座谈会四部门率先推广全行业规范化服务,no_topic
19980520-03-002,选准突破口注重挖案源运城地区反对官僚主义动真碰硬,no_topic
19980520-03-003,提高素质放手使用---访中共新疆维吾尔自治区党委书记王乐泉,no_topic
19980520-03-004,拥政爱民先进单位(图片),short_body
19980520-03-005,好“二嫂”张晓梅,no_topic
19980520-04-001,中宣部全总北京市举办学习再就业先进典型座谈会,no_topic
19980520-04-002,洪流同志逝世,no_topic
19980520-04-003,国际航空货运协会向我国颁发政府奖,no_topic
19980520-04-005,深圳福田保税区海关“电子闸门”系统启动(图片),short_body
19980520-04-006,以改革促分流以发展促安置中原油田近三万职工实现再就业,no_topic
19980520-04-007,改变择业观念重新寻找『坐标』兰炼三叶公司富余人员愉快转岗,no_topic
19980520-04-010,钱其琛会见武村正义时指出国际社会谴责印度核试验完全有道理,no_topic
19980520-04-011,书记扶“穷亲”,no_topic
19980520-04-013,山海关建成鸟语林南方珍禽北方迎客,no_topic
19980520-04-014,甘肃雨水集流节灌名优林果,no_topic
19980520-04-015,明天气象预报(5月20日20时—5月21日20时),no_topic
19980520-04-016,据新华社北京5月19日电(记者钱彤)国务院副总理钱其琛今天亲切会见吉布提总统夫人、妇联主席艾莎·博格雷率领的妇女代表团。吉布提外交和国际合作部长谢希姆等会见时在座。,title_length
19980520-04-017,据新华社北京5月19日电(记者钱彤)国务院副总理钱其琛今天在这里会见了来访的厄立特里亚地方政府部长马哈茂德·谢里夫和卫生部长萨利赫·梅基。,title_length
19980520-04-018,据新华社北京5月19日电(记者彭树杰)国务院副总理温家宝今天在京会见卢森堡大公储亨利亲王和经济大臣戈贝尔斯。,short_body
19980520-04-019,"新华社北京5月19日电外交部发言人朱邦造今天在记者招待会上宣布,国务委员罗干将率中国代表团出席联合国于6月8日至10日在纽约联合国总部召开的第二十次特别会议。",title_length
19980520-04-020,新华社北京5月19日电国务委员司马义·艾买提今天在这里会见了由津巴布韦总统府国务部长塞法斯·姆西帕率领的津巴布韦联合代表团。津巴布韦客人是应对外友协的邀请来访的。,title_length
19980520-04-021,据新华社北京5月19日电外交部长唐家璇和厄立特里亚地方政府部长谢里夫今天下午在外交部举行会谈。,short_body
19980520-04-022,"新华社北京5月19日电外交部发言人朱邦造今天在这里宣布:应全国人大常委会的邀请,斯里兰卡议长拉特纳亚克将于1998年5月23日至27日对中国进行正式友好访问。",title_length
19980520-04-023,"本报庐山5月19日电以美国国家公园局外办主任雪伦·克莱丽为代理团长的美国国家公园代表团一行9人,于5月16日至18日对庐山进行了友好访问和考察。(尹超海)",title_length
19980520-05-001,告别越穷越生走向少生快富荆州农民在计划生育中受益,multiple_topics
19980520-05-002,门诊窗口方便群众专家医师巡诊农村宁国市医院推出系列便民措施,multiple_topics
19980520-05-006,重视蓝色国土保护绿色宝库“建设万里文明海疆”宣传活动将开展,no_topic
19980520-05-007,巡诊队下乡来(图片),short_body
19980520-05-008,严格审定加强管理我国规范环境管理国际标准认证工作,no_topic
19980520-05-010,唐山市注重引进高学历人才一批研究生展露才华,no_topic
19980520-05-011,北大资源集团支持教学科研,multiple_topics
19980520-05-012,全国推广普通话宣传周确定,no_topic
19980520-05-013,百余位校长风采录《圣园之魂》出版,no_topic
19980520-05-014,海洋年青少年科普活动举行,no_topic
19980520-05-015,《儿童英语入门》寓学于乐,short_body
19980520-06-001,李瑞环会见意参院议长指出有人散布“中国威胁论”别有用心,no_topic
19980520-06-003,国际社会继续对印核试反应强烈,no_topic
19980520-06-004,巴就印威胁发表声明对8国集团首脑会议深表失望,no_topic
19980520-06-005,苏哈托说印尼将尽快大选军方反对国会要求总统辞职,no_topic
19980520-06-006,我藏学家在德举行报告会,no_topic
19980520-06-007,图片新闻,title_length
19980520-06-008,印扬言对巴采取行动准备爆炸更多核装置,no_topic
19980520-06-009,日本军用机故伎重演巡逻舰首次出航,no_topic
19980520-06-010,阿拉法特拒绝以撤军新建议,no_topic
19980520-06-011,南联盟罢免总理起风波,no_topic
19980520-06-012,泰赞扬中国为地区稳定做贡献,no_topic
19980520-06-013,以否认就撤军与美达成协议,no_topic
19980520-06-014,埃法建议开国际会拯救和平,short_body
19980520-06-015,佩雷斯说以需要巴勒斯坦国,no_topic
19980520-07-002,南部非洲国家首脑呼吁减免非洲穷国外债,no_topic
19980520-07-004,波拉尔啤酒厂成功之道,no_topic
19980520-07-005,美缉毒行动历时三年整墨涉嫌洗钱银行十二家,review: 缉毒洗钱执法，金融与法治交叉
19980520-07-007,俄确定本年度经济目标,no_topic
19980520-07-009,《西班牙雕刻》出版发行,no_topic
19980520-07-010,洪都拉斯全境千处森林起火(图片),short_body
19980520-08-001,我举重大力士后继有人连夺世青赛首日三冠,no_topic
19980520-08-002,中斯联合登山队征服珠穆朗玛峰,no_topic
19980520-08-003,北京国安队今日迎战法国波尔多队,no_topic
19980520-08-004,中央电视台将转播汤尤杯半决赛决赛,no_topic
19980520-08-005,尤伯杯半决赛对阵排出中国女队将力拼韩国队(附图片1张),no_topic
19980520-08-006,等待进入最佳状态———尤伯杯小组赛小结,no_topic
19980520-08-007,韩国女队黑马成色有多少,no_topic
19980520-08-008,大型系列片《武术博览》在京开机,short_body
19980520-08-009,卡尔波夫在沪与青少年棋手进行车轮战,no_topic
19980520-09-001,贪官走上“不归路”,no_topic
19980520-09-002,超越血缘的爱———一位沂蒙老大娘和五个弃婴的故事(附图片1张),no_topic
19980520-09-003,得言要察,title_length
19980520-10-001,盼“希望”之光照到这里(附图片3张),no_topic
19980520-10-002,索赔赔本也值得,no_topic
19980520-10-003,靠质量走出国门,no_topic
19980520-10-004,一堂生动的质量课,no_topic
19980520-10-005,接受批评改进工作不该发出的文件被撤销,no_topic
19980520-10-006,不能只对领导负责,no_topic
19980520-10-007,买车票遭敲诈票贩子心太黑,no_topic
19980520-10-008,中考择校应慎重,no_topic
19980520-10-009,买仔猪谨防受骗,no_topic
19980520-10-010,马车拉客谁来管?,no_topic
19980520-10-011,乡镇邮局应便民,no_topic
19980520-10-013,如此排污太坑人,short_body
19980520-10-014,这段公路质量差,short_body
19980520-10-015,噪音扰民何时了,no_topic
19980520-11-001,推进幸福工程救助贫困母亲,no_topic
19980520-11-002,关心群众从点滴做起,no_topic
19980520-11-003,婚姻不成发怒强扣车辆违法,no_topic
19980520-11-004,忘我奉献令人钦佩,no_topic
19980520-11-005,银屑病的病因与防治,no_topic
19980520-11-006,虽穷且乐仍读书,no_topic
19980520-11-007,感受打工,title_length
19980520-11-008,打工者的忧虑,no_topic
19980520-12-001,毕生重教爱中华———纪念父亲庄希泉逝世十周年,no_topic
19980520-12-002,推进共产党领导的多党合作和政治协商制度建设,no_topic
19980520-12-003,学者·公仆---记农工党中央副主席、陕西省副省长陈宗兴,no_topic
19980520-12-004,中国民主促进会,no_topic
19980520-12-005,教学科研党务一肩挑,multiple_topics
19980520-12-006,党外人士学习的基地———记中央社会主义学院,no_topic
19980520-12-007,"一九九八年三月六日至十二日,中共重庆市委统战部、市级各民主党派、工商联共同组织情系山区『三下乡』服务团深入黔江地区开展文化、科技、卫生服务。『三下乡』服务团主要由西南农业大学、重庆医科大学附属医院、市曲艺团、市歌舞团等三十七个单位的七十位民主党派专家、教授、演员组成。服务团历时七天,行程一千五百公里,先后在彭水、黔江、酉阳三个少数民族自治县及三个县下属的郁山镇、冯家镇、龙潭镇等六个地方为二万余名山区各族群众举行义演、义诊和义务科技咨询。(陈文华)",title_length
19980520-12-008,"杭州市政协委员、杭州市民革市委常委、杭州市民革参政议政委员会副主任张少华同志的一则『建议将统战工作列入部分中共党委部门的工作计划内』的提案,引起了中共杭州市委的高度重视。市经委认真研究了此提案,落实了三条措施:把统战工作作为党委工作的重要组成部分,并列入议事日程;把统战工作作为一项重要内容,列入《全市年度党建工作目标责任制》,促使该项工作更加制度化、规范化;把统战工作作为考核各级党委党建工作实绩的重要内容,平时加强检查指导,保证该项工作的真正落实。(闵革柴税)",title_length
19980520-12-009,"最近,江苏省及南京市工商联在南京联合举办了非公有制企业招聘下岗职工及各类人才活动,组织五十九家非公有制企业会员参加,提供再就业岗位五百多个。招聘现场人头攒动,气氛热烈,前来应聘的下岗职工和各类人才达三千多人,其中有六百多人与用人单位签订了意向性协议,四十多家非公有制企业完成和超额完成了预定的招聘计划。(何昌林)",title_length
19980521-01-001,党政一把手亲自抓福州构建国企下岗职工再就业新机制,no_topic
19980521-01-003,广东外贸保持快速增长一季度进出口总额比去年同期增长20%多,no_topic
19980521-01-004,图片新闻,title_length
19980521-01-005,自立自强不等不靠争创辉煌,no_topic
19980521-01-007,《人民日报五十年索引》光盘出版,no_topic
19980521-01-008,人民日报支持我讲真话,no_topic
19980521-01-009,半个世纪的情结,no_topic
19980521-01-010,危险的“车龙”(图片),short_body
19980521-01-012,"我国新一代支线客机运七200A飞机日前获得中国民航总局颁发的合格证,即将投放市场。西安飞机工业(集团)有限责任公司研制的新型运七200A飞机,身长较运七100型飞机加长1米,客座由48座增至60座,同时结构减重达1000公斤,有效地增加了商载,该机价格仅相当于国外同类飞机的2/3,有着巨大的市场潜力。经过4年空中试飞和地面试验,表明运七200A飞机在安全性、经济性、驾驶品质、舒适性和可维修性等许多方面,都达到了当代世界先进支线客机的水平。(孟西安刘桂莲)",title_length
19980521-01-013,"西北地区第一个国家级专业人才市场中国兰州工程技术人才市场五月十七日挂牌开业。这个市场是由国家人事部、甘肃省人事厅和兰州市政府共同组建的,旨在把兰州建成现代化商贸中心城市并为促进西部经济发展提供必要的人力资源。来自甘肃省内和北京、上海、西安等城市的一百多家招聘单位,以及数千名应聘人员,使人才交流大厅热闹非凡。(陈伟光陈鹏)",title_length
19980521-01-014,"福建省肖厝经济开发区将筹巨资建设年原油加工能力八百万吨的炼油装置,六十万吨的乙烯裂解装置,四十五万吨的聚乙烯装置,三十万吨的聚丙烯装置,三十万吨的聚氯乙烯装置,二十六万吨烧碱项目及一批中下游化工项目,建成大型石油化工基地。(黄敬谢国明)",title_length
19980521-01-015,"五月十五日,中国东方电气集团新疆天山锅炉厂第一台三十二t/h水泥窑余热发电锅炉诞生。这台锅炉总重量五百余吨、总价值七百余万元。它将运抵柬埔寨泰文隆水泥厂落户。这是『天锅』生产的第一台『B』级锅炉,也是『天锅』建厂四十年来生产的第一台出口锅炉。(祝谦)",title_length
19980521-01-016,"由铁道部十四局二处承建的上海外环线跨沪杭铁路高架桥日前架通。全长六百米的该高架桥是上海市跨世纪工程外环线道路的重要组成部分,设双向八车道,时速一百二十公里,上跨行车密度极高的沪杭铁路。(孙宝林陈庆)",title_length
19980521-02-001,下岗不失志我辈当自强,no_topic
19980521-02-003,从头学起闯新路(附图片1张),no_topic
19980521-02-004,"下岗了,决不能趴下!(附图片1张)",no_topic
19980521-02-005,组织起来创新业(附图片1张),no_topic
19980521-02-006,身逢逆境无弱女苦寒过后茶飘香(附图片1张),no_topic
19980521-02-007,社会需要是我再就业的第一选择(附图片1张),no_topic
19980521-02-008,消费者误购假冒的康必得片恒利制药公司将出钱收购销毁,no_topic
19980521-02-009,郑铁局开通旅游专列,no_topic
19980521-02-010,走进春天---从博览会看服装业的快速成长,no_topic
19980521-02-011,吴仪在全国外经贸工作电视电话会议上要求打好今年外贸“攻坚战”,no_topic
19980521-02-012,旅顺口开发旅游资源,no_topic
19980521-02-013,儋州华夏城乡游开幕,no_topic
19980521-03-001,钟祥戒奢崇俭重廉政,no_topic
19980521-03-002,赞『部委挂牌静悄悄』,no_topic
19980521-03-003,以“软”补“硬”提高素质河南消防总队过硬班子带出过硬队伍,no_topic
19980521-03-004,全军全面实行中级卫生技术资格考试,multiple_topics
19980521-03-006,心系“希望工程”的广西北海市银丰城市信用社(图片),short_body
19980521-03-008,青年志愿者扶贫接力计划将在全国实施,no_topic
19980521-03-009,民政部决定为革命伤残军人更换假肢轮椅,no_topic
19980521-03-010,临猗政务公开促监督,no_topic
19980521-03-011,"本报讯河南省平顶山市湛河区国税局开展承诺服务,制定了《湛河区国税服务公约》,把办税服务厅内各窗口的服务项目、内容、服务标准、时间、要求公布于众,并接受纳税人的监督,有力地促进了该局精神文明建设。最近,该局被河南省委、省政府授予『优质服务示范窗口单位』。(张夏孔繁欣)",title_length
19980521-03-012,"本报讯广东省深圳市宝安区巡警『一一○』机动队坚持有警必接,有难必帮,有险必救,有求必应。成立半年多时间以来,为民排忧解难做好事九百二十八件,抢救事故伤员十五人,有二十二名迷途老人、儿童被巡警送回到亲人身边,收到锦旗二十六面、感谢信九十八封。(廖锦坪)",title_length
19980521-03-013,"本报讯四月四日,山东东营军分区制定出台了《关于进一步发动民兵投身个体私营经济的决定》。目前,军分区、人武部门发动、扶持的民兵个体工商户已有一点五万名,由民兵创办的私营企业达五百家。这些私营业主不仅每年为国家上缴上亿元的利税,还为当地提供了三万多个就业机会。(丁尚明)",title_length
19980521-03-014,"本报讯潍坊华光集团利用自身高科技密集型的优势开展科技拥军。该集团每次有新产品问世,他们首先向驻军『献礼』,驻军的自动化中心已连续使用他们生产的五代产品。一百多种训练器材也得到该集团提供的技术援助。其中炮兵侦察自动数传装置被总部评为军队级科技进步二等奖。(刘全应)",title_length
19980521-03-015,"本报讯日前,革命老区广东省高明市举行万人集会,誓师远离『黄赌毒』,与『黄赌毒』作坚决斗争。为扩大影响,誓师队伍沿市区主要马路游行一周,宣传扫除『黄赌毒』;还举行销毁『黄赌毒』物品仪式,二千多件黄、赌物品及四百多克海洛因灰飞烟灭。(温淼森)",title_length
19980521-03-016,"本报讯今年,河南省焦作市成立了十一个维护军人军属合法权益巡回法庭(合议庭),县、乡两级人武部成立了一百一十九个军人军属法律咨询服务站。到目前,全市共选拔培训维护军人军属合法权益工作人员一百八十人,受理军人军属涉法案件十一起,审结案件八起,依法维护了军人军属的合法权益。",title_length
19980521-04-001,提高干部素质治理平庸懒散,no_topic
19980521-04-002,董建华在立法会选举宣传活动上指出,no_topic
19980521-04-003,基层大有作为,no_topic
19980521-04-004,日本等国来宾参观南京大屠杀纪念馆后表示以史为鉴祈祷和平,no_topic
19980521-04-005,图片新闻,title_length
19980521-04-006,择业观变了就业路宽了淄博张店区大中专毕业生基层展才华,no_topic
19980521-04-008,拉萨街头“科普热”,no_topic
19980521-04-009,风雨交加气温剧降乌鲁木齐五月飞雪,no_topic
19980521-04-010,中国西部环境与发展信息网建立,no_topic
19980521-04-011,齐怀远在对外友协七届理事会上强调中国民间外交大有可为,no_topic
19980521-04-012,中共友好代表团结束南美两国访问,short_body
19980521-04-013,鹿邑出土最早管乐器禽骨排箫距今三千年,no_topic
19980521-04-014,枇杷香飘因特网引来四海购销客(图片),short_body
19980521-04-015,玉林市五条高等级公路建成使用通车庆典俭朴热烈,no_topic
19980521-04-016,吉祥鸟回迁玉树草原黑颈鹤数量逐年增加,no_topic
19980521-04-017,明天气象预报(5月21日20时—5月22日20时),no_topic
19980521-05-003,国务院学位委员会举行学科评议会议,no_topic
19980521-05-005,国家海洋局发布今年海洋灾害趋势预测风暴潮增多其他灾减少,no_topic
19980521-05-006,为残疾儿童献爱心(图片),short_body
19980521-05-007,"本报讯卢冀宁、汪维懋合作编写的《历代边塞诗词选析》、《历代军事散文选析》、《历代名言警句选析》,作为《当代军人文化道德修养丛书》的前三本,最近已由军事谊文出版社出版。",title_length
19980521-05-008,"本报讯《中国机器人之父蒋新松》一书,近日由辽宁科学技术出版社推出。该书包括『一个伟人的成长』、『科学城堡的主人』等十二章,约十五万字。该书生动地记述了蒋新松投身科技、报效祖国的精神风范和超前的战略思想。本书由国家一级作家徐光荣著。(李夏)",title_length
19980521-05-009,"本报讯以探索二维空间的绘画语言来表达主题思想而闻名的青岛画家李三鸣(笔名伞天)个人油画展,日前在北京中国美术馆举办。展出的五十幅油画作品主题鲜明,风格独特。(于名)",title_length
19980521-05-010,"本报讯河南省漯河市农科所副研究员李建钊等科研人员培育成功一种黑色小麦『漯珍一号』。漯珍一号被定为营养价值高的优良小麦新品种。同时他还具有抗倒、抗病、抗穗发芽,产量稳定等特点。(杨光)",title_length
19980521-06-001,文明古国友好合作,no_topic
19980521-06-002,印度国大党批评人民党政策,no_topic
19980521-06-003,登堂而未入室---俄成为八国集团成员,no_topic
19980521-06-004,最后一次的参观(图片),short_body
19980521-06-005,智利秘鲁总统分别会见田纪云,no_topic
19980521-06-006,印尼国会同意要求苏哈托22日前辞职,no_topic
19980521-06-007,日中友好团体声明指出美化战犯违反日中联合声明,no_topic
19980521-06-008,菲总统大选计票显示埃斯特拉达稳操胜券,no_topic
19980521-06-009,布拉托维奇出任南总理,no_topic
19980521-06-010,哥全国举行争取和平活动,no_topic
19980521-06-011,关于解决希土争端问题希腊拒绝克林顿建议,no_topic
19980521-06-012,今日峡湾小岛———挪威西部峡湾纪行之一(附图片1张),no_topic
19980521-07-002,多边贸易体系成立50周年我代表作为观察员出席世贸组织庆祝会,no_topic
19980521-07-003,日本奈良东大寺着火鉴真和尚像烧损,no_topic
19980521-07-004,曾荫权在圣地亚哥指出香港经济持续繁荣,no_topic
19980521-07-005,滚滚热浪袭击印度核试验区九人死亡,no_topic
19980521-07-008,图片新闻,title_length
19980521-07-009,日破产企业持续增加,no_topic
19980521-07-010,菲贸易赤字大幅减少,short_body
19980521-07-011,"加拿大司法部长麦克莱伦近日在公布《青少年犯罪法》时强调,打击犯有严重罪行的青少年,可以按照成人标准量刑的范围最低可降到十二岁,最高可判处终身监禁。",title_length
19980521-07-012,"由于国际原油价格大幅下跌,沙特今年的经济增长速度将减缓,今年的国内生产总值至多实现百分之五的增长。这一预测是阿拉伯联盟下属的阿拉伯货币基金今年第一季度报告作出的。",title_length
19980521-07-013,"中国和墨西哥企业家第八次会议五月十五日在墨西哥城举行,会议讨论了二十一世纪即将来临之际中墨两国进一步扩大经贸交流和合作的途径与方式。",title_length
19980521-07-014,日本的新日铁公司和韩国的浦项制铁公司正在就相互持股事宜进行谈判。产量分别居世界钢铁业第一和第二位的两家企业已向新闻界确认了此事。,title_length
19980521-07-015,"中泰经贸投资合作座谈会十九日在曼谷举行,中泰企业家们就加强两国间的经贸和投资合作进行了广泛的交流。",short_body
19980521-07-016,"沙特阿拉伯国王法赫德已决定赦免两名在押英国护士。这两名英籍护士被控杀死一名澳大利亚籍同事,去年被沙特法庭依法判决。沙特驻英国大使十九日在伦敦宣布沙特国王的赦免消息。她俩将在『未来几天内返回英国』。有关凶杀案发生在一九九六年十二月。三十九岁的黛博拉·帕里犯蓄意杀人罪,被判处死刑;三十二岁的露希拉·麦克劳克伦为杀人帮凶,被判处监禁八年及鞭笞五百下。至今,两名英籍护士已在沙特监狱中关押一年半时间。(本报专电)",title_length
19980521-08-002,两强相争勇者胜---观中国男队与丹麦男队之战,no_topic
19980521-08-003,中国男队不敌丹麦汤杯半决赛拼印尼,no_topic
19980521-08-005,前哨之战先斗智———观马来西亚男队与印尼男队之战,no_topic
19980521-08-007,北京国安队负于波尔多队(附图片1张),no_topic
19980521-08-008,贝尔格莱德红星队表示访华比赛不会掉以轻心,no_topic
19980521-08-010,申花队力克乌拉圭劲旅,short_body
19980521-09-001,离富裕还有多远?(附图片1张),no_topic
19980521-09-002,故道上的期盼,no_topic
19980521-09-003,“我是有信心的”(附图片1张),no_topic
19980521-09-004,不甘心在家守穷(附图片1张),no_topic
19980521-09-005,四川牧区改革发展“三部曲”,no_topic
19980521-09-006,宁都一把席草富了农家院,no_topic
19980521-09-008,植树与“植数”,no_topic
19980521-09-009,虞城走访贫困村(附图片1张),short_body
19980521-10-001,『吃大锅饭』不是社会主义,no_topic
19980521-10-002,解放思想、实事求是的20年,no_topic
19980521-10-003,培育和发展多元化投资主体,no_topic
19980521-10-004,全国党校系统纪念真理标准讨论20周年研讨会综述,no_topic
19980521-10-005,《从八大到十五大》,no_topic
19980521-11-001,开篇的话,title_length
19980521-11-002,依法监督责无旁贷———廊坊市人大常委会主任谈基层人大工作,no_topic
19980521-11-003,思想工作作风三到位,no_topic
19980521-11-005,为政先考法---武汉新一届政府组成人员考试记,no_topic
19980521-11-007,图片新闻,title_length
19980521-11-008,改革开放气象新人大立法果实丰(附图片1张),short_body
19980521-11-009,"本报讯自1993年以来,海南省三亚市人大常委会一直把执法监督作为依法治市的重点工程来抓,制定了5年执法监督规划,先后作出了“关于加强执法工作的决议”等20多件决议、决定。5年来,市人大常委会共对本市工业、农业、旅游、物价、社会治安、土地管理、市政建设等多方面执法情况进行专题视察20多次,专题调查60多次。(吴卫华)",title_length
19980521-11-010,"本报讯为进一步扩大评议面,不断加大人大对“一府两院”的监督力度,江西省乐平市人大常委会日前在全市范围内组织万人(包括人大代表、干部、职工、普通群众)对由人大常委会任命的两院和政府部门共31个有执法权的单位进行问卷评议,取得良好效果。评议表从“学法用法、依法办事、顾全大局、勤政廉政、完成任务、队伍建设、服务热情、办事公道”等8个方面内容广泛征求意见。",title_length
19980521-11-011,"本报讯日前,江西南丰县第十二届人大常委会第三十次全体会议对县政府提请拟任政府有关部门的6位干部的任命程序,采取审议与施政供职相结合的形式进行选举任命,受到好评。其具体做法:一是由县长向人大常委会会议介绍拟任人员的基本情况;二是6位拟任干部分别向人大常委会会议作拟任职务施政演说;三是常委会的组成人员通过听取拟任干部的施政演说,结合平时掌握了解的情况投票表决,确定任命是否通过;四是建立任后跟踪监督档案。(江修礼)",title_length
19980521-11-012,"本报讯《蔚县人大志》这部河北省及张家口市的第一家县级人大专志,日前由蔚县人大常委会编纂完成。该志记述了1949年至1996年48年间,蔚县人大及其常委会依法行使职权的实践活动和组织形式沿革状况。",title_length
19980521-11-013,"本报讯乡镇人大换届选举结束后,福建省上杭县官庄畲族乡人大主席团广泛开展争当“八员”活动,即:做带头学习有关法律法规和党的路线、方针、政策的辅导员;做宣传党的路线、方针、政策和法律法规的宣传员;做落实各项工作的督查员;做勤劳致富、科学致富的示范员;做献计献策的信息员;做为民办实事、办好事的勤务员;做维护社会治安工作的保卫员;做深入调查研究,为领导机关决策服务提供依据的联络员。(邱亮庆)",title_length
19980521-12-001,一本相册藏佳话,no_topic
19980521-12-002,春城之恋(摄影),short_body
19980521-12-003,曹操烧书与市场打假,no_topic
19980521-12-004,绿杨村记,title_length
19980521-12-005,狼牙山之歌,no_topic
19980521-12-006,江流天地外(中国画),short_body
19980521-12-007,木帆船和手推车的架构,no_topic
19980521-12-008,这槐树不是那槐树,no_topic
19980521-12-009,叩问澳门---贺澳门回归进入倒计时,no_topic
19980522-01-001,江泽民朱镕基会见对外友协全国理事会理事,no_topic
19980522-01-002,李鹏会见陈香梅女士,no_topic
19980522-01-003,朱镕基考察北京国有企业并与部分企业负责人和下岗职工座谈强调,no_topic
19980522-01-004,尉健行在六部门联合召开的全国电视电话会议上要求,no_topic
19980522-01-005,国家防总公布大江大河等防汛责任人名单,no_topic
19980522-01-006,印尼总统苏哈托辞职副总统哈比比宣誓就职行使总统权力,no_topic
19980522-01-007,外交部发言人答记者问中国希望印尼社会稳定经济恢复正常,no_topic
19980522-01-008,中国政府密切关注印尼中国侨民境遇,no_topic
19980522-01-009,圆满结束意大利之行前往西班牙李瑞环抵马德里访问,no_topic
19980522-01-010,我当“架桥人”,no_topic
19980522-02-001,"伟哉,烈火金刚!———来自阿尔山森林扑火前线的最新报告(附图片2张)",no_topic
19980522-02-002,本报最新消息三处火点依然肆虐,no_topic
19980522-02-003,全国发展计划委员会系统外资工作会议提出,no_topic
19980522-02-004,郑州-澳门-台北航班开通,no_topic
19980522-02-005,北京节水工作常抓不懈朝阳区举办建区40年成就展,no_topic
19980522-02-006,断皇粮换饭碗,no_topic
19980522-02-007,皇粮断得好,no_topic
19980522-02-008,国外大公司继续看好宁波(附图片1张),no_topic
19980522-02-010,皇岗海关查获特大走私黄金案,no_topic
19980522-02-011,浙江最大企业兼并运作顺利,no_topic
19980522-02-012,北轻汽10年创利税6.6亿元,no_topic
19980522-03-001,清明上河新画卷———河南开封县创建文明县城记(附图片1张),no_topic
19980522-03-003,高法邀请全国人大全国政协常委委员指导工作,no_topic
19980522-03-004,牧区人民的保护神(图片),short_body
19980522-03-006,"本报讯5月15日,司法部在全国范围内开展了律师义务法律咨询日活动。许多省、区、市的广大律师和律师管理干部走上街头,深入农村、乡镇,设立咨询宣传点,通过散发宣传提纲和各类宣传材料、陈列展板及现场解答法律咨询等形式,为群众提供法律服务。司法部部长高昌礼参加了在北京举行的法律咨询活动。",title_length
19980522-03-007,"本报讯近日,公安部报刊图书出版社、河北省公安交管局、啄木鸟杂志社联合在京举办《太阳岛》作品研讨会。《太阳岛》刊发于《啄木鸟》杂志1998年第1期,它通过描写石家庄交警群体形象,生动地反映了公安交警这条特殊战线的平凡而又充满英雄豪情的战斗生活。作品以纪实的手法、朴实的语言,在公安干警与读者之间架起了一座理解的桥梁。(蒙利)",title_length
19980522-04-001,“麻木树”中橄榄绿,no_topic
19980522-04-003,当代中国书画家联展举行,short_body
19980522-04-004,『工程』小议,no_topic
19980522-04-005,自强自立再创新业,no_topic
19980522-04-006,泪洒托老院,no_topic
19980522-04-009,图片新闻,title_length
19980522-04-011,本报海外版举办『长城行』大型采访活动,no_topic
19980522-04-012,《革命烈士遗书选》出版,short_body
19980522-04-013,未来一周天气趋势,no_topic
19980522-04-014,明天气象预报(5月22日20时—5月23日20时),no_topic
19980522-04-015,"新华社北京5月21日电外交部发言人朱邦造今天在记者招待会上宣布:应国务院总理朱镕基的邀请,以色列国政府总理本雅明·内塔尼亚胡将于5月25日至28日对中国进行正式访问。",title_length
19980522-04-016,据新华社北京5月21日电全国人大常委会副委员长、中国人民争取和平与裁军协会会长何鲁丽今天在这里会见了由前苏军总参谋长、国际和平基金会联合会咨询委员会委员弗拉基米尔·尼古拉耶维奇·洛博夫大将率领的联合会访华团。,title_length
19980522-04-017,据新华社北京5月21日电(记者王敬中)中央军委委员、中国人民解放军总参谋长傅全有上将今天在这里与来访的德国军队总监哈尔姆特·巴格尔上将进行了会谈。,title_length
19980522-04-018,"新华社北京5月21日电应南非国防军外事局的邀请,由中华人民共和国国防部外办主任罗斌少将率领的中国人民解放军外事代表团今日离京赴南非访问。",title_length
19980522-04-019,"据新华社深圳5月21日电(记者赵肖峰)苏里南共和国总统尤勒斯·韦登博斯今天结束对深圳为期两天的访问,乘专机飞往上海,继续进行国事访问。",title_length
19980522-05-008,从技术创新和体制创新层面审视———大学如何承担新使命(附图片1张),multiple_topics
19980522-06-001,印尼军方欢迎苏哈托辞职(附图片1张),no_topic
19980522-06-002,印度核试验不结盟国家深表忧虑,no_topic
19980522-06-003,印尼政局新变化,no_topic
19980522-06-004,不顾国际挞伐继续我行我素印度试射多管火箭,no_topic
19980522-06-005,印尼新总统哈比比(附图片1张),no_topic
19980522-06-006,印内政部长发表强硬讲话再次制造印巴紧张气氛,no_topic
19980522-06-007,印度总理首席秘书称要同中国改善关系,no_topic
19980522-06-008,白宫发言人重申对华政策美坚持与我建设性交往,no_topic
19980522-06-009,以要求美资助撤军,no_topic
19980522-06-010,确保全民公决通过和平协议布莱尔再访北爱(附图片1张),no_topic
19980522-06-011,安理会发表主席声明呼吁塞反政府武装投降,no_topic
19980522-07-001,东亚经济传真,no_topic
19980522-07-004,印尼局势影响东亚经济复苏,no_topic
19980522-07-005,智利首都举行中国香港出口商品展销会(图片),short_body
19980522-07-006,油价创九年来最低,no_topic
19980522-07-007,意大利蒙面盗贼入室三幅名画被窃(附图片1张),no_topic
19980522-07-008,好莱坞两公司争拍“007”米高梅呈状告索尼,no_topic
19980522-08-002,世界青年举重赛中国小将又夺冠,no_topic
19980522-08-003,学会认真---从董炯负于约纳森谈起,no_topic
19980522-08-005,西班牙皇家马德里队喜获欧洲冠军杯,no_topic
19980522-08-007,法国土伦杯赛健力宝队无缘决赛,short_body
19980522-08-008,香港登山好手将攀登北美最高峰,no_topic
19980522-08-009,中国男队面临考验,no_topic
19980522-09-002,舞坛骄子赵明,no_topic
19980522-09-003,维护文明环境需要众人齐努力,short_body
19980522-09-004,"读了贵报『大地周刊』刊载的文章《让我们都来维护文明环境》,极为赞成。作为一个北京居民,我的感触与文章的作者相同,但我以为影响首都文明环境还有两大因素。",title_length
19980522-09-005,克利夫兰交响乐团将来京沪演出,no_topic
19980522-09-007,与苏芮再相逢姜育恒同台演唱,no_topic
19980522-09-008,为三峡放歌,no_topic
19980522-09-009,《龙蟠虎踞今胜昔》被收藏界看好(图片),short_body
19980522-09-010,《吉达-麦加的门户》在北京敞开,no_topic
19980522-09-011,中国话剧《船过三峡》在英国受好评,no_topic
19980522-10-001,席卷之势绘辉煌(附图片1张),no_topic
19980522-10-002,直面『社会热点』的好戏,no_topic
19980522-10-003,被间离的舞台图像,no_topic
19980522-10-004,京港台明星聚首《还看今朝》,no_topic
19980522-10-005,荧屏欢迎情感戏《有情人》再谱爱心曲,no_topic
19980522-10-006,影视投资人何以青睐青春题材(附图片1张),no_topic
19980522-10-007,《民政局》将在中央台播出,no_topic
19980522-10-008,《各族儿童心连心》加紧拍摄,no_topic
19980522-10-010,《孙子兵法与三十六计》上荧屏(附图片1张),no_topic
19980522-10-012,《阿里山女儿》述说两岸情(附图片1张),no_topic
19980522-10-013,不一样的北京味丁荫楠拍《黄连·厚朴》,no_topic
19980522-11-001,长篇的期待———关于长篇小说创作的讨论,no_topic
19980522-11-002,"心中,那一双双充满渴望的眼睛",no_topic
19980522-11-003,追求高品位探索新领域(附图片3张),no_topic
19980522-11-004,"神秘浪漫的土司生活通过“我”这个主人公的眼睛看来。“我”是土司的“傻子”二少爷,“我”看到了动和静、爱和恨,看到了疯狂和杀戮,看到了美丽和鸦片,下雪的早晨野画眉在窗外的声声叫唤贯穿全篇。藏族封建土司制度在“我”注视的目光中凄美消失。“我”既“傻”又聪明,既“疯狂”又理性,在作者借傻子疯话的叙述中我们体会到了藏原上那个神秘民族特有的诗歌素质和浪漫情怀,作者选取的“疯话”叙述角度使我们自然联想起“狂人”的诸多形象。《狂人日记》中的“狂人”,《哈姆莱特》中的王子......",title_length
19980522-11-005,"小冬喜欢车,小冬一直想开车,小冬终于开上了做梦才能开上的黑色丰田车。新车上的香水味使他想起了中学时代的女孩子小美。小冬因车见到了小美,尚未真正到来的爱情之梦倏然破灭:小美比香水、汽车、豪华饭店和夏日阳光更复杂的生活背景使小冬陷入了疯狂。小冬开车发泄疯撞在护栏上,车毁人伤。小冬出院后,开上了破吉普,平和淡漠的样子,仿佛老了许多。",title_length
19980522-11-006,"笔记四则,记述“陈州”陈年旧事。“会文山房”的传人萧林表清傲飘逸,惜墨如金,众人求之不得。技艺压群的书法只有在逝去名人的灵堂挽联中才得一见。超尘绝俗的萧林表自然遭尘俗人流言评点,形成的“社会舆论”使萧林表门庭冷落。为生计他不得不放下架子操笔卖文,作品挂出半月余无人问津。萧林表含恨离世,身后遗墨竟无人能识。有人怪书者生前不会“炒”自己名声,陈州乡里人说萧林表只不过把名声“炒”到了阴间。",title_length
19980522-12-001,“信息节食”(附图片1张),no_topic
19980522-12-002,两代母亲,title_length
19980522-12-004,八只蝴蝶,title_length
19980522-12-005,守卫(摄影),short_body
19980523-01-002,江泽民会见泰国王储对中泰两国友好合作关系给予高度评价(附图片1张),no_topic
19980523-01-003,李鹏会见泰国王储,no_topic
19980523-01-004,《大进军》等四部优秀影片座谈会举行,no_topic
19980523-01-005,到生活第一线去,no_topic
19980523-01-006,胡锦涛会见泰国王储,no_topic
19980523-01-007,李瑞环与西班牙首相会见,no_topic
19980523-01-008,阿尔山森林大火明火全部扑灭,no_topic
19980523-02-004,专家和南京大屠杀幸存者列举铁证,no_topic
19980523-02-005,我国第一座“中国近代海军博物馆”正式开馆(图片),short_body
19980523-02-006,世行贷款支持我国基础卫生项目,multiple_topics
19980523-02-008,国家文物局发出紧急通知要求加强防火工作确保文物安全,no_topic
19980523-02-009,迟浩田会见德国客人,no_topic
19980523-02-011,对外友协七届理事会闭幕,no_topic
19980523-02-013,《澳门的历史与发展》摄影展开幕,no_topic
19980523-02-014,张峰同志逝世(附图片1张),no_topic
19980523-02-015,明天气象预报(5月22日20时—5月23日20时),no_topic
19980523-02-016,矛盾化解在基层问题解决在当地胶南建立领导人公开接访制度,no_topic
19980523-03-001,谎言掩盖不住事实,no_topic
19980523-03-002,李瑞环主席会见西班牙参议长(附图片1张),no_topic
19980523-03-004,甲级战犯东条英机其人,no_topic
19980523-03-005,鉴真座像可望修复,no_topic
19980523-03-006,’98世界博览会开幕中国参加博览会,no_topic
19980523-03-007,美国举办“太空日”活动(图片),short_body
19980523-03-008,南政府同科索沃阿族开始谈判,no_topic
19980523-03-009,印尼总统宣布组成新内阁发表讲话表示决心加快改革,no_topic
19980523-03-010,墨向美提出正式抗议认为『卡萨布兰卡行动』侵犯墨主权,no_topic
19980523-03-011,为了每一位中国公民的平安,no_topic
19980523-04-001,汤杯半决赛马来西亚力克丹麦中国男队再度无缘决赛,no_topic
19980523-04-002,决赛前的“对话”,no_topic
19980523-04-003,中国女队有望夺杯,no_topic
19980523-04-004,国家体育总局扶贫助教四年坚持不懈今年在山西繁峙再建10所学校,multiple_topics
19980523-04-005,学会两条腿走路———李永波赛后析败因,no_topic
19980523-04-006,一翘尾巴就要跌交,no_topic
19980523-04-007,世界杯射击赛王义夫夺一金,short_body
19980523-04-008,中国女足超级联赛在山东开赛(图片),short_body
19980523-04-009,申花足球队负于红星队,short_body
19980523-05-001,国际分工和国际贸易研究概览,no_topic
19980523-05-002,中国近代经济史发展的趋向和问题,no_topic
19980523-05-003,龚育之撰文指出:初级阶段理论并非暂时退却,no_topic
19980523-05-004,市场建设与流通革命,no_topic
19980523-05-005,简评《中国的资产制度和资本结构》,no_topic
19980523-05-007,学术动态(图片),short_body
19980523-06-001,生命的光芒,no_topic
19980523-06-002,阳光协奏曲,no_topic
19980523-06-003,校风,title_length
19980523-06-004,依依府南河,no_topic
19980523-06-005,信念,title_length
19980523-06-006,苏醒的风景,no_topic
19980523-06-007,拜谒之旅,title_length
19980523-07-002,适应新世纪的人才需要两种态度两种能力(附图片1张),no_topic
19980523-07-003,要给知识经济、智力资本以特殊注意建立服务型培养模式(附图片1张),no_topic
19980523-07-005,迎接知识经济挑战同步规划经济建设与人才培养(附图片1张),no_topic
19980523-08-001,延安小灯壶,no_topic
19980523-08-002,三娘教子无方(附图片1张),no_topic
19980523-08-003,再生不是梦,no_topic
19980523-08-004,星期音乐学校,multiple_topics
19980523-08-005,大地书讯,title_length
19980523-08-006,回延安(摄影),short_body
19980523-08-007,书法,title_length
19980524-01-001,加大国企下岗职工再就业工作力度武汉健全完善服务体系,no_topic
19980524-01-002,闯出一片新天地———北京国企下岗职工再就业明星风采录,no_topic
19980524-01-003,联系实际制定方案分清事权明确责任河北把粮改任务落到实处,no_topic
19980524-01-005,说说依法督学,no_topic
19980524-01-006,李瑞环同卡洛斯国王会见,no_topic
19980524-01-007,『万里采风』新作汇报演出胡锦涛出席观看,no_topic
19980524-01-008,情系党报三代人,no_topic
19980524-01-009,四年奋斗今朝梦圆中国女队重夺尤伯杯,no_topic
19980524-01-010,体验生活(图片),short_body
19980524-02-001,克林顿表示将按期访华,no_topic
19980524-02-003,国防新旅竞风流———写在我军预备役部队组建十五周年之际,no_topic
19980524-02-005,图片新闻,title_length
19980524-02-006,日本官员竟然声称日美防卫范围包括台湾,no_topic
19980524-02-007,李瑞环会见西班牙加区议长,no_topic
19980524-02-008,印尼新内阁宣誓就职,no_topic
19980524-02-009,北京北海团城『修旧如旧』,no_topic
19980524-02-010,《春秋岁月》出版座谈会在京举行,no_topic
19980524-02-011,泰国王储参观游览长城故宫,short_body
19980524-02-013,’97全国最佳邮票评选揭晓,no_topic
19980524-02-014,辽宁抗日老战士和历史学家座谈认为,no_topic
19980524-02-015,明天气象预报(5月24日20时—5月25日20时),no_topic
19980524-03-001,千年遗迹的寻踪者,no_topic
19980524-03-002,巴黎观“钓”,no_topic
19980524-03-003,马来的风筝,no_topic
19980524-03-004,山韵(图片),short_body
19980524-04-001,百色寻访志愿者(附图片4张),no_topic
19980524-04-002,中国青年志愿者扶贫接力计划,no_topic
19980524-04-004,莱州整饬机关作风毫不含糊二十二名工作人员因违规受到处罚,no_topic
19980524-04-005,税务员收税不开票,no_topic
19980524-04-007,小中医裴曦(图片),no_topic
19980524-04-008,刘某闯红灯没逃过“电子眼”累计违规56次被罚万余元,short_body
19980525-01-001,庄浪人的骄傲———记黄土高原上全国梯田化第一县(附图片1张),no_topic
19980525-01-002,壮丽的人生———记海军东海舰队某部优秀士兵王志强(附图片1张),no_topic
19980525-01-003,走好人生每一步,no_topic
19980525-01-004,以色列国总理内塔尼亚胡今起对我国进行正式访问(附图片1张),no_topic
19980525-01-005,圆满结束西班牙之行抵巴黎李瑞环开始访问法国,no_topic
19980525-01-006,绵阳实行资产劳动力双优配置国企下岗职工分流安置率达83%,no_topic
19980525-01-007,我为工友读党报,no_topic
19980525-01-008,长春铁路货运口岸开通(图片),short_body
19980525-01-009,一线牵来三千缘新疆职业介绍中心举办下岗职工招聘活动,no_topic
19980525-01-011,"浙江省积极推进对口支援三峡库区移民和对口帮扶中西部贫困地区脱贫。截至去年底,浙江省共与三峡库区正式签订合作项目48个,其中半数已启动实施,累计完成产值近4亿元,安置移民4000多人。在浙江与四川、贵州帮扶地区签订的上百项经济合作项目中,多数已启动并部分发挥效益。",title_length
19980525-01-012,"江苏省提出,到2000年全省培养和造就出30名能进入世界科技前沿并在国际上具有较高知名度的杰出专家,培养出300名在国内学术、技术界具有重大影响的高级专家,培养出3000名在省内成就突出的学术、技术带头人。一年来,全省已首批选拔出第一层次培养对象24人,第二层次培养对象163人,第三层次培养对象1211人。",title_length
19980525-01-013,"国内第一个物价信息系统———京价网(http∶//www.cpn.org.cn),5月22日正式通过北京信息港接入国际互联网为公众提供服务,用户直接拨号上网便可查询需要的价格数据和信息。由北京市物价局开发推出的京价网,第一批专业特色服务内容包括医药及医疗收费价格数据、建材和装饰材料价格服务、重要农副产品批发和零售价格查询、行政性收费标准及收费单位查询、物价指数和分析等,具有及时、权威、方便、实用等特点。(吴坤胜)",title_length
19980525-01-014,"1996年以来,河北迁安市积极探索乡村一体化办医管理方式。他们将分散独立的村级卫生机构组织起来,纳入乡镇卫生院的管理范畴;卫生院在经营上实行独立核算、自负盈亏、多劳多得;乡镇卫生院对村级卫生组织的人员、业务、财务、行政和药品购销实行全面统一管理。两年来,迁安市19个乡镇534个村全部实行集体办医,共建新房690间,增加病床500张,农村办医条件明显改善。",title_length
19980525-02-001,全国农业区划办公室卫星遥感调查显示北方十年开垦竟有一半撂荒,multiple_topics
19980525-02-003,助国企下岗职工渡难关襄樊『城市扶贫工程』响应者众,no_topic
19980525-02-004,部分国家重点建设项目名单,no_topic
19980525-02-005,以联合促发展新疆经济战略日益清晰,no_topic
19980525-02-006,清江隔河岩水电站通过国家验收(图片),short_body
19980525-02-007,中行进一步支持康佳发展,no_topic
19980525-02-008,西安钟鼓楼广场落成,no_topic
19980525-02-009,拓宽生存和发展空间乡镇企业亟待开辟新的增长点,no_topic
19980525-02-011,"本报讯石家庄市地税一分局在对1997年度亏损企业的审核认定工作中,本着规范纳税秩序、防止国家税款流失的方针,严格执法,热情服务,受到广大纳税业户的欢迎。截至目前,共审核企业减亏108万元,补交企业所得税款2.55万元。(刘志华朱建勋)",title_length
19980525-02-012,"本报讯近几年,京郊顺义县探索发展观光农业。该县沿河、北务、李遂、大孙各庄引种伊丽莎白、蜜世界、网纹甜瓜等20多个品种,种植面积5000余亩。目前瓜香四溢,市民来这儿度周末、采摘瓜果者络绎不绝。(林文)",title_length
19980525-02-013,"本报讯金融早报、中华工商时报和中华工商联合出版社日前已开始联合编撰出版《世界晨辉———中国商业银行巡礼》大型画册。该画册将以中英文对照的方式,全面介绍有关商业银行的改革资料和发展成就。(青木)",title_length
19980525-02-014,"本报讯以生产男士衬衫和西服而闻名的浙江宁波雅戈尔集团,最近与著名青年设计师刘洋签约,共同开拓男士休闲系列产品。(宋文雯)",short_body
19980525-03-001,一『实』值千金---湖北保康县委大兴实干之风的故事,no_topic
19980525-03-002,让群众明白保干部清白延寿推进村级民主管理,no_topic
19980525-03-003,珠峰脚下捡垃圾,no_topic
19980525-03-004,军队企业下岗职工基本生活保障和再就业工作会议强调,no_topic
19980525-03-006,税务系统办税服务厅将实行统一规范服务标准,no_topic
19980525-03-008,交警与小学生(图片),short_body
19980525-03-009,首都大学生代表考察空军某基地,review: 学生军事基地参观，非主要教育报道
19980525-03-010,新疆军区启动“百村扶贫工程”,no_topic
19980525-03-012,开原交警三中队被群众誉为国道卫士,no_topic
19980525-03-014,"本报讯河南省一万九千四百名老同志配合各级政法机关,积极参与社会治安综合治理。他们建立治安巡逻、物价监督、市场管理、扫黄打非、信访民调等组织一千五百多个,在维护社会治安、打击刑事犯罪中,共查处各类案件四千余起,调解民事纠纷四万零七百件,有效地化解了矛盾,维护和促进了安定团结。",title_length
19980525-03-015,"本报讯四川省成都市中级人民法院,十分重视质量工程和形象工程的建设,建立健全监督约束机制,并在全国率先制订出了《法官行为规范》手册,成为法院管理队伍的一把『尺子』,干警自警、自省的一面『镜子』,取得了丰硕的成果。仅去年一年,就审结案件五万八千零六十件,为当事人挽回经济损失十五点二二亿元,有力地促进了当地经济的发展。(黑雪岳浩)",title_length
19980525-03-016,"本报讯经过广西六千一百多名公安交通民警的努力,今年三四月份,全区道路交通事故死伤人数与一二月份相比大幅度下降,事故高发的势头终于被压下。据悉,进入五月份,各项指标继续回落,预防减少交通事故统一行动继续向纵深发展。(高晓红)",title_length
19980525-03-017,"本报讯今年三月初,山东省东明县司法局率先在全国开通了『一四八』法律服务专线电话,这一举措,不但为群众解除法律上遇到的疑难问题,而且也为调解民事纠纷、促进社会稳定等方面发挥了重要作用。(张佩银刘汉功)",title_length
19980525-03-018,"本报讯北京军区某团今年以来,扎实有效地开展以『振奋革命精神,戒浮、戒惰、戒奢』为主要内容的教育活动。他们把此项教育同深入学习党的十五大精神结合起来,使全团官兵树立了讲学习、讲政治、讲正气和艰苦奋斗的良好形象。",title_length
19980525-04-001,该得罪时就得罪,no_topic
19980525-04-003,让《国防法》深入人心,no_topic
19980525-04-004,纪念《国防法》实施一周年五百城市举行系列宣传活动,no_topic
19980525-04-005,村山富市访问南京为『南京古城墙修复纪念园』题词表示,no_topic
19980525-04-006,昔日『南海戈壁』今成『海上绿洲』(图片),short_body
19980525-04-008,苏里南总统结束对中国的访问,short_body
19980525-04-009,外交部发言人答记者问,no_topic
19980525-04-010,福州举行纪念建成2200年种树活动(图片),short_body
19980525-04-011,我国开始养育优良纯血马,short_body
19980525-04-012,迪庆发现百万年前动物化石群,no_topic
19980525-04-013,全球机身最长客机抵港,no_topic
19980525-04-014,香港特区举行首届立法会选举选举结果预计于今天下午揭晓,no_topic
19980525-04-015,明天气象预报(5月25日20时—5月26日20时),no_topic
19980525-04-016,石广生会见马来西亚客人,short_body
19980525-05-001,保护“蓝色家园”——访全国人大环资委主任委员曲格平,no_topic
19980525-05-002,全国首家科教兴村培训基地建成,no_topic
19980525-05-004,大理市文明市民--高级教师徐文惠(图片),short_body
19980525-05-006,中国美院与香港明珠兴业集团签订协议合建上海设计艺术分院,review: 艺术院校办学合作，文化与教育交叉
19980525-05-008,中国青基会又一公益项目『爱心标志』活动推出,no_topic
19980525-05-009,迎六一嘉嘉钢琴演奏会举行,no_topic
19980525-05-011,"本报讯由湖北省政府主管、新华社湖北分社主办的《湖北经济报》近日进入国际互联网,这是首家进入国际互联网的省级综合性经济大报,网址为http://publish.hb.cninfo.net。(桂望国)",title_length
19980525-05-012,"本报讯由中国邮电电信总局与IBM公司合作建立的『中国荟萃』Web站点(www.chinasite.cninfo.net)日前正式开通服务。该站点除汇集中国公众多媒体通信网上的精品业务外,还试开部分电子商务应用,并以世界杯中文站作为启动业务。(余继军)",title_length
19980525-05-013,"本报讯『刘铭伟书法展』日前在北京中国美术馆开幕。刘铭伟现任山东烟台市政府办公室副主任,三十多年坚持从事业余书法艺术活动。由此成为中国书法家协会会员。在这次为期六天的展览中,共展出刘铭伟的一百多幅作品。(科文)",title_length
19980525-06-001,构筑中西友谊桥梁,no_topic
19980525-06-002,巴总理谴责印度霸权野心称任何对巴敌意行动都将遭到回击,no_topic
19980525-06-003,爱尔兰和北爱同时举行全民公决北爱和平协议顺利通过(附图片1张),no_topic
19980525-06-004,泰总理说中国是真正的朋友,no_topic
19980525-06-006,美支持阿根廷同伊朗外交关系降格,no_topic
19980525-06-007,新德里酷热难当,no_topic
19980525-06-008,人民当然选择和平,no_topic
19980525-06-009,墨西哥举行预防接种卫生周活动(图片),short_body
19980525-06-010,拉美议会发表声明要求美遵守联合扫毒协议,no_topic
19980525-06-011,美众议长金里奇访以放弃视察美在耶城使馆馆址,no_topic
19980525-06-012,俄将通过发展核威慑力量计划,no_topic
19980525-07-001,微软被推上被告席,no_topic
19980525-07-002,以色列总理访华前夕表示两国合作前景广阔,no_topic
19980525-07-003,非行预测非洲经济将继续增长,no_topic
19980525-07-004,古巴政府发起老年人健身计划(图片),short_body
19980525-07-005,日去年1455名公务员受处分,no_topic
19980525-07-006,美国校园枪击接二连三暴力文化后患无穷,multiple_topics
19980525-07-007,"中国石油总公司二十二日正式接管位于委内瑞拉西部马拉开波湖上的英特尔坎波油田。中石公司代表和委内瑞拉石油公司在关于接管油田、开始作业和开始生产三个协议上签字。双方确定油田的基础产量为每天三千三百零五桶原油,由中方收取服务费,以后超产部分交税之后的收入属中方收回投资。",title_length
19980525-07-008,"墨西哥今年第一季度国内生产总值比去年同期增长百分之六点六,实现经济持续九个季度增长。",short_body
19980525-07-009,"墨西哥白银生产连续五年大幅增长,继续保持世界白银最大生产国地位。墨白银生产局日前发表的年度报告指出,一九九七年墨生产白银二千四百四十三点七三吨,占世界白银总产量的百分之十六。",title_length
19980525-07-010,"五月十九日,吉尔吉斯斯坦南部贾拉拉巴德州和奥什州连降暴雨,导致洪水泛滥,堤坝被毁,近万名居民无家可归。在贾拉拉巴德州的苏扎克区,泥石流冲毁了库卡尔特河堤坝,造成近七千三百人无家可归,被洪水淹没的有六十余公里输电线路,三十一个变电站和公路,受灾面积达一百六十公顷。(本报专电)",title_length
19980525-08-001,足协杯首轮国力大胜松日辽宁双星四比一扳倒成都五牛(附图片1张),no_topic
19980525-08-002,王文教获国际羽联特殊贡献奖,no_topic
19980525-08-003,中斯联合登山队中方队员登上珠峰,no_topic
19980525-08-005,这一刻如此辉煌---中国女队重夺尤伯杯纪实,no_topic
19980525-08-007,土伦国际青年足球赛健力宝队获第四名,short_body
19980525-09-001,加快经济发展创造就业岗位,no_topic
19980525-09-002,北京海关查获精神药品走私案(图片),short_body
19980525-09-003,内贸局断然出手乱评比改弦更张,no_topic
19980525-09-004,“结合”要看“结合力”,no_topic
19980525-09-005,感谢关注渴望理解,no_topic
19980525-09-006,大商厦:卖货还是卖柜台,no_topic
19980525-09-007,长江客船朝哪开?,no_topic
19980525-09-008,面对灾难的尴尬(附图片2张),no_topic
19980525-10-001,寿险真红火(附图片1张),no_topic
19980525-10-003,投入还须加快,no_topic
19980525-10-005,证券投资风险(五)(漫画),short_body
19980525-10-006,上证综合指数日K线图(图片),short_body
19980525-10-008,沪市上周上涨前五名(%),short_body
19980525-10-009,沪市上周下跌前五名(%),short_body
19980525-10-010,深市上周上涨前五名(%),short_body
19980525-10-011,深市上周下跌前五名(%),short_body
19980525-10-012,深证成份指数日K线图(图片),short_body
19980525-10-014,"本报讯为了切实加强粮棉油收购资金管理,日前,农发行湖北省钟祥市支行推出了以强化库贷管理为核心的贷款管理新举措,包括完善粮棉油“库贷挂钩”管理制度体系和考核办法,建立健全“库贷挂钩”管理合账和统计报告制度;加强粮棉油调销回笼的管理,认真做好防挤占、防拖欠和不合理结算资金的清收,对企业调销资金归行率进行严格考核;加强账户管理,确保粮棉收购企业调销回笼货款及时足额存入农发行开立的基本账户;严格执行收购资金“八不贷”政策等。",title_length
19980525-10-015,"本报讯5月初,银行信贷清理分类工作在广东开始试点,建行广东省分行迅速行动,不仅使信贷清分工作人员组织到位,业务培训到人,并制定了切实可行的信贷清分工作推进时间表。该分行在清分工作中力求做到四个结合:一是点面结合,通过清理,即建立一个比较完整的信贷管理项目库。二是信贷资产清分要与过去自办公司资产清分相结合。三是信贷资产清分要与建立贷款台账相结合。四是信贷资产清分要与盘活、保全贷款资产结合。(蔡汉向杨清泉)",title_length
19980525-11-001,天气未热空调热,no_topic
19980525-11-002,今夏空调还会大降价吗?,no_topic
19980525-11-003,"空调,谁在调控?",no_topic
19980525-11-004,且看天气将如何?,no_topic
19980525-11-005,买空调注意什么,no_topic
19980525-11-006,小资料,title_length
19980525-11-007,“现用现学”(图片),short_body
19980525-11-008,空调投诉情况,short_body
19980525-11-009,空调种类一览,no_topic
19980525-11-010,空调车受欢迎,no_topic
19980525-11-011,如何识别空调型号,no_topic
19980525-11-012,低电压地区空调怎么使,no_topic
19980525-11-013,话说变频空调,no_topic
19980525-11-014,1998年2月房间空调器前十个品牌统计,short_body
19980525-12-001,发展旧货市场活跃商品流通———西欧四国发展旧货市场对我们的启示,no_topic
19980525-12-002,远眺京沪高速铁路(附图片2张),no_topic
19980525-12-003,何为高速铁路?高速铁路有哪些优势?,no_topic
19980525-12-004,干红红到何时?,no_topic
19980526-01-002,把国企下岗职工再就业工作抓紧抓好青海靠发展生产开辟再就业门路,no_topic
19980526-01-004,李鹏分别会见斯里兰卡和美国客人,no_topic
19980526-01-006,李建国当选中共陕西省委书记,no_topic
19980526-01-007,以色列总理内塔尼亚胡抵京,short_body
19980526-01-008,李岚清在昆明世界园艺博览会组委会会议上强调,no_topic
19980526-01-009,农科热线电话好,no_topic
19980526-01-010,捎封信儿到北京,no_topic
19980526-02-003,吴仪在全国蚕茧收购会议上要求确保今年蚕茧收购正常进行,no_topic
19980526-02-004,盲目扩张负债累累赤峰双马集团陷入困境,no_topic
19980526-02-005,抓阄下岗和投票下岗,no_topic
19980526-02-006,我国标准海堤建设速度加快防台风形势依然严峻,no_topic
19980526-02-007,吉林市十大青年再就业明星之一---徐锦文(图片),short_body
19980526-02-008,“工商管理培训”全国知识竞赛将举行,no_topic
19980526-02-009,个体私营经济浙江优先聘用下岗职工,no_topic
19980526-02-010,首批收割机抵河南麦区,no_topic
19980526-02-011,虞城为跨区收割清障开道,no_topic
19980526-02-012,个体私营经济武安安置10万人就业,no_topic
19980526-02-013,个体私营经济四川发展环境宽松和谐,no_topic
19980526-02-014,个体私营经济汕头从业总人数逾10万,no_topic
19980526-02-015,"本报讯北京电信局与中国银行北京市分行近日联合推出『二九九』自动交电话费服务。中国银行长城卡或借记卡的持有人申办此项服务后,不受时间、地点限制,足不出户就可实现电信费用的自动支付。(张丽)",title_length
19980526-02-016,"本报讯河南省安阳市机制板厂努力办好企业,并为国分忧,积极接收其他国企下岗职工和城市待业人员。目前在全厂三百多名职工中,有二百余人是新接收的下岗人员和社会待业人员。(陈志民王润民)",title_length
19980526-02-017,"本报讯上海大众汽车有限公司热心捐助希望工程,两年来,向全国二千一百一十八所希望小学赠订《中国少年报》和《中国少年文摘》,累计已达二百二十八万份(册)。由上海大众赞助的《中国少年报》『希望杯』征文日前在京颁奖。",title_length
19980526-02-018,"本报讯世界最大的轮胎厂商法国米其林集团,在中国的投资业务逐年扩大。继一九九六年米其林沈阳轮胎公司建成投产,去年又在沈阳增设了三家合资公司。今年米其林沈阳轮胎厂产量有望达到八十万套。(大江)",title_length
19980526-02-019,"本报讯『六一』期间,由中美合作成立的爱蓓特(中国)儿童事业发展中心将在北京中山公园举行婴幼儿养护知识现场咨询,还将同时在北京二十多家知名商场设立专柜和咨询点。(祝慧烨)",title_length
19980526-02-020,"本报讯国务院机关事务管理局五月二十五日在京举行『王涛同志先进事迹报告会』,决心使王涛精神成为全局和各省市区政府驻京办事处做好机关工作的强大动力。(李建兴)",title_length
19980526-02-021,"本报讯北京城建四建设工程有限责任公司在王府井大厦工程施工中,大胆涉足『逆作法』施工工艺,成为迄今国内单层面积最大的『逆作法』工程。",title_length
19980526-03-001,“港人治港”的重要实践———写在香港特区首届立法会诞生之际,no_topic
19980526-03-002,我国国家级人才市场全面建成,no_topic
19980526-03-003,民建举行非公有制经济代表座谈会,no_topic
19980526-03-005,海南治理超期羁押案件,no_topic
19980526-03-006,定州交警学济南练硬功,no_topic
19980526-03-008,告慰英烈,title_length
19980526-03-009,"本报讯经国务院军转办负责同志审定,由总参谋部干部转业工作办公室主任徐肇宴、兵种部干部处长卢胜军编著的《军转工作指南》一书,目前由解放军报长征出版社出版。该书全面介绍了我军转业复员工作的有关政策、任务、内容和方法,并对新形势下我军干部转业复员工作的特点、要求与发展趋势以及概念界定进行了探讨,具有理论性和实践性、系统性和科学性的统一。(王星)",title_length
19980526-03-010,"本报讯五月二十日,新疆军区召开表彰大会,为见义勇为、生擒抢劫杀人犯的兰州军区乌鲁木齐总医院专业军士王卫峰荣记一等功。乌鲁木齐市政府表彰他为『见义勇为先进个人』,并给他颁发了五千元见义勇为奖金。(邢珊瑚李天伟)",title_length
19980526-03-011,"本报讯曾经连续四次荣立集体二等功的河南省沁阳市法院立足成绩找差距,日前在干警中切实开展集中教育整顿,开门纳谏,广泛征求社会各界意见。他们专程走访双方当事人征求意见;同时邀请廉政监督员和厂长、经理来法院座谈;法院下属各法庭还将辖区人大代表和有影响的群众代表请到法庭,广泛征求群众意见。法院开门纳谏的举措得到了当地群众的赞赏。(肖文)",title_length
19980526-03-012,"本报讯江苏泰兴市今年新一轮乡局级后备干部队伍建设取得显著成绩。乡局级后备干部队伍人数达五百三十人,比上年同期增长百分之四十一点七。其中妇女干部占百分之十六点四;市级机关的非党干部占百分之二十一点一;三十岁以下干部占百分之二十二点六;经济型干部占百分之三十八,均比上年有明显增长。大专以上文化的后备干部占百分之五十二点七,比上年提高了十三个百分点。",title_length
19980526-04-001,节省政府开支促进廉政建设大庆改革机关公务车使用制度,no_topic
19980526-04-002,齐齐哈尔原市委书记收受贿赂严重违法违纪,no_topic
19980526-04-003,下岗不能失志路在自己脚下,no_topic
19980526-04-004,香港特区首届立法会诞生,no_topic
19980526-04-005,"大庆这一步,走得好!",no_topic
19980526-04-006,总政歌舞团为建团45周年举办歌舞晚会(附图片5张),short_body
19980526-04-007,庆祝『非洲解放日』暨非统组织成立三十五周年,no_topic
19980526-04-008,严刹大吃大喝之风新乡实行来客定点接待制,no_topic
19980526-04-009,首届立法会议员名单,no_topic
19980526-04-010,电视连续剧《红树林》将投拍,no_topic
19980526-04-011,钱其琛会见台湾“工商建研会”考察团,no_topic
19980526-04-012,钱其琛会见香港泉州同乡会访问团,short_body
19980526-04-013,明天气象预报(5月26时20时—5月27日20时),no_topic
19980526-04-014,据新华社北京五月二十五日电(记者杨国强、谭国器)国务院副总理吴邦国今天在中南海会见了瑞典爱立信公司董事长阮魁森。,short_body
19980526-04-015,据新华社北京五月二十五日电(记者王晓东)全国政协副主席钱正英今天在这里会见了以日本工会总联合会副会长、日本电机联合中央执行委员长铃木胜利为团长的日本电机联合劳资代表团。,title_length
19980526-04-016,据新华社北京五月二十五日电(记者王敬中)中央军委委员、中国人民解放军总参谋长傅全有上将今天在这里同波兰军队总参谋长亨里克·舒姆斯基上将会谈。副总参谋长钱树根中将和波兰驻华大使古拉尔赤克等参加了会谈。,title_length
19980526-04-017,"据新华社北京五月二十五日电(记者钱彤)外交部长唐家璇说,中国不希望看到南亚出现核军备竞赛,并指出这无助于南亚地区的和平、稳定和发展。唐家璇是今天在同来访的斯里兰卡外长卡迪尔加马尔举行会谈时说这番话的。",title_length
19980526-05-001,历史留给人类的财富世界遗产地我国十九处,no_topic
19980526-05-002,吉林省委书记张德江现场办公长影走出三步棋,no_topic
19980526-05-003,让国学在光电磁上闪耀,no_topic
19980526-05-006,’98多国仪器仪表展开幕,no_topic
19980526-05-007,北京联想电脑商城开业,short_body
19980526-06-001,李瑞环会见马泰奥利赞赏法国经社理事会致力法中合作(附图片1张),no_topic
19980526-06-002,哈比比总统表示印尼一年内举行大选,no_topic
19980526-06-003,保持美中关系发展势头---访美国前驻华大使洛德,no_topic
19980526-06-004,内塔尼亚胡总理说以致力实现真正和平,no_topic
19980526-06-005,俄罗斯组成政府主席团职能是参与重大问题决策,no_topic
19980526-06-006,匈牙利国会选举结束,no_topic
19980526-06-007,中国图书参展墨西哥城第二十七届图书节(图片),short_body
19980526-06-008,巴基斯坦挫败一起劫机事件,no_topic
19980526-06-009,热浪肆虐印度死者已逾百人,no_topic
19980526-06-010,伊朗谴责美参院通过制裁新方案,no_topic
19980526-06-011,伊朗阿联酋愿协商解决领土争端,no_topic
19980526-06-012,波兰民众乐于助人,no_topic
19980526-06-013,泰国少女拾金不昧,no_topic
19980526-06-014,汽车工业诸强重组,no_topic
19980526-07-001,微软官司及启示,no_topic
19980526-07-004,名画被劫记,no_topic
19980526-07-005,阿根廷水草堵河口海港难运作,no_topic
19980526-07-006,法国手术机械手开胸,no_topic
19980526-07-007,玻利维亚有史以来最强地震八十四人不幸罹难(附图片1张),no_topic
19980526-07-008,国际计算机信息和通讯技术大会开幕(图片),short_body
19980526-07-009,日本智能机器人似人,short_body
19980526-08-002,不经风雨怎见彩虹---中国女篮出征世锦赛前瞻,no_topic
19980526-08-004,刘国梁获首轮淘汰赛男子冠军(图片),short_body
19980526-08-005,王娴获悉尼奥运会射击赛入场券,short_body
19980526-08-007,第五届世界消防运动会中国香港队取得好成绩,no_topic
19980526-08-008,全国武术赛女子套路团体赛结束,no_topic
19980526-08-009,巴西女篮志在卫冕,no_topic
19980526-08-011,中国女篮小组赛赛程,short_body
19980526-08-012,法飞行员罢工威胁世界杯,short_body
19980526-09-001,三汤三浴问民情,no_topic
19980526-09-003,桂东又见当年红军,no_topic
19980526-09-004,领导尤要重学习(附图片1张),no_topic
19980526-09-006,平山:开发山地展新颜(附图片1张),no_topic
19980526-09-007,信心做帆好行舟---西安下岗女工田晚霞创业之路,no_topic
19980526-10-002,科教兴国与国兴科教,no_topic
19980526-10-003,《邓小平理论与当代中国》,no_topic
19980526-10-004,邓小平理论与政府机构改革研讨会述要,no_topic
19980526-10-005,完善和发展民主集中制,no_topic
19980526-11-001,推介廉政典型曝光腐败分子,no_topic
19980526-11-002,安徽省委书记卢荣景强调反对『好人主义』,no_topic
19980526-11-003,也说羞耻感,no_topic
19980526-11-004,淳情涓涓为民流---记山西省稷山县委书记、县长雷郭堂,no_topic
19980526-11-005,东海县加强分散党员管理,no_topic
19980526-11-006,张家口下岗党员献爱心,no_topic
19980526-11-007,“爱民乡长”———郑全军,no_topic
19980526-11-008,新郑干部队伍监督管理有新法,no_topic
19980526-11-010,塑造党员光辉形象(图片),short_body
19980526-11-011,民主评议邵阳全面民主考评公务员,no_topic
19980526-11-012,民主评议抚顺市开展廉政民主测评,no_topic
19980526-11-014,"本报讯济南军区某炮团十多年来与符山镇先后有十五个基层党支部结成了共建『对子』,定期组织军地十五对支部书记、副书记学习有关党建理论知识和党支部工作细则,每年举办两期培训班,并采取走出去、请进来的办法,组织『一班人』到有关单位参观学习。三月初,双方党委分别受到上级表彰。(刘全应)",title_length
19980526-11-015,"本报讯吉林省镇赉县对乡局级领导班子进行了较大调整,大多数单位迎送形式是召开座谈会,清茶一杯,既没有宴请,也没有发纪念品和礼品,三天内所有调动干部全部到位工作,狠刹了干部调动工作中迎来送往、奢侈浪费等不正之风。",title_length
19980526-11-016,"本报讯去年以来,湖南省沅江市委、市政府共收缴公款配置移动电话一百二十八部,还清理出公款安装住宅电话二百三十四部,折价处理给了个人,这两项收回资金十八万余元。该市各级各部门规范接待行为,乡镇都办起了食堂。从市审计局对各乡镇财政年度审计得知,全市二十六个乡镇场去年招待费和食堂开支比一九九六年减少一百九十万元,下降幅度达百分之三十八。(夏延清)",title_length
19980526-11-017,"本报讯湖北省公安县大批干部离职投身农业,是从去年下半年开始的。全县许多机关干部辞去现职,到农村创办农业产业化龙头企业,或领办农业产业化示范基地,或成立农业产业化中介组织。章庄铺镇分流十八名干部办起四万亩示范基地,在全镇形成六条产业链,使全镇农民年人均增收二百七十多元。全县十六个乡镇分流二百五十名机关干部办起的中介销售组织,在国内四十五个大中城市设立『窗口』,去年销出的农副产品占了全县外销量的百分之六十。(唐勇)",title_length
19980526-12-001,"虎年,西柏坡的春天",no_topic
19980526-12-002,可口(摄影),short_body
19980526-12-003,敦煌散记,title_length
19980526-12-004,『摔鱼』后感,no_topic
19980526-12-005,心声,title_length
19980526-12-006,养蜂人,title_length
19980526-12-007,溥杰先生几件事,no_topic
19980526-12-008,雅韵(中国画),short_body
19980526-12-009,"被联合国教科文组织列入世界文化遗产名录的平遥将于六月九日至六月十五日举办世界文化遗产平遥古城文化国际旅游节。届时将举行十四项具有地方文化特色的文艺表演活动。刚建成的山西省最大的古玩交易市场将举行开业剪彩仪式,同时还展示长度为六百六十六点六米、创造吉尼斯世界纪录的中华巨龙,并推出一百零八种地方风味小吃,令嘉宾旅客切身感受平遥古城文化的独特魅力。(王东光)",title_length
19980526-12-010,由中央电视台影视部、龙江电影制片厂联合摄制的儿童电影故事片《冰凌花》日前在哈尔滨开镜。,short_body
19980526-12-011,"今年『六一』,上海中国福利会儿童艺术剧院将上演新戏《享受艰难》。作品通过知青子女韩慧姑从边远地区来到大都市谈中学的经历,使人们认识到艰难的环境,往往是培养人坚韧品格的良好时机。这出以上海为背景的儿童戏,由欧阳逸冰编剧。(月如)",title_length
19980526-12-012,"由成方圆、王刚联袂主演的音乐剧《音乐之声》在保利大厦重演。这次演出将汲取美国百老汇舞台剧《音乐之声》的经验,在舞台背景及人物性格等方面有新的处理。(刘文)",title_length
19980527-01-001,为市场经济发展装上安全阀和稳定器宁波:着力构筑社会保障体系,no_topic
19980527-01-002,江泽民会见内塔尼亚胡,no_topic
19980527-01-003,日外务省官员称日美防卫合作指针涉及台湾,no_topic
19980527-01-004,朱镕基与内塔尼亚胡会谈,no_topic
19980527-01-005,李瑞环同若斯潘总理会见,no_topic
19980527-01-007,温州大桥主体部分建成通车(图片),short_body
19980527-01-009,长沙国家级高新技术产业开发区马坡岭农业高科技园五月二十五日挂牌。科技园首期规划建设面积为三平方公里。整个园区分为科学园区、产业园区、国际合作园区、现代农业综合园以及若干实验推广园区。(吴兴华),title_length
19980527-01-010,"五月二十六日,由铁道部第十八工程局第一工程处担负施工的广(通)大(理)铁路头号重点难点工程红岩坡隧道胜利竣工。该隧道全长四千三百零二米,是广大铁路线上最长、地质最复杂、涌水量最大、施工难度最大的工程。",title_length
19980527-02-001,中宣部等五部门举办形势报告会,no_topic
19980527-02-002,制止和消化挂账---财政部部长助理高强谈粮食企业新老挂账分开问题,multiple_topics
19980527-03-002,总参举办军师职领导干部读书班,no_topic
19980527-03-004,高检组织先进事迹报告团,no_topic
19980527-03-005,国家安全部部署整顿工作,no_topic
19980527-03-006,《以共和国的名义》封镜,no_topic
19980527-03-007,图片新闻,title_length
19980527-03-008,"本报讯5月25日,河北省委、省政府和省军区联合在董存瑞牺牲地———承德市隆化县隆重集会,纪念董存瑞牺牲50周年。国务委员、中央军委副主席迟浩田题词:“舍身为国,浩气长存。”(崔长生李见辛)",title_length
19980527-03-009,"本报讯记者毛磊报道:自5月25日起北京全市开展消防执法大检查。公安消防机关将组织130个检查组对全市大型商市场、集贸市场、批发市场、建材家具市场、中小学校等16类重点场所进行深入检查,消除火灾隐患,严防群死群伤的恶性火灾发生。检查时间为一周。",title_length
19980527-03-010,"本报讯曾经荣获15项国家级荣誉称号的民航吉林省管理局长春机场客运部自今年5月将每周一作为“爱心服务活动日”,成立“爱心服务组”,为旅客提供优质的地面服务。中心售票处的全体员工还为南关区西二小学的特困生季阳捐款,并决定今后每月定期资助她,直到小季阳能够独立生活。",title_length
19980527-03-011,"本报讯黑龙江省阿城市委确定了市、乡、村三级领导培养年轻干部工作责任制,常年坚持培育输送年轻干部。目前,这个市第一批推选的204名后备人才已有45%走上了领导岗位。(赵力林艳秋)",title_length
19980527-04-001,江泽民会见斯里兰卡议长,no_topic
19980527-04-002,一位总经理的眼泪,no_topic
19980527-04-003,钱其琛会见内塔尼亚胡,no_topic
19980527-04-004,朱镕基会见斯里兰卡外长,no_topic
19980527-04-005,李岚清分别会见美国德国丹麦客人,no_topic
19980527-04-006,对外友协庆祝中阿建交20周年,no_topic
19980527-04-007,董建华发表声明强调特区政府将与立法会建立良好合作关系,no_topic
19980527-04-008,中葡联合联络小组举行“三大问题”小组会,no_topic
19980527-04-011,河北省各界在西柏坡隆重集会纪念中共中央移驻西柏坡50周年,no_topic
19980527-04-012,明天气象预报(5月27日20时—5月28日20时),no_topic
19980527-04-013,"新华社北京五月二十六日电国务院副总理钱其琛今天下午在中南海会见美国参议员杰弗·宾格曼一行,双方就中美关系和共同关心的国际问题交换了意见。宾格曼一行是应中国人民外交学会的邀请于五月二十四日抵京访华的。",title_length
19980527-04-014,"据新华社北京五月二十六日电(记者罗辉)国务委员吴仪今天下午在中南海会见马来西亚初级产品工业部部长林敬益时表示,中马两国经济有很大的互补性,中方愿在平等互利基础上进一步发展两国的经贸合作。",title_length
19980527-04-015,据新华社北京五月二十六日电全国人大常委会副委员长成思危今天在人民大会堂会见了爱沙尼亚议会经济委员会主席马戴一行。,short_body
19980527-04-016,"新华社北京五月二十六日电应委内瑞拉基督教社会党和巴西自由阵线党的邀请,中联部副部长刘敬钦率领中共友好代表团今天离开这里,前往上述两国进行友好访问。",title_length
19980527-04-017,"据新华社合肥五月二十六日电正在中国访问的泰国王储玛哈·哇集拉隆功一行结束对安徽省黄山市的访问,今天中午乘专机前往南京访问。泰国贵宾是于五月二十四日下午抵达黄山市访问的。",title_length
19980527-05-002,领导的好助手妇女的『娘家人』---记山东省宁津县计生协会,no_topic
19980527-05-003,课外小组(图片),short_body
19980527-05-004,昆虫草木受保护大象熊猫更安全我国有14个生物圈保护区,no_topic
19980527-05-008,张乐平纪念展开幕,no_topic
19980527-05-009,"本报讯第五届『中华魂』主题读书活动已有十余个省市的五百多万青少年参加。本届以『伟大的旗帜』为主题,纪念十一届三中全会召开二十周年,旨在对广大青少年进行邓小平理论和『十五大』精神的普及教育。由中国关心下一代工作委员会、人民出版社等单位联合举办的全国『中华魂』读书教育活动,已历时四年连续举办五届,累计参加者逾两千万人。(陈冀)",title_length
19980527-05-010,"本报讯中央广播电视塔底座内日前添了一个新景观,『太平洋海底世界博物馆』在这里落户。漫步七十米长的海底隧道,可以领略到由凶猛的大鲨鱼、华丽的珊瑚鱼等组成的海底奇观。二十五只可爱的秘鲁企鹅,可以伸手与鱼类嬉戏的触摸池,恍若置身海底世界的动感影院,使青少年流连忘返。(天沛)",title_length
19980527-05-011,"本报讯六月十日法国世界杯开幕在即,各大媒体开始大量刊登相关报道。以消息快捷见长的互联网站也不甘示弱,纷纷推出了有关世界杯的报道。在一家网址为www.worldcup.com.cn的站点上,记者看到球队档案、历史回顾及其他大量背景资料。该站点介绍说,随着赛事展开,还将推出球迷论坛、在线足球游戏和邮件速递等相关服务。(任建民)",title_length
19980527-05-012,"本报讯『英特尔信息快车』校园系列讲座日前在清华大学拉开帷幕。此次以『互联PC的未来之路』为主题的讲座旨在为大学师生介绍当今全球信息产业最先进的知识和技术。讲座在清华园引起反响,许多周边学校的师生也前来参加。据悉,该系列讲座将陆续在首都其他高校举行。(乔聿)",title_length
19980527-06-001,李瑞环主席与莫诺里议长会见指出中法建立全面伙伴关系符合两国利益,no_topic
19980527-06-002,"5月26日,中国全国政协主席李瑞环同法国总理若斯潘举行会见(图片)",short_body
19980527-06-003,警惕日本官员的表态,no_topic
19980527-06-004,李瑞环会见法参院法中友好小组成员,no_topic
19980527-06-005,第四十七届国际新闻学会年会开幕(附图片2张),no_topic
19980527-06-006,李瑞环出席法两团体欢迎晚宴,no_topic
19980527-06-007,欧盟外长理事会发表声明认为印核试对国际和平构成威胁,no_topic
19980527-06-008,北大西洋议会谴责印核试验,no_topic
19980527-06-010,俄反对美参院制裁法案,no_topic
19980527-06-011,德警方破获一贩毒团伙,no_topic
19980527-06-012,伊朗呼吁解决阿富汗问题,no_topic
19980527-06-013,纳扎尔巴耶夫总统宣布哈不考虑恢复核试验,no_topic
19980527-06-014,阿市家长助学勤,no_topic
19980527-06-015,基辅中巴运客忙,no_topic
19980527-06-016,格阿双方签署停火协议,no_topic
19980527-06-017,英国老兵抗议日本天皇来访敦促日对二战暴行全面道歉,no_topic
19980527-07-001,20美元新票将登场,no_topic
19980527-07-002,国际专家委员会发表报告指出瑞士是纳粹黄金交易重要中转站,no_topic
19980527-07-003,东亚经济传真,no_topic
19980527-07-005,整容手术历十年斯芬克斯展新颜,no_topic
19980527-07-008,吉尔吉斯斯坦氰化钠泄河中名胜地受污染,no_topic
19980527-07-009,焚烧垃圾是污染牛奶牛肉含毒素,no_topic
19980527-08-003,世锦赛是一面镜子,no_topic
19980527-08-004,男队登顶尚未成功女队保杯仍须努力,no_topic
19980527-08-005,中国武协提出改革新思路武协经济开发委员会成立,no_topic
19980527-08-006,世界杯热身赛阿根廷胜南非,short_body
19980527-09-001,一对老年夫妇的追求,no_topic
19980527-09-003,全面育人发展特色,no_topic
19980527-09-004,基础道德从小抓起,no_topic
19980527-09-006,看店名话竞争(附图片3张),short_body
19980527-09-007,花儿不应这样凋谢,no_topic
19980527-09-010,征集读者寄语启事,no_topic
19980527-09-011,"郭福珍是山东阳谷县第二中学高中二年级学生。她家在农村,兄妹五人,父母务农,家境比较贫困,勉强维持学业。在学校她发奋苦读,成绩优异,获得了400元奖学金。她在父母的支持下,毅然将这笔钱全部捐献给了希望工程。这在山东省中小学生中尚属首例。4月2日,阳谷县希望工程办公室正式将这笔救助款转交给因父母双亡即将退学的阳谷县第三中学高二年级特困生李恒勇,使李恒勇又获得了继续学习的机会。(山东阳谷县委宣传部訾士勇)",title_length
19980527-09-012,"辽宁大学自1965年以来,招收外国留学生3000余人。现有留学生252名,主要来自日本、韩国、俄罗斯、蒙古、波兰、英国、法国、美国、意大利、澳大利亚等国家。辽大留学生院在教学中不仅注重理论知识和专业知识的传授,还十分重视实际能力的培养和汉语水平的提高。他们采取多种学习方式提高留学生的汉语实践能力。在课堂教学之外,他们每年都通过举办各种汉语演讲比赛、文艺演出、体育比赛和到工厂、农村参加社会实践等活动,锻炼和提高外国留学生的口语水平,增强他们学习汉语的兴趣。(辽宁大学王铭)",title_length
19980527-10-001,做好事为什么这么难?,no_topic
19980527-10-002,义务“下岗职工培训班”不该如此冷清,no_topic
19980527-10-003,新牙膏为何瘪了小半截?,no_topic
19980527-10-004,鼓励全民参与质量监督,no_topic
19980527-10-005,不能要“钱”不要“命”,no_topic
19980527-10-006,"修车师傅,谢谢您!",no_topic
19980527-10-007,盼修旅游富民路,no_topic
19980527-10-008,西峡毛栗待开发,no_topic
19980527-10-009,真够乱的(附图片3张),no_topic
19980527-10-010,铁道部整顿客货运输收费项目有哪些?,no_topic
19980527-11-001,推动两地经贸合作促进澳门经济发展,no_topic
19980527-11-005,愿借巨鸢展翅飞———第五届鲁台经贸洽谈会侧记(附图片1张),no_topic
19980527-11-006,’98澳门书展开幕(图片),short_body
19980527-11-007,"本报讯香港一万多市民日前徒步行程八公里,为香港公益金筹得四百多万港元的善款。成立于一九六八年的香港公益金是一个慈善机构,目前拥有一百四十个福利机构。",title_length
19980527-11-008,"本报讯香港特区政府已在全港中小学和大专院校进行了一系列保护知识产权的教育。知识产权署推广及公民教育主管冼崇浩说,我们的目标就是向青少年灌输正确的信息,让他们记住,购买盗版商品是不道德的行为。我们要从小教育下一代,让正确的观念能在他们心中植根。",title_length
19980527-11-009,"本报讯最近,由台胞谢国材捐资九十多万元人民币兴建的全地区第一条村级水泥公路建成通车。近几年来,回赣州探亲台胞捐资办公益事业蔚然成风,至今共捐资二千一百万元人民币,主要用于支持家乡的文化教育、水电交通、医疗卫生和各种福利事业。(刘青山)",title_length
19980527-11-010,"本报讯海峡两岸首届名人钓鱼邀请赛将于九月六日至十一日在厦门举行。届时,来自海峡两岸及日本、韩国、菲律宾、香港等地的一百二十余位钓手将云集厦门。本次比赛拟安排海钓与淡水钓两场,以海钓为重点。海钓比赛地点在厦门与金门之间的海域。此次邀请赛由中国钓鱼协会、厦门市体育总会与厦门亚太经济文化促进会联合主办。(文辉)",title_length
19980527-12-001,如何在国外打官司?,no_topic
19980527-12-002,加强法律文化的沟通(附图片1张),multiple_topics
19980527-12-003,干部联系群众的八种误区,no_topic
19980527-12-004,扶贫济困的梁连起,no_topic
19980527-12-005,“攻关主任”苏伟,no_topic
19980527-12-006,送上拥军一片情(附图片2张),short_body
19980527-12-007,拒绝诱惑,title_length
19980527-12-008,白癜风的“四联疗法”,no_topic
19980527-12-009,夫妻复婚不登记非法同居被解除,no_topic
19980527-12-010,图方便打工借证件吃大亏失臂遭拒赔,no_topic
19980528-01-002,中新两国政府最大合作项目进展迅速苏州工业园区实现首期目标,no_topic
19980528-01-003,朱镕基李岚清分别会见新美工商理事会代表团,no_topic
19980528-01-004,国务院扶贫开发领导小组举行首次全会,no_topic
19980528-01-005,李瑞环主席同希拉克总统会见,no_topic
19980528-01-006,“警示录”的启示,no_topic
19980528-01-008,李长春当选为广东省委书记,no_topic
19980528-01-009,著名书法大师舒同同志逝世(附图片1张),short_body
19980528-01-010,终身难忘,title_length
19980528-01-012,"近日,经民航总局批准,欧亚国际航路乌鲁木齐管制区域的乌鲁木齐—库车—中哈国境点航段将改变为新疆阜康—塔城—阿亚古兹(哈萨克斯坦)航段。新航线的飞行时间比原来缩短了15至20分钟。这次“改道”,是针对乌鲁木齐—库车—中哈国境点航段飞机绕远的现象,根据国际民航组织的要求,中哈民航部门经过磋商开放的。(祝谦彭斌)",title_length
19980528-01-013,"攀钢(集团)公司花290万美元,买下了欧洲最大的钒生产厂———德国电冶金公司(GFE),目前整套设备已经拆运攀钢并安装完毕,即将投入生产。",title_length
19980528-01-014,"近日,湖南省政府又取消29项涉及企业的行政收费,为企业减轻负担1亿元左右。据了解,这次取消的收费项目中,有经贸信息服务网网络信息费、计量人员业务培训费、科技成果证书费、技术贸易许可证费、公共场所安全许可证费等,涉及国土、经贸、专利、公安、林业、电力、广播电视、技术监督、新闻出版、科技、地质矿产等11个收费部门。(吴兴华)",title_length
19980528-01-015,"截至5月22日18时,呼和浩特铁路局实现无责任行车重大、大事故2000天,创建局40年来历史最高纪录。近年来,这个局大力改革铁路运输管理体制,调整了生产布局,减少了非生产性环节,出现了以改革促安全、促效益的好局面。(刘亮明赵剑军)",title_length
19980528-02-002,推出科技兴农新举措财政部百县农技推广示范见成效,multiple_topics
19980528-02-005,安居房不能安居(附图片2张),short_body
19980528-02-006,海关缉毒又获新战果缴获毒品数量是去年同期的1.72倍,no_topic
19980528-02-009,充分挖掘潜力创造就业岗位国有煤炭行业加快减人转岗,no_topic
19980528-02-010,中垦三菱友好示范农场在京郊落成,no_topic
19980528-02-011,"本报讯最近,科威特国际石油公司聘请沈阳威德公司作为其产品“Q8”的中国总代理。我国润滑油市场从1992年下半年开放以来,已有美孚、壳牌、埃索、BP、加德士等跨国集团进入中国高档润滑油市场。(卫德)",title_length
19980528-02-012,"本报讯从5月24日起,辽宁省沈阳、大连、鞍山等市的金融部门将用一周的时间,采用传单、黑板报等方式宣传国际收支统计申报的基本内容。(冯奎)",title_length
19980528-02-013,"本报讯国家重点在建项目黄河万家寨水利枢纽工程进展顺利。截至目前主体工程已完成混凝土浇筑量151万立方米,占主体工程总设计量的88%;大坝最高坝段达到977.3米高程,离设计坝顶高度只差5米。(廖露霖王国宾)",title_length
19980528-02-014,"本报讯湖北省应城市第一制盐厂坚持严把产品质量关,经国家技术部门检测,该厂产品优质品率位居全省同行业第一名。今年,该厂未发生一例产品索赔事件,前4个月利税同比增长54%。(李真龙晖)",title_length
19980528-03-001,管钱管物的『铁官』---记第二炮兵物资油料部副部长刘延宇,no_topic
19980528-03-002,团中央开展“振兴千家中小企业行动”,no_topic
19980528-03-003,信息产业部公布市内电话装移机服务规范,no_topic
19980528-03-004,革除迎送陋习,no_topic
19980528-03-005,内强素质外树形象伊盟国税局文明治税,no_topic
19980528-03-007,平顶山6000余优抚对象脱贫,no_topic
19980528-03-008,一心为民的派出所(图片),short_body
19980528-03-009,"本报讯近日,新疆武警某部为特勤连战士周斌授予二等功,表彰他不顾个人安危、勇救三十二名遇难乘客的壮举,并号召部队官兵向他学习。(吴杰刘玲)",title_length
19980528-03-010,"本报讯武警北京一总队某部认真组织官兵学习宣传新颁布的《中华人民共和国防震减灾法》,帮助官兵掌握抗震救灾知识,同时积极主动地做好防震的准备工作。(赵广裕)",title_length
19980528-03-011,"本报讯山东省潍坊市奎文区人武部党委以劳养武,艰苦创业,使该区战备兵役科学规范,发展民兵一点九万余人,成为当地振兴企业、稳定社会的重要力量。该人武部党委已连续三年被评为先进党委。(陈云峰)",title_length
19980528-03-012,"本报讯河南羚锐制药有限公司积极安排下岗职工就业,为政府分忧解愁,受到社会各界的高度评价。去年以来,该公司共安排二十多家停产和破产企业的下岗职工达二百余人,约占公司职工总数的一半。(杨振兴)",title_length
19980528-03-013,"本报讯山东莱州市地方税务局积极为下岗职工的再就业提供政策辅导和信息帮助,该局在全市三十个镇区开通了再就业税收知识咨询热线电话,每个地税分局(所)配备专门的人员负责解答问题,得到下岗职工的一致好评。",title_length
19980528-03-014,"本报讯新疆军区某部积极采取开办军嫂服务中心安置、向地方军民共建单位推荐和鼓励下岗军嫂开展个体经营等措施,解决下岗军嫂再就业问题。目前,部队下岗的军嫂百分之百实现再就业。(王庆林黄正裕)",title_length
19980528-03-015,"本报讯连续十四年被上级评为计划生育先进单位的武警驻京某部根据本部机动、灵活、分散的特点,由政治机关把有关人口与计划生育知识的讲义编成教材下发到各部队,并定期组织医疗服务队深入到各家进行孕情检查。(张向东)",title_length
19980528-04-001,中宣部公安部联合通知要求集中开展毒品预防宣传教育活动,multiple_topics
19980528-04-002,图片新闻,title_length
19980528-04-003,中国报协研讨报业集团建设问题,no_topic
19980528-04-004,房凤友当选天津市政协主席,short_body
19980528-04-005,“月亮神”让一汽“老总”深思,no_topic
19980528-04-008,王兆国会见香港泉州同乡会访问团,no_topic
19980528-04-009,《讽刺与幽默》优秀作品奖颁发,no_topic
19980528-04-010,97全国报纸版面年赛揭晓本报1997年3月3日一版版面获金奖,no_topic
19980528-04-012,切身经历最感人台上台下心连心,no_topic
19980528-04-013,唐家璇电贺中阿建交二十周年,no_topic
19980528-04-014,明天气象预报(5月28日20时—5月29日20时),no_topic
19980528-04-015,据新华社北京5月27日电(记者王敬中)中央军委副主席、国务委员兼国防部长迟浩田上将今天在这里会见了菲律宾国防部长福图纳托·阿瓦特。,title_length
19980528-04-016,"据新华社北京5月27日电(记者王晓东)国务委员、中土友协会长司马义·艾买提今天下午在这里会见了由会长凯末尔·巴依塔斯率领的土耳其土中友协代表团,双方就加强两国在旅游、中医和中草药方面的合作交换了意见。",title_length
19980528-04-017,"据新华社南京5月27日电(记者高峰)泰国王储玛哈·哇集拉隆功今天上午参观游览了江苏省的一些名胜,下午乘飞机离开南京前往上海继续参观访问。",title_length
19980528-04-018,"据新华社青岛5月27日电(记者张钊)由中国海军北海舰队副参谋长韩芳润少将率领的舰艇编队,圆满完成了对新西兰、澳大利亚和菲律宾三国的友好访问,今天返回青岛。",title_length
19980528-05-001,走创新之路(附图片1张),no_topic
19980528-05-002,谁不渴望爱情?,no_topic
19980528-05-004,挖掘平凡生活中的诗意,no_topic
19980528-05-005,我演舒心(附图片1张),no_topic
19980528-05-006,一份答卷,title_length
19980528-05-007,让《快乐天使》走近小观众,no_topic
19980528-05-008,国产影片对市场的祈望(附图片1张),no_topic
19980528-06-001,李瑞环会见法比尤斯着重介绍有中国特色的政党制度,no_topic
19980528-06-002,克林顿重申不推迟访华鲁宾说总统如期访华对美有利,no_topic
19980528-06-003,瓦杰帕伊强调印度是核武器国家反对党批评政府核政策,no_topic
19980528-06-004,沙特外交大臣访问伊朗将打开两国关系新的一页,no_topic
19980528-06-005,图片新闻,title_length
19980528-06-006,朝鲜外交部发言人发表谈话强烈谴责日本海外扩张野心,no_topic
19980528-06-007,我藏学家代表团访问挪威,no_topic
19980528-06-008,愤怒的脊背———英老兵抗议日本二战暴行(附图片1张),no_topic
19980528-06-009,"白宫发言人麦柯里26日透露,美国总统克林顿上周曾打电话给墨西哥总统塞迪略,就美国执法人员在逮捕20多名墨西哥银行界人士之前,没有通知墨西哥政府一事表示歉意。美国执法部门最近在打击洗钱的“卡萨布兰卡行动”中,逮捕了20多名墨西哥银行界人士,并指控他们参与毒品走私犯的洗钱活动。墨西哥政府谴责了美国的这一做法,认为美国的行动侵犯了墨西哥的主权。",title_length
19980528-06-010,"俄罗斯联邦总统叶利钦26日签署命令,任命基里延科总理为联邦安全会议常务委员。叶利钦同时免去前总理切尔诺梅尔金的安全会议常委职务,免去前副总理丘拜斯和库利科夫安全会议委员职务。",title_length
19980528-06-011,"负责维和行动的联合国副秘书长贝尔纳·米耶26日在联合国表示,联合国随时准备支持任何旨在加强非洲维和能力的行动。米耶是在为期一天的联合国“非洲维和训练战略讨论会”上讲这番话的。",title_length
19980528-06-012,"意大利特伦托省检察院26日向目前仍在当地调查的美国司法部门代表团提出一份长达120页的文件,正式要求起诉造成意大利切尔米斯高山缆车坠地惨案的7名美国军人。今年2月3日事故之后,肇事的4名美国军人回到美国接受军事法庭审判。但意大利司法界以及事故死难者家属等一直要求应由意大利司法部门对他们进行审判。(据新华社电)",title_length
19980528-06-013,"墨西哥军队和总检察院25日在恰帕斯州发现并摧毁了一个游击队组织萨帕塔全国民族解放军的训练营地。军队和检察机关是在打击盗车团伙的行动中在恰帕斯州特内哈帕山区发现这一游击队营地的。目前,墨政府与游击队的谈判自1996年初中断以后一直没有恢复。(本报专电)",title_length
19980528-07-001,法总统相信人民币不贬值,no_topic
19980528-07-004,中国针灸享誉开罗(通讯)(附图片1张),no_topic
19980528-07-005,第十一届中美经济联委会会议结束,no_topic
19980528-07-006,献血减少中风利人也利自己,no_topic
19980528-07-009,拉美吸烟致死每年十五万人烟民人均年耗四千多支,no_topic
19980528-07-010,日报纸赞扬中国大国风范,no_topic
19980528-08-002,足协杯首轮四支甲A球队遭淘汰,no_topic
19980528-08-003,方兴未艾---中国保龄球市场透视(上),no_topic
19980528-08-004,未来属于谁,no_topic
19980528-09-001,市场先行,title_length
19980528-09-002,资山五千亩水稻未产先销,short_body
19980528-09-003,莒县名优西瓜未摘已卖完,no_topic
19980528-09-004,“不穿鞋”与“没鞋穿”,no_topic
19980528-09-005,邓州:农工联合社,no_topic
19980528-09-006,枣树畦内种蔬菜,no_topic
19980528-09-007,戈壁滩上米粮川(图片),short_body
19980528-09-008,两全其美———芜湖金田集团兼并蔡塘村纪事,no_topic
19980528-09-010,“精卫填海”三兄弟,no_topic
19980528-09-011,百里洲6万亩梨花未谢货订三成,no_topic
19980528-09-012,山河农场实行斤粮成本控制法,no_topic
19980528-09-013,湘阴农副产品注册商标,no_topic
19980528-09-015,图片新闻,title_length
19980528-09-016,屋顶开荒好乘凉,no_topic
19980528-09-017,荒沙地里栽水稻(图片),short_body
19980528-10-001,国有企业职工下岗的原因及建议,no_topic
19980528-10-002,抓落实之道,no_topic
19980528-10-004,按客观经济规律进行改革,no_topic
19980528-11-002,刹住弄虚作假之风,no_topic
19980528-11-003,"根据我的经历,90年代前的成果鉴定还是比较客观、严肃认真的,专家有方方面面,会上评头品足,鉴定意见详尽、优劣评点分明、成果应用限制条件明确。到了90年代后,鉴定意见越来越成八股文了,能拔高的尽量拔高。所请专家,熟人不用说,还有的特别请了一些有知名度的但并非真正专家的人士作评委、作组长,以提高鉴定意见的权威性。一到成果评奖,那真是八仙过海各显神通了,尽是打听谁是评委,有的有“远见的”,则早早就与有关人员、评委拉关系、送礼。对于应用性科研成果,其中的经济效益、社会效益证明至关重要,这里也是弄虚作假最甚者,有的甚至不择手段,让那些未参加科技工作、但可以开出效益证明的单位头头成为科技组成员,让其开出有天文数字的经济效益证明。还有的则一次又一次组合以往的成果,再次评奖。",title_length
19980528-11-004,彩棉:杜绝着衣伤害,no_topic
19980528-11-005,家长校长同此心,no_topic
19980528-11-007,信息产业五大特点,no_topic
19980528-11-009,陈景润“哥德巴赫猜想”手稿还找得到吗?,no_topic
19980528-12-001,难忘保育妈妈,no_topic
19980528-12-002,『新孝道』解,no_topic
19980528-12-003,蚩尤寨感怀,no_topic
19980528-12-004,盲童的多彩世界———《心灵之光———盲童画集》(附图片1张),no_topic
19980528-12-005,漫步宝顶大佛湾,no_topic
19980528-12-006,我的诗梦,title_length
19980528-12-007,乡村书屋(摄影),short_body
19980528-12-008,书法,title_length
19980529-01-001,一石击水浪千层---深圳市住宅消费机制建立纪实,no_topic
19980529-01-002,朱镕基在中央党校作形势报告,no_topic
19980529-01-004,我国实施海洋可持续发展战略《中国海洋事业的发展》白皮书发表,no_topic
19980529-01-005,高检公布举报电话,no_topic
19980529-01-006,今年公路建设投资1600亿元,no_topic
19980529-01-007,王府井大街动工改造,no_topic
19980529-01-008,图片新闻,title_length
19980529-01-010,外交部发言人说中国对巴基斯坦进行核试验深表遗憾,no_topic
19980529-01-012,"民航华北空管局在河北满城县白龙乡南水峪村兴建的希望小学日前落成。南水峪村地处满城县西北15公里,在太行山脉的狼牙山脚下。抗日战争时期,这里是革命根据地。新建学校占地5500平方米,建筑面积1100平方米。在落成典礼上,华北空管局职工向学生捐赠了学习用品和体育用品。(王玉民)",title_length
19980529-01-013,"河南七千五百万亩小麦丰收在望。据预测,虽然今年河南局部地区小麦受灾减产,但仍将迎来较好的丰收年。去年河南夏粮总产达二百四十亿公斤,创历史最高水平。该省动员各方力量狠抓抗旱浇麦和麦田管理,努力降低损失,在小麦返青的关键时刻,有关领导带队,组织数百名农业专家,深入到田间地头指导农民生产,收到很好效果。",title_length
19980529-01-014,"全球首架波音七七七三○○型飞机二十八日飞抵台湾桃园中正机场。这架商务客机机身长七十三点八米,比波音七四七型飞机还要长三点一米,是目前世界最长的商务客机。这架客机隶属于国泰航空公司,可载客三百六十七人。",title_length
19980529-02-002,小康住宅---什么样?,no_topic
19980529-02-003,海洋石油工业国产化战略结硕果新建油田设备材料八成以上国产化,no_topic
19980529-02-004,和厂家同心协力,no_topic
19980529-02-005,防总发出紧急通知确保今年安全度汛,no_topic
19980529-02-006,山东鲁西化工集团(图片),short_body
19980529-02-008,广深电气化铁路全线建成,no_topic
19980529-03-001,于永波在解放军总政治部召开的座谈会上强调,no_topic
19980529-03-003,海城干部能上能下,no_topic
19980529-03-004,肥城实施连心工程,no_topic
19980529-03-005,徐州百里煤田竞开文明花,no_topic
19980529-03-006,武乡妥善做好老干部工作,no_topic
19980529-03-009,戈壁夜空一颗星,no_topic
19980529-03-010,便民服务医疗队(图片),short_body
19980529-03-011,"本报讯日前,四川省成都市组织了18支检查团,在市委、市政府领导的带领下,分赴全市5000多个单位开展消防安全大检查,全力控制特大恶性和群死群伤火灾事故。对一些单位存在的违章储存、电器线路乱拉乱接、火源火种管理不善等火灾隐患,公安消防部门当即依法进行了处理。(陈伟才)",title_length
19980529-03-012,"本报讯河南省清丰县人寿保险公司党支部一班人,在办理赔案时,面对说情风、关系网,狠抓拒腐防变教育。近年来,他们累计受理赔案2560多起,赔付金额150万元,未办一起人情案,为此,被群众称为“清水衙门”。",title_length
19980529-03-013,"本报讯5月27日,首届中国法暑期学习班在中国人民大学举行开班仪式。来自美、加、德、英等国家20多个法学院的40名博士研究生将在这里学习近一个月的中国法律。(张书泽)",title_length
19980529-03-014,"本报讯一块上面刻有江泽民主席“香港明天更美好”的题词及庆典讲话在内近3000文字和紫荆花等图案的稀世之石,作为内蒙古人民送给香港人民的珍贵礼物———“香港回归纪念玺”,近日启程运往香港。(刘全应)",title_length
19980529-03-015,"本报讯一位左冠状动脉开口重度狭窄、合并粗大动脉导管未闭及重度肺动脉高压的先天性心脏病患者,在解放军总医院心外科经过高长青副教授和朱朗标主任等进行了手术后于近日康复出院。(春雨洪矛)",title_length
19980529-03-016,"本报讯沈后某分部通过有效途径和军地院校取得联姻,近5年来,先后开办了3个法律大专、本科函授学习班,参加人数达到200余人。目前已有45人取得法律本科文凭,成为基层提供法律服务的骨干。(银军上官明)",title_length
19980529-03-017,"本报讯河南省平顶山市卫东区全面实施“城市帮扶”活动,做到“资金帮扶、实物帮扶、就业帮扶”到人到户,真正使贫困人口受益脱贫。劳动部门、民政部门做好困难职工救济金发放工作,筑起了“四道防线”,即在岗职工能领到最低工资,下岗职工能得到最低生活费,特困职工能得到生活救助,城市居民达不到最低生活标准的,定期实行救济补助。(贺中乾古国凡)",title_length
19980529-04-001,"『父母下岗,我们自强』",no_topic
19980529-04-002,外交部发言人举行记者招待会介绍以色列总理访华情况,no_topic
19980529-04-003,未来一周天气趋势,no_topic
19980529-04-004,寇健明等四人受派遣潜入祖国大陆搜集情报,no_topic
19980529-04-007,中葡联合联络小组会晤商讨澳门加入国际组织等问题,no_topic
19980529-04-008,迟浩田参观国际军事后勤装备展,no_topic
19980529-04-009,薛士圻书画展在京举行,no_topic
19980529-04-010,各级计生协会推动计生事业健康发展,review: 计生事业健康发展，健康为比喻
19980529-04-011,小郭热线(图片),short_body
19980529-04-012,明天气象预报(5月29日20时—5月30日20时),short_body
19980529-04-013,"据新华社上海5月28日电(记者周解蓉)以色列总理内塔尼亚胡结束对中国的访问,今天下午乘专机离开这里。上海市长徐匡迪今天中午会见了以色列总理内塔尼亚胡,向他介绍了上海发展的情况。内塔尼亚胡对上海经济的繁荣和发展表示赞赏。双方希望今后在经贸方面开展进一步的合作。",title_length
19980529-04-014,"据新华社上海5月28日电(记者周解蓉)泰国王储玛哈·哇集拉隆功今天结束了对中国的访问,离沪出境。",short_body
19980529-04-015,据新华社北京5月28日电(记者张荣典)中央军委副主席、国务委员兼国防部长迟浩田上将今天上午在人民大会堂会见了由朝鲜人民军总政治局副局长池永春中将率领的朝鲜人民军友好参观团。中国人民解放军副总参谋长熊光楷中将、总政治部副主任袁守芳中将分别在北京会见了朝鲜客人。,title_length
19980529-04-016,据新华社北京5月28日电国务委员兼国务院秘书长王忠禹今天在中南海会见了美国福特公司董事长乔德曼一行。乔德曼一行是应国家经贸委的邀请来华访问的。,title_length
19980529-04-017,据新华社北京5月28日电全国政协副主席陈俊生今天在人民大会堂会见了日本三菱公司副社长河村宏一行。,short_body
19980529-05-001,中国海洋事业的发展,no_topic
19980529-06-001,莫斯科举行第一届国际禁止防步兵地雷会议(图片),short_body
19980529-06-002,北约拟在科索沃采取预防性措施德表示将参加北约在科一切行动,no_topic
19980529-06-003,面向未来成共识,no_topic
19980529-06-004,李瑞环会见波尔多市长朱佩,no_topic
19980529-06-005,北爱尔兰何时铸剑为犁,no_topic
19980529-06-006,“天上不会掉馅饼”———比什凯克自由经济区参观记,no_topic
19980529-06-007,北京和罗马签署《友城协议》,no_topic
19980529-06-008,火的警示(附图片4张),no_topic
19980529-06-009,白宫指责金里奇访以时出言不当,no_topic
19980529-06-010,巴基斯坦进行5次核试验,no_topic
19980529-06-011,印就巴核试验发表声明,no_topic
19980529-06-012,联合国秘书长发表声明要求印巴承诺不首先使用核武器,no_topic
19980529-06-013,"即将出任南非国防军司令的尼安达中将二十八日在比勒陀利亚会见了以国防部外事办公室主任罗斌少将为团长的中国人民解放军外事代表团。尼安达高度赞扬了南中两军之间业已存在的传统友好关系,希望两国、两军关系得到进一步发展。罗斌少将向尼安达转达了中央军委委员、中国人民解放军总参谋长傅全有上将的亲切问候以及对尼安达即将出任南非国防军司令的热烈祝贺。罗斌一行是二十三日抵达南非访问的,这是中国人民解放军首次派代表团访问南非。",title_length
19980529-06-014,"乌克兰总统库奇马五月二十七日会见正在基辅访问的俄罗斯外长普里马科夫时指出,乌俄战略伙伴关系的发展和深入必须充实具体内容。在两天的工作访问时间里,普里马科夫与乌克兰新任外交部长塔拉修克就俄国家杜马批准乌俄友好合作条约、执行黑海舰队分割协定、两国边界划分、双边经贸合作以及与北约关系等国际问题深入交换了意见,并在推动实施库奇马与叶利钦总统达成的协议问题上取得了一致。(本报专电)",title_length
19980529-06-015,"蒙古国家大呼拉尔二十八日上午的会议通过并任命了二十九岁的国家大呼拉尔委员其·赛汗比列格为教育部长。至此,蒙古新政府的九名部长全部产生。额勒贝格道尔吉四月二十三日就任蒙古总理后,决定新政府十一名成员全部由国家大呼拉尔委员(议员)担任。",title_length
19980529-06-016,"中国政府向亚美尼亚共和国政府赠送一百万元人民币援助物资的交接仪式二十七日在亚首都埃里温举行。亚美尼亚社会保障部副部长阿科皮扬和中国驻亚美尼亚大使杨克容出席了交接仪式。阿科皮扬代表亚美尼亚政府对中国政府向亚提供无偿援助表示衷心的感谢,并称这批电脑和缝纫机对提高亚政府机关的办事效率和增加当地妇女的就业机会将起到良好作用。(据新华社电)",title_length
19980529-07-001,非行行长:非经济有望保持增长,no_topic
19980529-07-003,向旧观念挑战的人———访韩国原三美集团副会长徐相禄,no_topic
19980529-07-005,美国暴力节目铺天盖地戈尔呼吁采取措施,no_topic
19980529-07-006,东北虎法国得千金小虎崽身上有野性,no_topic
19980529-07-007,网上购物两年可翻两番竞争所迫企业不再犹疑,no_topic
19980529-07-008,我歌唱家在新演出受好评,no_topic
19980529-07-009,我发电设备出口项目签署备忘录,short_body
19980529-07-010,东南亚经济危机与金融风险防范国际研讨会二十七日上午在曼谷朱拉隆功大学开幕。研讨会由泰国朱拉隆功大学中国研究中心和中国北京大学、中国中央财经大学共同主办。,title_length
19980529-07-011,"蒙古一九九五年末到一九九八年四月近两年半时间里,面粉、面制品、肉、奶、奶制品、烟酒、服装、日用品等十七类二百零五种商品涨价百分之七十七点五。",title_length
19980529-07-012,"欧盟部长理事会二十五日在布鲁塞尔批准了一项与墨西哥进行自由贸易谈判的『快车道』计划,谈判将从今年七月正式开始。去年十二月八日,墨与欧盟签署了进行自由贸易谈判的框架协定。",title_length
19980529-07-013,"瑞典沃尔沃汽车公司二十八日在公司总部所在地哥德堡市推出其S80新车型。这一新车型装有新型导航定位仪、内接移动电话GSM系统,可以快速联上因特网。",title_length
19980529-07-014,"泰国股市二十八日以三百三十三点九○点收盘,跌至十年来最低点。经济专家分析,由于受日元汇率大幅下跌、韩国罢工风潮和印尼局势的影响,导致泰国股市指数大幅下跌。",title_length
19980529-07-015,"二十六日上午,墨西哥环境、自然资源和渔业部与联合国环境署在墨西哥签署了五项环保技术合作计划,以进一步减少墨工业氯氟烃的排放量,保护大气臭氧层。根据这五项技术合作计划,联合国方面在今年内赞助二百七十万美元,帮助墨三十六家使用氯氟烃的企业实施技术改造。(本报专电)",title_length
19980529-08-002,以彼之道还施彼身,no_topic
19980529-08-003,女篮大赛花絮,no_topic
19980529-08-004,抢吃“肥肉”———中国保龄球市场透视(下),no_topic
19980529-08-006,中斯攀登珠峰庆功会举行,no_topic
19980529-08-007,一独腿美国人登上珠峰,short_body
19980529-08-008,"▲中国乒协常务副主席李富荣二十七日在京宣布,在一九九八年和一九九九年,中国乒乓球队参加国际比赛将一律穿着意大利FILA(斐乐)公司的服装。这家公司专为乒乓球队设计了三种不同颜色的短袖比赛上衣、短裤、长袖运动套装等。",title_length
19980529-09-001,1997年国产影片让我们满怀希望,no_topic
19980529-09-002,《中国女足》:中国女足的奋斗历程(附图片1张),no_topic
19980529-09-003,李桦遗愿已实现把珍品献给社会,no_topic
19980529-09-005,童星“小呱呱”(图片),no_topic
19980529-09-007,中国唱片总公司向儿童节献礼,no_topic
19980529-09-008,华音音乐学校小学生将办音乐会,short_body
19980529-10-001,值得欢迎的书,no_topic
19980529-10-002,"一部长诗,半部诗韵",no_topic
19980529-10-003,血乳浇铸的丰碑,no_topic
19980529-10-004,诗篇激励后人,no_topic
19980529-10-005,讲述名人的故事,no_topic
19980529-10-006,图片新闻,title_length
19980529-10-007,阅读化境,title_length
19980529-10-008,少儿科普新书,no_topic
19980529-10-009,以邻为鉴———读《后明治维新———日本战后经济起飞纪实》随感,no_topic
19980529-10-010,『曲终能再奏』,no_topic
19980529-10-011,"中国近代产生了一批思想家。其中有:龚自珍、魏源、康有为、梁启超、谭嗣同、严复、孙中山、章炳麟、蔡元培、李大钊、陈独秀、鲁迅、胡适、梁漱溟、熊十力。中国文联出版公司推出的《中国近代思想家箴言录》丛书,将这十五位大师级人物的著作分辑整理,选出其最具代表性的语录,并加有一定的注释、提示,是一套走近大师、聆听大师的读本。",title_length
19980529-10-012,"中国文联出版公司最新出版的《二十世纪中国名人书信集》精选了一百五十余位名人的五百多封著名书信,分为《爱情卷》、《亲情卷》、《文情卷》三辑。",title_length
19980529-10-013,"人民文学出版社推出了《当代文学新潮》(朱寨、张炯主编)一书。这本由朱寨、张炯、蔡葵、张韧、杨匡汉、白烨、张德祥联袂撰著的当代文学思潮专著,分八章详述了新时期文学中理论批评的嬗变、现实主义的新变、人道主义的复苏、现代主义的冲击、文化寻根的漫泛、新写实思潮的兴起、生命思潮的拓展,系统描述了新时期文学新潮迭出、彼此冲撞的波澜壮阔的发展与演进。",title_length
19980529-10-014,"近年在文坛备受关注的“现实主义冲击波”,于今已有小说专集面世。这本由白烨主编、华艺出版社出版的《“现实主义冲击波”小说》,收有关仁山、谈歌、何申、刘醒龙四位“现实主义冲击波”代表作家的八部中篇,均为描写国有大中型企业濒临困境的艰难抉择和乡镇干部面临新旧矛盾的殚思极虑的写实力作。",title_length
19980529-10-015,"4月中旬,由北大一位民俗学者独立创作,海内外一百多位书法家书写的《北大百年百联》由北京大学出版社正式出版。据了解,作为民俗学、俗文学一分子的楹联作品,由个人创作完成,以书法为载体,以联书合璧的形式出现尚属首次。",title_length
19980529-10-016,"中国文联出版公司近日推出崔璇的《朝霞集》,这是作者从抗战以来大量中短篇小说及散文中精选出来的,分燃烧篇、早霞篇、阳光篇和作品评论四部分。充分展现出这位年逾古稀的老作家文学创作六十年走过的文学之路。",title_length
19980529-10-017,"忠实纪录高科技上市公司———福建实达电脑集团股份有限公司十年发展轨迹的《蓝色通道》(刘勇著,中国经济出版社出版),结合当代中国独特的市场经济大背景及发展迅猛的电子信息产业特点,诠释了在知识经济的大潮中,中国高科技企业所面临的问题与发展出路。",title_length
19980529-10-018,俄罗斯当代女诗人、作家拉里莎·瓦西里耶娃的一部以克里姆林宫生活为题材的作品———《克里姆林宫的儿女们》中译本已由中央编译出版社出版。,title_length
19980529-10-019,"北京晚报记者刘一达的文集《北京眼》三册由中国社会出版社出版。以写北京风俗民情著称的刘一达在报章杂志上发有大量吸引人的文章,此次精选结集以飨读者。",title_length
19980529-11-001,珍稀金币重返故国(附图片1张),no_topic
19980529-11-002,"山水,一首田园诗(附图片1张)",no_topic
19980529-11-003,画坛风景线,no_topic
19980529-11-004,中药洋造(附图片1张),no_topic
19980529-11-005,平生百劫千难后万象纵横不系留---读冯其庸教授诗书画有感,no_topic
19980529-11-006,奇异果儿童画(附图片4张),no_topic
19980529-11-007,不要怕孩子画得不好看,no_topic
19980529-11-008,史画两栖陈传席(附图片1张),no_topic
19980529-12-001,一起下食堂吃吧(附图片1张),no_topic
19980529-12-002,冷面『的哥』,no_topic
19980529-12-003,故土茶缘,title_length
19980529-12-004,刘征的诗书画(附图片1张),no_topic
19980529-12-005,藏书是福(收藏史话),no_topic
19980529-12-006,儿童秧歌队(摄影),short_body
19980530-01-001,晚霞似火生命照人---记红军老战士陈春林的『第二次长征』,no_topic
19980530-01-002,请听孩子们的“一点建议”,no_topic
19980530-01-003,外交部发言人答记者问,no_topic
19980530-01-004,中央党校省部级干部进修班举行毕业典礼,no_topic
19980530-01-007,沈鸿同志逝世,no_topic
19980530-01-008,首都庆“六一”活动多姿多彩,no_topic
19980530-01-009,国务院减负办通知要求治乱减负须在十月底前整顿完毕,no_topic
19980530-02-001,劳动工商携手社会各界努力肥城八方共促再就业,no_topic
19980530-02-002,转变就业观念开拓就业领域长沙团组织扶助青工再就业,no_topic
19980530-02-003,国企党建工作座谈会在京举行,no_topic
19980530-02-005,昔日下岗女今日有用才(图片),short_body
19980530-02-006,主业减员增效辅业转岗就业天磁公司再创业推动再就业,no_topic
19980530-02-007,我就日本政府官员侵害中国主权言论事再次提出交涉,no_topic
19980530-02-008,钱其琛会见伊拉克客人,no_topic
19980530-02-009,花季『采购』哈密瓜,no_topic
19980530-02-011,郑州中原粮库违纪人员受到处理,no_topic
19980530-02-013,明天气象预报(5月30日20时—5月31日20时),no_topic
19980530-02-014,据新华社北京5月29日电(记者张荣典)中央军委副主席、国务委员兼国防部长迟浩田上将今天下午在人民大会堂会见了波兰军队总参谋长亨里克·舒姆斯基上将一行。,title_length
19980530-02-015,新华社北京5月29日电全国人大常委会副委员长铁木尔·达瓦买提今天在人民大会堂先后会见了以塞尔维亚记者协会主席米洛拉德·科姆拉科夫为团长的南斯拉夫塞尔维亚新闻代表团和由参议长顾问赫尔曼·杜克·阿亚拉率领的哥伦比亚新闻代表团。这两个新闻代表团是应中华全国新闻工作者协会邀请访华的。,title_length
19980530-02-016,据新华社北京5月29日电全国人大常委会副委员长彭珮云今天下午在人民大会堂会见了由主席伊琳卡·米特蕾娃率领的马其顿议会外事委员会代表团。,title_length
19980530-03-001,李瑞环会见马赛市长,no_topic
19980530-03-002,国际社会对巴核试验作出反应,no_topic
19980530-03-003,谢里夫总理说,no_topic
19980530-03-004,印反对党反对核竞赛,no_topic
19980530-03-005,印度尼西亚将在明年举行国会大选(图片),short_body
19980530-03-006,迈向新世纪的中法关系,no_topic
19980530-03-008,叶利钦强调俄基本方针未变,no_topic
19980530-03-012,莱索托新首相就职,no_topic
19980530-03-013,桥本首相重申,no_topic
19980530-03-014,埃斯特拉达当选菲总统,no_topic
19980530-03-015,"联合国安理会二十八日通过决议,决定特设工作组,以审议联合国秘书长安南提出的关于非洲维和和持续发展问题的建议。特设工作组为期六个月,任务是拟订执行安南各项建议的框架,在今年九月份之前,提出有关具体行动的明确建议,供安理会审议。",title_length
19980530-03-016,"越南国防部副部长、人民军总参谋长陶仲历二十五日下午在访问老挝时因飞机失事不幸身亡。现年五十九岁的陶仲历中将及其率领的越南高级军事代表团十四名成员及机组人员共三十多人于二十五日上午九时三十八分乘坐老挝一架俄制雅克40型专机离开老挝首都万象,飞往北部的川圹省访问。十时二十分,这架专机突然与地面指挥塔失去联系。到二十七日下午,老挝搜寻人员发现,这架专机坠毁在川圹省查尔平原的丛林中。",title_length
19980530-03-017,"日本社民党二十八日晚上举行领导人会议,决定退出三党联合执政。社民党的这一决定标志着自一九九四年六月村山内阁建立起的日本三党联合执政体制解体。社民党是因为在许多重大问题上和自民党的意见相左而决定放弃联合执政的。",title_length
19980530-03-018,"丹麦二十八日就欧盟《阿姆斯特丹条约》举行公民投票,结果百分之五十五点一的人支持这一条约,百分之四十四点九的人投了反对票。这一结果意味着在丹麦争论已久的《阿约》最终获得通过,丹麦首相拉斯穆森对此深为满意。他强调,这个结果有利于欧盟的东扩进程。",title_length
19980530-03-019,"北约南欧联合海军司令斯皮诺茨日前在乌克兰的军港塞瓦斯托波尔表示,北约海军和乌克兰海军今后可以进行更密切的合作。斯皮诺茨正在乌克兰进行正式访问。他认为,乌克兰作为一个海上强国,在保障黑海地区的稳定方面占有重要地位。据乌克兰国际文传电讯社报道,在同乌国防部副部长兼海军司令叶热尔会晤时,斯皮诺茨建议乌方派海军军官到北约军舰上实习。(据新华社电)",title_length
19980530-04-001,女篮世锦赛小组赛结束中国队仍有多场硬仗,no_topic
19980530-04-002,背水一战,title_length
19980530-04-003,成长的烦恼,no_topic
19980530-04-004,海军健身“海味”浓———“全民健身走军营”采访记之二,no_topic
19980530-04-005,阿根廷采取措施制止球场暴力,no_topic
19980530-04-006,巴黎举行世界杯之夜狂欢活动(图片),short_body
19980530-04-008,"▲以我国著名游泳运动员钱红命名的『钱红游泳学校』五月二十八日在河北省保定市建成揭幕。这是我国第一所股份制游泳学校,拥有一流的训练生活设施,在培养优秀游泳后备人才的同时,也为全民健身的需要服务。",title_length
19980530-05-002,略论国家经济安全,no_topic
19980530-05-003,关于『文明冲突论』的几种看法,no_topic
19980530-05-004,加强工程移民的理论研究,no_topic
19980530-05-006,学术动态(图片),short_body
19980530-06-001,再创乡企辉煌,no_topic
19980530-06-002,乡镇企业挑大梁,no_topic
19980530-06-003,要有新思路,no_topic
19980530-06-004,跨越---高允连办厂记,no_topic
19980530-06-005,处理好四个关系,no_topic
19980530-06-006,图片新闻,title_length
19980530-06-007,“猴子”要虚心学习,no_topic
19980530-06-008,天象轨迹———记山东天象集团公司,no_topic
19980530-06-009,江苏乡镇建立劳动管理机构,no_topic
19980530-06-010,从战略的高度认识乡镇企业,no_topic
19980530-06-011,农家女走向辉煌,no_topic
19980530-07-002,主动放下铁饭碗自打江山自立业,no_topic
19980530-07-003,也说教训,title_length
19980530-07-004,河间新容貌,no_topic
19980530-07-005,依靠职工创造精品定州三建公司工程质量受好评,no_topic
19980530-07-006,劳模辈出“劳模班”,no_topic
19980530-07-007,"机会,给有准备的人---四川省下岗职工专场招聘会纪实",no_topic
19980530-07-008,图片新闻,title_length
19980530-08-002,姐姐(图片),no_topic
19980530-08-003,程程解救猫头鹰(附图片2张),no_topic
19980530-08-004,爱心滋润残蕾壮(附图片4张),no_topic
19980531-01-002,就中美关系和南亚局势江泽民和克林顿通话交换意见,no_topic
19980531-01-003,江泽民观赏克利夫兰交响乐团演出,no_topic
19980531-01-005,张立昌当选天津市人大常委会主任李盛霖当选天津市市长,no_topic
19980531-01-006,动员各方力量积极筹措资金云南省加大再就业工程投入,no_topic
19980531-01-008,中国儿童活动中心在北京官园举办游园联欢活动(图片),short_body
19980531-01-011,开辟七条渠道解决就业问题白银市安置七成国企下岗职工,no_topic
19980531-01-012,"一个以引进国内外先进的农业科技,集种植、养殖、加工、休闲观光为一体的农业园区北京永定河现代农业示范区,近日在京郊大兴县正式挂牌运作。示范区面积五十点三万公顷,将建有野生动物森林、高中档鲜花基地、西甜瓜基地、无公害蔬菜基地、世界农业科技园等项目,是北京市目前规模最大、项目最多的农业示范区。(吴坤胜)",title_length
19980531-01-013,"由唐山机车车辆厂研制的我国首列双层内燃动力列车组,五月二十九日正式出厂投用。新研制的动力列车组外型呈流线型,由前后各一节机车和中间两节双层客车组成,自带动力,构造速度为每小时一百六十公里。全车组可载客五百四十人。据了解,该列车组将在南昌九江线正式运行。",title_length
19980531-01-014,"我国首位双肺移植患者日前平安度过了一百二十多个昼夜。医学专家称,这一纪录标志着我国大器官移植术取得重大突破。这位来自河南平顶山市的患者今年二十九岁,因其原发性肺动脉高压症已发展到终末期,于今年一月在北京安贞医院接受了国内首例双肺移植手术。在医护人员的悉心照顾下,患者渡过了术后供肺灌注损伤、早期感染及排异等难关,目前生活已能自理。",title_length
19980531-02-001,李瑞环继续在法国访问考察马赛旧城改造工程,no_topic
19980531-02-002,巴基斯坦又进行一次核试验,no_topic
19980531-02-003,安理会对巴核试深表遗憾安南同五常任理事国研究局势,no_topic
19980531-02-004,巴基斯坦强调其核武器只用于自卫,no_topic
19980531-02-005,又一些国家呼吁印巴停止核试验,no_topic
19980531-02-006,蓝剑:“外扩”有度“内张”有力,no_topic
19980531-02-007,走出象牙塔促进科技成果商品化安科发展民族医疗工业,multiple_topics
19980531-02-008,"《你好,2000》(图片)",short_body
19980531-02-009,李长春考察广东北江大堤要求确保防洪设施汛期安全,no_topic
19980531-02-010,新疆皮山、墨玉间发生6.2级地震,no_topic
19980531-02-011,伊拉克总统特使访华,no_topic
19980531-02-014,王兆国会见香港妇协代表团,no_topic
19980531-02-015,开通服务热线电话解决群众生活难题葫芦岛建委架起与市民“连心桥”,no_topic
19980531-02-016,明天气象预报(5月31日20时—6月1日20时),no_topic
19980531-03-001,巴塞罗那的梦幻世界(附图片1张),no_topic
19980531-03-003,毕业典礼,title_length
19980531-03-005,哈罗公学名人辈出,no_topic
19980531-03-006,计算收入的木偶钢琴家(图片),short_body
19980531-03-007,儿童时装表演(图片),short_body
19980531-04-001,税案曝光后再访汉正街,no_topic
19980531-04-002,新的挑战新的机遇———吴季松、杨学山谈知识经济与信息经济,no_topic
19980531-04-003,环保小卫士(图片),short_body
19980531-04-004,椒江十佳有位外来工上饶倡议学习张家平,no_topic
19980531-04-005,珠江首漂开始15名勇士将征服十多个险滩,no_topic
19980531-04-006,上岗没多久处处遭刁难沈阳“大篷车大嫂”无奈推车回家,no_topic
19980531-04-008,"本报福州五月三十日电记者江宝章报道:为纪念福州建城二千二百年,福州市今年在光明港河北岸新辟了一片二十五亩荒地,建设特色观赏园林。五月二十四日下午,福建省、福州市党政领导和各界代表四百多人顶着炎炎烈日,来到滨江公园,种下二千二百棵南国嘉树,为福州建城二千二百年祝福。",title_length
19980531-04-009,"本报贵阳五月三十日电记者孙海涛报道:今天,上万名少年儿童欢聚在贵阳市白云公园,观看全省少儿艺术汇演。公园内四个表演场地汇集了全省十六个少儿艺术团和农村文化园选送的精彩节目。这些节目反映出贵州多年来精心培育少儿艺术的成果。。",title_length
19980531-04-010,"本报厦门五月三十日电记者郅振璞报道:集知识性、教育性、娱乐性于一体的集美航天城,日前在爱国侨领陈嘉庚故乡集美镇龙舟池畔建成开馆。这个面积一千五百多平方米的新馆,是我国目前仅有的几个大型宣传航天工业成就的展览馆之一。",title_length
19980601-01-001,第一位的工作,no_topic
19980601-01-002,圆满结束对欧洲四国的访问,no_topic
19980601-01-005,中国人民银行关于发行中国珍稀野生动物,review: 纪念币发行，动物与金融交叉
19980601-01-006,两院院士大会今天举行,no_topic
19980601-01-007,完善再就业保障体系北京近五十万人实现再就业,no_topic
19980601-01-008,吉林省力促国企下岗职工再就业再就业人数大于新增下岗人数,no_topic
19980601-01-009,自办公司的下岗女工---庄丽(图片),short_body
19980601-01-010,迎接新世纪学做新主人(图片),short_body
19980601-01-011,我国克隆ABO血型试剂研究成果显著,no_topic
19980601-02-001,锦绣华侨城,no_topic
19980601-02-002,全国房地产业进入景气空间投资增长较快但价格也持续上涨,no_topic
19980601-02-003,用小行动保护大地球(图片),short_body
19980601-02-005,麦客持卡走天下,no_topic
19980601-02-006,海峡两岸大公司合作海洋石油总公司与台湾中油公司签订《物探协议》,no_topic
19980601-02-007,民间资金托起乡韩黄河大桥今年十月底可望通车,no_topic
19980601-02-008,多一份力量,no_topic
19980601-02-009,地铁复八线建--永段隧道提前完工,no_topic
19980601-02-010,网上缉私女杰,no_topic
19980601-02-012,"本报讯正在施工的国家重点工程首都机场扩建工程停车楼抗浮工艺最近取得突破。为解决停车楼因地下水可能引起的上浮、变形问题,施工单位相继攻克了一系列工艺难关。(王力军郭宪强)",title_length
19980601-02-013,本报讯飞利浦消费通讯最近在四川省向希望工程捐款百万元人民币。此次捐款将用于为四川省目前共191所希望小学添置体育器材。飞利浦消费通讯是美国朗讯科技与荷兰飞利浦电子集团的合营企业。(谢光),title_length
19980601-02-014,"本报讯建设部、中国全国注册结构工程师管理委员会最近与英国土木工程师学会和英国结构工程师学会签订协议,达成建筑工程学士学位专业评估互认。",title_length
19980601-02-015,"本报讯大倾角波形挡边输送带,最近在山东莱州市橡塑厂研制成功。该产品采用新式的结构设计,与输送机配合可大幅度提高输送角度,增大输送量,减少占地面积,节约投资,提高生产效率,降低能源消耗。(孙加顺)",title_length
19980601-02-016,"本报讯《1997—1998年:中国农村经济形势分析与预测》绿皮书新近出版。该书由社会科学文献出版社出版,对1997年中国农村经济的诸多方面作了客观的描述、分析和比较,对今年农村经济的发展作了预测。(董建勤)",title_length
19980601-02-017,"本报讯黑龙江金亚集团近日在北京燕莎友谊商城展销亚麻精纺面料和系列服装,其中有纯亚麻布、混纺布、色织布及男女衬衣、针织服装、床上用品、装饰用品等。(李卫平)",title_length
19980601-02-018,"本报讯“神华工程”三期工程控制项目恢河双线特大桥,近日由铁十六局鸣炮开工,从而标志着这一跨世纪工程中关键项目朔(州)黄(骅港)铁路重点工程已全面开工建设。(袁勇)",title_length
19980601-03-001,“我们的好兄弟”,no_topic
19980601-03-002,无限忠诚精神永存,no_topic
19980601-03-004,大兴医疗扶贫播洒科技之光武警广西总队医院外二科情满壮乡,multiple_topics
19980601-03-005,标志民警基本素质考试考核全面推开西安七千民警进考场,no_topic
19980601-03-006,首批少数民族挂职团干全部到岗,no_topic
19980601-03-007,伊犁多渠道培养年轻干部,no_topic
19980601-03-008,中日光彩环保项目合作签字仪式在京举行,no_topic
19980601-03-009,海滩上的婚礼,no_topic
19980601-03-010,赵峰获『为民献身优秀青年』称号,no_topic
19980601-03-011,为堵洪水口乐啃『硬骨头』空军第二工程总队鏖战赣江大堤,no_topic
19980601-03-012,"本报讯日前,山东济宁市开通市长公开电话,市直三十三个单位也同时开通公开电话,形成了『市长公开电话网络』。公开电话各网络单位均配备专职或兼职工作人员,及时处理公开电话反映来的问题;对不能马上作出决定的,将及时转报给市领导。市长公开电话的开通,将极大地提高市政府办事效率。(张留占)",title_length
19980601-03-013,"本报讯驻守在深圳特区管理线上的广东公安边防总队七支队广泛开展『自力更生,艰苦创业,发扬南泥湾精神,创建特区三五九旅』活动。三千官兵开荒种地、养猪、养鸡,改善部队官兵生活,蔬菜、肉、蛋自给率达到百分之八十。",title_length
19980601-03-014,"本报讯武警交通部队厦门指挥所减小对指令性施工任务的依靠,直接参与市场竞争,成为武警交通部队第一支完全依存市场的部队。近七年来,这个部队积极参与国家重点工程的招投标,先后取得了十八个工程项目,修建公路总里程四十九点八七公里,已交付使用的工程全部被评为优良。(郅振璞何玉宣张洪涛)",title_length
19980601-03-015,"本报讯五月三十一日,北京市朝阳区芳草地小学一片欢声笑语,九个国家的儿童以『助残扶贫、携手同行』为主题,开展联谊演出和捐赠活动。芳草地小学向西藏阿里孔繁森小学、北京阳光早期培育实验中心、中国聋儿康复研究中心捐赠了可作教学、娱乐用的高级VCD机。孔繁森小学名誉校长施纪平代表贫困、残疾儿童向中外小朋友及芳草地小学表示谢意。(王文)",title_length
19980601-03-016,"本报讯河南省镇平县检察院注重选拔培养跨世纪青年干警,该院坚持换岗制度,使一批优秀干警脱颖而出,两名三十多岁的年轻人被提拔为副检察长,六名年轻干警荣任检察委员会委员,二十八名三十六岁以下的同志被提拔为正、副科(室、局)长。(邵军胡彦昌)",title_length
19980601-03-017,"本报讯辽宁边防检查系统深入开展以『为人民服务,树公安新风』为主题的精神文明创建活动,各『窗口』单位的工作取得了显著成绩。日前,辽宁省公安边防总队所属的沈阳边防检查站、大连周水子边防检查站、丹东边防检查站、锦州边防检查站分别被省委、省政府命名为文明单位,营口边防检查站、营口鲅鱼圈边防检查站被命名为军(警)民共建先进单位。(季冠宏)",title_length
19980601-04-001,『自古雄才多磨难』,no_topic
19980601-04-002,高体乾同志逝世(附图片1张),no_topic
19980601-04-003,各级领导带头大专院校参与重庆兴起学习邓小平理论热潮,no_topic
19980601-04-005,北京市丰台发生3.4级地震专家认为近期不会发生5级以上破坏性地震,no_topic
19980601-04-006,联合国亚太经社会老龄问题地区会议闭幕,no_topic
19980601-04-007,统战部邀请非公有制经济女企业家座谈积极安置国企下岗职工为国分忧,no_topic
19980601-04-008,全国报纸理论宣传研究会举行年会,no_topic
19980601-04-009,福建省举办少儿欢乐节(图片),short_body
19980601-04-012,全国各地广大读者热情参与人民日报创刊50周年读报知识竞赛圆满结束,no_topic
19980601-04-013,读报知识竞赛获奖名单,no_topic
19980601-04-014,明天气象预报(6月1日20时—6月2日20时),short_body
19980601-05-001,"5月31日,3000名儿童欢聚天安门广场(图片)",short_body
19980601-05-003,爱与希望的交响———为了爱乐希望小学募捐义演音乐会侧记,multiple_topics
19980601-05-004,《邓小平爷爷的故事》送老区儿童,no_topic
19980601-05-005,全国十佳园丁十佳春蕾女童受表彰,no_topic
19980601-05-006,『欢乐的华夏娃』进京演出,no_topic
19980601-05-007,我基因工程取得新进展创面修复加快伤口自然愈合,no_topic
19980601-05-009,香港妇协资助失学女童,no_topic
19980601-05-011,动画发展与未来研讨会举行,no_topic
19980601-05-012,青浦县为希望工程劝募捐款,no_topic
19980601-05-013,《我的世界》展示少儿情趣,no_topic
19980601-05-015,"本报讯中国优生优育协会于日前在京召开了钙代谢研讨会,来自全国20多个省市的专家学者到会。",short_body
19980601-05-016,"本报讯由文化部中国展览交流中心主办的《二十世纪冰岛绘画展》日前在中国美术馆举行。首次在中国北京举办的冰岛艺术展,展出了本世纪28位冰岛画家创作的49幅油画作品,揭示了冰岛绘画艺术的发展脉络。(黄晓刚)",title_length
19980601-05-017,"本报讯“六一”前夕,厦门桂龙集团在人民大会堂向宋庆龄基金会捐赠价值226万元的桂龙咳喘宁药品,该药品将用于治疗我国辽宁、四川、宁夏等14个省(市)患有呼吸疾病的儿童。(魏玉凤)",title_length
19980601-05-018,"本报讯由中国黄河电视台和中华医学会联合组成的摄制组,将50位名医生动的人生故事和卓越的医学成就,拍摄成50集大型人物传记系列片《中华当代名医》。由中华医学会权威认定的50位医学科学家,在医术医德上都堪称医界楷模,他们对事业的执著、对生活的热爱、对生命的感悟,准确地阐释着事业成功者的人生真谛。(黄河)",title_length
19980601-06-001,李瑞环访问欧洲四国圆满成功,no_topic
19980601-06-002,美前总统顾问布热津斯基认为美中友好对双方有利,no_topic
19980601-06-003,国际社会对巴再次核试作出反应敦促印巴克制避免南亚局势紧张,no_topic
19980601-06-004,图片新闻,title_length
19980601-06-005,我藏学家代表团访问瑞典,no_topic
19980601-06-006,印称不与巴竞赛核军备反对党要求现政府辞职,no_topic
19980601-06-007,朝报抨击日谋求海外扩张,no_topic
19980601-06-008,谢里夫重申巴愿与印对话要求国民自力更生减少制裁影响,no_topic
19980601-06-009,菲大选结果初析,no_topic
19980601-06-010,法总统希拉克访问黎巴嫩呼吁以无条件从黎撤军,no_topic
19980601-06-011,"泰国国会下议院和上议院分别于五月二十七日和五月二十九日举行会议并进行表决,以绝对多数票通过与新宪法相关的三项法律:政党法、监督选举委员会法、选举议员法。按照去年九月通过的泰国新宪法规定,这三项与新宪法相关的法律通过后,总理有权解散国会,重新举行大选。(本报专电)",title_length
19980601-06-012,"伊朗现任议长努里五月三十一日在议会一年一度的选举中再次当选,这是他自一九九二年以来第七次连任议长。伊朗议会共有二百七十个席位,议员任期为四年。议会主席团包括一名议长、两名副议长、六名秘书和三名书记员,任期均为一年。",title_length
19980601-06-013,"塞内加尔上诉法院五月三十日在达喀尔正式公布近期举行的国民议会选举结果,原执政党社会党赢得一百四十个议会席位中的九十三席。据宣布,最大反对党塞内加尔民主党获得二十三个议席,刚成立仅半年的民主复兴联盟获十一席,剩余十三席由另外八个小党瓜分。(据新华社电)",title_length
19980601-07-001,抓住机遇投资非洲,no_topic
19980601-07-006,美国弗吉尼亚州举办拖飞机比赛(图片),short_body
19980601-07-007,阿富汗发生强烈地震上千人死亡,no_topic
19980601-07-008,联合国儿童基金会强调制止吸烟保护儿童,no_topic
19980601-07-010,止渴莫饮鸩提神勿吸烟,no_topic
19980601-07-011,德烟民人均折寿八年,no_topic
19980601-08-002,"甲A积分榜(截至5月31日,第十二轮)",no_topic
19980601-08-006,风格的力量,no_topic
19980601-08-007,国际足联谁主沉浮———布拉特在京说竞选,no_topic
19980601-09-001,海洋在呼唤:秩序———关于海域使用管理问题的调查(附图片1张),no_topic
19980601-09-003,谁来收煤气费,no_topic
19980601-09-004,“黑车”驶向何方,no_topic
19980601-09-005,“三产”收支应透明,no_topic
19980601-09-006,上海工业库存产品华东调剂拍卖会结束(图片),short_body
19980601-09-007,如此『化肥工厂』(附图片2张),short_body
19980601-10-001,防范信用证诈骗,no_topic
19980601-10-003,老来福终身寿险,no_topic
19980601-10-004,上证综合指数日K线图(图片),short_body
19980601-10-005,上网申购新股须注意什么,no_topic
19980601-10-007,行长信息服务系统开通,no_topic
19980601-10-008,’98中国SWIFT研讨会举行,no_topic
19980601-10-009,轻骑集团资本运营见成效,no_topic
19980601-10-011,沪市上周上涨前五名(%),short_body
19980601-10-012,沪市上周下跌前五名(%),short_body
19980601-10-013,深市上周上涨前五名(%),short_body
19980601-10-014,深市上周下跌前五名(%),short_body
19980601-10-015,深证成份指数日K线图(图片),short_body
19980601-11-001,"玩具,要让孩子爱玩",no_topic
19980601-11-002,儿童消费品市场潜力大---五城市调查,no_topic
19980601-11-003,瑞士来的巧克力,no_topic
19980601-11-004,改善儿童营养从现在开始,no_topic
19980601-11-006,大童装:被市场冷落的角落,no_topic
19980601-11-007,小模特儿走上T型台(图片),short_body
19980601-11-008,同龄不同路(图片),short_body
19980601-11-009,“六·一”到(图片),short_body
19980601-12-001,香港风采更迷人(附图片1张),no_topic
19980602-01-001,两院院士大会在京隆重开幕江泽民总书记会见部分院士,no_topic
19980602-01-002,江泽民主席会见土耳其副总理,no_topic
19980602-01-003,千方百计保障国企下岗职工基本生活,no_topic
19980602-01-004,国务院第四次常务会议召开,no_topic
19980602-01-005,尉健行在广西考察时要求各级领导干部带头执行制止奢侈浪费八条规定,no_topic
19980602-01-006,胡锦涛李岚清会见少年儿童及儿童工作者代表,no_topic
19980602-01-007,神(木)延(安)铁路兴建(附图片1张),no_topic
19980602-02-001,温家宝在检查长江防汛工作时指出立足防大汛抗大洪确保长江安全度汛,no_topic
19980602-02-003,青岛市落实优惠政策广开下岗职工再就业门路,no_topic
19980602-02-004,中大帮助我们再就业,no_topic
19980602-02-005,“等级管理”增效益———建行长春市分行扭亏增盈纪实,no_topic
19980602-02-006,我国去年国际收支状况良好北京市头四个月出口增长,no_topic
19980602-02-007,收割机坐“专列”,no_topic
19980602-02-008,乡村都市(附图片2张),short_body
19980602-02-010,武昌厂长经理税盲多,no_topic
19980602-02-011,复印机行业联手打假,no_topic
19980602-02-012,交通部重申:汽车客运站厕所不得向旅客收费,no_topic
19980602-02-013,"本报讯据目前召开的全国小康住宅科技产业工程工作会议透露,自一九九四年该工程实施以来,已在全国各地开工建设了三十五个小康住宅示范小区。有关部门将确定一批已在示范小区中应用的先进适用技术,向全国经济适用型住宅推广。",title_length
19980602-02-014,本报讯天津市建国以来第一部以介绍企事业状况为主的大型工商类地图册《天津市经贸纵横地图》已正式投入采编工作。该地图预计明年四月正式出版发行。,title_length
19980602-02-015,"本报讯北京瑞泽集团与湖南计算机股份有限公司最近联合推出瑞泽理财机,为广大股民提供了一种方便快捷实用的投资工具。即使在出差途中,甚至足不出户,投资者都能随时随地了解深沪股市的即时行情,并及时下单委托交易。",title_length
19980602-02-016,"本报讯由海南省海口管道燃气股份公司主办的海南国际天然气汽车及装备博览会将于今年十一月在海口市举办。届时将展出国内外天然气汽车等供各试用城市考察、选购,同时,电动汽车及充电设备也将参加展出。(庆瑞)",title_length
19980602-02-017,"本报讯近期,由中国社会科学院农村发展研究所编著的反贫困对策丛书由山西经济出版社出版。丛书对长期以来在发展理论和扶贫政策研究中存在的问题,进行了系统的研究和探讨。(董边)",title_length
19980602-03-002,敢立潮头唱大风---中国律师为金融、证券业提供法律服务扫描,multiple_topics
19980602-03-003,下岗女工自办幼儿园(图片),short_body
19980602-03-004,南海舰队“拴心工程”初战告捷随军家属就业安置率达90%,no_topic
19980602-03-006,军嫂当自强---记空军航空兵某师干部妻子周芹,no_topic
19980602-03-007,六旬老人的喜悦,no_topic
19980602-03-009,“橄榄绿”情系游牧民,no_topic
19980602-03-010,抓“一把手”树好风气海城市国税局加强队伍建设,no_topic
19980602-03-011,香港律政专员冯华健结束访美返港,no_topic
19980602-03-012,"本报讯河南省焦作市山阳区法院对各级人大常委会及人大代表过问、查办的案件指定专人负责登记、批办,限期催办、查办,逐案落实,并及时向有关领导和部门详细汇报案件的审理情况。该院印发了《山阳区法院自觉接受人大常委会监督工作细则》,对接受监督的内容、方式、程序都作了详细规定,完善了工作机制。",title_length
19980602-03-013,"本报讯『强素质,长才干,懂科学,会管理』的学习电脑热近日在山西翼城县一千三百名党政干部中兴起。年初,翼城县委、县政府推出全县党政机关干部、企事业单位管理人员、专业技术人员计算机应用能力培训规划,县委和有关职能部门印发了『计算机应用能力培训、考核规定』。各单位都将计算机培训列入了重要工作议事日程。眼下,已有一百余人捧回计算机应用专业结业证书。",title_length
19980602-03-014,"本报讯武警浙江边防总队教导大队联系官兵思想,深入社会进行直观教育,组织参观驻地『八五』工业行业巨头、中国最大的食品制造企业之一的杭州娃哈哈集团公司,用该公司乘改革东风不断发展壮大的事实引导干部战士自觉站在大局看问题,增强对深化改革和实现跨世纪宏伟蓝图的信心。(陈宁)",title_length
19980602-04-001,罗干在综治委全体会议上强调,no_topic
19980602-04-002,"手拉手,同做跨世纪小雏鹰活动(图片)",short_body
19980602-04-003,国企下岗职工再就业先进事迹报告团在沪作报告,no_topic
19980602-04-004,丁关根结束对欧洲三国访问回国,no_topic
19980602-04-006,首都举行丰富多彩活动庆祝『六一』国际儿童节,no_topic
19980602-04-007,迟浩田与白俄罗斯国防部长会谈,no_topic
19980602-04-008,第四届少儿电视“金童奖”颁奖,no_topic
19980602-04-009,钱其琛同土耳其副总理会谈,no_topic
19980602-04-010,钱其琛会见欧洲议会对华关系代表团,short_body
19980602-04-011,海协致函台湾海基会重申欢迎辜振甫先生来访,no_topic
19980602-04-012,雪域少儿展风采,no_topic
19980602-04-013,美总统国家安全事务助理抵京,short_body
19980602-04-015,明天气象预报(6月2日20时—6月3日20时),no_topic
19980602-04-016,邹家华会见欧洲议会对华关系代表团,no_topic
19980602-04-017,陈慕华会见委内瑞拉客人,short_body
19980602-04-018,唐家璇将参加安理会常任理事国外长会议,no_topic
19980602-05-003,关心灾区儿童心系希望工程中少社为小朋友出好书,no_topic
19980602-05-005,裕兴为农村中学电脑教学服务,multiple_topics
19980602-05-006,中药的疗效和安全性将得到加强,no_topic
19980602-05-007,第三届宋庆龄奖学金颁奖,no_topic
19980602-05-008,爱岗敬业的好教师--亓瑜萍(图片),short_body
19980602-05-009,"本报讯记者祝华新报道:新近揭晓的一九九八年中国少儿读物状况调查结果显示,儿童对图书感兴趣的年龄提前,一般为二岁左右。有半数以上的孩子课外读物是课内读物的二至三倍。",title_length
19980602-05-010,"本报讯中国法学会和太极集团日前在京举行捐赠仪式,向全国人大常委、全国人大各专门委员会委员、全国政协常委,向各省(自治区、直辖市)省长(主席、市长)书记、国务院各部部长捐赠《中华人民共和国常用法律、法规(珍藏版)》。该书收录了自一九四九年十月至一九九八年三月以来现行有效的法律、法规。这是件有利于民主法制建设的好事。(刘文)",title_length
19980602-05-011,"本报北京六月一日讯记者杨明方报道:芬兰人民向中国小朋友献上的一份珍贵的礼物《芬兰童话故事》中文版由北京出版社推出。中国前任驻芬兰大使杜钟瀛历时八载翻译的这本书,收集了七十多篇在芬兰民间广为流传的优秀童话,讲述了关于公主、乞丐、力大无比的马蒂、神奇的戒指以及助人为乐的动物等等传奇冒险故事。今天在芬兰驻华大使馆举行的该书首发式上,三十多位芬兰在京小朋友表演了生动有趣的芬兰民族节目。",title_length
19980602-06-001,为讨论印巴核试验问题,no_topic
19980602-06-002,沙叙磋商召开阿拉伯首脑会议埃及强调国际社会须拯救和平,no_topic
19980602-06-003,北约性质之争,no_topic
19980602-06-004,日本前驻华大使撰文说日中友好符合双方利益,no_topic
19980602-06-005,图片新闻,title_length
19980602-06-006,姆贝基副总统指出南非仍是“黑白分明”,no_topic
19980602-06-007,科索沃冲突再起已造成数十人死亡,no_topic
19980602-06-008,黑山共和国举行议会选举久卡诺维奇一派得票领先,no_topic
19980602-06-010,赞比亚前总统卡翁达获释,no_topic
19980602-06-011,依然任重道远———多边贸易体制建立50周年,no_topic
19980602-06-012,"应越南总理潘文凯的邀请,柬埔寨王国政府第一首相兼外交与国际合作大臣翁霍一日上午乘专机离开金边前往河内,对越南进行为期两天的正式访问。访越期间,翁霍一行将同潘文凯及越南其他高级官员举行会晤,双方将讨论在柬的越南移民、两国的陆地边界、海域划定问题,以及经贸和文化等双边合作问题。",title_length
19980602-06-013,"据斯里兰卡官方一日发布的消息,斯里兰卡因内战造成的难民已逾八十万人。其中七十九万余人被收容在各地的十五个难民中心,其余一万多难民流落街头,以乞讨度日。",title_length
19980602-06-014,"德国外长金克尔和伊朗外长哈拉齐五月三十一日晚进行了电话会谈。双方一致表示愿进一步努力改善双边关系。据德国外交部当晚宣布,两国外长在电话会谈中详细讨论了改善双边关系的有关问题,并对前不久举行的德伊两国高级官员磋商的结果给予积极评价。(据新华社电)",title_length
19980602-06-015,"哥伦比亚五月三十一日举行本世纪最后一次总统选举。根据初步统计,自由党候选人塞尔帕获得百分之三十四点五九的总选票,居于领先地位。保守党候选人帕斯特拉纳以微弱的差距居第二位。按照选举法的规定,在第一轮选举中如没有总统候选人获得百分之五十以上的绝对多数票,将由得票最多的前两名候选人进入第二轮选举。塞尔帕和帕斯特拉纳将于六月二十一日再次角逐。(本报专电)",title_length
19980602-07-001,一个黑人青年的追求,no_topic
19980602-07-004,抓住机遇投资非洲,no_topic
19980602-07-005,"阿富汗北部5月30日发生强震,数千人死亡。图为震区倒塌的民房(图片)",short_body
19980602-07-006,凡尔纳科幻多应验艾菲尔铁塔念大师,no_topic
19980602-07-007,印度酷暑难当死人七百政府漠视百姓不满,no_topic
19980602-07-008,"5月29日上午,中国常驻联合国代表秦华孙大使代表中国政府在联合国秘书处签署了《〈联合国气候变化框架公约〉京都议定书》。该议定书是1997年12月11日由160个国家在京都召开的联合国气候变化框架公约第三次缔约方大会上通过的,中国是第37个签约国。",title_length
19980602-07-009,"为纪念中日和平友好条约缔结20周年,日本一枚之绘公司和人民日报神州书画院联合举办的“北京风景画展”5月30日在东京的银座美术馆开幕。多年致力于中日文化交流、80高龄的竹田先生抱病前来祝贺。(本报专电)",title_length
19980602-07-010,"联邦快递中国及太平洋区副总裁庄明锟6月1日在北京宣布,该公司即日起采取新措施,为中国客户提供更灵活、更可靠与更便捷的服务。这些新措施主要包括拓展它在中国各地的代理网络;在北京、上海与广州设立三家客户服务中心,以及设立免费服务热线等。年营业额115亿美元的世界最大的联邦快递自1984年在中国开展业务以来,成绩斐然。(本报讯)",title_length
19980602-08-002,本报网络版开设’98世界杯站点,multiple_topics
19980602-08-003,难觅“第三高度”,no_topic
19980602-08-005,各路拳手鏖战深圳,no_topic
19980602-08-006,红牛杯台球赛爆冷门庞卫国胜老将戴维斯,no_topic
19980602-08-007,首届“健智牌”演习班开课,no_topic
19980602-08-008,申花队易主帅穆里西接替安杰依,short_body
19980602-08-009,互联网向国内媒体提供世界杯服务,multiple_topics
19980602-08-010,媒体:聚焦巴黎(附图片1张),no_topic
19980602-08-011,法航飞行员罢工世界杯将受影响,review: 航班罢工对世界杯的影响，交通与体育交叉
19980602-09-001,天鹅洲麋鹿在呼救,no_topic
19980602-09-002,下岗开荒创新业,no_topic
19980602-09-003,三晋公路拓荒牛———山西省优秀领导干部刘俊谦记事(附图片1张),no_topic
19980602-09-004,不妨说声谢谢,no_topic
19980602-09-006,成都:整合传呼台(附图片2张),no_topic
19980602-09-007,怀铁公司礼遇老功臣退休职工争相献余热,no_topic
19980602-10-001,关于当前宏观经济运行中的三个问题,no_topic
19980602-10-002,活到老学不了,no_topic
19980602-10-004,《世纪之交论青年》,no_topic
19980602-10-005,从时代的视角思考干部教育问题,review: 干部教育，非学校教育主题
19980602-10-006,下岗待业与主人翁地位,no_topic
19980602-11-001,国企改革律师与你同行,no_topic
19980602-11-003,治治『庇护伞』,no_topic
19980602-11-004,三『治』茂名,no_topic
19980602-11-006,海上捕“蛇”,no_topic
19980602-11-007,警方忠告乘坐列车严禁非法持枪,no_topic
19980602-11-009,向自己“开刀”,no_topic
19980602-11-010,图片新闻,title_length
19980602-11-011,"本报讯不久前,广西防城港市公安边防支队东兴边防派出所,仅用70分钟便破获一起特大持刀抢劫案。当场从犯罪嫌疑人手中缴获手提包一只,内装存折6本,共154万元。(黄宜乐韦钟海)",title_length
19980602-11-012,"本报讯日前,新疆兵团纪委决定,对新疆石河子市八一毛纺织厂腾新服装分公司被诈骗一案的举报有功人员周培成、朱月珍等两位同志给予重奖。该案涉骗案值达1150万元。(焦秋生银春)",title_length
19980602-11-013,"本报讯为进一步加强对判处缓刑、假释少年犯的帮教工作,河南省沁阳市法院对少年犯实行了建档建卡管理,收到了良好效果。他们采取重点对象重点帮教,让少年犯分批分组集中学习,增强了少年犯的自我改造意识。(原玉红张仁勇)",title_length
19980602-11-014,"本报讯沈阳铁路分局皇姑屯车辆段在创建安全文明单位活动中,管好自己的人,看好自家的门,消灭了职工违法犯罪,杜绝了路风事件,最近被辽宁省命名为综合治理创建安全文明先进单位。(邱立纯武伟力唐立端)",title_length
19980602-11-015,"本报讯为更好地执行国家法律,不久前,秦皇岛边防检查站在干警中大力加强法律学习。他们邀请专家为干警们讲授刑法、行事诉讼法等法律法规,促使边检人员依法行政,依法执勤。(孙彦良)",title_length
19980602-11-016,"本报讯湖南省岳阳县公安局以惩治腐败和群众反映强烈的突出问题和案件为重点,着重解决近年来队伍中存在的各种问题,加大了队伍管理的力度。",title_length
19980602-12-001,安徽给台资更大空间,no_topic
19980602-12-002,番禺维护侨益聚侨心,no_topic
19980602-12-003,品家乡菜添思乡情,no_topic
19980602-12-004,织幅美锦迎宾朋,no_topic
19980602-12-005,芳洲拥翠翘———今日溪口一瞥(附图片1张),no_topic
19980602-12-006,内地、香港、台湾影视合作成热点(图片),no_topic
19980602-12-007,"投资,就到祖国大陆———一位老台商的心声",no_topic
19980602-12-008,乳山面貌一新迎侨归,no_topic
19980602-12-009,"香港旅游协会将同内地旅游机构合作,从六月份起在欧洲重点推广介绍香港、北京、上海、桂林、西安和昆明六大城市,以吸引更多的欧洲游客。据香港旅游协会行政及拓展总经理叶祖达介绍,香港与内地旅游业开展合作始于一九九三年,成立了珠江三角洲旅游推广机构,香港、澳门、广东三地为此联合在海外开展了丰富多彩的推介工作,去年又在美国成功地进行了『中国五大名城』香港、北京、上海、西安、桂林旅游推广计划。今年,这一计划经过扩充,增加昆明,并将往欧洲推广。",title_length
19980602-12-010,"在香港首届立法会选举中,香港特区政府和候选人纷纷利用因特网开设选举网页或在网页中加入选举内容,以此来扩大对选举的宣传。选举资料上网,这在香港历史上还是第一次。为了方便上网者浏览资料,特区政府资讯中心自二月份起推出了『五月二十四日立法会选举』、『候选人政纲』两个专门网页。香港特区政府的网页由七个部分组成,设计精巧,内容丰富,资料更新速度快,而且最新资料都有专门提示,中英文任选,使用方便。",title_length
19980602-12-011,"近年来台湾住宅建设环保意识逐渐增强,从住宅设计、建材选用、公共设施和居家配置到社区管理及维护,都将减少社区的垃圾量,降低能源消耗,实行资源回收,作为主要考虑因素。建筑商已普遍注意维护自然环境,尽量避免建筑物挡住周围植物接受日照;考虑住宅的座向和阳光照射的方向,并为窗户安装反射玻璃,以减少阳光直射室内,使住户在夏天使用空调时节约用电;从实际需要出发设计住房格局,以免住户进行再装修时产生更多垃圾;为延长建筑物的使用寿命,建筑材料也以持久、耐用为主。此外,还在社区内设置回收筒,对垃圾进行分类回收,并配备相关人员专门处理住户的大型废弃物。有的社区甚至在公共空地放置昆虫和植物标本,营造人与自然和谐相处的氛围。",title_length
19980602-12-012,"澳门水警稽查队五月十九日向中国国家文物局代表移交了三件去年查获的走私中国文物。这次移交的文物,包括一尊石雕人物立像,高七十厘米,除手指部分残缺外其余完好,约为唐代制品;另一件是石雕菩萨立像,高七十四厘米,雕像左右手及左下裾残缺,约为唐代或南北朝时制品;第三件是唐三彩马,严重残损,破裂成十二块,头部完好,其余部件不全,为唐代制品,但体积较大,为唐代同类制品中不多见。据介绍,这批走私文物是澳门水警稽查队去年十一月二十九日在检查一入境运沙货车时发现的,走私文物的来源仍在调查中。",title_length
19980602-12-013,"今年第一季度,香港邻近与内地分界线的附近地区整体罪案率及被抓获的非法入境者人数与去年同期相比,均有较大幅度下降。香港警方认为,这是香港回归后,两地警方紧密合作的结果。香港警方边境区指挥官谢灿辉表示,香港回归后,香港与内地警方的交流与合作更加紧密,双方进一步加强情报联络和交换,共同打击犯罪。(以上均据新华社电)",title_length
19980603-01-001,江泽民在第二期中央委员和候补委员学习邓小平理论和十五大精神研讨班结业式上强调,no_topic
19980603-01-002,江泽民主席会见伯杰,no_topic
19980603-01-004,李鹏会见罗马尼亚前总统,no_topic
19980603-01-005,放开眼光看就业,no_topic
19980603-01-006,朱镕基会见白俄罗斯国防部长,no_topic
19980603-01-007,意大利总统乌拉圭副总统将访华,short_body
19980603-01-008,中美等国共同研制的宇宙探测器阿尔法磁谱仪今晨升空,no_topic
19980603-02-001,完善粮价机制———访国家发展计划委员会副主任王春正,no_topic
19980603-02-002,我国铁路将增强对外开放力度铁路扭亏势头好,no_topic
19980603-02-005,麦菽千重浪雨后抢收忙(图片),short_body
19980603-02-006,气象专家指出江淮黄淮地区要抢收小麦,no_topic
19980603-02-007,新疆砍掉65项出租车罚款乌鲁木齐每车每年减少费用2.3万元,no_topic
19980603-02-008,餐盒与塑瓶齐漂江水共垃圾一色长江涪陵段污染严重,no_topic
19980603-02-009,当好知识经济守护神,no_topic
19980603-02-010,注册会计师行业清理整顿见成效,no_topic
19980603-02-011,广东海关加大反走私力度,no_topic
19980603-02-012,海淀工商局打击侵权仿冒中关村知识经济环境好转,no_topic
19980603-02-013,地球“光环”(图片),short_body
19980603-02-014,"本报讯工商银行内蒙古哲盟分行储蓄存款逐年递增,累计已达11亿多元,为地方经济建设聚集了大量的资金。哲盟工行不断发展新的储蓄业务,近期又推出了“通知存款”和“牡丹灵通卡”业务。(刘广东)",title_length
19980603-02-015,"本报讯天津铁路分局沧州车务段自去年起,实行内部银行管理,严格控制能源资金支出,降低能源成本24万余元。(张战龙)",short_body
19980603-02-016,"本报讯首届中国企业成功与失败案例综合剖析会,将于6月16日至17日在北京新大都饭店召开。这次剖析会将综合剖析近20个成功与失败的具体案例。",title_length
19980603-02-017,"本报讯我国农用运输车行业的排头兵———北汽福田车辆股份有限公司4500万股A股6月2日在上海证券交易所上市。1997年,北汽福田年产销“北京牌”四轮农用车5万多辆,居全行业首位。到“九五”末,将实现销售收入80亿元,利润6亿元。(费文)",title_length
19980603-02-018,"本报讯天津市中建电器有限公司最近研制出移动电话防辐射装置“耀科宝”。这种套装在手机天线端头上的装置,可衰减电磁波,同时又能让电信号通过。",title_length
19980603-03-001,贯彻中央领导同志重要指示各地认真加强消防安全工作,no_topic
19980603-03-002,扶贫资金落实良好保障体系健全完善全国贫困残疾人数下降,no_topic
19980603-03-003,中央国家机关完成今年军转安置任务,no_topic
19980603-03-004,转变观念为国分忧北京军区500名军嫂自谋职业,no_topic
19980603-03-005,年轻拼搏正当时---记兰州军区某集团军机要参谋李民,no_topic
19980603-03-006,提高为民意识坚持从严治党即墨市委靠制度促廉政,no_topic
19980603-03-007,海峡两岸飞行安全研讨会召开,no_topic
19980603-03-010,后备干部进村来,no_topic
19980603-03-011,军委总部拨专款修建西藏军区幼儿园,short_body
19980603-03-012,图片新闻,title_length
19980603-03-013,本报讯空军飞行学员早期培训基地建设会议日前在辽宁省葫芦岛市召开。空军和部分省市招考办的负责人共同总结了招飞工作的经验。与会人员一致认为要将选送飞行学员的招生行为与飞行学员的早选早育的教育行为紧密结合起来。,title_length
19980603-03-014,"本报讯近日,由北京市人事局等单位共同举办的“现代企业人事管理培训班”在市政府国家公务员培训中心开课。来自市经济管理部门、国有大中型企业、非公有企业人事部门的120多名负责人参加了培训。(张文)",title_length
19980603-03-015,"本报讯日前,江苏省徐州市鼓楼区下淀乡政府和后蟠桃村投资20万元,为驻军修建的一条“友谊路”竣工。据统计,近年来,全区共为驻军解决包括吃水、用电、通讯以及训练等各种困难数百个,为驻军部队培训两用人才近千人,赠送各类文体用品及图书5000余件(册)。(孙玉坤蒯创)",title_length
19980603-03-016,"本报讯一家以解决中日两国企业间法律问题为宗旨的律师事务所———日本安德森·毛利律师事务所日前正式在北京设立办事处,开始为日本企业顺利步入中国市场和中国企业活跃日本市场提供多方面的法律服务。(王比学)",title_length
19980603-03-017,"本报讯武警驻天津某部积极支援地方经济建设和公益事业,大力开展拥政爱民和警民共建活动,为天津的两个文明建设做出了重要贡献,相继参加了中环线、天津站、平津战役纪念馆等重点工程建设,先后被武警总部和天津市评为“警民共建先进单位”,最近又受到中宣部、总政治部的通报表彰。(房书庆杜永和)",title_length
19980603-04-001,『防为上』,no_topic
19980603-04-002,温家宝在全国宣传贯彻中办国办通知电视电话会议上强调,no_topic
19980603-04-003,李岚清会见香港科技大学代表团,multiple_topics
19980603-04-004,李鹏会见鲍威尔一行,no_topic
19980603-04-005,晋园杯新闻摄影比赛揭晓,no_topic
19980603-04-006,中宣部等五部门举行形势报告会朱丽兰谈知识经济的兴起和挑战,no_topic
19980603-04-007,全国报纸内部管理改革经验交流会提出加强管理促进报业繁荣发展,no_topic
19980603-04-008,毕业生登上天安门城楼(图片),short_body
19980603-04-009,档案馆里话沧桑,no_topic
19980603-04-010,钱其琛会见伯杰,no_topic
19980603-04-011,明天气象预报(6月3日20时—6月4日20时),no_topic
19980603-04-012,据新华社北京六月二日电(记者邹春义)国务委员吴仪今天在这里会见了津巴布韦总统府国务部长西法斯·姆西帕一行。,short_body
19980603-04-013,"据新华社北京六月二日电(记者邹春义)国务委员吴仪今天在京会见了美国思科系统公司董事长钱伯斯。她表示,希望这家美国网络公司与北京的合作取得成功,以进一步开发中国市场。",title_length
19980603-04-014,据新华社北京六月二日电全国人大常委会副委员长布赫今天在人民大会堂会见了意大利省联合会代表团。,short_body
19980603-04-015,"新华社北京六月二日电外交部发言人朱邦造今天在记者招待会上宣布:应几内亚、科特迪瓦、加纳、多哥和贝宁五国外长的邀请,我国外交部长唐家璇将于六月十日至十八日对上述五国进行正式访问。这是唐家璇担任外长以来对外进行的首次正式访问。",title_length
19980603-05-005,挑战弱智———记广州中医药大学教授靳瑞,multiple_topics
19980603-05-006,图片新闻,title_length
19980603-05-007,来自大洋彼岸的赤诚---访中科院外籍院士毛河光(附图片1张),no_topic
19980603-05-009,全国部分高校交响音乐周结束,multiple_topics
19980603-05-010,天津儿艺精品送少儿,no_topic
19980603-05-011,要重视解决儿童肥胖问题,no_topic
19980603-05-012,纸浆模塑制品将取代发泡塑料制品,no_topic
19980603-05-013,"本报讯记者陈国琦报道:花山文艺出版社出版的人物传记《吕玉兰》,日前与读者见面。该书记述了吕玉兰在党的培养下,从一个普通的农村姑娘,逐步成长为当代中国著名劳动模范的感人事迹。本书作者是吕玉兰的丈夫、新华社高级记者江山。",title_length
19980603-05-014,"本报讯本世纪最后一届世界杯足球赛开球在即,广东《新周刊》推出《世界杯世纪末大盘点》专号。该刊精选世界杯足球赛六十年间激动人心的内容,纵览世纪足坛风云变幻,并附一千张精美图片。(赵立伟)",title_length
19980603-05-015,"本报北京六月一日讯中科院计算机网络信息中心今天首次面向社会开放,通过现场操作向来自北大附中、教育学院的部分同学讲解网络基本功能的使用和网上信息资源查询方法。(马飞孝)",title_length
19980603-06-001,五大国外长会议明天举行美称要协调战略制止印巴核竞赛,no_topic
19980603-06-002,裁军会谴责印巴核试验,no_topic
19980603-06-003,致力美中了解与合作----访可口可乐公司副总裁杜达富,no_topic
19980603-06-004,图片新闻,title_length
19980603-06-005,美洲国家组织大会开幕墨主张讨论古巴重返该组织问题,no_topic
19980603-06-006,美呼吁南联盟与阿族对话阿要求国际社会干预冲突,no_topic
19980603-06-008,我驻佛罗伦萨总领馆开馆,no_topic
19980603-06-009,朝中社发表评论强烈谴责日本军国主义思潮,no_topic
19980603-06-011,柬宪法委员会就职,no_topic
19980603-06-012,统一中东和平进程对策阿拉伯国家筹备首脑会议,no_topic
19980603-07-001,法制教育从娃娃抓起,multiple_topics
19980603-07-002,抓住机遇投资非洲,no_topic
19980603-07-004,图片新闻,title_length
19980603-07-007,英国假释犯戴上紧箍咒五十人受控寻呼机,no_topic
19980603-07-008,印尼调查苏哈托家族财产经济进入负增长,no_topic
19980603-07-009,风雨肆虐美利坚死亡十七伤二百,no_topic
19980603-08-002,贵在人人参与———“全民健身走军营”采访记之三(附图片1张),no_topic
19980603-08-004,法国队:摆脱困扰,no_topic
19980603-08-005,"▲6月2日,本报网络版与体育部联合推出的’98世界杯网站(http∶//www.worldcup98.net.cn或http∶//www.peopledaily.com.cn)受到网上读者的关注,开通第一天访问量便已突破10万次(Hits)。",title_length
19980603-08-006,法航罢工风潮前景不明,no_topic
19980603-08-008,谁能代表亚洲,no_topic
19980603-08-010,飞利浦『球迷风采』摄影赛开始,no_topic
19980603-09-001,"精神文明建设不是负担是动力,请看---市民眼中的张家港(附图片1张)",no_topic
19980603-09-002,赤子情洒湘江---记全国战斗英雄刘梅村(附图片1张),no_topic
19980603-09-003,污水洗菜何时休(附图片2张),no_topic
19980603-09-004,谨防另一种『花钱买平安』,no_topic
19980603-09-006,小城市须强化游戏厅管理,no_topic
19980603-09-007,编者的话,title_length
19980603-09-008,"目前,北京市内有些公共汽车站牌被一些人的租房、看病、雇工和招揽生意的告示贴满了,把本来干干净净的站牌弄得面目全非,既给广大乘车群众带来不便,也影响了首都市容。建议有关部门尽快采取一些措施,按告示上留下的地址或电话找当事人来洗刷干净,并予以必要的处罚,以免汽车站牌再受到污染。",title_length
19980603-09-009,"前一时期,山西夏县无证、无牌照车行驶较严重,直接威胁人民的生命和财产安全,影响道路的畅通。夏县公安交警大队为了有效地减少交通事故,建立交通管理工作新格局,对山下9个乡镇的农用运输车、摩托、轻骑进行集中整顿,上门办牌照,热情服务,加强警民联谊活动。仅一个月时间,办牌2525副,办照479个。(山西夏县公安交警大队李关山)",title_length
19980603-10-001,一剂标本兼治的“良药”,no_topic
19980603-10-002,售后服务好顾客才放心,no_topic
19980603-10-003,打假治劣重在监管,no_topic
19980603-10-004,税外费负担何时能减轻?,no_topic
19980603-10-005,果皮筒为何遭砸?(附图片3张),no_topic
19980603-10-006,“集资”不能论上下,no_topic
19980603-10-007,324国道还有人罚款,no_topic
19980603-10-008,行车秩序混乱影响午门安全,no_topic
19980603-10-009,救救梅山海防林,no_topic
19980603-10-010,求职材料应退还,no_topic
19980603-10-011,增加电话收费透明度,no_topic
19980603-10-012,请留意食品的保质期限,no_topic
19980603-11-001,今天的孩子不安分,no_topic
19980603-11-002,『明白墙』该让群众明白什么?,no_topic
19980603-11-003,打工青年当自强,no_topic
19980603-11-004,小妹回乡种田去,no_topic
19980603-11-005,两个党委书记一对清廉夫妻,no_topic
19980603-11-006,养血舒筋骨法对风湿病的治疗,no_topic
19980603-11-007,商品计量不准也应加倍赔偿,no_topic
19980603-11-008,另起一行,title_length
19980603-11-009,投保人地址有变怎么办?,no_topic
19980603-11-010,修隧道的人们(附图片4张),no_topic
19980603-11-011,为孩子营造健康成长环境,review: 儿童成长环境，健康为宽泛表述
19980603-12-001,妇运先驱党员楷模———深切怀念帅孟奇同志,no_topic
19980603-12-002,功在拨乱反正业自开拓进取---缅怀老政委王平同志,no_topic
19980604-01-002,江泽民会见法新社社长,no_topic
19980604-01-003,观念一变天地宽,no_topic
19980604-01-004,我为报纸挑错受鼓励,no_topic
19980604-01-006,李岚清会见沙特阿拉伯客人,short_body
19980604-02-002,青啤能否常青,no_topic
19980604-02-004,国务院决定清理铁路地方建设附加费,no_topic
19980604-02-005,智能化农业信息技术应用显成效北京示范区小麦增幅逾10%,multiple_topics
19980604-02-006,图片新闻,title_length
19980604-02-007,萍乡开展优化环境年活动,no_topic
19980604-02-008,保定形成十大特色产业,no_topic
19980604-02-009,深圳海关重拳出击海上走私一至五月查获案件总值逾一点五亿元,no_topic
19980604-02-010,社会经济管理也有成本,no_topic
19980604-02-011,考核费用控制支出北关地税局降低征税成本,no_topic
19980604-02-012,天津率先打破市内电话垄断邮电和联通将于七月并网,no_topic
19980604-02-013,黑龙江35万人实现再就业,no_topic
19980604-02-014,东航新开冈山巴黎航线,no_topic
19980604-02-015,拉开反走私专项斗争序幕上海海关严打货运渠道走私,no_topic
19980604-02-016,"本报讯国家重点建设项目(北)京郑(州)铁路电气化工程北京至石家庄段日前竣工,加上去年开通的郑州至石家庄段,全长六百九十八公里的京郑电气化铁路全面建成。预计七月一日开通运营以后,列车运行时速将逐步提高到一百六十公里。(雒谦李辉)",title_length
19980604-02-017,"本报讯河南省修武县三年间有六位农民获得了六项国家实用技术专利,另有三位农民的四项发明正在申报中。(王泉山范毓焘)",short_body
19980604-02-018,"本报讯截至五月二十六日十八时,担负六十个铁路车站通信、信号设备检修任务的沈阳铁路局吉林电务段,实现安全生产四千天。(郭东平)",title_length
19980604-02-019,"本报讯天航国际运输有限公司通过ISO9002国际标准认证颁证典礼日前在北京人民大会堂举行。该公司在货运领域率先获得英国标准协会的质量保证体系认证,标志着其服务和管理达到了国际先进水平,成为中外客户可信赖的合作伙伴。(王文)",title_length
19980604-02-020,"本报讯素有『北京市蔬菜专业镇』之称的小汤山镇,发展种植地热特菜二千八百亩,引种国外名、特、新品种八十多个,其中美国西芹、日本樱桃萝卜等年出口无公害净菜四千八百吨,创汇四百万美元。(林文)",title_length
19980604-03-001,干部了解群众心声农民学习党的政策襄樊开展“双向教育”促农村发展,multiple_topics
19980604-03-004,减少应酬下基层集中精力干实事淮阴领导干部转变作风,no_topic
19980604-03-007,威海开发区国税分局带好队伍,no_topic
19980604-03-008,女教官的烛光情,no_topic
19980604-03-009,九部委局联合检查消防安全落实消防责任制预防重特大火灾,no_topic
19980604-03-010,图片新闻,title_length
19980604-03-011,"本报讯近日,解放军某部通信连官兵七年如一日,坚持对北京市通州区培智学校的智残儿童实行帮教,官兵们采用辅导孩子学习、劳动,过『军营一日』,开展第二课堂等活动开发他们的智力。在官兵们的帮助下,七年来,该校先后有七十余名学生走上了社会,成为自食其力的劳动者;五名学生参加了世界特奥会,获得十枚金牌;五名学生在正常学生才能参加的普及小百花美工赛中荣获优秀奖;该校也因成绩出色,被原国家教委指定为全国唯一的特殊教育示范学校,并向全国特教学校推广了该校和通信连共同帮教智残儿童的好经验。(胡忠和陈建新夏闻)",title_length
19980604-03-012,"本报讯自五月十日起,河北石家庄市新闻媒体刊登《石家庄市公安交通管理局通告》,每天在曝光专栏公布『电子警察』拍下的违章车辆车牌号码。违章司机接受处罚时纷纷表示,曝光对他们触动很大,再也不会闯红灯了。",title_length
19980604-03-013,"本报讯五月份以来,河南郑州市区四十六处主要交叉路口,值勤交警明显增多,而且大都是老交警,他们认真负责,就连非机动车和行人也管得井井有条。这是郑州市交警支队积极精简机关科室充实一线的结果。执勤交警动作规范,语言文明,深受过往群众的好评。(彭天增赵庭智)",title_length
19980604-04-001,内蒙古完善国企下岗职工再就业服务体系,no_topic
19980604-04-002,加强宏观调控保障职工权益山东规范安排职工下岗行为,no_topic
19980604-04-003,及时之举,title_length
19980604-04-004,古建筑古文物专家单士元逝世,short_body
19980604-04-006,首都各界人士举行座谈会严厉批判日本反动影片《自尊》,no_topic
19980604-04-007,’98中国投资贸易洽谈研讨会在港举行,no_topic
19980604-04-008,细微之处看福州(附图片2张),no_topic
19980604-04-009,世界知识产权组织亚洲区会议在港召开,no_topic
19980604-04-010,稻田间种(图片),short_body
19980604-04-012,蝶岛今更美,no_topic
19980604-04-013,明天气象预报(6月4日20时—6月5日20时),no_topic
19980604-04-014,据新华社北京6月3日电(记者罗辉)中共中央政治局委员、国务院副总理吴邦国今天下午在中南海会见了以越共中央委员、中央对外部部长阮文山为团长的越南共产党中央对外部代表团。,title_length
19980604-04-015,据新华社北京6月3日电(记者罗辉)国务院副总理吴邦国今天下午在中南海会见了英国电讯公司董事长爱恩·瓦勒士爵士一行。国务院外办主任刘华秋参加了会见。,title_length
19980604-04-016,"据新华社上海6月3日电(陈毛弟、刘谦)进行环太平洋航行训练的加拿大海军舰艇编队,在编队指挥官、加拿大海军太平洋舰队司令巴克海军少将率领下,今天驶抵上海,开始对中国进行为期6天的正式友好访问。",title_length
19980604-05-002,《一九九七年中国环境状况公报》表明部分地区生态环境继续恶化,no_topic
19980604-05-003,尽快清除长江垃圾,no_topic
19980604-05-004,创新震撼人心的召唤,no_topic
19980604-05-005,妙音传五洲战国编钟上网,no_topic
19980604-05-007,两院院士捐赠文物,no_topic
19980604-05-009,趣味运动会(图片),short_body
19980604-05-010,北京开辟传统医疗保健实践基地,short_body
19980604-05-011,陈建军获全军科技进步一等奖,short_body
19980604-05-012,歌曲专辑献给海洋年,short_body
19980604-05-013,"本报讯记者蒋建科报道:由北京宝贝科技开发公司承办的首届农业科技国际擂台大赛在国内外引起巨大反响,国内外的农业科技工作者和种田能手踊跃报名,截至5月底,报名人数已突破500名。",title_length
19980604-05-015,"本报讯北师大历史系、史学研究所等日前举行座谈会,纪念戊戌变法运动100周年。与会者认为,百年前的维新运动展示出当时进步人士高度的爱国热情和社会责任感。(董洪亮)",title_length
19980604-05-016,本报讯清华大学自动化系与日本株式会社山武日前就实施现场总线合作项目达成了协议。山武向清华大学捐赠了一套现场总线仪表。(张青),title_length
19980604-06-001,美前总统顾问谈美中战略伙伴关系强调共同利益妥善处理分歧,no_topic
19980604-06-002,美国防部发言人说,no_topic
19980604-06-003,联合国维和五十年---访米亚特副秘书长,no_topic
19980604-06-004,中国国际战略学会举行中美关系问题报告会,no_topic
19980604-06-005,美政府批准售台军事装备,no_topic
19980604-06-006,意总理会见本报代表团,no_topic
19980604-06-007,国际陆军武器展在巴黎开幕(图片),short_body
19980604-06-009,关于马岛主权之争美洲国家组织支持阿根廷立场,no_topic
19980604-06-010,就遣返难民问题克罗地亚与波黑塞族达成协议,no_topic
19980604-06-011,俄国家杜马拒绝讨论俄同台湾合作议案,no_topic
19980604-06-012,以色列国防部长称以埃将继续推动和平进程,no_topic
19980604-06-013,欧洲安全主导权的角逐,no_topic
19980604-06-014,克林顿建议延长对华最惠国待遇,no_topic
19980604-07-001,迎接高速铁路发展新高潮(附图片1张),no_topic
19980604-07-002,到宇宙寻找反物质,no_topic
19980604-07-003,反物质和暗物质,no_topic
19980604-07-004,美中贸委会庆祝成立二十五周年两国愿继续推动经贸合作,no_topic
19980604-07-006,"北京市海淀区少年宫『多来咪合唱团』参加的第十三届美国西雅图国际儿童节最近圆满结束。这届儿童节的主题是『世界是一个大家庭』。北京市『多来咪合唱团』与美、英、法、日、加拿大、巴西等十三个国家和地区的少年文艺团体欢聚一堂,用器乐、歌曲、舞蹈、杂技等多种形式,表现和平、友谊等人类共同理想与本民族的文化特色。北京市『多来咪合唱团』歌唱的《手拉手》、《采茶叶》、《长城谣》等节目打动人心,赢得了热烈掌声,西雅图传媒评价为最受欢迎的演出。波音公司赞助了北京『多来咪合唱团』与这次国际儿童节活动。(本报讯)",title_length
19980604-07-007,"日本首相桥本龙太郎二日上午召集全体内阁成员与会,讨论通过了为解决严重就业问题的《对于当前雇用形势的对应方针》,决定采取首先向北海道等重点地区、向中老年、向制造业等重点行业、向中小企业倾斜的政策。据日前发表的数字,四月份日本的完全失业率达百分之四点一的历史最高水平。桥本首相时隔两年四个月再次举行『产业转换和雇用对策本部』会议,致力解决面临的就业问题。桥本在会上强调,就业对策中最重要的是使日本经济强有力地恢复。在迅速实行综合经济对策的同时,为稳定就业推进综合性措施。他指示全体内阁成员加强合作,全力以赴解决就业问题。",title_length
19980604-07-008,"阿拉伯反毒品机构第十二次会议六月一日在突尼斯开幕。阿拉伯内政部长理事会秘书长说,目前世界毒品贸易额达五千亿美元,其中阿拉伯世界达七百亿美元,占世界毒品贸易总额的百分之十二。(本报专电)",title_length
19980604-08-003,国际职业台球挑战赛第二轮瓦塔纳两战皆胜,no_topic
19980604-08-004,NBA总决赛公牛爵士再相逢,no_topic
19980604-08-005,巴西队:实力受损(附图片1张),no_topic
19980604-08-006,学校体育科研走出新路,multiple_topics
19980604-08-007,"○本报讯’98“超群杯”全国幼儿基本体操评比活动已进入尾声,将于7月中旬在京颁奖。为了全面推行幼儿基本体操,关心下一代工委会、全国体总群体部、中国体操协会等十家单位,在西安超群公司的大力支持下,于去年底组织了这次全国性评比活动。据不完全统计,全国有数十万儿童根据评比要求,按不同年龄段接受了幼儿基本体操的正规训练。(于戈)",title_length
19980604-08-008,“迷你”足球场,short_body
19980604-08-009,摩洛哥队犹如回家,short_body
19980604-09-001,射阳蒜薹为何要“压价”?,no_topic
19980604-09-002,谁还敢到那里收蒜薹!,no_topic
19980604-09-003,呼唤秩序,title_length
19980604-09-004,喷灌服务走向社会化,no_topic
19980604-09-006,农民争当科技人(图片),multiple_topics
19980604-09-007,『药都』安国寻药香,no_topic
19980604-09-008,应县综合开发成效大,no_topic
19980604-09-009,自吸节能水泵问世,no_topic
19980604-09-010,谁给麦秸找条路?,no_topic
19980604-09-011,馆陶麦秸生出『金娃娃』,no_topic
19980604-09-012,宁津加工秸秆可出口,no_topic
19980604-09-013,"天哪,机场附近烧麦秸,下不去了!(图片)",short_body
19980604-09-014,农业走向生态效益型(图片),short_body
19980604-09-015,攸县“的哥”占深半壁江山,no_topic
19980604-10-001,解读『老好人』,no_topic
19980604-10-002,创新是民族进步的灵魂,no_topic
19980604-10-003,为什么要稳定家庭承包经营,no_topic
19980604-10-004,盲目重复建设无益于市场经济发展,no_topic
19980604-10-005,源于实践的思考,no_topic
19980604-10-006,《中国经济体制改革和经济发展战略研究》,no_topic
19980604-11-003,给流动儿童一张稳定的课桌,no_topic
19980604-11-004,另一只眼睛,no_topic
19980604-12-001,七星河,title_length
19980604-12-002,快乐的童话(儿童诗),no_topic
19980604-12-003,愚人说钱,title_length
19980604-12-004,乡居的日子,no_topic
19980604-12-005,谐趣与诗趣---读梁琴的散文,no_topic
19980604-12-007,孩子心中的诗意,no_topic
19980604-12-008,《画家黄胄》出版,no_topic
19980604-12-009,多彩童年(儿童画),short_body
19980604-12-010,渴(图片),short_body
19980605-01-001,江泽民将赴港出席香港回归周年庆祝活动,short_body
19980605-01-002,应江泽民主席邀请克林顿总统将于下旬访华,no_topic
19980605-01-003,全社会都来关心国企下岗职工,no_topic
19980605-01-004,就美国对华最惠国待遇问题外交部发言人答记者问,no_topic
19980605-01-006,我国“菜篮子”年总产值达2500亿元,no_topic
19980605-01-007,李鹏朱镕基分别会见卢森堡首相,no_topic
19980605-01-008,“绿地”缘,no_topic
19980605-01-009,“厚土”情,no_topic
19980605-01-010,图片新闻,title_length
19980605-01-012,"据国家统计局提供的情况,今年4月份,全国工业品销售创下今年以来的最好成绩,工业品销售率达到95·4%,比去年同期高出0·23个百分点。统计显示,4月份全国有17个省区市工业品销售率超过全国平均水平。其中,贵州、宁夏工业品销售率超过100%;海南省位居第三,达98·16%。",title_length
19980605-01-013,"我国煤炭出口工作在非常困难的情况下仍取得较大成绩,去年煤炭出口突破3000万吨,达到3074万吨,比前年增加167万吨。据了解,中国煤炭工业进出口集团公司去年出口煤炭2702万吨,占全国煤炭出口量的88%,创汇近10亿美元,发挥了主渠道的作用。今年1—4月,中煤公司煤炭出口累计完成858·3万吨,比去年同期增加了76·8万吨,增长9·84%。",title_length
19980605-01-014,"为期两天的中葡关于澳门与内地大型基建协调小组第四次会议2日在澳门结束。会后发表的新闻公报说,双方初步商定于今年6月底举行澳门—珠海大桥动工仪式。据悉,造价两亿多元(澳门币)的澳珠大桥全长约1·4公里,离水面净高22米;设计双向行驶共6条行车道,年交通流量1000万辆架次。大桥将由澳门和珠海双方共同出资兴建,建成后双方共同管理,计划无偿经营。",title_length
19980605-02-001,四川落实国企下岗职工基本生活保障金,no_topic
19980605-02-004,长沙城区防洪风险图(图片),short_body
19980605-02-005,下岗女工李军有胆有识买断一个产品救活一家企业,no_topic
19980605-02-006,河北定点免费培训下岗职工,no_topic
19980605-02-007,腐臭洋垃圾现形连云港,no_topic
19980605-02-009,德城区为人才用武提供园地,no_topic
19980605-02-010,“黑小子”出世麦家族添丁,short_body
19980605-02-011,两层皮一个脐水苞米遭清除,no_topic
19980605-02-012,丽江旅游特色取胜,no_topic
19980605-02-014,保重点求发展秦皇岛加快基础设施建设,no_topic
19980605-02-015,丹东港成为又一巨轮接卸口岸,no_topic
19980605-02-017,"本报讯中国特区开发区改革开放二十年创新实践经验交流会近日在京举行。来自全国各地的代表结合本地的实践,系统总结创建特区开发区的经验,展示改革开放二十年所取得的成就,探讨如何进一步办好特区、开发区。(孟兰云)",title_length
19980605-02-018,"本报讯六月三日上午,津巴布韦贸易投资旅游研讨会在北京开幕。津巴布韦投资中心及贸易发展组织的官员就津投资、贸易、旅游等领域存在的合作机会作了专题报告。中津近二百名公司和企业的代表参加了研讨会。(舒彩)",title_length
19980605-02-019,"本报讯河南省洛宁县地税局狠抓业务培训工作,目前能够熟练掌握『三懂』、『四会』、『五掌握』的人员达到百分之七十,初步形成了『党政领导抓税,职能部门护税,人民群众协税』的三位一体的征管新格局。(白永新贺晓娜)",title_length
19980605-02-020,"本报讯截至五月三十一日,佛山城乡电话用户已超过百万,成为广东省首个电话用户逾百万户的地级市,标志着佛山城乡电话建设进入一个新的里程。",title_length
19980605-02-021,"本报讯记者从四川省有关部门获悉,四川开发区形成了较为完善的投资环境,招商引资项目和开发建设进展顺利,一批国际知名的大财团和公司纷纷落户。据统计,一九九七年全省开发区共实现工业产值四百零八亿元,实现利税五十二亿元,创汇五点八亿元,开发区已成为四川省一个新的经济增长点。(邹文孝)",title_length
19980605-02-022,"本报讯六月三日,四川长虹电子集团公司董事长兼总经理倪润峰,出席了在日本东京举行的第三届日经亚洲大奖颁奖大会。成为亚洲企业界获此奖的第一人。『日经亚洲大奖』是日本经济新闻社设立的。此奖项颁发给在经济发展、技术开发和文化教育三个领域内有杰出贡献的个人和团体。(齐萱)",title_length
19980605-03-001,谁错用误用了干部就要追究谁的责任河南追究『用人失察』者的责任,no_topic
19980605-03-002,全国妇联等表彰妇女环保工作者,no_topic
19980605-03-004,党委政府重视措施求真务实青岛加强消防队伍及设施建设,no_topic
19980605-03-005,山西创建基层党组织建设先进县,no_topic
19980605-03-006,武警战士王琳情系『助老工程』,no_topic
19980605-03-007,“马路天使”,no_topic
19980605-03-008,拉萨八廓街的朗玛歌舞厅(图片),short_body
19980605-03-009,"据新华社海口六月三日电(卜云彤、楚剑锋)由一百名下岗职工组成的治安巡逻大队,从六月一日起开始在海南省文昌市的大街小巷巡逻。这支治安巡逻大队,是由文昌市公安局发起,文昌市总工会、文昌市文城镇政府参与成立的,队员一百名。",title_length
19980605-03-010,"本报讯湖南怀化市公安机关将加大查处『黄、赌、毒』力度作为严打刑事犯罪活动一项重要内容来抓,各职能部门密切配合,形成查禁合力,端窝点、打团伙,全市公安机关共查获卖淫嫖娼案件一千二百二十五起二千七百四十五人,查获赌博案件四千六百七十起九千九百七十一人,破获毒品案件三百五十六起,其中重特大案件二十六起。(罗运山马松涛)",title_length
19980605-03-011,"本报讯河北省张家口市公安局宣化分局在教育整顿中,坚持分块治理、突出重点、带动全盘,确保教育整顿与当前确保稳定工作齐头并进,收到显著效果。他们通过对去年以来办理的一千六百九十二件刑事、治安案件的复查,发现有问题案件十二件,均作了纠正。七名民警涉及违法违纪问题,目前正在调查处理中。",title_length
19980605-03-012,"本报讯近年来,新疆南疆军区积极采取措施扶持边疆少数民族贫困地区发展经济,帮助各族人民群众脱贫致富,取得显著成绩。据统计,近三年来,部队援助驻地兴办民族企业四十三个、引导群众发展个体经济一千三百六十家、帮助二千八百多贫困户脱贫致富,较好地促进了驻地民族经济的发展。(黄正裕)",title_length
19980605-03-013,"本报讯武警北京一总队某部与驻地看守所、犯罪研究所结成普法共建对子,通过让服刑犯现身说法,并由法律研究专家剖析罪因、犯罪心理等方式,引导战士增强分辨是非的能力和法制观念。该部队五年来没有发生违法案件。",title_length
19980605-04-001,未来一周天气趋势,no_topic
19980605-04-002,反对弄虚作假,no_topic
19980605-04-003,安徽:八成麦农告别镰刀,no_topic
19980605-04-004,温家宝会见台湾企业家王永庆,no_topic
19980605-04-005,傅全有在总参理论学习座谈会上强调,no_topic
19980605-04-006,姜春云将出访欧洲,short_body
19980605-04-007,深井涌流『爱民水』,no_topic
19980605-04-008,麦区机收忙(附图片3张),no_topic
19980605-04-009,下岗职工再就业先进事迹报告团赴陕西精彩报告引起强烈反响,no_topic
19980605-04-011,新闻摄影比赛启事,no_topic
19980605-04-013,明天气象预报(6月5日20时—6月6日20时),no_topic
19980605-04-014,布赫会见德国客人,short_body
19980605-04-015,香港与卢森堡签署民航协定,no_topic
19980605-05-003,三十七城市发布空气质量周报大连厦门南京上海四城市开始空气质量日报,no_topic
19980605-05-004,荧屏科普情———记武汉电视台台长赵致真,no_topic
19980605-05-005,《邓小平理论概论》出版,no_topic
19980605-05-008,无垢热水锅炉问世,no_topic
19980605-05-009,一项公众护眼状况调查表明市民用眼状况堪忧,no_topic
19980605-05-012,甘肃省博物馆与山区里的孩子(图片),short_body
19980605-05-013,魏都区教体委确保特困职工子女不辍学,no_topic
19980605-05-014,本报讯出版界瞩目的第十一届中国图书奖评选工作进入了专家审读阶段。百余名各学科专家开始对本学科及本领域相关图书进行两个月的审读和比较研究。,title_length
19980605-05-015,"本报讯深圳平安人寿保险公司的员工日前用特殊的方式无偿献血来庆祝平安保险诞生十周年,四千名员工踊跃献血和宣传无偿献血。公司联合深圳市红十字会和深圳市血站,开展了『无偿献血周』活动。(管联)",title_length
19980605-05-016,"本报讯由河南濮阳王卫生骨质增生研究所研制的『骨痹痛外敷散』已通过中国中医药学会专家论证,认为它是骨痹外治的有效方剂,对骨质增生外敷治疗有较好疗效。",title_length
19980605-05-017,"本报讯中国农业出版社成立四十年来,一直把构建科学的农业图书品种结构作为中心工作,累计出版图书一万八千余种,总印数四点三亿余册。他们出版的《中国农业百科全书》、《中国农业全书》、《中国农业年鉴》等大型读物受好评。",title_length
19980605-06-001,美总统和国务卿谈日内瓦会议,no_topic
19980605-06-002,以总理在议会谈撤军方案强调归还西岸地区最终不超过15%,no_topic
19980605-06-003,以叙在美举行秘密会谈,no_topic
19980605-06-004,危险的南亚核竞赛,no_topic
19980605-06-005,美洲国家组织大会闭幕,no_topic
19980605-06-006,肯尼亚首都举行第七届泛非儿童图书展(图片),short_body
19980605-06-007,瓦杰帕伊否认南亚存在紧张局势,no_topic
19980605-06-008,美官员称美将增加在海湾驻军,no_topic
19980605-06-009,伊呼吁阿拉伯国家帮助解除制裁,no_topic
19980605-06-010,阿根廷中国友好之家正式成立,no_topic
19980605-06-011,印度预算提高物价不得人心军费增加核武受宠,no_topic
19980605-06-012,土否认将与巴联合研制核武器,no_topic
19980605-06-013,埃厄边境发生武装冲突,no_topic
19980605-06-014,保护环境贵在行动(附图片4张),no_topic
19980605-06-015,"莱索托新内阁三日宣布成立,并获得国王莱齐耶三世的批准。在新内阁中,执政的莱索托民主大会党主席莫西西里一人身兼首相、国防大臣和公共服务大臣三职,前首相莫赫勒的特别顾问汤姆·塔巴尼担任外交大臣,莱凯泰凯泰·凯措任财政及发展计划大臣,工程与交通大臣,农业、合作社及垦荒大臣两职暂时空缺。此外,本届内阁增添了环境、妇女及青年事务大臣一职。(据新华社电)",title_length
19980605-06-016,"俄总理基里延科六月三日下午抵达巴黎,对法国进行为期两天的正式访问。这是他三月底出任俄总理以来首次出国访问。当天傍晚,法国总统希拉克和总理若斯潘先后会见了基里延科。法国是俄罗斯的第四大投资国。基里延科此行的目的在于寻求法国企业家进一步扩大在俄的投资与合作。(本报专电)",title_length
19980605-06-017,"一九九八年六月五日是中国国际广播电台法语广播开播四十周年纪念日。经过四十年的艰苦努力,国际台法语广播现有工作人员三十人,每天对欧洲、非洲广播共四小时,由瑞士电台转播的对欧洲广播半小时。(本报讯)",title_length
19980605-07-002,德国战后最惨火车事故桥塌车毁死伤二百(附图片1张),no_topic
19980605-07-004,美元对日元汇价略降日元贬值严重影响韩出口,no_topic
19980605-07-005,亚洲危机是否否极泰来美国学者看法大相径庭,no_topic
19980605-07-006,发现号天线故障磁谱仪工作正常,no_topic
19980605-08-002,女篮世锦赛临近尾声中国队不敌匈牙利队,no_topic
19980605-08-003,延边敖东队连遭误判错判中国足协暂停执场裁判执法资格,review: 足球裁判执法，非法律执法
19980605-08-004,瑞士国际女排精英赛中国女排战胜巴西队,no_topic
19980605-08-005,法兰西集萃,no_topic
19980605-08-008,好动的大连人(图片),short_body
19980605-08-009,法网公开赛辛吉斯落马,short_body
19980605-09-001,又见三毛(附图片1张),no_topic
19980605-09-002,陶行知夫人致信本报恢复徽州地名是明智之举,no_topic
19980605-09-003,少儿美育亟待走出误区(附图片3张),no_topic
19980605-09-004,冰上表演《天鹅湖》,no_topic
19980605-09-005,六百多位选手云集首都舞蹈“荷花奖”角逐激烈,no_topic
19980605-09-006,天华珍藏专场首次拍卖会在南京举行(图片),short_body
19980605-09-007,『龙的声音』已奏响,no_topic
19980605-09-009,小红星艺术团演出充满童趣,short_body
19980605-09-010,"正在中央电视台播出的《西上天山的女人》是根据新疆生产建设兵团的作家丰收的长篇纪实文学《西上天山的女人》改编的六集电视纪录片,由《古道天涯》、《母亲的绿荫》、《蓝月亮》、《长长白桦林》、《青山在水长流》、《母亲的儿女》等集组成,展示一九四九年以后陆续进入新疆的女性开拓者的人生轨迹。电视片由中央电视台与新疆生产建设兵团摄制。(木子)",title_length
19980605-09-011,"泰山是中国五岳之首,历史文化的凝聚地,也是被联合国教科文组织列为世界自然文化遗产的旅游胜地。由山东省人民政府新闻办公室、山东电视台、泰安电视台等单位历经三年摄制的十五集电视系列片《中华泰山》,在山东卫视和中央电视台播出后,博得了专家的称赞,认为构思精心,形式亲切,风貌真实。(李文)",title_length
19980605-09-012,"雕塑家曾竹韶教授去年七月为纪念贝多芬逝世一百七十周年而塑造的贝多芬头像,已由音乐周报推出。由于制作的高成本,使不少艺术机构和艺术家望而却步。正在此时,中外合资的陕西文海制药有限公司出资购买塑像,分别赠送给一些艺术团体和艺术家,捐赠仪式日前在北京举行。一九九六年文海公司就在咸阳市设立文艺创作『五个一工程』奖励基金,对文化事业一直格外关心。(剑武)",title_length
19980605-10-001,怀念大师———写在张君秋先生逝世一周年之际,no_topic
19980605-10-002,田汉诞辰一百周年纪念活动将举行,no_topic
19980605-10-003,北京举行田汉百年诞辰学术研讨,no_topic
19980605-10-004,要以童心写童趣,no_topic
19980605-10-005,竖琴演奏家莫尼卡来京演出(附图片1张),no_topic
19980605-10-006,朵朵“小梅花”绽开,no_topic
19980605-10-007,孩子们爱看《小糊涂神》,no_topic
19980605-10-008,清泉管中流,no_topic
19980605-10-010,出人才出精品总政话剧团走过四十五年不平凡历程(附图片1张),no_topic
19980605-11-001,心中的圣水,no_topic
19980605-11-002,『九八年一代』,no_topic
19980605-11-003,花事,title_length
19980605-11-004,也温柔也多情,no_topic
19980605-11-005,万古苍凉一羽毛,no_topic
19980605-11-006,俗眼看关中,no_topic
19980605-11-007,雨,title_length
19980605-12-001,走在桐乡———茅盾、丰子恺故乡散记(附图片2张),no_topic
19980605-12-002,寂寞也是一种境界,no_topic
19980605-12-003,世界上没有渺小的体裁---读《中国当代儿童诗丛》有感,no_topic
19980605-12-004,窗外扫帚声,no_topic
19980605-12-006,又“一读三叹”,no_topic
19980605-12-007,误会(图片),short_body
19980605-12-008,曹辛之纪念文集出版,no_topic
19980605-12-009,森林的启示(神州情思),no_topic
19980606-01-002,江泽民会见基辛格,no_topic
19980606-01-003,朱镕基会见基辛格,no_topic
19980606-01-004,李岚清分别会见日本和德国客人,short_body
19980606-01-005,什么地方是“岗”?,no_topic
19980606-01-006,烟台扩大社会保障覆盖面职工走到哪里社会保障就跟到哪里,no_topic
19980606-01-007,叔侄的心愿,no_topic
19980606-01-008,西藏总体自然环境质量保持良好,no_topic
19980606-01-009,迈向二十一世纪绿色生活行动拉开帷幕,no_topic
19980606-01-010,青年志愿者在长江沿岸开展环保,no_topic
19980606-01-011,宁夏环境保护研究所的科研人员做大气污染物的采样记录(图片),short_body
19980606-01-012,充分发挥企业党组织的政治核心作用北京加强困难企业党建工作,no_topic
19980606-01-013,内蒙古自治区赤峰市的生态型水电站(图片),short_body
19980606-02-001,九部委局联合检查北京消防安全工作时要求,no_topic
19980606-02-002,两院首批资深院士名单,no_topic
19980606-02-003,春蚕喜获丰收(图片),short_body
19980606-02-005,新疆皮山县奋力抗震救灾,no_topic
19980606-02-006,让青年人才脱颖而出———访新任中国工程院院长宋健(附图片1张),no_topic
19980606-02-007,罗干率中国代表团出席联大禁毒特别会议,short_body
19980606-02-008,钱其琛会见基辛格,short_body
19980606-02-009,傅全有同芬兰国防军总司令会谈,no_topic
19980606-02-010,“建设万里文明海疆”记者团启程,no_topic
19980606-02-012,明天气象预报(6月6日20时—6月7日20时),no_topic
19980606-02-013,"本报北京6月5日讯记者杨健报道:两院院士大会今天公布了中国工程院主席团及两院各学部常务委员会的改选结果。宋健当选为中国工程院院长,王淀佐、朱高峰、沈国舫、侯云德、潘家铮当选为副院长。",title_length
19980606-02-014,"本报北京6月5日讯记者任建民报道:经过认真推荐提名、充分讨论,在今天闭幕的两院院士大会上分别选举产生了外籍院士,其中中国工程院第二批外籍院士5名,中国科学院第三批外籍院士8名。",title_length
19980606-02-015,"本报北京6月5日讯记者任建民报道:第二届中国工程科学技术奖在今天闭幕的两院院士大会上颁奖,14位在工程科学技术及管理领域取得突出成绩和做出重要贡献的中国工程师、科学家和学者获奖。",title_length
19980606-02-016,"本报北京6月5日讯记者杨健报道:两院院士大会今天宣布,中科院院士145名,中国工程院院士30名荣获资深院士称号,其中两院双重资深院士11人。资深院士制度是根据国务院的决定和两院院士章程的规定而设立的,将于今年7月1日正式实行。今后,凡年满80周岁的院士均将自动转为资深院士。",title_length
19980606-03-001,迷途应知返,no_topic
19980606-03-002,五常任理事国外长会议发表联合公报,no_topic
19980606-03-003,唐家璇在日内瓦记者招待会上表示共同努力缓解南亚紧张局势,no_topic
19980606-03-004,『发现』号与『和平』号顺利对接阿尔法磁谱仪实验获进展,no_topic
19980606-03-005,欧洲安全主导权的角逐,no_topic
19980606-03-006,叶利钦强调捍卫卢布地位俄央行决定降低再贴现率,no_topic
19980606-03-007,出口湖水图生财(附图片1张),no_topic
19980606-03-008,布什支持克林顿访华,no_topic
19980606-03-009,欧元理事会成立,no_topic
19980606-03-010,我常驻联合国代表呼吁早日解除对伊制裁,no_topic
19980606-03-011,"埃塞俄比亚五日宣布,针对厄立特里亚的空袭,埃塞空军对厄首都阿斯马拉的空军基地采取了『自卫性的有限打击』。埃塞外交部在此间发布的新闻公报说,在埃塞宣布完全接受调解建议之后,厄立特里亚『对埃塞的侵略仍在进一步升级』。据报道,厄立特里亚当局五日对埃塞北部的默克莱市发动了空袭,造成五人受伤。",title_length
19980606-03-012,"柬埔寨王国政府国防部五日在安隆汶将三千五百名原红色高棉官兵正式编入柬埔寨王家武装部队。柬埔寨国防部联合大臣迪班主持了收编仪式并发表讲话。他说,位于柬北部靠近泰国边境的安隆汶是红色高棉强硬派的最后基地,它的被收复表明柬境内的战火几乎完全平息,和平已经到来,这为柬埔寨的国家建设和发展创造了良好条件。",title_length
19980606-03-013,"奥地利总理克利马和来访的爱尔兰总理埃亨六日在维也纳表示,奥地利和爱尔兰都不打算加入北约,但两国愿意承担欧洲共同克服危机的任务。",title_length
19980606-03-014,"据共同社报道,日本富山市及其周围村镇中小学校的九百六十一名学生在饮用配给的牛奶后出现腹痛、腹泻等中毒症状。这批引起食物中毒的牛奶是一家名为『富山牛乳』的公司生产的。有关当局已对该公司作出停业三天的处理,并勒令该公司收回一日至三日生产的所有牛奶。(据新华社电)",title_length
19980606-03-015,"最近获释的赞比亚前总统卡翁达四日在卢萨卡宣布,他将不再担任最大反对党联合民族独立党主席,退出赞比亚政党政治。卡翁达说,他将请求下次联合民族独立党特别代表大会尽快选举出新主席。此后,他将专心致力于慈善机构『卡翁达和平与民主协会』的工作。(本报专电)",title_length
19980606-04-001,WNBA的海外兵团,no_topic
19980606-04-003,国际台球挑战赛第一阶段戴维斯亨德利领先,no_topic
19980606-04-004,全军首家女排俱乐部成立,no_topic
19980606-04-007,中国女篮排位世界第十二日本队夺得女篮世锦赛第九名(附图片1张),no_topic
19980606-04-008,沙特阿拉伯队:心中有数,no_topic
19980606-04-009,昔日泳坛明星与电脑结下不解之缘,short_body
19980606-05-001,对待统一战线中矛盾的三种态度求同克异·求同存异·求同求异,no_topic
19980606-05-002,著名史学家周一良在为《旧史新谭》一书撰写的序言中指出:,no_topic
19980606-05-003,历史研究应关注现实,no_topic
19980606-05-004,“全球化与当代社会主义、资本主义”研讨会,no_topic
19980606-05-005,《海外中国研究丛书》出版研讨会,no_topic
19980606-05-007,《面向新世纪的党》,no_topic
19980606-05-008,《甲午战争前后之晚清政局》,no_topic
19980606-05-009,《军旗升起的地方———八一史画》,no_topic
19980606-05-010,学术动态(图片),short_body
19980606-06-001,大西北素描,no_topic
19980606-06-002,生命的接力,no_topic
19980606-06-003,铁树花,title_length
19980606-06-005,伫立,title_length
19980606-07-002,苗苗“打工”(附图片1张),no_topic
19980606-07-003,若要长观后养,no_topic
19980606-07-004,“火红娘”(附图片1张),no_topic
19980606-07-006,大山深处播种希望,no_topic
19980606-07-007,江西山里女人“闯”市场,no_topic
19980606-07-008,辽宁下岗女工进“农”门,no_topic
19980606-07-009,民警女杰(图片),short_body
19980606-08-001,美的享受,title_length
19980606-08-002,"这条河,流出来许多神话",no_topic
19980606-08-003,胡洁青的菊花情,no_topic
19980606-08-004,诗情画意亲子共读,no_topic
19980606-08-005,俗人的饮茶观,no_topic
19980606-08-006,长城两边是故乡,no_topic
19980606-08-007,吊(图片),short_body
19980606-08-008,挨懒(图片),short_body
19980606-08-009,"●雪岩书画展举行由中国卫生书画协会、中共固安县委宣传部联合举办的“雪岩书画展”日前在中国美术馆举行。雪岩,原名周伯勋,书从唐碑入手潜心石鼓鼎篆,画以山水、走兽趣浓,在求新求变中追求自己的艺术创作之路,获得书画界好评。",title_length
19980606-08-010,●郭延年书法研讨会在京举办中国华侨文学艺术家协会、山东省书法家协会、山东人民出版社日前在京联合举办郭延年书法研讨会暨《郭延年翰墨刊集》出版座谈会。,title_length
19980607-01-002,碧水绕城梦变真———石家庄引水入市工程巡访录,no_topic
19980607-01-003,优秀班集体的背后,no_topic
19980607-01-004,拉动经济增长增强发展后劲西南再掀铁路建设热潮,no_topic
19980607-01-005,规范国企职工下岗程序和制度河南多渠道分流安置,no_topic
19980607-01-006,鼓励国企下岗职工转岗再就业甘肃制定四条优惠政策,no_topic
19980607-01-008,全国商品粮基地———江苏丰县小麦丰收(图片),short_body
19980607-01-010,"亚欧国际海底光缆6月2日在广东省汕头市龙虎滩登陆,标志着亚欧国际海缆中国段的施工全面展开。总投资13亿美元的亚欧国际海缆系统,预计于1999年3月开通,它西起德国,经大西洋、地中海、红海、阿拉伯湾、印度洋、太平洋,东达日本,全长3.8万公里,途经33个国家和地区,共有39个登陆站,在中国大陆有汕头、上海两个登陆点。(侯伟生)",title_length
19980607-01-011,"国家重点工程武广电气化铁路工程6月4日全面动工。工程北起武昌站,南至广州站。正线全长1054公里,特大桥、大桥、中桥、小桥合计总长4159米,接触网2976条/公里,电力线路822公里,沿线铺轨72公里,总投资68.8亿元,计划2000年完工。(吴兴华)",title_length
19980607-01-012,"6月3日,吉林省对1997年纳税超100万元的11名非公有制经济“纳税状元”进行表彰,同时公布了全省非公有制经济纳税大户前30名排行榜。吉林省决定,从今年起这一评选活动每年进行一次。(李安达)",title_length
19980607-01-013,"落户天津的中国远洋散货运输有限公司目前已经拥有600多万载重吨,位居世界同行前列。中散公司6月3日与天津港保税区签署了享受有关优惠政策的合作协议。(郭海龙肖荻)",title_length
19980607-01-014,"经中国人民银行批准,北京城市合作银行6日正式更名为北京市商业银行,经营范围在原有基础上又增加了外汇存、贷款业务和兑换、贸易等其它业务。该行继1997年年底实现全行储蓄业务通存通兑之后,全行对以公业业务通存通兑也于近日完成,为向广大客户提供更加便捷、周到的服务创造了条件。(赵军)",title_length
19980607-02-001,对五常任理事国联合公报巴基斯坦表示欢迎印度政府竟然拒绝,no_topic
19980607-02-002,非统组织呼吁埃厄停火,no_topic
19980607-02-003,黑海经合组织签署组织章程,no_topic
19980607-02-005,创造需求激活市场我国房地产业发展看好,no_topic
19980607-02-007,《经济白皮书:中国经济形势与展望(1997—1998)》出版,no_topic
19980607-02-008,早部署早准备早落实安徽厉兵秣马防大汛,no_topic
19980607-02-010,《荷塘趣事》获国际儿童电视片奖,no_topic
19980607-02-011,周伟打破百米全国纪录,no_topic
19980607-02-013,肖扬会见孟加拉国首席大法官,no_topic
19980607-02-015,华西村『报廊』多,no_topic
19980607-02-017,明天气象预报(6月7日20时—6月8日20时),no_topic
19980607-02-018,"英国政府五日公布一项法案,规定了在今后两年内释放属于北爱尔兰武装组织的囚犯的四项条件。这四项条件是:这些组织从现在起只通过和平手段来达到它们的目标;停止卷入或准备使用暴力行动;举报其他组织的暴力行动;在解除武装方面给予充分合作。新法案将于十日在议会讨论通过。",title_length
19980607-02-019,"菲律宾总统拉莫斯五日宣布解除总检察官罗密欧·德·拉·克鲁斯的职务,解职令将于本月八日生效。拉莫斯已委任司法部长西尔韦斯特雷·贝洛代理总检察官一职。克鲁斯的任期原本将于六月三十日拉莫斯政府任期届满时结束。但菲律宾舆论认为,克鲁斯被革职和他三天前要求最高法院撤销对前总统马科斯遗孀伊梅尔达的贪污罪判决有直接关系。伊梅尔达因贪污在一九九三年被判处十二年监禁。",title_length
19980607-02-020,"墨西哥城环境保护委员会五日宣布,鉴于当天城区大气污染指数超过规定指标,全市从六日起开始进入环境紧急状态。该城约百分之五十的汽车将停止行驶,工矿企业开工量减少百分之三十至四十,中、小学校一律取消户外活动。这是今年以来墨西哥城第二次进入环境紧急状态。环保委员会指出,墨西哥城西南地区五日臭氧指数达到二百五十一点,超过二百五十点的危险线。市中心、西北部、东北部城区的臭氧指数也都超过了这一标准。(据新华社电)",title_length
19980607-03-001,我要用技术帮助中国农民———罗森伯格的传奇故事,multiple_topics
19980607-03-002,眼见为虚与泡沫信息,no_topic
19980607-03-003,华侨婚礼参加记,no_topic
19980607-03-004,巴西平顶山奇观,no_topic
19980607-03-005,"香榭丽舍,世间美丽的等待",no_topic
19980607-03-006,斯是陋室唯德馨———马克思伦敦故居小记,no_topic
19980607-03-007,发思古之幽情(图片),short_body
19980607-03-008,春满阳台(图片),short_body
19980607-04-001,刮目看白沟:繁荣文明规范(附图片3张),no_topic
19980607-04-002,竞争的基础:硬件,no_topic
19980607-04-003,最大的变化:人,no_topic
19980607-04-004,兴旺的出路:名牌,no_topic
19980607-04-006,浙江余姚榨菜十余年盛销,no_topic
19980607-04-007,临汾市地税局借庆典收礼62万主要当事人受到严肃处理,no_topic
19980607-04-009,南京魏源故居收归国有(附图片1张),no_topic
19980607-04-010,下岗职工为何不愿领取“下岗证”?沈阳30万“下岗证”只发3万张,no_topic
19980607-04-011,政府门前书画廊,no_topic
19980608-01-001,实处着眼抓创建———中山市精神文明建设纪实(上)(附图片1张),no_topic
19980608-01-002,突出一个『实』字,no_topic
19980608-01-003,意大利总统斯卡尔法罗今起对我国进行国事访问(附图片1张),no_topic
19980608-01-005,党报浇灌榴花红,no_topic
19980608-01-006,革命老区注重多种经营(图片),short_body
19980608-01-007,向再就业『明星』取经,no_topic
19980608-01-008,落实责任制定预案湖南做好防汛抗灾准备,no_topic
19980608-01-010,"台商向厦门的投资今年明显增多,1至5月厦门市已批准台资项目45个,投资总额7810万美元,协议台资7712万美元,分别比去年同期增长21.6%、93.9%和128.3%。厦门市委日前出台对台招商、大力引进台资、发挥口岸优势、扩大对台贸易措施。(郅振璞)",title_length
19980608-01-011,"国家基础性研究重大关键项目———第二次青藏高原气象科学试验日前开始全面实施。这项试验是由国家气象局、中国科学院联合主持的。本次试验与全球其他大气科学“加强观测期”同步,以西藏地区改则、当雄、那曲、昌都等地为边界观测基地,重点开展高原地—气物理过程观测,为期4个月。(张忠王建新)",title_length
19980608-01-012,"随着投资环境的改善,北京市平谷县的涉外税收成倍增长。1997年,这个县的涉外税收由1993年的1088万元增加到5444万元,4年增加了4倍。今年1至4月份,平谷县的涉外税收比去年同期增长了64%。截至今年5月,全县已建成外商投资企业250多家。(李永明)",title_length
19980608-01-013,"大连海事大学于6月6日通过了国际权威认证机构———CNV(挪威船级社)的认证审核,成为我国首家获得国际认证的普通高校,也是我国首家通过国际标准化组织ISO9001质量体系认证的普通高校。这意味着该校毕业生取得了进入国际人才市场的“通行证”。(张书政)",title_length
19980608-01-014,"广东省汕头市首个中外合作开发的大型旅游项目———“华夏之光”签字仪式日前在汕头市举行。项目总投资3亿元人民币,将建成集知识性、艺术性、趣味性于一体的多功能、现代化的大型综合性历史文化游乐场所。(侯伟生)",title_length
19980608-02-002,城市社区服务就业机会良多(附图片1张),no_topic
19980608-02-003,伊利集团积极吸纳下岗职工,no_topic
19980608-02-004,紧急腾仓记(附图片1张),no_topic
19980608-02-008,一切为了对生命负责华瑞制药扩大生产规模,no_topic
19980608-02-009,深圳防止一笔预提所得税流失四千多万元税款已进国库,no_topic
19980608-02-011,泉州自来水公司为民办实事,no_topic
19980608-03-001,强化管理充实内容四川积极培训跨世纪干部,no_topic
19980608-03-003,自查自纠不走过场违法乱纪绝不姑息贵州处理130多不合格民警,no_topic
19980608-03-004,新班子要有新气象,no_topic
19980608-03-005,精“官”简政,no_topic
19980608-03-006,民用爆炸品安全检查初见成效,no_topic
19980608-03-007,架起心灵的彩虹---海军陆战旅某部教导员李峙爱兵纪事,no_topic
19980608-03-008,户籍民警的风格,no_topic
19980608-03-009,北京军区空军领导机关改变工作作风(图片),short_body
19980608-03-010,荆门交警自我加压再创辉煌,no_topic
19980608-04-001,单位自查审报检查财务账目电信局调号核对,review: 公费通讯工具清理，非科技研发报道
19980608-04-002,警惕『灰色收入』,no_topic
19980608-04-003,节约行政开支消除腐败现象湖北推进政府采购制度,no_topic
19980608-04-004,于辉同志逝世,no_topic
19980608-04-005,西藏申扎东南发生地震,short_body
19980608-04-006,姜春云出访欧洲,no_topic
19980608-04-007,《人民的好总理》展览将赴港澳地区展出,no_topic
19980608-04-008,庆祝香港回归祖国一周年香港各界积极筹办活动,no_topic
19980608-04-009,图片新闻,title_length
19980608-04-010,曹州牡丹“落户”内蒙古草原,short_body
19980608-04-011,日照至北京旅客列车对开,short_body
19980608-04-012,张家港市投巨资加固江堤,no_topic
19980608-04-013,三峡库区共有一百四十四个植物群系,no_topic
19980608-04-014,深圳市积极筹集再就业资金,no_topic
19980608-04-015,长沙妇联组织热情关怀下岗女工已帮助万余名下岗女工实现再就业,no_topic
19980608-04-016,贵阳利用市场机制拓展就业空间百分之六十国企下岗职工得到分流安置,no_topic
19980608-04-017,明天气象预报(6月8日20时—6月9日20时),no_topic
19980608-05-002,无墙大学致富门路浙江农民争上“农函大”,multiple_topics
19980608-05-003,九八规范王码问世专家认为这是第一个汉字键盘输入『全面解决方案』,no_topic
19980608-05-007,专家告诫:防止眼外伤,no_topic
19980608-05-009,北京军区汽车技工大队(图片),short_body
19980608-05-010,我国海洋生态亟待保护,no_topic
19980608-05-012,"本报讯首届全国民族医药产品暨科技成果推广研讨会日前在北京举行,昔日只在边远民族地区流传的藏、蒙、维、壮等民族医药精品集中呈现在首都世人面前。来自全国三十多个民族医院院长及众多药学专家在研讨会上指出,许多民族医药对于一些病症具有特殊疗效,应该让它们走出深山,进入城市,为更多人的健康服务。(武军)",title_length
19980608-05-013,"本报讯捷利康医药开发咨询有限公司日前在京宣布:一种全新的口服抗哮喘药『安可来』(扎鲁司特)已上市。它是白三烯受体拮抗剂。多年的研究证明白三烯是引起哮喘的主要介质,因此选择阻断气道内的白三烯受体从而减少气管的收缩和炎症是有效地控制哮喘的主要途径。(魏玉凤)",title_length
19980608-05-014,"本报讯中国首家专业幼教网络系统『ChinaBaby网络系统』日前正式启动。这是由北京台资企业九鼎轩置业企划有限公司组织一批从事幼儿教育多年,并在文字编辑、信息采集、计算机培训等领域具有丰富经验的人士开发策划而成的。(谢文)",title_length
19980608-05-015,"本报讯一种可以使电视接收机平面图像转换为立体图像的立体电视宝,已由北京标旗环境企业集团和天津三维显示技术有限公司开发成功。立体电视宝是将录像机、VCD机、LD机、游戏机等设备输出的视频电视图像转换为立体图像。",title_length
19980608-05-016,"本报讯由卫生部组织的医疗专家,近日在京对新型中药振源胶囊的临床验证结果进行了评审。中国医科大学附院等十所医院,从去年开始对吉林省集安制药有限公司生产的振源胶囊进行了长达半年的临床验证。从临床验证结果看,该药对冠心病及病因不清的室性早搏有明显疗效。(肖佳)",title_length
19980608-06-001,联合国安理会通过决议要求印巴立即停止核武计划,no_topic
19980608-06-002,就巴国内连续两起爆炸案巴指责印策划恐怖事件,no_topic
19980608-06-003,拯救我们的海洋,no_topic
19980608-06-004,安理会解除对塞拉利昂武器禁运警告要对安盟实施新制裁,no_topic
19980608-06-005,我藏医专家代表团访问墨西哥,no_topic
19980608-06-006,埃厄冲突也门等国呼吁和平解决西方国家从厄撤离人员,no_topic
19980608-06-007,南斯拉夫关闭南阿边界,no_topic
19980608-06-008,墨西哥实施全国植树造林计划(图片),no_topic
19980608-06-009,“世纪高大”饮誉几内亚,no_topic
19980608-06-010,哈外长谈外交政策,no_topic
19980608-06-011,意总统启程访华前表示继续发展意中友好,no_topic
19980608-06-012,金大中赴美寻求经援,no_topic
19980608-06-013,伊宣布不再接受人道援助,no_topic
19980608-07-001,『凡尔赛归属迪斯尼』,no_topic
19980608-07-002,股东大会终极决定劳斯莱斯下嫁大众,no_topic
19980608-07-004,“可亲可靠可信”———一个罗马皮匠的“就业经”,no_topic
19980608-07-005,美国黑客袭击陆军少年更改网页,no_topic
19980608-07-006,英国决定关闭敦雷核工厂,no_topic
19980608-07-007,图片新闻,title_length
19980608-07-009,俄纪念普希金诞辰一百九十九周年,no_topic
19980608-08-001,中国女排直落三局击败俄罗斯队决赛不敌古巴队获瑞士女排赛亚军,no_topic
19980608-08-002,郑海霞再赴美国打球,no_topic
19980608-08-006,"甲A积分榜(截至6月7日,第十三轮)",no_topic
19980608-08-007,扑朔迷离的『巨头』之争,no_topic
19980608-08-008,世界女篮赛美俄两强争冠,no_topic
19980608-08-009,法兰西集萃,no_topic
19980608-09-001,『还路于民』的烦恼---京城红庙一条街采访记,no_topic
19980608-09-002,到哪儿买菜,no_topic
19980608-09-003,房改三个轮子一起转,no_topic
19980608-09-004,污染肆虐微山湖(附图片3张),no_topic
19980608-09-005,“千年虫”不可等闲视之,no_topic
19980608-09-006,不能依据股份确定职工的身份和岗位,no_topic
19980608-09-007,小红帽红马甲亮丽的风景线辽宁报嫂活跃城市街头,no_topic
19980608-10-003,百分之十现象,no_topic
19980608-10-004,国际收支指标解释,no_topic
19980608-10-006,天门地税局清查漏征漏管户,no_topic
19980608-10-008,滨海农行存款突破5亿元,no_topic
19980608-10-009,证券投资风险(六),short_body
19980608-10-010,1997年中国国际收支概览表,no_topic
19980608-10-012,沪市上周上涨前五名(%),short_body
19980608-10-013,沪市上周下跌前五名(%),short_body
19980608-10-014,深市上周上涨前五名(%),short_body
19980608-10-015,深市上周下跌前五名(%),short_body
19980608-10-016,上证综合指数日K线图(图片),short_body
19980608-10-017,深证成份指数日K线图(图片),short_body
19980608-11-001,感受服务差异,no_topic
19980608-11-002,住宅质量保证书:让您住得放心,no_topic
19980608-11-004,规则与人情,no_topic
19980608-11-005,特茹河畔的明珠———记’98里斯本世界博览会,no_topic
19980608-11-006,城市居民住房知多少,no_topic
19980608-11-007,北京市总工会职业介绍服务中心举办招聘下岗职工洽谈会(图片),short_body
19980608-11-008,燃气热水器谁来检修?,no_topic
19980608-11-009,"●中国第一台分体天井式空调器面世格力电器出品的中国第一台分体天井式空调器经过两年的研究、攻关和测试,近日通过国家鉴定,并将于6月份在全国市场隆重推出。(黄大冈)",title_length
19980608-11-010,●电子商务工具化软件研制成功中技公司信息中心与北京捷贝计算机网络公司近日联合研制成功国内第一套电子商务软件———中技电子贸易之星。这套电子贸易软件适用于企业建立电子商务站点。(仲文),title_length
19980608-11-011,"●中国人的搜索引擎———“常青藤”问世提供中文网站分类、检索和信息服务的网络导航站“常青藤”日前组建,将为网友们提供中文因特网站点的分类、检索服务,为客户的信息发布提供一个完备的网络环境。(刘文)",title_length
19980609-01-001,论雷厉风行,no_topic
19980609-01-002,第六届全国民运会明年9月举行主办承办单位在京联合通报筹备情况,no_topic
19980609-01-003,李岚清在全国增收节支电视电话会议上强调全面完成今年财税工作目标,no_topic
19980609-01-004,意大利总统斯卡尔法罗抵京,no_topic
19980609-01-005,河北省国税局狠抓税务系统人员素质(图片),short_body
19980609-01-006,提高素质树新风———中山市精神文明建设纪实(下),no_topic
19980609-01-007,第三十四届非统组织首脑会议开幕朱镕基总理致电祝贺,no_topic
19980609-01-008,倾听意见建议共商发展良策本报召开纪念创刊50周年读者座谈会,no_topic
19980609-01-009,胡锦涛与乌拉圭副总统会谈,no_topic
19980609-02-001,喜收新麦(附图片3张),no_topic
19980609-02-002,自我服务互助合作———记北京市城市消费合作社,no_topic
19980609-02-005,明确部门责任动员社会参与湖南安置下岗职工四十一万多人,no_topic
19980609-02-006,政府牵头各界协力西安再就业抓得实,no_topic
19980609-02-007,伪造检验数据湖北石油产品质检站受通报,no_topic
19980609-02-011,"本报讯铁路『九五』重点建设项目广西黎(塘)湛(江)铁路复线改造工程进展迅速,开工仅三个月已完成全部工程量的百分之四十。黎湛铁路是大西南的重要出海通道,计划复线改造二百六十九公里。(王国庆)",title_length
19980609-02-012,本报讯企业高级经理人才职业化、市场化研讨会日前在人民大会堂召开。中组部、国家经贸委和深圳市委的有关负责人以及六十余位专家学者参加了研讨。这次研讨会由中国企业家协会与深圳市企业高级经理人才评价推荐中心共同主办。,title_length
19980609-02-013,"本报讯最近,中国包装技术协会及其塑料包装委员会降解塑料分会,在全国各主要城市开展了以推广使用降解塑料为主的大型宣传活动,散发可降解塑料袋和宣传资料,呼吁人们为减少『白色污染』、保护环境做贡献。(鲍简)",title_length
19980609-02-014,"本报讯广东惠州富绅服装实业有限公司最近在四川成都、绵阳、德阳、乐山、西昌、攀枝花和重庆等城市为下岗职工子女提供『富绅奖学金』,每市奖学金受益人各一百名,每名五百元。(周一夫)",title_length
19980609-02-015,"本报讯由外经贸部国际贸易经济合作研究院、中国口岸协会等单位联合主办的国际货运代理管理研讨会,六月五日在京举行。会议对我国国际货运代理业的行业特点、国际惯例、货运市场中出现的问题及其管理与发展方向等进行了热烈讨论。(谢文)",title_length
19980609-03-001,坚持正确舆论导向热忱服务广大读者,no_topic
19980609-03-002,党联系群众的桥梁(附图片1张),no_topic
19980609-03-003,指导实践的有力武器(附图片1张),no_topic
19980609-03-004,党和人民的喉舌(附图片1张),no_topic
19980609-03-005,导向正确砥柱中流(附图片1张),no_topic
19980609-03-006,精神文明的使者(附图片1张),no_topic
19980609-03-008,我订党报受益深(附图片1张),no_topic
19980609-03-009,为千家万户投递党报(附图片1张),no_topic
19980609-03-010,相伴人民日报(附图片1张),no_topic
19980609-03-011,良师益友亲密伙伴(附图片1张),no_topic
19980609-04-001,加强领导班子建设推进国有企业改革重点国企领导干部进修班开班,no_topic
19980609-04-002,中宣部、人事部通知要求进一步开展『做人民满意的公务员』活动,no_topic
19980609-04-003,美军飞机失事记事碑在广西揭幕,no_topic
19980609-04-004,九三学社召开思想建设和信息工作会议,no_topic
19980609-04-005,香港邮政空邮中心落成启用(图片),short_body
19980609-04-006,教育家、儿童文学作家韩作黎逝世,multiple_topics
19980609-04-007,吴健雄教授骨灰归故里,no_topic
19980609-04-008,澳门中华总商会庆祝成立八十五周年,no_topic
19980609-04-009,推进新闻改革的重大举措经济日报光明日报两报业集团挂牌,no_topic
19980609-04-010,报告会给我们上了一堂课,no_topic
19980609-04-011,明天气象预报(6月9日20时—6月10日20时),short_body
19980609-04-012,据新华社北京6月8日电(记者张荣典)中央军委副主席、国务委员兼国防部长迟浩田上将今天在京会见了芬兰国防军总司令古斯塔夫·哈格隆德上将一行。,title_length
19980609-04-013,据新华社北京6月8日电(记者张荣典)中央军委副主席张万年上将今天在人民大会堂会见了芬兰国防军总司令古斯塔夫·哈格隆德上将一行。中国人民解放军副总参谋长熊光楷中将等参加了会见。,title_length
19980609-04-014,据新华社北京6月8日电(记者邹春义)国务委员吴仪今天在中南海会见美国前总统乔治·布什一行。,short_body
19980609-04-015,据新华社北京6月8日电全国人大常委会副委员长曹志今天在人民大会堂会见了孟加拉最高法院首席大法官阿夫扎尔。,short_body
19980609-04-016,据新华社北京6月8日电全国人大常委会副委员长许嘉璐今天在人民大会堂会见了斯洛伐克教育部长埃娃·斯拉夫科夫斯卡一行。斯洛伐克客人是应教育部的邀请访华的。,title_length
19980609-04-017,据新华社北京6月8日电国务委员兼国务院秘书长王忠禹今天在中南海会见了尼日利亚公务员委员会主席乌斯曼及其一行。代表团是应监察部的邀请来华访问的。,title_length
19980609-04-018,"新华社北京6月8日电应国防部邀请,40多个国家的70多位驻华武官、副武官及夫人对山东、河南进行了为期9天的访问。他们于今日回到北京。",title_length
19980609-04-019,"据新华社上海6月8日电(陈毛弟、刘谦)由加拿大海军太平洋舰队司令巴克海军少将率领的加拿大海军舰艇编队结束对中国为期6天的正式友好访问,今天上午驶离上海,继续他们的环太平洋航行。",title_length
19980609-04-020,"据新华社北京6月8日电(记者谭国器)美国最古老的交响乐团纽约爱乐乐团将在著名指挥家科特·马祖尔的率领下来华演出,分别于6月23日和24日在世纪剧院和人民大会堂举办两场音乐会。",title_length
19980609-05-001,部分人大政协常委应邀座谈检察机关教育整顿工作,multiple_topics
19980609-05-002,山西打响环保攻坚战环保列入干部政绩考核,no_topic
19980609-05-004,保护文物教育后人瑞金重视爱国主义教育基地建设,review: 文物保护及爱国主义教育，文化教育交叉
19980609-05-005,加强实验教学提高科研能力乐陵市教学仪器不休闲,multiple_topics
19980609-05-007,大连建成我国最大的核酸产业化基地,no_topic
19980609-05-008,《1997中国区域发展报告》出版,no_topic
19980609-06-002,罗干在联大特别会议发言指出中国最终目标是禁绝毒害,no_topic
19980609-06-003,欧元启动与欧美关系,no_topic
19980609-06-005,墨西哥抓获两毒枭,no_topic
19980609-06-006,毒品———人类的大敌(图片),short_body
19980609-06-007,印巴拒绝安理会决议,no_topic
19980609-06-008,四十八名厄外交官离埃塞(附图片1张),no_topic
19980609-06-009,非统部长理事会会议闭幕呼吁埃厄双方立即停火,no_topic
19980609-06-010,在邦议会补缺选举中印度人民党严重受挫角逐51个席位仅获12席,no_topic
19980609-06-011,几内亚比绍政府军与叛军激战,no_topic
19980609-06-012,第三十四届非统首脑会议开幕(图片),short_body
19980609-06-013,美《时代》周刊等披露美在越战中曾用毒气灭杀叛军,no_topic
19980609-06-014,"日本首相桥本龙太郎8日在东京会见了即将离任回国的我国驻日本大使徐敦信。桥本首相说,日中关系近年来虽出现过这样那样的问题,但经过双方的共同努力,仍然取得了积极发展。在谈及江泽民主席今秋将应邀对日本进行正式友好访问时,桥本首相说,日本政府十分重视这次访问,将尽最大努力使这次访问取得圆满成功。(本报专电)",title_length
19980609-06-015,"芬兰共产党第二十三次代表大会6日至7日在芬兰首都赫尔辛基召开。大会通过了行动纲领并选举产生了由43人组成的中央委员会和11人组成的政治局,于尔约·哈卡宁、丽塔·蒂恩耶(女)和阿尔托·维塔涅米再次分别当选为芬兰共产党主席、副主席和总书记。",title_length
19980609-06-016,"墨西哥南部格雷罗州7日发生枪战事件,政府军击毙非法武装分子11人,打伤5人,并逮捕了21人。7日凌晨,政府军士兵在该州阿尤特拉利夫雷斯市巡逻时,遭到埋伏在一所学校里的一伙武装分子的袭击。经过6个多小时的对峙,武装分子被政府军制服。这些武装分子属于一个自称为“革命人民军”的组织。",title_length
19980609-06-017,"伊朗德黑兰的一个特别法庭7日开始公开审判有关德黑兰市长卡尔巴希贪污一案,但卡尔巴希在法庭上拒绝了对他的所有指控。据报道,卡尔巴希被指控贪污145·3亿里亚尔(约合260万美元)、9万美元和140枚金币,并犯有受贿、滥用公共资金、非法占有公共财产和欺骗等罪行。这是1979年伊朗伊斯兰革命后首例涉及高级官员的案件。(据新华社电)",title_length
19980609-07-001,火星早期有无生命现在又起争议,no_topic
19980609-07-003,无烟日步行宣传,no_topic
19980609-07-006,英美警惕信息战联合演习斗黑客,no_topic
19980609-07-007,美国热浪过后寒流至六月降雪半尺厚,no_topic
19980609-08-001,布拉特当选国际足联主席,no_topic
19980609-08-002,中国足协副主席张吉龙在巴黎对记者说我们祝贺布拉特当选,no_topic
19980609-08-003,曲终人不散———国际足联主席竞选纪实(附图片1张),no_topic
19980609-08-004,更快更强的对抗---第十三届女篮世锦赛述评(上),no_topic
19980609-08-005,女篮争霸战难分伯仲美国队再获世界冠军,no_topic
19980609-08-006,目标令人吃惊———探访韩国队营地,no_topic
19980609-08-007,“我们输得无脸见人”NBA决赛爵士连输两场,no_topic
19980609-08-008,全国少数民族传统体育运动会上的吉祥物(附图片2张),short_body
19980609-09-001,武夷山市旧城改造骑虎难下好事为何没办好?,no_topic
19980609-09-002,下岗之后当“红娘”走街串巷找门路(附图片1张),no_topic
19980609-09-003,切莫曲解『不争论』,no_topic
19980609-09-004,心系贫困群众(附图片1张),no_topic
19980609-09-005,曾清荣铸『剑』(附图片1张),no_topic
19980609-09-006,英山交警建晒场道路变通畅,no_topic
19980609-09-007,女性人才的摇篮———访中华女子学院(附图片1张),no_topic
19980609-09-008,晋煤外运干线改道云冈石窟解污在即,no_topic
19980609-10-001,从严治党应以党内民主作保证,no_topic
19980609-10-002,为什么要依法治理金融,multiple_topics
19980609-10-003,《香港回归与中日经济合作》,no_topic
19980609-10-004,出版事业发展呼唤出版理论建设———评《中国出版百科全书》,no_topic
19980609-10-005,把当前一个头等大事抓紧抓好,no_topic
19980609-10-006,《管理语论》,no_topic
19980609-11-001,"国有企业,如何实施有效监督",no_topic
19980609-11-002,务实:为政之本(附图片1张),no_topic
19980609-11-003,不懈的追求---记焦作市工商局党委书记、局长乔东方,no_topic
19980609-11-004,学高为师身正为范,no_topic
19980609-11-005,用我真情换民心,no_topic
19980609-11-006,有感于为党员过『政治生日』,no_topic
19980609-11-007,沈铁皇姑屯车辆段抓廉政促工作,no_topic
19980609-11-008,平邑县后进村转化升级,no_topic
19980609-11-010,图片新闻,title_length
19980609-11-011,党支部书记上党课(图片),short_body
19980609-11-012,烟台开发区注重提高干部素质,no_topic
19980609-12-001,冯玉祥的手迹函(附图片2张),no_topic
19980609-12-002,『迂』赞,title_length
19980609-12-003,朝天子---悼舒同,no_topic
19980609-12-004,九寨沟梦寻,no_topic
19980609-12-005,历史时刻的忠实记录---读《全球聚焦三十六小时》,no_topic
19980609-12-006,小山村的树,no_topic
19980609-12-007,小三峡即景,short_body
19980609-12-009,『打工』的凝重,no_topic
19980609-12-010,作品25号(中国画),short_body
19980609-12-011,十年树木百年树人?年树球(图片),short_body
19980610-01-001,国家科技教育领导小组举行首次会议,multiple_topics
19980610-01-002,江泽民同斯卡尔法罗会谈,no_topic
19980610-01-003,江泽民会见布什,no_topic
19980610-01-004,江泽民会见乌拉圭副总统,no_topic
19980610-01-005,李鹏会见乌拉圭副总统,no_topic
19980610-01-006,论严谨细致,no_topic
19980610-01-007,朱镕基拜会意大利总统,no_topic
19980610-01-008,李岚清参观全国禁毒展览时强调在广大青少年中开展禁毒教育,multiple_topics
19980610-01-009,5月份工业生产增速略有回升完成增加值比去年同月增长8%,no_topic
19980610-01-011,"黄河河口地区挖河固堤首期启动工程于汛期到来前提前完工,并于六月六日通过水利部黄河水利委员会的验收。这项工程于去年十一月二十三日开工,疏通河道十三点四公里,累计完成开挖土方五百四十七点九万立方米,并利用开挖土方加固黄河大堤十公里。(贾建舟刘磊)",title_length
19980610-01-012,"投资六点五亿美元建设、占地四十三万平方米的中国最大的感光材料生产基地『柯达工业园』,六月九日在厦门市海沧投资区动土奠基。柯达海沧工厂将分期完成,预计明年年中投产相纸,二○○○年年底生产胶卷。(郅振璞)",title_length
19980610-01-013,"聚烯烃用高效脱氧剂的研制与工业应用项目,日前通过中科院成果鉴定。这是国内外首创的气体和液体纯化的新技术新材料。这一项目是由中科院大连化学物理研究所国家催化工程技术研究中心承担的。(张书政)",title_length
19980610-01-014,"率先在京城兴起搬家社会化服务的北京利康搬家公司,两车组日前荣获『北京市工人先锋号』称号。十年来,该公司为首都及全国各地五十多万用户提供了搬家、运输等服务。目前,公司已初步形成集搬家运输、装饰装修、旧货购销等为一体的多元化社会服务格局。(于清洲)",title_length
19980610-02-001,铁路拉动经济增长的火车头,no_topic
19980610-02-005,国家电动汽车运行试验示范区开通,no_topic
19980610-02-006,中国投资非洲市场招商洽谈会将举行,no_topic
19980610-02-007,图片新闻,title_length
19980610-02-008,收购重组一批符合条件的企业盼盼集团发出善意收购邀约,no_topic
19980610-02-009,秦皇岛喜庆『双百』华诞,no_topic
19980610-02-010,山西财保业务发展快,no_topic
19980610-02-011,北京手机为何难打,no_topic
19980610-02-012,"本报讯由原包头钢铁公司为主体新组建而成的『包头钢铁集团』和『包头钢铁(集团)有限责任公司』近日正式揭牌。该公司为内蒙古自治区直属特大型企业,是全国骨干钢铁企业之一和最大的稀土生产科研基地。揭牌后的包钢(集团)有限责任公司将完全按照现代企业制度方式营运。(乔世民)",title_length
19980610-02-013,"本报讯中保财产保险公司茂名石化办事处最近承办了该市最大的特约财产保险项目,承保金额达四点五亿元人民币。这是广东财保系统对口服务石化行业财产保险第一例。(郑云黄忠良)",title_length
19980610-02-014,"本报讯由我国著名玉米育种专家、山东莱州市登海种业(集团)公司总裁李登海培育的玉米新品种登海1号、掖单22号,最近通过山东省农作物品种审定委员会审定。这两项新品种可提高玉米产量百分之十五。(孙加顺郭英宏)",title_length
19980610-02-015,"本报讯飞利浦源讯公司与北京瑞泽网络销售(集团)就信息技术领域的广泛合作达成协议,双方的签字仪式日前在北京举行。双方表示要充分发挥各自的优势,进行专业化协作,使信息技术产品迅速进入中国百姓家庭。(万兴)",title_length
19980610-02-016,"本报讯去年出口供货额达到四千一百万元的大连机床集团公司,克服东南亚金融危机的影响,进一步拓宽国际市场领域,今年一季度出口供货额比去年同期增长了百分之三十六点三。(赵殿顺蔡拥军)",title_length
19980610-02-017,"本报讯中国智利农业加工及林业贸易投资洽谈会日前在京拉开帷幕。智利作为中国在拉丁美洲的主要贸易伙伴,有希望成为中国通往南美市场的一个商业门户。(夏珺)",title_length
19980610-03-001,建立制度加强监督青岛坚持给领导干部敲警钟,no_topic
19980610-03-002,严是爱宽是害,no_topic
19980610-03-003,助残办实事解困见真情天津市直机关党支部联系困难户,no_topic
19980610-03-006,民建七届三次中常会在沪举行,no_topic
19980610-03-007,北京军区表彰先进基层单位和个人,no_topic
19980610-04-001,向职工问计,no_topic
19980610-04-002,朱镕基会见泰国客人,no_topic
19980610-04-003,《人民的好总理》展览在港举行特地增加“情系港澳”部分,no_topic
19980610-04-004,胡锦涛会见罗马尼亚客人,no_topic
19980610-04-005,宋健任中日友协会长,no_topic
19980610-04-006,杨增彤同志逝世(附图片1张),no_topic
19980610-04-008,路霸横行国道跨区收麦受阻(附图片3张),no_topic
19980610-04-009,秦山核电站三期工程剪影(图片),short_body
19980610-04-010,栾城组织机关干部参加军训,no_topic
19980610-04-011,本报网络版世界杯站点今开通,multiple_topics
19980610-04-013,全国新闻专业期刊举行首届交流会强调提高办刊质量发挥群体效应,no_topic
19980610-04-014,明天气象预报(6月10日20时—6月11日20时),no_topic
19980610-04-015,据新华社北京6月9日电(记者张荣典)中央军委副主席、国务委员兼国防部长迟浩田上将今天下午在钓鱼台国宾馆会见了缅甸空军司令觉丹少将一行。,title_length
19980610-04-016,据新华社北京6月9日电(记者彭树杰)国务院副总理温家宝今天在人民大会堂会见了美国前总统乔治·布什及夫人一行。,short_body
19980610-04-017,"新华社北京6月9日电外交部发言人朱邦造今天在记者招待会上宣布:全国人大常委会副委员长谢非将作为中国特使于6月11日至13日赴菲律宾出席菲律宾共和国独立100周年庆典活动。之后,谢非将应文莱政府邀请于14日至16日对文莱达鲁萨兰国进行友好访问。",title_length
19980610-04-018,据新华社北京6月9日电中央军委委员、中国人民解放军总参谋长傅全有上将今天在这里同毛里塔尼亚国民军参谋长布克莱斯上校举行了会谈。,title_length
19980610-04-019,"新华社北京6月9日电应几内亚、科特迪瓦、加纳、多哥和贝宁外长的邀请,外交部长唐家璇今天离开北京赴上述五国进行正式访问。",short_body
19980610-04-020,"新华社北京6月9日电应中央军委副主席、国务委员兼国防部长迟浩田上将的邀请,由越南国防部长范文荣上将率领的越南高级军事代表团今天抵达北京,开始对中国进行为期一周的正式友好访问。",title_length
19980610-04-021,"据新华社呼和浩特6月9日电(记者王晔彪)斯洛伐克国家舞蹈团一行30人8日抵达内蒙古自治区首府呼和浩特市,他们将在呼和浩特逗留4天,为当地观众献上两场精彩的斯洛伐克民族舞蹈。",title_length
19980610-05-003,全国开展出版物市场专项治理,no_topic
19980610-05-004,上海切断淫秽非法出版物通道,no_topic
19980610-05-005,广东低中放固体废物北龙处置场建造许可证颁发,no_topic
19980610-05-006,老虎剖腹产母子都安全,no_topic
19980610-05-009,安徽省萧县实验小学重视学生素质教育(图片),short_body
19980610-05-010,三星村新石器时代遗址考古获重要发现,no_topic
19980610-05-011,"本报讯记者艾笑报道:美国约翰·霍普金斯大学日前通过实验验证,我国中药制剂『过敏康』可以从整体上调节过敏免疫异常状态。约翰·霍普金斯的研究小组证实,中药『过敏康』的优势在于可同时调控过敏反应发生的多个环节,特别是降低I型过敏反应的血清JgE的产生。",title_length
19980610-05-012,"本报讯《中国卡通》、《北京卡通》、《少年漫画》、《漫画大王》和《卡通先锋》等五家动画期刊日前联合举行仪式,今后将把每期画刊送给全国百所希望小学。这五家动画期刊是中宣部、新闻出版署实施『五一五五』儿童动画出版工程中的重点刊物。(马飞孝)",title_length
19980610-05-013,"本报讯由原国家科委基础研究高技术司、国家八六三高技术计划智能计算机系统主题专家组等单位组织的『第五届全国汉字识别、语音识别与合成系统及自然语言处理系统评测』结果日前揭晓,国内外三十一家企业和研究机构开发的四十三种智能输入系统参加了测评,汉王笔输入技术、汉王脱机手写汉字识别技术在测评中获得优胜。(谢文)",title_length
19980610-05-014,"本报讯由河北美术出版社出版的《烽火少年系列丛书》日前在北京举行了首发式。这套丛书是由新中国建立后拍摄的电影改编而成的,它包括十部影片。这十部影片为《刘胡兰》、《二小放牛郎》、《小兵张嘎》、《烽火少年》、《苏小三》、《两个小伙伴》、《报童》、《火娃》、《三毛从军记》、《鸡毛信》。这批电影曾经教育和培养了建国后的一代人。(肖文)",title_length
19980610-05-015,"本报讯一种既保留传统黑膏药特长,又具现代橡皮膏使用方便优点的新型贴膏剂复方南星止痛膏,日前获得卫生部颁发的新药证书,并由南京中医药大学制药厂投入批量生产。它采用弹性胶布层作为载体,将药膜固定于皮肤上。(方彤)",title_length
19980610-06-001,美国务院发言人谈核不扩散问题美中两国合作意义重大,no_topic
19980610-06-002,加强合作铲除公害———访中国代表团团长、国务委员罗干,no_topic
19980610-06-003,就美军在越战中使用毒气事件美国防部长科恩下令调查,no_topic
19980610-06-004,尼国家元首阿巴查逝世阿布巴卡尔成为继任人,no_topic
19980610-06-005,让美国人了解崭新的中国---访美国驻华大使尚慕杰,no_topic
19980610-06-006,罗干会晤联大主席和摩英领导人,no_topic
19980610-06-007,德俄两国首脑正式会晤(图片),short_body
19980610-06-008,美朝将恢复将军级对话,no_topic
19980610-06-009,美宣布对南实行新制裁俄称科索沃与南不可分,no_topic
19980610-06-010,涉嫌参与弄虚作假俄统计委员会主席被捕,no_topic
19980610-06-011,世界毒品主要产地分布图(图片),short_body
19980610-06-012,哥伦比亚海岸集团毒枭落网,short_body
19980610-06-013,风雨十年路———从外长会议看巴尔干地区合作,no_topic
19980610-06-014,奥总统和议长会见本报代表团,no_topic
19980610-07-001,经济全球化与『游戏规则』,no_topic
19980610-07-003,布里坦认为欧中关系更趋成熟石广生说中比经贸将持续发展,no_topic
19980610-07-004,图片新闻,title_length
19980610-07-007,宇宙射线可能致癌太空停留不宜过长,no_topic
19980610-07-008,物理学标准理论受挑战中微子有静止质量,no_topic
19980610-07-009,"美国“发现”号航天飞机在同俄罗斯“和平”号轨道空间站对接4天后于8日中午顺利分离,从而结束了两国航天器在3年内的9次对接,今后两国宇航合作的重心将向共同建设国际空间站方面转移。(据新华社电)",title_length
19980610-07-010,"日本的丰田汽车公司和美国的通用汽车公司2日决定共同开发电动汽车新型充电系统。新系统以通用开发的非接触型充电技术为基础,融合丰田的小型化技术。丰田计划明年向美国市场销售的“RVA4EV”型新车中装载该充电系统。",title_length
19980610-07-011,"据泛美卫生组织材料,90年代以来,拉美国家每年有15万人因吸烟死亡,香烟造成的死亡人数远远超过艾滋病和交通事故。",short_body
19980610-07-012,"6月1日下午,墨西哥军队一架直升机失事坠毁,机上10人全部遇难。直升机是在塔毛利帕斯州维克多利亚市附近山区执行森林灭火任务时失事的,遇难10人中有7名陆军少尉和1名上校。",title_length
19980610-07-013,"1997年墨西哥纺织品和成衣出口收入首次突破70亿美元,成为继石油和旅游之后国家外汇收入重要来源。目前,墨纺织品主要出口市场仍然是美国。",title_length
19980610-07-014,"第二届中国国际印刷设备及器材展览会于近日在北京举行,来自中国、比利时、法国、德国等国家的200余家厂商参加了此次展览。在为期5天的展览中,各国厂商展出了目前世界上最先进的印前技术和印后处理设备,如数字技术、多媒体、无水印刷等。(本报讯)",title_length
19980610-08-001,更快更强的对抗---第十三届女篮世锦赛述评(下),no_topic
19980610-08-004,北京抽查成年人体质好于全国标准但『肥佬』渐多心肺功能平平,no_topic
19980610-08-005,萨马兰奇会见邓亚萍,short_body
19980610-08-006,贝利看好英格兰队,no_topic
19980610-08-007,『第四媒体』难住我,no_topic
19980610-08-008,莫亚桑切斯分获法网公开赛男女冠军,short_body
19980610-08-009,全国跆拳道锦标赛将在温州举行,short_body
19980610-09-002,六个孤儿有三十二个妈妈,no_topic
19980610-09-003,爱惜长城一砖一瓦(附图片1张),no_topic
19980610-09-005,子女有义务赡养老人,no_topic
19980610-09-006,小煤窑越界开采留下后患,no_topic
19980610-09-007,治理长江漂浮物刻不容缓(附图片1张),no_topic
19980610-10-001,好事为啥办不好?———关于洛阳郊区辛店镇毁麦征地的调查(附图片2张),no_topic
19980610-10-002,办好事也要做工作,no_topic
19980610-10-003,"提高质量,从我做起",no_topic
19980610-10-004,追究对制假售假不追究者,no_topic
19980610-10-005,强化村务公开中的监督机制,no_topic
19980610-10-007,十年拥军不寻常,no_topic
19980610-10-008,结帮拦截过路车肆意敲诈驾驶员,no_topic
19980610-10-009,重庆火车站货运罚款,no_topic
19980610-10-010,少开会多落实,no_topic
19980610-11-001,"距离,产生美吗?———访台散记之一(附图片1张)",no_topic
19980610-11-002,两岸应加强交流与合作,no_topic
19980610-11-003,确保香港竞争力---访香港特区政府经济局,no_topic
19980610-11-005,家在香港根在内地———访香港旅游金咭有限公司董事长薛经述,no_topic
19980610-11-006,上海举办台企产品博览,no_topic
19980610-11-007,葡式住宅博物馆(图片),short_body
19980610-11-008,"本报讯据台湾有关部门近日公布的最新统计,近五年来,海峡两岸的通婚数量以每年百分之三十至百分之五十的幅度增长。据统计,一九九四年两岸的通婚数量为五千四百九十二对,一九九七年迅速增加至一万二千四百零八对,平均年增长率为百分之四十以上。预计到公元二○○○年,将有十万对夫妻是经过两岸通婚的方式结婚的。",title_length
19980610-11-009,"本报讯香港特区政府就业专责小组日前举行首次会议,会议决定采取十二项措施,积极改善就业状况。特区政府有关负责人在会上表示,由于政府采取重要政策措施,香港基础建设和其他工程计划将一一展开,在未来一年半内将至少有十万个职位空缺。",title_length
19980610-11-010,"本报讯澳门国际机场日前决定,为经澳门机场前往香港或来自香港而使用澳门机场的过境旅客,提供一项新的快速联运服务。这项快速联运服务包括,航空公司使用专船,在香港和澳门之间运载客人及行李;港、澳两地的客运码头及澳门机场开辟专用区,接待旅客;澳门外港码头及澳门机场之间的交通由特别公共巴士相连接等。",title_length
19980610-11-011,"本报讯江西乐平籍青年台胞何国庆先生近些年来,先后为家乡的教育事业及残疾人事业捐资人民币六十七万元,在当地传为佳话。(程兴华陈琴英)",title_length
19980610-11-012,"本报讯由香港杏范教育基金会捐资二十万元兴建的希望小学,日前在江西新余市人和乡举行了奠基仪式。(廖海金何草德)",short_body
19980610-11-013,"本报讯日前,台胞唐炳然先生将一栋价值一百一十万元的宾馆赠送给湖南龙山县新城小学。这是他第五次为家乡的教育事业捐赠。(陈中文)",title_length
19980610-11-014,"本报讯近日,坐落在山东阳信县的台湾独资企业长威电子有限公司的十五名台胞向阳信县河流乡中心小学捐款三万元,为学生献上了一片爱心。(崔宝坤)",title_length
19980610-12-001,"妈妈,你在哪里?",no_topic
19980610-12-002,母亲的职责,no_topic
19980610-12-003,爱的回音壁,no_topic
19980610-12-004,不得恢复宗族墓地,no_topic
19980610-12-007,认真改进政治学习方式,no_topic
19980610-12-008,钟情旧车(图片),no_topic
19980610-12-009,如何申请使用住房公积金?,no_topic
19980610-12-010,电话买卖不过户出了事故究户主,no_topic
19980610-12-011,干眼症的症状及治疗,no_topic
19980611-01-001,中共中央办公厅国务院办公厅发出通知,no_topic
19980611-01-002,国务院通知要求规范国有中小企业和集体企业改制工作,no_topic
19980611-01-003,论正确对待困难,no_topic
19980611-01-005,哈萨克斯坦迁都阿斯塔纳江泽民主席致电祝贺,no_topic
19980611-01-006,江泽民会见越南国防部长,no_topic
19980611-01-007,尉健行在全总十二届十九次主席团会议上强调,no_topic
19980611-01-009,共青团十四大19日在京开幕1469名代表全部选出,no_topic
19980611-01-010,大朝山水电站主体工程进展顺利(图片),short_body
19980611-02-001,输血造血扶本———建行安康扶贫十年小记,no_topic
19980611-02-002,"财政部等六部委通知取消147个基金项目本报北京6月10日讯记者李建兴报道:为贯彻落实《中共中央、国务院关于治理向企业罚款、乱罚款和各种摊派等问题的决定》(以下简称《决定》)精神,切实减轻企业负担,经国务院减轻企业负担部际联席会议批准,并请示国务院领导同意,日前,财政部、国家经贸委、国家发展计划委员会、审计署、监察部、国务院纠风办联合发布了《关于公布第二批取消的各种基金(附加、收费)项目的通知》(以下简称《通知》),取消147个基金项目。自通知发布之日起,公布取消的基金项目应立即停止执行。其他地区和部门已出台的项目与通知公布取消的各种基金项目相类似的,亦一律参照本通知规定予以取消。",title_length
19980611-02-003,第二批取消的各种基金(附加、收费)项目名单,no_topic
19980611-02-004,反走私斗争中的卫士(图片),short_body
19980611-02-005,上市公司商标品牌权益保护座谈会呼吁保护上市公司商标品牌刻不容缓,no_topic
19980611-02-006,前5月外贸进出口增长,no_topic
19980611-02-007,适应市场经济主动转变角色西北电力物资总公司实行代理制,no_topic
19980611-02-008,机制变效果显,no_topic
19980611-02-009,"本报讯美国恒康相互人寿保险公司最近向亚特兰蒂斯水源基金投资五千万美元,用于在广州市兴建一座造价为一点三五亿美元的大型污水处理厂。恒康公司是世界上最大的人寿保险和投资公司之一。(齐国强)",title_length
19980611-02-010,"本报讯中国工商银行广东分行不断拓展外汇存款业务,今年头四个月外币储蓄净增一点八三亿美元。目前,该行开办外汇储蓄业务网点达二千一百一十五个,外币储蓄余额达十七点二亿美元。(罗宏宇)",title_length
19980611-02-011,本报讯六月中旬俄罗斯联合进出口银行北京代表处将开业。俄罗斯联合进出口银行是俄罗斯最大的银行之一。它的私有资金数额占俄罗斯银行第三位和世界前一千家大银行中第二百零二位(一九九七年)。(田边),title_length
19980611-02-012,本报讯由中国服装设计师协会主办的『虎门』杯第四届中国服装设计『新人』奖评选活动近日开始启动。这届『新人』奖定位为对全国服装设计专业大、中专院校应届毕业生素质的综合评定。(宋文雯),title_length
19980611-02-013,"本报讯为宣传下岗职工中的先进人物及安排下岗职工与再就业职工中的先进典型,青岛新城市广场实业有限公司与中国青年出版社《追求》杂志将于今年七月至明年一月联合举办『青岛新城市广场杯』杰出人物征文。(张正)",title_length
19980611-03-001,青春谱写创业篇———共青团组织情系下岗职工,no_topic
19980611-03-003,政策扶持各界关心保定建立下岗职工服务体系,no_topic
19980611-03-004,替政府分忧为社会着想西安交警向下岗职工伸出援助之手,no_topic
19980611-03-005,河北省邯郸市各级党组织关心农村老党员的生活(图片),short_body
19980611-03-006,"本报北京6月10日讯记者江山报道:今天下午,25名北京市人大代表、政协委员、专家学者及各界人士,郑重其事地接过北京市高级人民法院院长秦正安颁发的特邀监督员证书,开始对北京市各级法院和法院工作人员在审判活动中执行法律、法规和廉洁自律、职业道德等情况实行监督。",title_length
19980611-03-007,"本报北京6月10日讯记者王比学报道:北京市第一中级人民法院院长马艾地今天向新闻界宣布:从即日起,凡年满18周岁的我国公民凭身份证可以自由进入第一中级法院旁听任何一件公开审理的案件;新闻记者可以以对法律自负其责的态度报道任何一件公开审理的案件。",title_length
19980611-03-008,"本报讯中国政法大学近千名九八届毕业生6月9日举行了隆重的宣誓仪式,并向全国高校毕业生提出了“依法治国,从我做起”的倡议。(孟丽娜)",title_length
19980611-04-001,江泽民会见美国柯达公司董事长,no_topic
19980611-04-002,李鹏会见斯卡尔法罗,no_topic
19980611-04-003,李瑞环会见斯卡尔法罗,no_topic
19980611-04-004,李岚清会见香港电影代表团,short_body
19980611-04-006,图片新闻,title_length
19980611-04-007,国企下岗职工再就业先进事迹报告团进入最后一站,no_topic
19980611-04-008,中共『一大』会址纪念馆扩建工程动工,no_topic
19980611-04-009,平谷一山包隐藏一个大溶洞,no_topic
19980611-04-011,宿县地区二千八百个村建起『明白栏』,no_topic
19980611-04-012,转变择业观就业天地宽辽宁引导下岗职工为社会做新贡献,no_topic
19980611-04-013,天水举办祭奠伏羲活动,no_topic
19980611-04-014,中美两国军方举行人道主义救灾研讨会,no_topic
19980611-04-015,明天气象预报(6月11日20时—6月12日20时),no_topic
19980611-04-016,据新华社北京6月10日电(记者张荣典)中央军委副主席、国务委员兼国防部长迟浩田上将今天在钓鱼台国宾馆同越南国防部长范文茶上将举行了会谈。,title_length
19980611-04-017,据新华社北京6月10日电(记者张荣典)中央军委副主席、国务委员兼国防部长迟浩田上将今天上午在钓鱼台国宾馆会见了毛里塔尼亚国民军参谋长穆莱耶·布克莱斯上校一行。,title_length
19980611-04-018,据新华社北京6月10日电国务院副总理钱其琛今天在中南海会见了挪威外交大臣克努特·沃勒贝克。双方就进一步发展中挪友好合作关系和共同关心的国际问题交换了意见。,title_length
19980611-04-019,据新华社北京6月10日电国务院副总理温家宝今天在京会见了来访的芬兰农林部长卡莱维·海米莱。,short_body
19980611-04-020,"据新华社广州6月10日电(记者林阳)中共中央政治局委员、全国人大常委会副委员长谢非今天乘飞机离开广州前往菲律宾,作为中国特使出席菲律宾独立100周年庆典活动。之后,他将应文莱政府邀请对文莱进行友好访问。",title_length
19980611-04-021,据新华社北京6月10日电中央军委委员、中国人民解放军总参谋长傅全有上将今天在这里会见了来访的秘鲁武装力量联合指挥部主席兼陆军司令埃尔莫萨上将一行。,title_length
19980611-05-006,北京市街头的白色垃圾收集站(图片),short_body
19980611-05-007,大连改革农村中学办学模式扩大办学功能培养实用人才,multiple_topics
19980611-05-009,国家高精度GPS定位网建成,no_topic
19980611-05-010,中外专家研讨打击文物走私,no_topic
19980611-05-011,"本报北京6月10日讯今天,来自青海的土家族学生鄂积超和藏族学生央金卓嘎高兴地坐在电脑前,用小手敲击着键盘。他们代表该省61万少年儿童参加了中国科协的首批电脑捐赠仪式。这首批50台电脑是由《大众软件》捐赠的。",title_length
19980611-05-012,"本报讯素有“中国石雕之乡”美誉的福建省惠安县日前在京举办雕艺展览。此次展览荟萃了上百家企业的上万种石雕、木雕、瓷雕产品,展示了精美的传统雕刻艺术。(惠文)",title_length
19980611-05-013,"本报北京6月10日讯由中国世界民族文化交流促进会主办的“海峡两岸名人名家书画展”精品展征集作品过半,台湾已有30位书画家受邀参加。外围展部分已向内地及香港、台湾、马来西亚等国家和地区征稿,画展将于今年9月在中国美术馆展出。此后还将到台湾、香港、澳门地区进行巡展。(文梦)",title_length
19980611-06-001,我大使谈无核国安全保证问题瑞典等八国提出核裁军新倡议,no_topic
19980611-06-002,共同制止南亚核竞赛,no_topic
19980611-06-003,罗干会晤安南秘书长表示中国将一如既往支持联合国工作,no_topic
19980611-06-004,埃厄两国军队再度交火,no_topic
19980611-06-005,克林顿支持韩朝两国相互交流金大中建议美国缓解对朝制裁(附图片1张),no_topic
19980611-06-006,朝政党团体会议致信韩方建议共同举行半岛解放庆典活动,no_topic
19980611-06-007,埃厄冲突为哪般,no_topic
19980611-06-008,科索沃问题南官方称完全控制其边界,no_topic
19980611-06-010,科尔希拉克致函布莱尔要求纠正欧盟过多集权,no_topic
19980611-06-011,第34届非统首脑会议闭幕(附图片1张),no_topic
19980611-06-012,几比总统同意与叛军头目对话西非两国派兵助剿叛军,no_topic
19980611-07-001,油价低迷的反思,no_topic
19980611-07-002,图片新闻,title_length
19980611-07-004,墨发现两处玛雅古迹,no_topic
19980611-07-005,黎找到罗马帝国时墓穴,no_topic
19980611-07-006,非洲出土古人类头盖骨化石,no_topic
19980611-07-007,瑞发掘出六千年前人类骨骼,no_topic
19980611-07-010,欧洲央行委员会举行首次会议决定启动金等技术性事宜,review: 央行金融决策，技术性只是一般修饰
19980611-07-011,英特尔遭遇反垄断法,no_topic
19980611-08-002,法兰西之梦(附图片1张),no_topic
19980611-08-003,"▲大洋洲武术联合会于一九九八年六月五日在新西兰惠灵顿成立。中国国家体育总局局长、中国奥委会主席、国际武术联合会主席伍绍祖出席成立大会并发言。他表示,大洋洲武术联合会的成立具有重要意义。自此国际武联有四个洲际会员组织,符合了国际奥委会承认的基本要求。国际武联将于近期提出申请,如获批准,国际武联将以新的面貌出现在国际体坛。(武宣)",title_length
19980611-08-004,深圳松岗国际龙舟赛结束,no_topic
19980611-08-007,首都老体育工作者聚会纪念毛泽东题词四十六周年,short_body
19980611-09-001,鸡比鸽子“飞”得高———沈灶镇纪实,no_topic
19980611-09-002,转向事业型,no_topic
19980611-09-004,京郊养猪第一村———顺义县北郎中村养猪富民记事,no_topic
19980611-09-005,私下换地现象应予重视,no_topic
19980611-09-007,郭爱国卖水,no_topic
19980611-09-008,方桥瞄准创汇农业(图片),short_body
19980611-09-010,九里山乡造田3700亩,no_topic
19980611-09-011,双双还乡种良田(图片),short_body
19980611-10-001,融智比融资更紧要,no_topic
19980611-10-002,改革政府机构实行政企分开,no_topic
19980611-10-003,『深化国有外贸企业改革』研讨会简述,no_topic
19980611-10-004,为什么是『重大政治问题』,no_topic
19980611-11-001,真情如歌(附图片1张),no_topic
19980611-11-004,恭城山歌好动人,no_topic
19980611-11-005,初到苗乡(附图片1张),no_topic
19980611-11-006,西藏札记(附图片1张),no_topic
19980611-11-007,建筑工人心系民族学子,no_topic
19980611-11-009,建始一中给“双特生”颁发特别奖,no_topic
19980611-11-010,边疆少数民族地区的农村青年渴望精神食粮(图片),short_body
19980611-12-001,忆故崇真,title_length
19980611-12-002,《人民日报》引导我前进,no_topic
19980611-12-003,我在这片园地里———祝贺《人民日报》创刊五十周年,no_topic
19980611-12-004,编者的话,title_length
19980611-12-005,几桩小事,title_length
19980611-12-006,"“芝麻,开门!”",no_topic
19980611-12-007,月是故乡明(油画),short_body
19980611-12-008,天意怜幽草赤子爱故园(书法),short_body
19980611-12-009,国色天香尽属君---人民日报创刊五十周年(图片),short_body
19980611-12-010,走进童心,title_length
19980611-12-011,大地书讯,title_length
19980612-01-002,论讲政治是具体的,no_topic
19980612-01-004,中国共产党与日本共产党实现关系正常化,no_topic
19980612-01-005,朱镕基会见香港总商会访京团,no_topic
19980612-01-006,胡锦涛会见日共代表团,no_topic
19980612-01-007,李岚清会见何柱国,short_body
19980612-01-009,京郊收麦忙(图片),short_body
19980612-01-010,我与院士交笔友,no_topic
19980612-01-011,我的『处女作』,no_topic
19980612-01-012,上海城市中的美妙“音符”(图片),short_body
19980612-01-014,"日前,山东省鲁北企业集团与哈萨克斯坦、白俄罗斯有关方面分别就收购哈萨克斯坦磷产业集团及向白俄罗斯戈梅里化工厂转让石膏制酸技术和成套设备达成初步协议。这标志着我国的“绿色化学”专利技术开始向国外输出。鲁北利用其“绿色化学”专利技术跨国经营,每年将获得可观的效益。同时,还可利用国外资源,发展我国的磷复肥工业。(刘磊王文璋)",title_length
19980612-01-015,"春城昆明市民盼望已久的金碧路改扩建工程10日上午正式建成通车。与此同时,昆明市建设路北段、环城东北路和投资3.77亿元的昆明—禄劝公路也正式竣工通车。这对缓解昆明城市交通状况具有明显作用,也是为了迎接明年5月在此举办的世界园艺博览会的一项重要准备工作。(任维东)",title_length
19980612-02-001,抓早抓细抓实皖苏鲁豫沿淮四省严阵以待防大汛,no_topic
19980612-02-003,砀山县越权豁免欠税财政部发出通报批评,review: 违法欠税通报，金融与法治交叉
19980612-02-005,确保质量的西安市未央路立交桥(图片),short_body
19980612-02-006,太行山下看征稽,no_topic
19980612-02-008,长治市利用双休日邀请经济学家上课,no_topic
19980612-02-009,5月份全国市场物价继续下降,no_topic
19980612-02-010,我国首家合资旅行社成立,no_topic
19980612-02-011,化肥便宜不能买只缘祁阳设关卡,no_topic
19980612-03-001,领导干部试用制中层干部聘任制一般干部聘用制,no_topic
19980612-03-002,“三制”好在哪里?,no_topic
19980612-03-003,干实事求实效促廉洁秦皇岛市政府从严治政,no_topic
19980612-03-004,合民心顺民意———福建省推行村务公开和民主管理制度的调查,no_topic
19980612-03-005,图片新闻,title_length
19980612-03-006,大冶清理领导干部通讯工具,no_topic
19980612-03-007,向东莱看齐让人民满意哈尔滨派出所面貌焕然一新,no_topic
19980612-03-008,"本报讯据新华社记者赵忠生报道:日前,武警部队党委决定,给在西藏那曲地区抗雪救灾中做出突出贡献的那曲支队运输中队授予『高原抗雪救灾先锋中队』荣誉称号,给该中队一班班长青治授予『高原抗雪救灾勇士』荣誉称号。",title_length
19980612-03-009,"本报讯解放军驻山东潍坊某炮兵师医院实行医疗助民,千方百计地解决驻地群众看病吃药难的问题,为驻地六个村的一万多名群众都办理了医疗优待证,实行免费或半免费为群众看病治病,并经常走村串户义务上门巡诊,受到当地群众的高度赞扬。(刘全应)",title_length
19980612-03-010,"本报讯河南省长葛市新近制定了《城乡居民最低生活保障制度实施细则》,对全市特困家庭进行摸底核实,最后确定一千二百三十五户、三千零九十三名城乡无生活来源、无劳动能力者为保障对象,农村可享受减免提留、统筹、义务工和劳动积累工等特殊照顾。(马慧忠高宝庆)",title_length
19980612-03-011,"本报讯位于大兴安岭腹地的哈尔滨铁路公安局伊图里河公安处近一年来注重专门工作与群众工作相结合,在管内各个站、车、线建立了由民警和职工群众组成的治安防控体系,有效地遏制了违法犯罪活动,刑事发案率持续下降,社会治安综合治理工作得到加强。(李建义)",title_length
19980612-03-012,"本报讯中国大百科全书出版社最近出版了《中国人权百科全书》。该书由中国社会科学院法学研究所组织编撰,历时五载余,国内近百位专家、学者参与撰稿,共含辞条一千零四十六个,共一百八十余万字。(田木)",title_length
19980612-04-001,规范有关程序制定优惠政策河南扶持国企下岗职工再就业,no_topic
19980612-04-002,论适应,title_length
19980612-04-003,《人民论坛》征文启事,short_body
19980612-04-004,沈钧儒纪念馆在嘉兴开馆,no_topic
19980612-04-005,认真贯彻实施《税收征收管理法》人大执法检查组部署执法检查工作,multiple_topics
19980612-04-006,未来一周天气趋势,no_topic
19980612-04-008,曹里怀同志逝世(附图片1张),no_topic
19980612-04-009,张太雷百年诞辰纪念活动在常州举行,no_topic
19980612-04-010,以多种形式为再就业搭桥铺路四川团组织热情关怀下岗青工,no_topic
19980612-04-011,香港慈善机构赈济青海雪灾灾民,no_topic
19980612-04-012,植保机防队(图片),short_body
19980612-04-014,明天气象预报(6月12日20时—6月13日20时),no_topic
19980612-04-015,据新华社北京6月11日电中央军委副主席、国务委员兼国防部长迟浩田上将今晚在人民大会堂会见了来访的秘鲁武装力量联合指挥部主席埃尔莫萨上将。,title_length
19980612-04-016,据新华社北京6月11日电(记者王晓东)中国人民解放军总参谋长傅全有上将今天在这里会见了来访的越南国防部长范文茶上将一行。,short_body
19980612-04-017,据新华社北京6月11日电中国人民解放军副总参谋长熊光楷中将今天在这里会见了来京参加中美两军人道主义救灾研讨会的美国助理国防部长帮办希尔一行。,title_length
19980612-04-018,据新华社西安6月11日电(记者李勇)意大利总统斯卡尔法罗今天上午乘专机由北京飞抵西安参观访问。陕西省省长程安东今晚会见了意大利贵宾。,title_length
19980612-04-019,"本报北京6月11日讯记者马小宁报道:应美国志愿者协会邀请,国家外国专家局局长万学远今天下午在友谊宾馆向美国皮尔第一进口公司董事长兼首席执行官克拉克·约翰逊先生颁发“马可·波罗”奖,以表彰其对中国经济发展的支持及在促进中美两国人民友谊方面所起的作用。“马可·波罗”奖的获得者均为对美国志愿者协会“中国计划”给予极大支持和赞助的个人或团体,该计划每年向中国派遣志愿专家执行一些援华人道主义项目。",title_length
19980612-05-003,控制陆源污染保护丰富物种丹东发展经济不改碧海本色,no_topic
19980612-05-004,为知识经济提供良好的发展环境———纪念著作权法实施七周年,no_topic
19980612-05-009,仲子历史研究会召开代表大会,no_topic
19980612-05-014,塞上渔业第一村(图片),short_body
19980612-05-015,新疆牛胚胎移植初步形成规模,no_topic
19980612-05-016,"本报讯记者赵兴林报道:北京燕京啤酒股份有限公司稳坐全国啤酒产销量和利税总额第一把交椅后,今又建成日处理一点五万吨的全国啤酒行业最大污水处理厂,从而实现了净水进厂、清水出厂的高标准。",title_length
19980612-05-017,"本报讯同创集团六月『夏日风暴』活动又火热登场。同创依靠优质的产品和良好的服务,以及紧跟时代潮流的先进科技,在短短的几年时间内赢得广大用户的信任。在此前进行的『春季波澜』活动中,同创推出的『英雄1号』商用电脑以其优化的配件方案,被评为『一九九八年用户满意产品』。同创推出技术更为先进、性价比更高的『英雄2号』家用机。这是同创六月全面上市的三代产品之一。",title_length
19980612-05-018,本报讯由北京市龙佳广告艺术公司、北京霞光天海广告有限公司等联合摄制的二十二集电视剧《悲欢岁月》日前在京开拍。该剧讲述了三位女性历经磨难而依然保持昂扬的生活热情和宽广胸怀的感人故事。该剧女主角由王姬扮演。,title_length
19980612-05-019,"本报讯《世界名牌公司扩张史》通过对六十三家名牌公司从创业到发展壮大、走向世界的生动描述,揭示了高科技的投入、现代化管理在现代企业中的重要作用。该书日前由北京的台海出版社出版。(谢刚)",title_length
19980612-06-002,埃厄兄弟莫相煎,no_topic
19980612-06-003,菲律宾当选总统会见谢非,no_topic
19980612-06-004,英副首相会晤姜春云,no_topic
19980612-06-005,玻代总统会见罗干,no_topic
19980612-06-006,科索沃危机美称北约将以增援形成威慑,no_topic
19980612-06-007,金大中在美表示韩愿同朝合作和解,no_topic
19980612-06-008,库瓦斯当选巴拉圭总统,no_topic
19980612-06-009,哈举行迁都庆典(附图片1张),no_topic
19980612-06-010,巴宣布单方面暂停核试验印再次拒绝放弃核武计划,no_topic
19980612-06-011,国际社会共同努力制止南亚核武竞赛,no_topic
19980612-06-012,克林顿谈对华政策美中合作符合美利益,no_topic
19980612-06-013,美各界人士纷纷发表谈话批评干扰美中关系言论,no_topic
19980612-07-001,东亚经济传真,no_topic
19980612-07-003,日元贬值谁喜谁忧(附图片1张),no_topic
19980612-07-004,『中国市场确实重要』---中欧经贸洽谈会侧记,no_topic
19980612-07-006,欧盟提议恢复英国牛肉出口450万头牛将解禁,no_topic
19980612-07-007,瑞典一报告说印军研投资巨大,no_topic
19980612-07-008,日元下跌韩国不安,no_topic
19980612-07-009,美三白人残害黑人致死,no_topic
19980612-07-010,"阿根廷航空公司正在商讨关于开辟对古巴的直通航线事宜,阿航的首航班机将于今年七月二十日从布宜诺斯艾利斯直飞哈瓦那。",short_body
19980612-07-011,"非洲最大的基础设施建设工程马普托发展走廊六日正式开工。该发展走廊是连接南非商业中心约翰内斯堡与莫桑比克港口马普托的高速公路,总投资两亿兰特,是南莫两国第一个合资工程。(本报专电)",title_length
19980612-07-012,"为扩大同中国的学术交流,履行江泽民主席去年访美时签署的协议,美国宾夕法尼亚大学沃顿商学院将从今年九月起在中国国家行政管理学院定期开设高级管理培训班,对我政府高级官员和行政干部提供管理培训。与此同时,为地方公务员和国有企业管理人员开设的江苏管理开发培训班和上海行政开发培训班也将陆续在中美两地举办。(本报讯)",title_length
19980612-08-001,“老记”的烦恼,no_topic
19980612-08-002,意大利死里逃生战平智利摩洛哥身手不凡逼和挪威(附图片1张),no_topic
19980612-08-003,首次亮相之后各抒己见,no_topic
19980612-08-004,谁怕谁,title_length
19980612-08-005,让一切都稳定下来———法国与南非之战赛前拾零,no_topic
19980612-08-006,足协杯补赛万达红岩告捷,no_topic
19980612-08-007,法兰西集萃,no_topic
19980612-08-008,NBA总决赛公牛队四战三胜,no_topic
19980612-09-001,给演出市场提意见,no_topic
19980612-09-003,记住单士元老人(附图片1张),no_topic
19980612-09-004,中国舞蹈“荷花奖”揭晓《走跑跳》获三项金奖,no_topic
19980612-09-005,香港回归集邮展在即,no_topic
19980612-09-006,以色列室内管弦乐团明晚在京演奏,no_topic
19980612-09-007,冰上芭蕾舞剧大受观众欢迎,no_topic
19980612-09-008,张信哲来京沪演唱(附图片1张),no_topic
19980612-09-009,第三届中国曲艺节将在呼和浩特举行,no_topic
19980612-10-001,品味上海咖啡馆(附图片2张),no_topic
19980612-10-002,一九九八年下半年纪特邮票有哪些?,no_topic
19980612-10-004,清醒乐队吸引歌迷,no_topic
19980612-10-005,去东南亚,title_length
19980612-10-006,牙膏今昔,title_length
19980612-10-007,中戏编导班推出四台实验话剧,no_topic
19980612-10-008,“三能三不”,no_topic
19980612-10-009,热爱服装的导演(艺与人)(附图片1张),no_topic
19980612-11-001,《人民日报五十年珍藏书画展览》作品选登(附图片12张),no_topic
19980613-01-001,加大投入加快引资加强服务厦门千方百计拉动经济增长,no_topic
19980613-01-002,光荣的四十一天,no_topic
19980613-01-003,难忘的国庆征文,no_topic
19980613-01-004,关心小商品质量,no_topic
19980613-01-005,识大体顾大局挑重担辽河油田党员干部带领下岗职工再创业,no_topic
19980613-01-006,图片新闻,title_length
19980613-01-007,李岚清会见韩国客人,short_body
19980613-01-008,我国外汇储备达1409亿美元,short_body
19980613-01-009,全国又有1.4万多人获律师资格,no_topic
19980613-01-010,综合利用巧治水达标排放出效益莲花集团从治污中得到回报,no_topic
19980613-01-011,百名全国职工自学成才者受表彰,no_topic
19980613-02-001,国务院办公厅发出通知,no_topic
19980613-02-002,中国行政管理学会第三次代表大会召开,no_topic
19980613-02-003,香港纪念“保卫中国同盟”创建60周年,no_topic
19980613-02-005,中宣部等召开全国电视电话会议,no_topic
19980613-02-006,图片新闻,title_length
19980613-02-007,人民日报五十年珍藏书画展在京举行,no_topic
19980613-02-008,澳门特区筹委会秘书处澳门办事处成立,no_topic
19980613-02-010,黄淮地区展开治蝗减灾战役山东河南河北天津等地出动万人喷洒农药,no_topic
19980613-02-011,中华老年报庆祝10年华诞,no_topic
19980613-02-013,钱其琛会见法国客人,short_body
19980613-02-014,中共代表团出访北欧三国,short_body
19980613-02-015,明天气象预报(6月13日20时—6月14日20时),no_topic
19980613-02-016,"本报重庆6月12日电记者向兵报道:由八一电影制片厂摄制的革命战争历史巨片《大进军·席卷大西南》,11日在影片故事主要发生地重庆举行了隆重的首映式。由此,这部刚刚荣获中国电影“华表奖”优秀故事片奖和最佳导演奖、最佳技术奖的影片,将陆续同全国观众见面。",title_length
19980613-02-017,"本报讯在人民日报创刊50周年之际,人民日报出版社为人民日报5位离休的著名老漫画家方成、英韬、江帆、苗地、朱根华出版漫画选集。画册收入了作者多年来创作的针砭时弊、结合时事的国内、国际漫画精品和代表作,反映了各自的风格,一人一集,特色鲜明,既有艺术欣赏和收藏价值,也会成为老年人和青少年喜爱的幽默读物。",title_length
19980613-02-018,"本报讯中央美术学院教授黄均的30余幅书画作品,6月9日开始在中国美术馆展出。今年85岁的黄均先生,从1938年至今一直从事绘画教育事业,同时从事工笔重彩人物画创作。近年来还著有《仕女画研究》、《中国画技法·人物部分》等著作。同黄均书画作品一道展出的,还有他的弟子寇镇、蔡云、王润、金大钧的作品共50余幅。全国人大常委会副委员长蒋正华等出席了开幕式。",title_length
19980613-03-001,知名学者罗伯特·罗斯认为美中首脑会晤意义重大,no_topic
19980613-03-002,努力建立无毒品世界,no_topic
19980613-03-003,美参议员鲍卡斯说克林顿访华将促进美中关系,no_topic
19980613-03-004,美有识之士纷纷撰文驳斥少数政客反华言论,no_topic
19980613-03-005,菲律宾庆祝独立百年,no_topic
19980613-03-006,安南欢迎巴暂停核试验印拒绝接受联合国调解,no_topic
19980613-03-007,图片新闻,title_length
19980613-03-008,北约拟军事干预科索沃危机,no_topic
19980613-03-009,几比政府军与兵变士兵继续激战,no_topic
19980613-03-010,俄罗斯动手反腐捉『蛀虫』,no_topic
19980613-03-011,科尔在波兰表示希望年轻人了解二战史,no_topic
19980613-03-012,日全国上映委员会等团体抗议右翼破坏《南京1937》上映,no_topic
19980613-03-013,日元汇价跌至八年来新低美称干预难以解决日元疲软,no_topic
19980613-03-014,柬39政党获准参加大选,no_topic
19980613-03-015,"中国和欧盟经贸合作混合委员会第十六次会议六月十日至十一日在布鲁塞尔举行。中国外经贸部部长石广生和欧盟委员会副主席布里坦十一日主持了全体会议。会议就中国加入世贸组织问题进行了深入磋商并取得了积极进展,双方还就此发表了联合声明。为了加强双方在金融、环保、农业和人员培训等领域的合作,石广生与布里坦签署了《中欧金融合作领域谅解备忘录》和『辽宁综合环保』、『中欧环境管理合作』、『白朗农业综合开发』及『职业培训』等四个项目财政协议。",title_length
19980613-03-016,"中国政府向乌克兰政府提供价值五百万元人民币无偿援助物资的换文签字仪式十二日在基辅举行。双方商定,此次无偿援助中的部分物资将用于消除切尔诺贝利核事故造成的危害影响。在签字仪式上,双方还草签了中国政府向乌克兰政府提供五千万元人民币政府贴息优惠贷款的框架协议。",title_length
19980613-03-017,"中国技术进出口总公司与科特迪瓦城市交通运输公司就中国向科特迪瓦出口四百八十辆公共汽车的贸易协定十二日在科特迪瓦的经济首都阿比让签字。这些车分别是由我国丹东公共汽车制造厂和北京公共汽车制造总厂生产的,协定总金额三千五百万美元,这是我国在非洲进行的最大一笔公共汽车贸易。",title_length
19980613-03-018,"国际货币基金组织十日批准了给泰国第四期贷款总额三十九亿美元,首批贷款一点三三亿美元将于近日汇到泰国。这笔贷款将协助泰国重建经济,恢复金融市场的信心。首批贷款一点三三亿美元抵泰之后,国际货币基金组织已经向泰国提供了二十八亿美元贷款。",title_length
19980613-03-019,"韩国现代集团名誉董事长郑周永及其家属一行十五人,将自十六日至二十三日赴朝鲜进行为期八天的访问。韩国统一院发言人称,韩国政府已于本月十一日允许郑周永一行访问朝鲜。郑周永通过韩国红十字会向朝鲜提供的一千头耕牛中,有五百头也将于十六日通过板门店向朝鲜移交。(本报专电)",title_length
19980613-04-001,“沙漠旋风”出师不利“非洲雄狮”尚未睡醒,no_topic
19980613-04-002,舆论仍看好意大利队———B组出线形势简析(附图片1张),no_topic
19980613-04-004,借球骗财知多少,no_topic
19980613-04-005,“第一个误判”,no_topic
19980613-04-006,法兰西集萃,no_topic
19980613-04-008,“纹枰论道”节目将推陈出新,no_topic
19980613-04-009,第八届世界杯拳击赛会徽(图片),short_body
19980613-04-010,"▲正当本世纪最后一届世界杯足球比赛如火如荼展开之际,北京颐和体育广场日前举行了开业仪式和庆祝晚会。颐和体育广场是具有体育、娱乐、餐饮等内容综合性文化场所。主办者之一宁夏玉泉葡萄酒业有限公司负责人认为,把众多的体育爱好者聚集在这里看球、评球,将形成一种体育氛围和文化,为更多的人创造健康和快乐的机会。",title_length
19980613-05-001,中国近代化问题研究述要,no_topic
19980613-05-002,深化精神文明建设的理论研究---读《精神文明建设哲学论丛》,no_topic
19980613-05-003,《管子》的国家战略思想,no_topic
19980613-05-004,对『弘扬』的理解,no_topic
19980613-05-006,《中国政治体制改革纵横谈》,no_topic
19980613-05-007,《应用新闻论》,no_topic
19980613-05-008,《德意志道路现代化进程研究》,no_topic
19980613-05-009,《贸易经济学》,no_topic
19980613-06-001,增加需求改善供给,no_topic
19980613-06-002,转变理财思路促进经济发展,no_topic
19980613-06-003,青山为樽水为酒“世界著名”当不远,no_topic
19980613-06-005,狠抓四个到位做好再就业工作,no_topic
19980613-06-006,图片新闻,title_length
19980613-07-001,致读者,title_length
19980613-07-004,犀利的“杂谈”,no_topic
19980613-07-005,笔耕,title_length
19980613-07-007,二十一世纪我们生产什么---对VCD大战的思考(附图片1张),no_topic
19980613-07-008,《院士思维》:描绘智慧轨迹,no_topic
19980613-07-009,编织时代之网———访思科系统有限公司(附图片1张),no_topic
19980613-07-011,为科教兴国鸣锣开道,no_topic
19980613-08-001,万众携手建家园(附图片3张),no_topic
19980613-08-004,村民生活窘困干部大吃大喝(附图片3张),no_topic
19980614-01-002,全国跨区机收首战告捷江苏安徽河南等省麦收基本结束,no_topic
19980614-01-004,村级班子“四定”好,no_topic
19980614-01-005,朱镕基李瑞环分别会见朱佩,no_topic
19980614-01-006,方寸之间感受人民日报,no_topic
19980614-01-008,下岗职工再创业(附图片3张),no_topic
19980614-01-009,滇池综合治理取得阶段性成果,no_topic
19980614-01-010,图片新闻,title_length
19980614-01-011,父亲的最后嘱托,no_topic
19980614-02-001,中美合作利在双方,no_topic
19980614-02-004,南盟表示将还击北约军事干预,no_topic
19980614-02-006,西藏欢送首批国家机关援藏干部援藏干部为西藏各项事业作出突出贡献,no_topic
19980614-02-007,国家药品监督管理局将强化监管职能让老百姓吃上放心药,no_topic
19980614-02-008,图片新闻,title_length
19980614-02-009,香港举办祖国赠回归贺礼展览各省市区赠送礼物将永久展出,no_topic
19980614-02-010,李仍光舍身救人获金英勇勋章,no_topic
19980614-02-011,秸秆还田有高招,no_topic
19980614-02-012,董建华参观纪念周恩来展览,no_topic
19980614-02-013,中共代表团赴德国葡萄牙访问,short_body
19980614-02-014,意大利总统结束访华,short_body
19980614-02-015,乌拉圭副总统结束访华,no_topic
19980614-02-017,明天气象预报(6月14日20时—6月15日20时),short_body
19980614-02-018,四川加大从严治警力度严肃查处一批违法违纪案件,no_topic
19980614-03-001,雨果故居遐思(附图片1张),no_topic
19980614-03-003,小城一日,title_length
19980614-03-004,"哦,大峡谷",no_topic
19980614-03-005,旅游庄园参观记,no_topic
19980614-03-006,堪培拉秋色(附图片1张),no_topic
19980614-04-005,南昌市还绿于民抚河故道改公园,no_topic
19980614-04-006,温州颁发“政府工作诤言奖”,no_topic
19980614-04-007,历时一年多用石24万块云石拼制《蒙娜丽莎》(附图片1张),no_topic
19980614-04-009,中医大三院不挂特困窗口”标志牌优惠服务静悄悄,no_topic
19980615-01-001,人民日报五十华诞,no_topic
19980615-01-002,亲切的关怀(附图片3张),short_body
19980615-01-003,致读者,title_length
19980615-01-004,人民日报社正门(图片),short_body
19980615-01-005,尉健行接见国企下岗职工再就业先进事迹报告团,no_topic
19980615-01-006,中央电视台19日播出大型电视纪录片,no_topic
19980615-02-001,在与国有企业下岗职工再就业先进事迹报告团成员座谈时,no_topic
19980615-02-002,国家石油和化学工业局令,no_topic
19980615-02-003,为下岗职工办实事,no_topic
19980615-02-004,摆好再就业的『渡船』---记湘潭电机集团再就业服务中心,no_topic
19980615-02-005,众人拾柴火焰高,no_topic
19980615-02-006,急下岗职工之所急,no_topic
19980615-02-007,海关现场办公(图片),short_body
19980615-02-008,全国夏粮近九成收割完毕近期天气对『三夏』较为有利,no_topic
19980615-02-009,云南省鹤庆县积极开发民族饮食文化(图片),short_body
19980615-02-010,南京海关严查走私大要案,no_topic
19980615-02-011,中国军事友好代表团离京赴非洲三国访问,short_body
19980615-02-012,"调整产业结构再造经济优势鸡西,不仅仅有煤",no_topic
19980615-02-014,广西壮族自治区副主席徐炳松涉嫌收受贿赂被依法逮捕,no_topic
19980615-02-015,广州海关打击移动电话走私,no_topic
19980615-03-001,凭实绩用干部依考核定奖惩内蒙古变『伯乐相马』为『赛场选马』,no_topic
19980615-03-002,实绩考核好,no_topic
19980615-03-003,福州海关打击成品油走私,no_topic
19980615-03-004,民进十届三次中常会在京举行,no_topic
19980615-03-006,"本报讯为了加强对入党积极分子的培养教育,保证新党员质量,提高党员政治素质,中央组织部组织局根据新的形势和任务,以及做好发展党员工作的要求,对一九九四年出版的《入党教材》(新编本)进行了修改和补充。近日该书已由中央组织部党建读物出版社出版发行。(钟建设)",title_length
19980615-03-007,"本报讯为了深入学习贯彻党的十五大精神和中央关于加强和改进国有企业党的建设工作的通知精神,中央组织部党建读物出版社最近推出《国有企业党组织参与重大问题决策学习手册》一书。本书将学习理论知识,探索实际问题,交流工作经验紧密结合起来,深入浅出,具有很强的指导性、针对性和操作性。(钟建设)",title_length
19980615-03-008,"本报讯近年来,河南省清丰县委加强农村党建工作,发挥农村党员的模范带头作用,在带头致富、帮助贫困户致富的同时,带出了一支优秀青年队伍。如今,全县三千二百个致富能手中,党员占百分之三十七点五,其中,获『全国青年星火带头人』、省市劳模、县乡致富状元等称号的有八百四十八名。(张衍顺洪磊)",title_length
19980615-03-009,"本报讯被授予湖南省公安系统首批精神文明窗口示范单位的岳阳市巡警支队二大队一年多来,共为群众排忧解难四千七百二十起,破获治安案件二百五十六起,刑事案件四十一起,抓获违法犯罪嫌疑人九百八十名。(赵红云)",title_length
19980615-03-010,"本报讯河南省安阳市公安机关在集中教育整顿中不护短、不遮丑,近日采取多种形式诚恳向辖区学校、工厂及广大群众征求对公安队伍的意见和建议,请社会各界对公安队伍进行监督,从而纯洁公安队伍,提高队伍的整体素质,进一步树立公安民警的良好形象。(刘瑞侠乔保平)",title_length
19980615-03-011,"本报讯山东省无棣县狠抓社会治安综合治理各项措施落实,连续三年被山东省授予综合治理『先进县』称号,一九九七年度又被授予省『治安模范县』称号。",title_length
19980615-03-012,"本报讯北京石景山公安分局八角派出所真诚为百姓服务,今年以来先后制作了《便民卡》、《监督卡》、《服务卡》和《联系卡》,急群众之所急,帮群众之所需,解群众之所求,救群众之所难。派出所规定办理治安案件由过去的一个月缩短到现在的五天内结办,办理各种证照由过去的十五天缩短到三天内审批,受到群众的称赞。(石岩雯)",title_length
19980615-04-001,纪念人民日报创刊五十周年(附图片8张),no_topic
19980615-05-003,武汉家政学院重视培训下岗职工,no_topic
19980615-05-004,“荣耀人”的三年“试验田”,no_topic
19980615-05-005,国际性学术刊物《世界汉学》创刊,no_topic
19980615-05-006,实力稍差拼劲十足伊朗日本双双告负,no_topic
19980615-05-008,斯洛伐克综合艺术展举行,short_body
19980615-05-009,企业管理案例库研讨会开幕,no_topic
19980615-05-011,亚洲两强输在哪里,no_topic
19980615-05-012,西班牙队与尼日利亚队在比赛中(图片),short_body
19980615-05-013,与“票贩”打交道,no_topic
19980615-05-014,法兰西集萃,no_topic
19980615-05-015,中国女排练兵意大利再次负于古巴队获亚军,no_topic
19980615-05-016,日本乒乓球公开赛中国队高奏凯歌,short_body
19980615-05-017,亚洲队怎么办,no_topic
19980615-06-001,美国政要和知名人士撰文指出同中国合作符合美利益,no_topic
19980615-06-002,唐家璇访问几内亚和科特迪瓦,no_topic
19980615-06-003,菲律宾总统会见谢非,no_topic
19980615-06-004,美一华人组织发表白皮书敦促两党采取一致对华政策,no_topic
19980615-06-005,印中友协主席潘迪追悼会举行,no_topic
19980615-06-006,阿拉法特计划改组内阁,no_topic
19980615-06-007,南非掀起中国热,no_topic
19980615-06-008,对八国集团外长会议公报印拒绝接受巴表示失望,no_topic
19980615-06-009,图片新闻,title_length
19980615-06-012,几内亚比绍战火未息难民侨民纷纷撤离国际社会呼吁停火,no_topic
19980615-06-013,国际联络小组讨论科索沃危机俄罗斯反对北约进行军事干预,no_topic
19980615-07-001,景气与信用,no_topic
19980615-07-002,日元下跌———经济关系的制约与连动,no_topic
19980615-07-004,美国经济形势看好招兵买马变难,no_topic
19980615-07-005,东亚经济传真,no_topic
19980615-07-007,图片新闻,title_length
19980615-09-001,减员有序下岗有度,no_topic
19980615-09-002,爱心无价(附图片2张),no_topic
19980615-09-003,小煤窑再敲警钟,no_topic
19980615-10-001,警惕伸向国际结算的黑手,no_topic
19980615-10-002,小资料,title_length
19980615-10-003,加快公开市场操作步伐,no_topic
19980615-10-004,个人投保1800万元广东:巨额寿险“浮出水面”,no_topic
19980615-10-005,谨防企业改制中的虚假行为,no_topic
19980615-10-006,证券投资风险(七),short_body
19980615-10-007,上证综合指数日K线图(图片),short_body
19980615-10-008,沪市上周上涨前五名(%),short_body
19980615-10-009,沪市上周下跌前五名(%),short_body
19980615-10-011,深证成份指数日K线图(图片),short_body
19980615-10-012,深市上周上涨前五名(%),short_body
19980615-10-013,深市上周下跌前五名(%),short_body
19980615-10-014,"本报讯中国证券业协会主办的全国证券营业部经营管理工作经验交流会将于一九九八年六月十六日至十七日在北京科技会堂召开。这是中国证券市场恢复发展以来首次召开的全国范围的此类会议。会议期间,各地方证券业协会或中国证券业协会各会员公司推荐的证券营业部代表将介绍各自营业部在遵纪守法、规范经营、防范风险、优质服务等方面的经验、做法和体会;同时,本次会议还将讨论通过以防范金融风险、规范营业部经营行为为主要内容的倡议书。(王燕红杨小兵)",title_length
19980615-10-015,"本报讯中国工商银行北京市新街口支行坚持把『客户满意』作为衡量全行工作的唯一标准,有力地促进了各项金融业务的发展和全行建设。一九九七年度该行人均人民币存款达五百万元,人均利润达一百零一万元。今年以来,该行又先后推出了一系列服务新举措。为了减少办理『应解汇款』客户的麻烦,他们专门制作了一种特殊的服务卡,在卡片上详细注明了『应解汇款』凭条的填写方法,该行地安门分理处率先在工商银行系统开设了一个『十万元以上储蓄专柜』,及时、快速地为储蓄大户办理存、取款业务,这一专柜被储蓄大户誉为『绿色通道』。",title_length
19980615-10-016,"本报讯年初以来,桂林市国税局根据外资企业税收特点,全面推行涉外税收规范化管理,努力营造依法治税、依率计征的良好环境。截至五月三十一日,共组织『两税』入库五千九百八十六点五万元,比去年同期增收两千零七十一万元,增长百分之五十三点一四,完成年度计划任务的百分之五十一点九,提前一个月实现时间过半、任务过半。该局涉外分局,在征管上实行三个严格:即严格纳税申报制度;严格发票管理制度,尤其是增值税专用发票的管理;严格税收稽查。",title_length
19980615-11-001,亦喜亦忧老字号,no_topic
19980615-11-002,虚假广告真骗人食品怎能当药卖,no_topic
19980615-11-003,家庭影院如何进入家庭,no_topic
19980615-11-004,大要大得方便,no_topic
19980615-11-005,外国游客到我家,no_topic
19980615-11-006,虚假广告成为投诉热点,no_topic
19980615-11-007,蜜饯味好小心吃国家质检合格率不足一半,no_topic
19980615-11-008,京城又见『拉洋片』(图片),no_topic
19980615-11-009,『留下买路钱』(图片),no_topic
19980616-01-001,永远让人民满意———哈尔滨市东莱街派出所纪事(上),no_topic
19980616-01-002,牢记宗旨永不忘,no_topic
19980616-01-003,全国人大常委会举行委员长会议,no_topic
19980616-01-004,人民日报纪念创刊五十周年,no_topic
19980616-01-005,李鹏会见二阶堂进,no_topic
19980616-01-007,全国政协举行主席会议李瑞环主持决定九届二次常委会今日举行,no_topic
19980616-01-008,广东集中销毁走私盗版光盘,no_topic
19980616-01-009,订阅人民日报50年,no_topic
19980616-01-010,编者的话,title_length
19980616-02-001,振奋精神更新观念自强自立积极进取,no_topic
19980616-02-003,党政一把手负总责全社会齐抓共管(附图片1张),no_topic
19980616-02-004,把再就业工作做得更细更实(附图片1张),no_topic
19980616-02-005,全国优质棉生产基地---河南省尉氏县(图片),short_body
19980616-02-007,行政事业单位业务招待费列支有规定,no_topic
19980616-02-008,重庆金融机构十九名干部违规操作受处分,review: 违规处分，金融与法治交叉
19980616-02-011,我国有劳动力8·4亿去年城镇登记失业率3·1%,no_topic
19980616-03-001,拓展工作领域维护合法权益共青团权益工作成效明显,no_topic
19980616-03-002,无愧于共产党人的光荣称号,no_topic
19980616-03-003,"本报讯近年来,北京军区某测绘大队先后安排257名干部参加在职或脱产及函授大专、本科班的学习,现在这个大队具有大专以上学历的专业技术干部已占官兵总数的66%。(阎洪华张金春)",title_length
19980616-03-004,"本报讯辽宁省凤城市交警大队与市医院、保险公司共同筹建了一条立体连动的“绿色生命通道”。凡保险公司承保的车辆因交通事故造成人员受伤的,伤者会及时得到抢救和治疗,费用在保险公司每年事先交给医院的预备金中支付,而后交警大队根据事故责任裁定最后责任人,最终支付费用。(吕涛于胜章)",title_length
19980616-03-005,"本报讯近日,新疆阿勒泰地区“助老公益药房”在福海县中医院挂牌。自即日起,全地区首批领到“救助医疗卡”的304名贫困老年患者,就可以在就诊点得到救助性医疗服务。(蒿连升)",title_length
19980616-04-002,中意两国发表联合声明,no_topic
19980616-04-003,宋健会见日本客人,no_topic
19980616-04-004,图片新闻,title_length
19980616-04-005,香港新机场举办最后一次试运作,no_topic
19980616-04-006,黄作兴———从战士到“骑士”(附图片1张),no_topic
19980616-04-007,河北中层领导干部竞争上岗一批优秀年轻干部走上领导岗位,no_topic
19980616-04-008,菇场的笑声,no_topic
19980616-04-010,明天气象预报(6月16日20时—6月17日20时),no_topic
19980616-05-003,治荒沙改变面貌柳杨堡门窗可朝南开,no_topic
19980616-05-004,创造蓝色辉煌---访国家海洋局局长张登义(附图片1张),no_topic
19980616-05-006,空军总医院实施冠心病治疗新技术,multiple_topics
19980616-05-008,不管是输是赢六队教头大都认为“我们踢得不错”,no_topic
19980616-05-009,风格质朴经验不足---法国舆论评日本、伊朗队,no_topic
19980616-05-010,谁持彩练当空舞,no_topic
19980616-05-011,NBA总决赛公牛六夺桂冠(附图片1张),no_topic
19980616-05-012,法兰西集萃,no_topic
19980616-05-014,○中国明星足球队将赴法观战世界杯,short_body
19980616-05-015,○两名中国少年将担任公平竞争大使,short_body
19980616-05-016,○李宁体育用品公司与杜邦公司携手,short_body
19980616-05-017,本报讯记者艾笑报道:全国儿童铁缺乏防治指导中心主任、中国工程院院士胡亚美教授日前在京接受了武汉健民药业集团捐赠的120箱国家级新药“健脾生血颗粒”。这些药将用于全国儿童缺铁性贫血防治。,title_length
19980616-05-018,"本报讯公安部、安全部、国家教委的有关专家学者组织编写的《中小学禁毒知识读本》日前由海洋出版社出版。该书严格把握中小学生身心特点和接受需求,从教育、保护、预防及挽救等几个角度展开论述,融科学性、普及性、针对性和可读性为一体。(张维特)",title_length
19980616-05-019,"本报讯北京市新街口医院日前开设糖尿病特色门诊,他们在系统研究国内治疗糖尿病方法的基础之上,广集各家之长,采用纯中药治疗糖尿病取得效果。这种疗法能改善机体胰岛素功能,并能调节体内糖代谢。(科文)",title_length
19980616-06-001,我驻美大使谈克林顿访华中美正积极准备,no_topic
19980616-06-002,北约在巴尔干举行空军演习索拉纳重申武力解决科索沃问题,no_topic
19980616-06-003,文莱领导人会见谢非,no_topic
19980616-06-004,军事干预非良策,no_topic
19980616-06-005,加深相互了解扩大战略共识———写在克林顿总统访华之前,no_topic
19980616-06-006,伊同特委会达成核查协议,no_topic
19980616-06-007,几比再度发生激战,no_topic
19980616-06-008,埃厄同意停止相互空袭埃及愿调解埃厄冲突,no_topic
19980616-06-009,埃巴指责以拒绝美方案,no_topic
19980616-06-010,金大中访美为经援,no_topic
19980616-06-011,纽约举行世界国旗日大游行(图片),short_body
19980616-06-012,"厄瓜多尔最高法院第二审判庭日前对正在巴拿马流亡的前总统阿夫达拉·布卡拉姆进行缺席审判,以诬陷罪判处他有期徒刑两年。布卡拉姆1996年7月当选厄瓜多尔总统,同年8月10日宣誓就职。半年后,议会以其治国无方为由将他罢免,布卡拉姆逃往巴拿马避难。",title_length
19980616-06-013,"印度尼西亚总统哈比比15日发布总统令,宣布撤换总检察长。印尼国务秘书阿克巴尔·丹戎15日在会见哈比比后宣布,武装部队法律建设机构主席安迪·穆罕默德·加利布将代替苏佐诺担任总检察长。丹戎没有说明解除苏佐诺职务的原因。",title_length
19980616-06-014,"俄罗斯国防部15日宣布,召回俄罗斯驻北约的军事代表扎瓦尔津中将。国防部在宣布这一决定时没有说明召回扎瓦尔津的原因,但舆论认为,这同北约决定15日在科索沃地区举行空军演习有关。",title_length
19980616-06-015,"以色列特拉维夫法院14日裁定杀害前总理拉宾的凶手阿米尔的女友玛格丽特·哈谢菲有罪,因为她事先知道阿米尔行刺拉宾的计划,但却未采取任何行动予以阻止。阿米尔因1995年11月4日在一次和平集会上开枪杀害拉宾总理,已被法院判处终身监禁。(据新华社电)",title_length
19980616-07-001,女失业者创办职业介绍所,no_topic
19980616-07-002,黑海经济合作进入新阶段,no_topic
19980616-07-003,东京《时报》刊登署名文章指出日本应负起经济大国责任,no_topic
19980616-07-004,欧盟加的夫首脑会议开幕,no_topic
19980616-07-006,全球年消费黄金近千吨,no_topic
19980616-07-007,激光唱盘要更新可惜制式不兼容,no_topic
19980616-07-008,印度飓风横扫两个邦百姓死亡近千人,no_topic
19980616-07-009,圣彼得堡毒品泛滥上瘾人数成千上万,no_topic
19980616-07-010,莫斯科持续高温(图片),short_body
19980616-07-011,亚洲国家加强管理流入资本,no_topic
19980616-10-001,领导干部要讲气节,no_topic
19980616-10-002,地区经济结构调整中的辩证关系,no_topic
19980616-10-003,为什么是『长远战略问题』,no_topic
19980616-11-001,方寸纳世界佳邮博古今---一九九七全国获奖邮票赏析(附图片20张),no_topic
19980616-11-002,最佳邮票评选为什么越办越红火,no_topic
19980616-12-002,沙化和绿化之战---大漠归来话治沙(附图片1张),no_topic
19980616-12-003,不信东风唤不回,no_topic
19980616-12-004,多了解掌握防癌知识---访肿瘤专家郑伟达,no_topic
19980616-12-005,受损脑细胞不能再生吗?,no_topic
19980616-12-006,株洲编织计生服务网,no_topic
19980617-01-002,国家发展计划委员会与本报共同举办座谈会提出,no_topic
19980617-01-003,政协九届常委会二次会议举行报告会,no_topic
19980617-01-004,论润物无声,no_topic
19980617-01-005,五月份国民经济呈现回升态势,no_topic
19980617-01-006,全国政协九届常委会二次会议举行,no_topic
19980617-01-007,张太雷诞辰100周年座谈会举行胡锦涛出席曾庆红讲话,no_topic
19980617-01-008,三十四载旗正红———哈尔滨市东莱街派出所纪事(下),no_topic
19980617-01-009,建仓收粮忙(附图片2张),short_body
19980617-01-011,"今年是我国恢复研究生招生与培养制度20周年。20年来,西安交通大学已授予博士学位1000人,硕士学位7000人。目前有36个博士学位授权点和75个硕士学位授权点,每年招生规模达1400人,其中博士生320人。",title_length
19980617-01-012,"内昆铁路北段日前正式开工。内昆铁路由四川内江经宜宾至昆明,为一级电气化干线铁路。新开工的北段由宜宾的安边至梅花山,长367公里,其中桥梁和隧道177公里,概算总投资约120亿元,设计工期4年。(童顺鸣罗茂城)",title_length
19980617-01-013,"由铁道部和云南省合资修建的广大铁路16日全线铺通。广大铁路东起成昆线上的广通站,途经楚雄彝族自治州,西至大理白族自治州州府所在地大理市,全长206公里。广大铁路的建设,对开发滇西丰富资源,促进云南民族地区各项事业的发展具有重大的意义。(孙林熊)",title_length
19980617-02-001,下岗当自强再创新天地,no_topic
19980617-02-002,供销合作总社发出紧急通知制止赊销和违规降价售棉,no_topic
19980617-02-003,世行为我国农业贷款1.5亿美元,multiple_topics
19980617-02-005,转变观念面向市场景德镇下岗职工自谋职业,no_topic
19980617-02-006,冀东新码头(图片),short_body
19980617-02-007,浙江第一跨(图片),short_body
19980617-02-009,牵线搭桥,title_length
19980617-02-010,我国推广节能门窗及管材,no_topic
19980617-02-011,财大不气粗,no_topic
19980617-02-012,长春私营企业联合吸纳下岗职工,no_topic
19980617-02-013,株洲一私营企业安置3600名下岗职工,no_topic
19980617-02-014,中行为厦航提供全面金融服务,short_body
19980617-02-016,船进港网入库人上岸我国首次施行伏季休渔,no_topic
19980617-02-017,鞍山工商再塑形象10名违纪干部受处分,no_topic
19980617-02-018,"本报讯宜昌海关作为武汉关区直接服务三峡工程建设的基层海关,在通关环节上提供快捷、优质、高效的服务。今年以来宜昌海关已为三峡二期工程办理进口物资转关十七笔,共计三千七百三十五吨,总价值二千九百五十万美元。(关宣)",title_length
19980617-02-019,"本报讯在六月二十三日开幕的第五届北京国际汽车工业博览会上,欧洲著名高级轿车公司奥迪将带来其老式汽车、概念车和最畅销的A4、A6、A8。今年夏季,奥迪公司将在中国花费数百万美元的广告费。(晓李)",title_length
19980617-02-020,"本报讯今年三月份以来,山东省单县地税局加强对个体私营业户的税收征管,查处漏管户三十九户,查补税款三十七万元。同时合理调整了税负,积极推进个体私营业户建账建制。(阎新)",title_length
19980617-02-021,"本报讯一种由电脑设计操作无版印刷、可以连续生产条幅标语和彩旗的设备『条幅先生』制作系统近日投放北京市场。这一系统包括电脑设计系统、电脑刻字机和热转印机,由北京天树幻景电脑科技有限公司引进。(金恭)",title_length
19980617-02-022,"本报讯江苏新沂科达电子有限公司成功研制出『达康利』牌自来水专用净化消毒水机,清洗瓜果、蔬菜时可分解上面残留的农药、毒素、病菌等。(华冰)",title_length
19980617-03-003,台盟六届中常会三次会议举行,no_topic
19980617-03-004,西藏军区表彰抗雪救灾功臣,no_topic
19980617-03-005,律师成就展开幕,no_topic
19980617-03-006,"本报讯由最高人民法院办公厅和中国实验话剧院联合摄制的电视剧《大法庭》日前在京开机。这部以庄严的法庭为背景的二十集电视连续剧,通过法院对各类案件的审理,将从法律的角度形象地向人们展示一幅社会生活的时代画卷。",title_length
19980617-03-007,"本报讯驻黄海前哨的济南军区第一四一医院在保证为部队官兵服务一条龙的同时,利用多种形式为驻地群众送医送药,无私支援驻地医疗事业的发展,每年平均为群众诊治病人三十余万人次,被社会各界亲切誉为『爱民医院』。(姚锋)",title_length
19980617-03-008,"本报讯近年来,解放军总后勤部华东物资局南京物资供应站认真贯彻《中国人民解放军物资条例》,着力研究新时期军队物资统筹统供的组织形式和管理办法,推出全天候、全时日、全方位保障举措,实行二十四小时值班制度,保证了用户一到随时装卸、随时结算。该站近两年共接待用户四千八百多人次,为用户提供各类咨询服务四千六百多次,帮助用户排忧解难三千八百多次。(方先云)",title_length
19980617-03-009,"据新华社成都六月十六日电(廖仕雄)解放军总装备部空气动力研究基地今天对新建的亚洲最大跨声速风洞进行气密性试验检测,获得了成功。检测结果表明,这一跨声速风洞性能良好,有关技术指标达到了设计要求。",title_length
19980617-04-001,咬定青山不轻松,no_topic
19980617-04-003,原海南省人大常委会副主任辛业江受贿被判刑,no_topic
19980617-04-004,温家宝会见德国客人,short_body
19980617-04-005,吴邦国会见缅甸电力代表团,no_topic
19980617-04-008,刘华清等参观本报五十年珍藏书画展,no_topic
19980617-04-009,王昆从艺60周年纪念活动举行,no_topic
19980617-04-010,明天气象预报(6月17日20时—6月18日20时),no_topic
19980617-05-003,不搞短期行为永续利用资源东港放鱼归海年年有鱼,no_topic
19980617-05-004,在深化和应用上下功夫西南交大邓小平理论学习蓬勃兴起,no_topic
19980617-05-005,北京集中销毁非法音像和电子出版物(附图片1张),review: 非法出版物销毁，实际为执法报道
19980617-05-006,邓小平理论进教材进课堂辽大『邓小平理论研究中心』发挥辐射作用,no_topic
19980617-06-001,各界人士举行中美关系研讨会,no_topic
19980617-06-002,印度党派矛盾激化政府内外交困,no_topic
19980617-06-004,澳大利亚领导人会见董建华,no_topic
19980617-06-005,韩企业家访问朝鲜,no_topic
19980617-06-006,瓦杰帕伊会见孟总理,no_topic
19980617-06-007,科索沃问题俄美希望尽快解决危机南总统同意与阿族谈判,no_topic
19980617-06-009,美议员发出忠告国会反华气氛损害美利益,no_topic
19980617-07-001,交流·合作·友谊———在华美国专家工作剪影,no_topic
19980617-07-002,『中国值得我再来几次』---戴维·沃伦教授在清华园(附图片1张),no_topic
19980617-07-003,青藏高原不解缘———访中科院外籍院士伯奇费尔(附图片1张),no_topic
19980617-07-004,孜孜笔耕为友谊---记外文局专家卓科达(附图片1张),no_topic
19980617-07-005,跨越国界的志愿者———马克·考斯曼先生与中国计划(附图片1张),no_topic
19980617-08-003,"▲为了满足广大青少年篮球爱好者的要求,宋晓波篮球俱乐部将举办暑期训练班和篮球夏令营,面向全国招生。黄频捷、宋晓波等将亲临现场指导。报名从六月十八日开始。",title_length
19980617-08-005,醉卧沙场君莫笑,no_topic
19980617-08-006,胜负一瞬间---六教头赛后吐心曲,no_topic
19980617-08-007,不甘早早返家风笛依旧回响苏格兰1∶1逼平挪威(附图片1张),no_topic
19980617-08-008,法兰西集萃,no_topic
19980617-09-001,本想发财走捷径结果损失六百万,no_topic
19980617-09-002,五十春秋风和雨读者相伴又相知———人民日报五十华诞读者寄语选登,no_topic
19980617-09-003,无烟不成戏?!(附图片4张),no_topic
19980617-09-005,人生最盼是良缘,no_topic
19980617-09-006,松滋市加强信访工作,no_topic
19980617-09-007,樟树市抗税案件增多,no_topic
19980617-09-008,从『转念一想』说开去,no_topic
19980617-10-001,发扬传统不负众望,short_body
19980617-10-002,献上一份厚礼,no_topic
19980617-10-003,感受时代脉搏跳动,no_topic
19980617-10-006,人民日报为人民,no_topic
19980617-10-008,"想群众所想,急群众所急",no_topic
19980617-10-009,企业对党报感情深,no_topic
19980617-10-010,学好用好党报,no_topic
19980617-10-012,新县城里卖豆花(图片),short_body
19980617-10-013,取消『标准答案』如何?,no_topic
19980617-10-015,“灰指甲”的防与治,no_topic
19980617-10-016,违法放贷受制裁,no_topic
19980617-12-001,功勋垂青史英气留世间———纪念张太雷同志诞辰一百周年,no_topic
19980617-12-002,做好统一战线成员的思想政治工作,no_topic
19980617-12-003,党外人士的朋友———保定市委书记么金铎重视统战工作侧记,no_topic
19980617-12-004,实施『五个拓展』广辟联谊资源武汉市海联会十年引资五十亿,no_topic
19980617-12-005,“微观帮助办实事”———佳木斯市政协实施再就业工程侧记,no_topic
19980617-12-006,中国农工民主党,no_topic
19980617-12-007,甘肃下岗职工喜当政协委员,no_topic
19980617-12-008,扶贫义诊(图片),short_body
19980618-01-001,江泽民接受美国记者采访,no_topic
19980618-01-002,努力建立中美建设性战略伙伴关系,no_topic
19980618-01-003,『改革大潮中的中国律师』展出,no_topic
19980618-01-004,李岚清在国务院学位委员会第十六次会议上强调,no_topic
19980618-01-005,温家宝在全国城镇住房制度改革与住宅建设工作会议上强调,no_topic
19980618-01-006,《我与人民日报》征文评选揭晓,no_topic
19980618-01-007,展示江泽民主席访美画册《历史的聚焦》近日出版,no_topic
19980618-01-009,"中保财产保险有限公司与中华供销合作总社棉麻局17日在京就国家储备棉保险续保签约。中保财产保险公司为国储棉承保了总保额为150亿元人民币的财产综合险责任,分散国储棉储存中的各种风险。",title_length
19980618-01-010,"汕头深水港疏港铁路日前正式开通运营。汕头深水港疏港铁路从汕头火车客站北端接轨至深水港区,全长6.28公里,港区至汕头火车北货站运营里程9.43公里,年设计运输能力近期290万吨、远期580万吨,总投资1.1亿元。",title_length
19980618-01-011,"日前,国家“九五”重点工程株(洲)六(盘水)复线贵州段最长的桥梁———重安江大桥破土动工。这标志着株六复线黔东南段建设正式启动。这座由铁道部铁五局承建的大桥全长634米,位于黔东南州凯里市翁当村重安江上。",title_length
19980618-01-012,"上海正在加紧开设10条旅游交通专线,本月内将首批开通旅游一号线和二号线,其余8条专线也将在10月前开通。由此,上海将形成一个以上海8万人体育场为中心,向各旅游景点全面辐射的旅游交通专线网络。(除署名外据新华社)",title_length
19980618-02-001,国家经贸委发布工作意见强调力争今年国企改革发展有新突破,no_topic
19980618-02-002,城市基础设施嗷嗷待哺,no_topic
19980618-02-003,全国治乱减负『切一刀』任务基本完成,no_topic
19980618-02-004,金杯客车活力从何来,no_topic
19980618-02-005,四川前5个月利用外资高速增长,no_topic
19980618-02-006,青岛海尔集团建立“服务兵”队伍(图片),short_body
19980618-02-008,湛江基金会六名违纪违法人员受处理,no_topic
19980618-02-011,福建外贸保持平稳发展态势,short_body
19980618-02-012,黑龙江中俄边境旅游异军突起,no_topic
19980618-02-013,"本报讯第九届哈尔滨经济贸易洽谈会日前开幕,60个国家和地区的1152家企业参展,与会客商达5270名,在本届哈洽会上,将推出1078户中小企业公开招商引资。(董伟)",title_length
19980618-02-014,"本报讯香港启德机场将于7月5日晚间正式关闭,搬迁正在顺利进行。7月6日新机场启用当日,预计将有400架次航班正常起降。(冯霄)",title_length
19980618-02-015,"本报讯中国免税品公司目前已跻身全球免税品销售商50强,排名第二十位。中免公司成立于1984年,迄今已在全国22个省、自治区、直辖市的80多个主要出入境口岸设立了130家免税店,年销售额达2亿美元。(曲哲涵)",title_length
19980618-02-016,"本报讯铁道部南昆线指挥部近期对南昆优质工程评选完毕,广东肇庆铁五局三处16项工程榜上有名。(张林书)",short_body
19980618-02-017,"本报讯一个旨在与俄罗斯市场对接、促进中俄经贸和经济技术合作的加工园区,近日在哈尔滨揭牌。对俄加工园区位于国家级开发区哈尔滨经济技术开发区中心,不仅可以直接利用已经建成的基础设施,而且还可以享受国家级开发区的优惠政策和当地的优惠政策。(王一工赵力)",title_length
19980618-03-001,情到真处爱更浓---东莱警嫂话东莱民警,no_topic
19980618-03-002,公开推荐考试考察内蒙古加大年轻干部选拔力度,no_topic
19980618-03-003,督查防范服务保障全国建立警务督察队1565个,no_topic
19980618-03-004,抓基层打基础促创建保平安虞城努力创建治安模范县,no_topic
19980618-03-005,难忘的友情,no_topic
19980618-03-006,玉环公安机关科技强警,multiple_topics
19980618-03-007,慰问英雄父母(图片),short_body
19980618-03-008,汕头注重消防培训五万余消防骨干活跃在基层,no_topic
19980618-03-009,"本报讯『珍爱生命,拒绝毒品』全国禁毒展览,将在瀛海威公司的协助下充分利用因特网的多媒体和交互特性,进一步丰富禁毒内容,建成一个禁毒专门网站(http∶//www2.ihw.com.cn/jindu),拥有独立网址和电子信箱,成为国家禁毒宣传工作和向全世界展示中国政府与人民禁毒决心的重要窗口。(单慧敏)",title_length
19980618-03-010,"本报讯济南军区后勤某分部各级党委机关强化思想政治工作,一九九五年以来先后教育转化后进战士二十七名,发现并消除事故案件隐患三十多起,分部已连续十四年被军区后勤评为安全无事故先进单位。(李鲁闽李松明)",title_length
19980618-03-011,"本报讯河南镇平县委、县政府积极引导城市下岗职工转变就业观念,目前该县已有一千三百多名下岗职工踊跃投资农业,涉及农、林、牧、果等六个产业八十多个项目,投资额达二百多万元。(陈军显邵军)",title_length
19980618-03-012,"本报讯辽宁丹东公安边防检查站重视提高官兵的业务素质,为提高检查员队伍的外语水平,他们专门聘请丹东市朝鲜族中学专职教师对全体检查人员进行培训,同时投入大量资金购买了教材,为学习提供了良好保证。(季冠宏)",title_length
19980618-03-013,"本报讯北京西站公安段日前开展了整顿治安的专项治理活动,专门抽调了十五名警察组成巡逻队,动静结合,认真对站区及广场进行清理整顿,为旅客创造了一个优良的候车环境。(刘建峰)",title_length
19980618-03-014,"本报讯连续两年获得全国双拥模范城殊荣的上海市虹口区拥军优属又有新举措,近日在该区江湾镇成立全市首家军烈属医疗保健中心,三百三十三户军烈属从此有了自己的『保健医生』。它主要是为辖区内的军烈属建立医疗保健档案卡、定期为病人举办保健讲座、提供医疗保健服务。(刘谦)",title_length
19980618-04-001,中宣部等单位联合召开座谈会研讨《花季雨季》等4部国产优秀影片,no_topic
19980618-04-002,廉政从常委做起,no_topic
19980618-04-007,傅全有同哈萨克斯坦总长会谈,no_topic
19980618-04-008,郑州志愿者捡拾风景区垃圾,no_topic
19980618-04-009,张华同志逝世,no_topic
19980618-04-010,武汉“绿马甲”深受市民欢迎,no_topic
19980618-04-011,世博会拍卖活动首次开槌,no_topic
19980618-04-012,吴仪会见英国客人,no_topic
19980618-04-013,图片新闻,title_length
19980618-04-014,明天气象预报(6月18日20时—6月19日20时),no_topic
19980618-05-001,防治荒漠扩展保护绿色家园,no_topic
19980618-05-002,汇仁医院新疗法新技术形成系列,multiple_topics
19980618-05-004,中华人民共和国核两用品及相关技术出口管制条例,review: 出口管制法规，科技与法治交叉
19980618-05-006,黑石礁的劫难,no_topic
19980618-05-008,西藏建起“蓝天春蕾”女童班(图片),short_body
19980618-05-009,我国地形图更新速度将加快,no_topic
19980618-05-010,泰维安干燥设备形成系列化,short_body
19980618-06-001,美三位前总统等致信国会呼吁维护美中战略关系,no_topic
19980618-06-002,科索沃问题南俄强调政治解决危机阿对俄南总统会谈不满,no_topic
19980618-06-003,欧盟峰会议而不决,no_topic
19980618-06-004,卢森堡大公储会见姜春云,no_topic
19980618-06-005,中共代表团访问德国,no_topic
19980618-06-006,董建华在新西兰发表演讲香港现状显示“一国两制”成功,no_topic
19980618-06-007,欧盟首脑会议闭幕,no_topic
19980618-06-008,西哈努克发表告同胞书号召人民踊跃参加大选,no_topic
19980618-06-009,第一届非洲信息和通信技术展览会开幕(图片),short_body
19980618-06-011,围绕西岸撤军事宜以内阁发生争吵多数以色列人支持继续和谈,no_topic
19980618-06-012,花木兰走进迪斯尼,no_topic
19980618-06-013,几比缘何发生战乱,no_topic
19980618-07-001,日元贬值令人忧,no_topic
19980618-07-002,卢森堡金融监管执法严,multiple_topics
19980618-07-004,美商界呼吁国会应延长中国最惠国待遇(附图片1张),no_topic
19980618-07-005,《纽约时报》载文批评日美不干预日元贬值,no_topic
19980618-07-007,私人飞机闯马岛阿国公民遭囚禁,no_topic
19980618-07-008,新西兰客机遭鸟撞迫降幸无恙,no_topic
19980618-07-009,魏根深:欧中对话有助世界稳定,no_topic
19980618-07-010,日经济界人士认为日本应阻止日元贬值,no_topic
19980618-08-001,终场前一脚命中奥地利起死回生,no_topic
19980618-08-002,谁是A2(附图片1张),no_topic
19980618-08-003,教练评球,title_length
19980618-08-004,法兰西集萃,no_topic
19980618-08-006,创新才有生命力,no_topic
19980618-08-007,足协杯赛万达全兴晋级,short_body
19980618-08-008,中国拳手获历史性突破,short_body
19980618-09-001,荷藕俏销肉鸽四飞宝应:面向市场活经济,no_topic
19980618-09-002,产业化的『四个载体』,no_topic
19980618-09-003,博爱兴办村级农民学校,multiple_topics
19980618-09-005,汉寿信息产业势头强,no_topic
19980618-09-006,如此『形象工程』,no_topic
19980618-09-007,小麦“土专家”赵守义(图片),short_body
19980618-10-001,金融安全与法制建设,multiple_topics
19980618-10-003,《中国共产党党章教程》,no_topic
19980618-10-004,群众观点的几个不等式,no_topic
19980618-10-005,如何理解“两个不同”,no_topic
19980618-11-001,将扶贫的接力棒传下去(附图片2张),no_topic
19980618-11-002,张忠与光明同行,no_topic
19980618-11-003,大上海结亲小山寨,no_topic
19980618-11-004,周光强壮志圆我青春梦(附图片1张),no_topic
19980618-11-005,董明珠的成功秘诀———全身心地投入,no_topic
19980618-11-006,"锦州,有这样一群年轻的武警",no_topic
19980618-11-007,“铁饭碗”换来“聚宝盆”,no_topic
19980619-01-001,长风破浪正当时--祝贺中国共产主义青年团第十四次全国代表大会开幕,no_topic
19980619-01-002,贯彻江主席题词精神立足部队建设需要,no_topic
19980619-01-003,中华人民共和国减灾规划(1998—2010年),no_topic
19980619-01-004,胡锦涛要求组织部门领导干部带头讲学习讲政治讲正气,no_topic
19980619-01-005,共青团十四大今日开幕38个代表团全部抵京,no_topic
19980619-01-007,四川加大投资力度拉动经济增长基础设施建设投资比上年增长25·5%,no_topic
19980619-01-008,图片新闻,title_length
19980619-01-010,"我国最大的润滑油生产企业———长城润滑油集团有限公司18日在北京正式成立。长城润滑油集团公司的成立,是中国石化总公司采取控股、参股、兼并等方式,将北京燕山石化集团公司润滑油公司等润滑油生产企业与长城高级润滑油公司联合组建起来的。(王彦田)",title_length
19980619-01-011,"今年1至5月,天津港保税区完成协议投资总额3.47亿美元,外资到位1.25亿美元,主要经济指标保持增长,国内生产总值完成9.91亿元,同比增长26%;进出口货物总值完成18.68亿美元;税收完成1.12亿元;实现销售收入53.19亿元。(张红陈杰)",title_length
19980619-01-012,"由清华大学水利水电设计研究所设计、葛洲坝集团一分公司中标承建的新疆玛纳斯塔西河石门子水库18日开工。这座坝高110米、总库容5014万立方米的山区水库,计划总投资2亿元,2000年竣工后,可扩大灌溉面积18万亩,改善灌溉面积30万亩。(祝谦)",title_length
19980619-01-013,"虽然受到天气不利、仓容紧张等因素影响,安徽各地腾仓倒库、资金调度等准备措施充足,夏季粮油收购开磅顺利,一些先期收购的粮区粮食入库进度较快、粮质较好。(据新华社)",title_length
19980619-02-003,番禺海关连查两起柴油走私大案,no_topic
19980619-02-004,内贸局发出紧急通知加强国产食糖购销和地方储备,no_topic
19980619-02-005,科龙大力开拓国际市场容声冰箱东北生产基地正式投产,no_topic
19980619-02-006,富康轿车首次碰撞试验成功,no_topic
19980619-02-007,"本报讯为迎接长虹实现股份制改制10周年和长虹彩电生产销售突破3000万台,四川长虹公司近日起在京举办高新技术产品展示会。展示会展出了该公司新研制的“红双喜”系列数字化彩电、长虹VCD以及具有模糊逻辑控制功能的长虹空调等。(李真)",title_length
19980619-02-008,"本报讯最近,邯郸市市容环卫局在下岗女工中招收100余名“巾帼市容卫生监督员”。“洁嫂”们上岗时佩戴着统一制作的“市容卫生监督员”标志;实施行政处罚时,持有邯郸市人民政府法制局颁发的《协助行政执法证》。",title_length
19980619-03-001,反腐败勇士姜瑞峰,no_topic
19980619-03-002,东莱派出所先进事迹报告会举行,no_topic
19980619-03-004,机关治“臃”基层治“匮”文安百名机关干部下农村任职,review: 干部下乡任职，政治组织建设为主要内容
19980619-03-005,邱娥国参加东莱派出所先进事迹报告会(图片),short_body
19980619-03-006,武警北京某中队忠于职守受表彰,no_topic
19980619-03-007,"本报北京六月十八日讯记者胡健报道:今天下午,北京支部生活杂志社举办『党的建设前沿问题座谈会』,以此来纪念创刊四十周年。会上,有关领导和专家学者就如何进一步用邓小平理论武装全党,如何以改革的精神加强和改进国有企业特别是困难企业党的建设等问题进行了热烈而深入的研讨。中共北京市委副书记于均波、中央党校副校长杨春贵等在会上发了言。",title_length
19980619-03-008,"本报讯日前,江苏省泰兴市委、市政府、市文明委领导与二十二个首批确定的精神文明建设重点单位建立了精神文明建设联系制度,并规定了精神文明建设重点工作的具体内容和责任制等。(孙茂庆)",title_length
19980619-03-009,"本报讯天津铁路公安处北戴河车站派出所近日被天津市公安局评为『一九九七年规范化管理先进单位』。这个所党支部从规范化管理入手,狠抓基础建设,提高了民警的政治、业务素质和执法水平,逐步树立起『政治坚定,业务娴熟,执法严格,服务热情,团结协作,保一方平安』的铁警形象。(彭建设)",title_length
19980619-03-010,"本报讯沈阳铁路公安局自今年初开展打击贩毒专项斗争以来,充分发挥职能作用,取得了突出成果。截至六月中旬,全局查获贩毒案件三十一起,其中重特大案件七起,缴获毒品海洛因六百七十克,盐酸吗啡剂四百九十一支,鸦片五十七克,抓获贩毒嫌疑人三十三名。(郭东旭)",title_length
19980619-04-002,难忘西柏坡的小平房,no_topic
19980619-04-003,舒同同志生平,no_topic
19980619-04-004,舒同同志遗体在京火化,no_topic
19980619-04-005,未来一周天气趋势,no_topic
19980619-04-006,新的追求,title_length
19980619-04-008,完成学业返家乡(图片),short_body
19980619-04-009,迟浩田会见哈萨克斯坦总长,no_topic
19980619-04-010,明天气象预报(6月19日20时—6月20日20时),no_topic
19980619-05-002,深入病区四十年为民造福写春秋,no_topic
19980619-05-005,一亿二的代价,no_topic
19980619-05-007,科技下乡(图片),short_body
19980619-05-010,立足财贸面向市场深入实际服务企业,no_topic
19980619-05-011,超标排气污染的机动车将不得生产和销售,no_topic
19980619-05-012,本报北京六月十八日讯记者艾笑报道:纪念中国农村改革二十周年电视片《凤阳之路》研讨会今天在京召开。,short_body
19980619-05-013,"本报北京六月十八日讯记者王娜梅报道:摩托罗拉(中国)电子有限公司今天在京第四次向希望工程捐资三百万元人民币,以支持中国农村基础教育。至此该公司向希望工程捐款总额已超过一千二百万元。",title_length
19980619-05-014,"本报无锡六月十八日电记者赵永新报道:由江苏无锡马山工业公司、华瑞制药有限公司与法玛西亚普强公司共同投资兴建的法玛西亚有限公司,今天在这里正式投产,成为我国第一家获GMP认证的抗肿瘤药合资企业。",title_length
19980619-05-015,本报讯第四届北京高校优秀学生(索尼)奖学金日前颁奖。来自北京十所高校的一百名品学兼优的学生获得了由日本索尼公司与北京市教委合作设立的市级奖学金。(木曦),title_length
19980619-05-016,"本报讯已故著名山水画家黑伯龙先生画展六月十八日在中国美术馆开幕,展出作品百余幅。黑伯龙先生一生追求艺术与人格的交融和完善,在艺术上形成了自己洒脱奔放、随意自然的画风。(罗杨)",title_length
19980619-05-017,本报讯空军总医院日前将正电子发射计算机断层显像设备用于临床。该设备是目前对活体组织内分子水平定性、定量诊断的高灵敏度仪器。(郑砚琴),title_length
19980619-06-001,美国务卿和总统顾问指出克林顿访华意义深远(附图片1张),no_topic
19980619-06-002,科索沃危机武装冲突仍在继续阿南发生边境事端美呼吁建设性对话,no_topic
19980619-06-003,『美中友好是大潮流』---美国各界人士谈中美关系及克林顿访华,no_topic
19980619-06-004,唐家璇访问加纳和多哥,no_topic
19980619-06-005,南非纪念青年节,no_topic
19980619-06-006,美发出改善与伊朗关系新信号,no_topic
19980619-06-007,几比叛军一兵营被攻克,no_topic
19980619-06-008,巴外长希望巴印总理正式会晤印度班加罗尔举行反核游行,no_topic
19980619-06-009,乌克兰的女交警(图片),short_body
19980619-06-010,自食其力不丢人,no_topic
19980619-06-011,美化家园尽义务,no_topic
19980619-06-012,巴以谈判面临险境,no_topic
19980619-06-013,印度班加罗尔举行反核游行,no_topic
19980619-07-002,青藏高原隆起与环境变化(附图片1张),no_topic
19980619-07-004,韩宣布55家企业退出经营,no_topic
19980619-07-005,德国列车出轨事故原因初步查明车轮疲劳断裂酿祸,no_topic
19980619-07-006,二战流失文物上万德国要求波兰归还,no_topic
19980619-07-007,多利验明正身培育过程无误,no_topic
19980619-07-008,杀犹太人罪孽深重躲阿根廷难逃法网纳粹战犯沙基奇被引渡回国,no_topic
19980619-08-001,南非丹麦火并红牌黄牌频频,no_topic
19980619-08-003,法兰西集萃,no_topic
19980619-08-006,B组第二轮后有人不满有人高兴(附图片1张),no_topic
19980619-08-007,从马赛汲取教训,no_topic
19980619-08-008,『狮子』有些软『双萨』好锐利---B组第二轮赛事评述,no_topic
19980619-09-001,掌声中的忧思,no_topic
19980619-09-003,制服应该规范化,no_topic
19980619-09-004,去东北寻找自然之趣,no_topic
19980619-09-005,一首歌曲引起激烈争论究竟是《好汉歌》还是《王大娘补缸》?,no_topic
19980619-09-006,《无言的界碑》将上映,no_topic
19980619-09-007,法国口琴大师将在京沪杭演奏,no_topic
19980619-09-008,戊戌变法纪念展开幕,no_topic
19980619-10-001,恢宏的改革进行曲,no_topic
19980619-10-002,气势磅礴的改革史诗,no_topic
19980619-10-004,一部厚重的荧屏力作,no_topic
19980619-10-005,时代正气人民心声,no_topic
19980619-10-006,《人间正道》之“道”,no_topic
19980619-10-007,编者按,title_length
19980619-10-009,有力度见特色,no_topic
19980619-10-012,《天地娘心》完成后期制作,no_topic
19980619-10-013,纽约爱乐乐团访华演出(附图片1张),no_topic
19980619-10-014,雏凤凌空(附图片2张),no_topic
19980619-11-001,随想二章,title_length
19980619-11-003,“大槐树”丛书———讲一个民族的故事,no_topic
19980619-11-004,十月:《八千万》作者于卓1998年第三期,no_topic
19980619-11-005,文艺短波,title_length
19980619-11-006,莽原:《少年大哥》作者汪晟1998年第三期,no_topic
19980619-11-007,江南:《弟弟》作者徐坤1998年第三期,no_topic
19980619-11-008,收获:《喑哑的声音》作者李洱1998年第三期,no_topic
19980620-01-001,带领全国各族青年为实现党的跨世纪宏伟目标英勇奋斗,no_topic
19980620-01-002,迈向新世纪创造新业绩———在共青团第十四次全国代表大会上的祝词,no_topic
19980620-01-003,共青团十四大举行预备会通过共青团十四大议程等,no_topic
19980620-01-004,全国职工职业道德『双十佳』受表彰尉健行与『双十佳』代表合影留念,no_topic
19980620-01-005,全国政协九届常委会第二次会议闭会,no_topic
19980620-01-006,记录江泽民主席对美国进行国事访问文献,no_topic
19980620-02-001,政协九届常委会第二次会议举行大会,no_topic
19980620-02-002,胡锦涛会见古巴客人,no_topic
19980620-02-003,邓小平侨务思想座谈会在京举行钱其琛强调做好面向新世纪的侨务工作,no_topic
19980620-02-005,海协第二届全体理事会议举行钱伟长当选海协会长,no_topic
19980620-02-006,国家防办发布今年第一号汛情通报江西湖南等地一些江河发生大洪水,no_topic
19980620-02-007,明天气象预报(6月20日20时—6月21日20时),no_topic
19980620-03-001,克林顿重申美愿同伊朗和解美法领导人磋商对伊关系等问题,no_topic
19980620-03-002,图片新闻,title_length
19980620-03-003,伊拉克拒绝某些核查项目表示今后两月内同特委会继续合作,no_topic
19980620-03-004,隧道尽头现曙光,no_topic
19980620-03-006,贝宁总统会见唐家璇,no_topic
19980620-03-007,新西兰总理会见董建华,no_topic
19980620-03-008,巴尔干安全与科索沃冲突,no_topic
19980620-03-009,柬越举行首轮边界会谈,no_topic
19980620-03-010,以色列否认进行过核试验,no_topic
19980620-03-011,海湾国家决定降低原油产量,no_topic
19980620-03-012,北约愿同俄合作解决科索沃危机,no_topic
19980620-03-013,美洲自贸区谈判委员会举行首次会议,no_topic
19980620-03-015,"针对美国政府十八日宣布的对印二十五亿美元经济制裁,印度外交部发言人于当日午夜发表声明,称美国的制裁为印美间的经济合作设置了障碍。声明称,『这种对贸易、投资与技术自由交流的强制性干涉是毫无道理的、非建设性的』。",title_length
19980620-03-016,"据泰国海关总署日前公布的统计数字,今年头五个月进出口贸易出超达一千九百一十八点二一亿泰铢,约合四十五点四八亿美元。今年头五个月,泰国以泰铢计算的出口总额为九千八百三十四点四二亿铢,比去年同期增加三千八百一十九点一四亿铢,增长率达百分之六十三点五。由于进口大幅减少,泰国今年头五个月的进出口贸易出现大幅出超。",title_length
19980620-03-017,"六月十八日和十九日,中国外交部领事司与韩国外交通商部领事局就两国领事关系中存在的问题在汉城进行第四次领事磋商。中方要求韩方改善旅韩华侨的法律地位,希望韩方采取措施,放宽对旅韩华侨在居留权、土地权和教育权等方面的限制。",title_length
19980620-03-018,"刚果民主共和国将从六月三十日起发行新货币刚果法郎,以取代正在流通的新扎伊尔。刚果(民)中央银行行长透露,卡比拉执政一年来,通货膨胀得到了控制,银行秩序和全国货币统一事业正在进行中。",title_length
19980620-03-019,"在日前结束的第三十七届比利时诺克海斯特国际漫画大赛上,中国漫画家徐鹏飞荣获铜冠奖。获得金冠奖的是德国漫画家弗兰克,银冠奖为比利时漫画家菲利浦夺得。据评委会介绍,本次大赛共收到了全世界六十一个国家的近千名漫画家提供的三千七百多幅作品。(本报专电)",title_length
19980620-04-001,一球击败保加利亚“绿鹰”飞进十六强,no_topic
19980620-04-002,雅凯表示法国队踢得并不完美,no_topic
19980620-04-003,高歌一曲入云天,no_topic
19980620-04-004,法兰西集萃,no_topic
19980620-04-005,红牌激起千层波澜(附图片1张),no_topic
19980620-04-006,"本报北京6月19日讯记者李长云报道:第二届555中国汽车拉力赛今晚在北京怀柔体育场举行了隆重的发车仪式,并进行了第一赛段11.66公里行驶路段的赛事,明天将开始特殊路段的激烈角逐。比赛共进行4天,于6月22日结束。",title_length
19980620-04-007,"本报讯由中国国际象棋协会和中辰国际集团公司主办的第四届“陈振南杯”国际象棋特级大师邀请赛于6月18日落幕。乌克兰国际特级大师昂尼苏克以7.5分的成绩捧得了冠军杯。中国年轻的棋手章钟和俄罗斯国际特级大师蒂维亚科夫同积7分并列第二名,章钟还获得他最后一个国际特级大师标准分,成为我国第九位国际特级大师。",title_length
19980620-05-001,明史研究的若干争鸣问题,no_topic
19980620-05-002,刘大年在《马克思主义是史学研究最根本的方法》一文中认为:,no_topic
19980620-05-003,林甘泉在《我仍然信仰唯物史观》一文中剖析:,no_topic
19980620-05-004,第八届清史学术讨论会,no_topic
19980620-05-007,《中国现代民主政治的新创造》,no_topic
19980620-05-008,学术动态(图片),short_body
19980620-05-009,《生产关系论》,no_topic
19980620-05-010,《宗旨·核心·追求》,no_topic
19980620-05-011,《中国传统美学的当代阐释》,no_topic
19980620-06-001,当前小说流派漫说,no_topic
19980620-06-002,向陈寅恪先生学习什么?,no_topic
19980620-06-003,欲罢不能,title_length
19980620-06-006,来自大自然的警示,no_topic
19980620-07-003,故宫走上改革路,no_topic
19980620-07-004,向往激情---唐师曾与《我钻进了金字塔》(附图片1张),no_topic
19980620-07-006,《竹林清曲》(图片),short_body
19980620-07-007,心向阳光满眼春---读散文集《心境》,no_topic
19980620-07-008,风中那片无名草———钟敬文先生病中一日,no_topic
19980620-08-001,终生难忘,title_length
19980620-08-002,思念老舍先生,no_topic
19980620-08-003,王太守除三害(附图片1张),no_topic
19980620-08-004,回乡三难,title_length
19980620-08-005,戈壁的态度,no_topic
19980620-08-006,麦熟,title_length
19980620-08-007,纪实文学高级研修班在京举办,short_body
19980620-08-008,自得其乐(摄影),short_body
19980621-01-001,"青年同志们,奋发努力啊———江泽民总书记关怀青年和青年工作纪实",no_topic
19980621-01-002,首都纪念田汉诞辰100周年李岚清出席座谈会丁关根发表讲话,no_topic
19980621-01-003,朱镕基电慰各国南极考察队员,no_topic
19980621-01-004,展现江泽民主席访美活动的彩色画册《历史的聚焦》在港推出,no_topic
19980621-01-005,首都群众争购《历史的聚焦》(附图片2张),short_body
19980621-01-007,记录一段难忘的历史---《历史的聚焦》首发侧记,no_topic
19980621-01-008,《跨世纪的握手———江泽民主席访美纪行》播放反响热烈,no_topic
19980621-02-001,丁关根会见东莱派出所先进事迹报告团时指出,no_topic
19980621-02-003,安理会一致通过决议允许伊进口三亿美元油井设备,no_topic
19980621-02-004,姜春云同欧洲议会议长会谈,no_topic
19980621-02-005,共青团十四大举行学习邓小平理论专题座谈会,no_topic
19980621-02-006,张万年会见哈萨克斯坦客人,no_topic
19980621-02-007,人民日报发行纪念丝绸报,no_topic
19980621-02-008,《凯歌进新疆》开机,short_body
19980621-02-009,朱清时院士出任中国科技大学校长,multiple_topics
19980621-02-010,陶武先当选四川省成都市委书记,short_body
19980621-02-011,《中国老年报》创刊十周年,no_topic
19980621-02-012,『改革之光』中国新闻摄影精品赛评选揭晓本报获得五项奖,no_topic
19980621-02-013,明天气象预报(6月21日20时—6月22日20时),no_topic
19980621-03-001,花开时节又逢君———记美国友好人士霍泰德先生,no_topic
19980621-03-002,纽约股交所动迁起波折(附图片1张),no_topic
19980621-03-003,也门人的“国粹”---告特叶,no_topic
19980621-03-004,眺望艾菲尔铁塔,no_topic
19980621-03-006,走过华尔街,no_topic
19980621-03-007,身穿传统服装的蒙古射手(图片),short_body
19980621-04-001,江阴乡企调整结构再现优势(附图片1张),no_topic
19980621-04-002,双良最大财富是人才(附图片1张),no_topic
19980621-04-003,阳光靠机制推向市场(附图片1张),no_topic
19980621-04-004,高效利用图书资源海南大学图书馆向社会开放,multiple_topics
19980621-04-005,耳边常吹清廉风黑龙江省选出“十佳廉内助”,no_topic
19980621-04-006,图片新闻,title_length
19980621-04-007,『电子警察』火眼金睛南昌交通秩序改观,multiple_topics
19980621-04-008,蛙声一片求放归,no_topic
19980621-04-010,引入多种经济形式创造竞争环境广东出现两家私营旅行社,no_topic
19980621-04-011,湖北处罚考场舞弊违纪者,no_topic
19980621-04-012,云居寺千年石经将归藏地穴,no_topic
19980622-01-001,朱镕基总理主持召开国务院第二次全体会议,no_topic
19980622-01-003,大厅绕一圈省却一百天,no_topic
19980622-01-004,敞开收粮第一天,no_topic
19980622-01-005,荒滩上建起防洪江堤公园(图片),short_body
19980622-01-006,第九届哈洽会闭幕,no_topic
19980622-01-007,武汉市出台再就业优惠政策四万下岗职工投身社区服务,no_topic
19980622-01-008,浙江加大资金筹措力度保证国企下岗职工基本生活费,no_topic
19980622-01-010,胜利油田分流职工人人有岗,no_topic
19980622-01-011,收罢小麦栽水稻(图片),short_body
19980622-01-012,调整工业布局实现共同发展北京市推进城乡经济一体化,no_topic
19980622-02-001,三年再访山两边,no_topic
19980622-02-002,从『便民服务队』到『家政服务公司』---一个下岗职工的再就业历程,no_topic
19980622-02-003,组织起来闯新路,no_topic
19980622-02-004,国家有关部门发出通知要求国企领导在再就业工作中廉洁自律,no_topic
19980622-02-005,图片新闻,title_length
19980622-02-008,农行上蔡县支行支持龙头企业,no_topic
19980622-02-009,武汉取消49个收费项目,no_topic
19980622-02-012,国家经贸委主任盛华仁提出润滑油企业要靠品牌质量规模求发展,no_topic
19980622-02-013,"本报讯六月十八日,正在建设中的国家『九五』重点工程南疆铁路西延工程工地传来捷报:铁一局新运处创造了日铺轨八点一一三公里的全国最新纪录,刷新了由这个处去年九月十五日创造的日铺轨七点二一三公里的纪录。",title_length
19980622-02-014,"本报讯为满足人们出行需要,在暑期运输期间,北京铁路局共增开临时客车二十五对,其中跨铁路局的长途直通客车十五对。主要安排在北京至厦门、金华西、黄山、烟台、大连、兖州,北京西至柳州、赣州、武昌、宝鸡,北京南至青岛等方向。(叶仲文)",title_length
19980622-02-015,"本报讯六月十九日至二十一日,由建设部、中国银行、经济日报社联合举办的『中国城市住宅小区建设金融业务发展高层研讨会』在京召开。包括世界银行、美国花旗银行等以及中国银行海内外分行在内的一百三十多人参加了研讨。",title_length
19980622-02-016,"本报讯由我国最大的公路客车合资企业亚星奔驰有限公司生产的首批奔驰许可产品YBL6120H等三种豪华客车,六月十八日在江苏扬州市顺利下线,标志着我国公路客车制造达到了九十年代国际先进水平。(徐永清王三强)",title_length
19980622-02-017,"本报讯首汽集团三公司近日推出出租车一车双司机制,并优先招聘下岗职工。据介绍,一车双司机制就是每辆车配备两名司机,人休车不休。此举可增加车辆的利用率,增加就业岗位。(谷青)",title_length
19980622-03-001,牢记党的重托创造新的业绩党中央祝词在团十四大代表中反响热烈,no_topic
19980622-03-004,爱民新曲,title_length
19980622-03-006,走出“围城”,no_topic
19980622-03-007,图片新闻,title_length
19980622-03-008,罗山县扶贫解困办实事,no_topic
19980622-03-010,周强在向团十四大所作的报告中说共青团要自觉服务于改革发展稳定大局,no_topic
19980622-03-011,"本报北京六月二十一日讯昨天上午,东莱派出所先进事迹报告团成员与北京牛街派出所的代表进行了座谈。北京牛街派出所和黑龙江哈尔滨东莱派出所都获得了一九九七年国务院命名的『人民满意的派出所』光荣称号。(刘全应)",title_length
19980622-03-012,"本报讯福建省公安边防部队『海上治安报警服务系统』自去年八月一日开通以来,努力实践承诺,共救出海上遇险船舶六艘,救起遇险人员八十余人;破获偷私渡案件两起,抓获偷渡船一艘、偷私渡人员二十多名;破获走私案一宗以及海上抢劫案件等。(黄欣祥曾咏发)",title_length
19980622-03-013,"本报讯近日埋伏在海口、三亚、东方等地待命的海南省公安边防总队四百零八名精兵强将随着总队一一○指挥中心的一声令下,登上五十部警车以迅雷不及掩耳之势直扑目标,一举捣毁大型聚赌场所十一个,缴获赌资一百二十万元,缴获赌具一批,价值近三百万元,抓获参与经营和赌博人员一千三百二十二名。",title_length
19980622-03-014,"本报讯河北秦皇岛交警支队在文明值勤执法的过程中,为了彻底根除交警在执法过程中的不严肃性和随机性,解决交警滥用职权的不良倾向,从今年年初开始推行纠正违章执法过错追究制度,并专门设立了举报电话。(刘杰)",title_length
19980622-03-015,"本报讯近两个月以来,山东青岛市各级公安机关和武警部队按照统一部署,多管齐下,卓有成效地开展了攻势凌厉的严打斗争,截至六月八日,全市共破获各类刑事案件三千九百余起,其中大案一千四百余起;摧毁各类犯罪团伙一百五十余个,抓获各类犯罪嫌疑人及违法人员二千四百余名。",title_length
19980622-03-016,"本报讯五月十二日以来,福建武夷山市普降暴雨,全市十个乡镇、五个农茶场都不同程度地受灾。截至十九日上午,共收到各界捐款十五万八千五百三十五元,衣服二万四千余件。福建华鼎有限公司捐赠了二万四千多元,个体户詹云清等人共捐赠二万八千余元。(郑沂)",title_length
19980622-03-017,本报青岛六月二十一日电济南军区青岛第二疗养院日前迎来了军区首批六十名优秀营连主官疗养团成员。这批特殊疗养员大多常年战斗生活在条件极为艰苦的边防哨所、一线部队。(檀风海解珉),title_length
19980622-03-018,"本报讯兰州军区某团党委牢固树立艰苦创业的思想,真心为基层办实事,坚持钱往基层花,劲往基层使,较好地调动了基层官兵爱岗敬业的工作积极性。团队连续五年被兰州军区评为『军事训练先进单位』,营区正规化建设多次受到上级好评,去年荣登『全军绿化造林百佳』单位光荣榜。(吴荐文)",title_length
19980622-04-001,用人失察也应追究,no_topic
19980622-04-003,纪念周恩来诞辰百年图片展在澳门举办,no_topic
19980622-04-004,寻根探亲访里庄,no_topic
19980622-04-005,安徽查处一起任用假干部事件,no_topic
19980622-04-006,中美法学院院长联席会议举行,no_topic
19980622-04-007,民革第九届中央常委会第三次会议召开,no_topic
19980622-04-008,拯救绿孔雀(图片),short_body
19980622-04-009,明天气象预报(6月22日20时—6月23日20时),no_topic
19980622-05-001,加快高校科技产业发展,multiple_topics
19980622-05-002,找准“四两拨千斤”的支点———关于建立国家创新体系述评,no_topic
19980622-05-004,我国首例“试管婴儿”度过10周岁生日(图片),short_body
19980622-05-006,坚持标准严格考核三军医大打破教授“终身制”,no_topic
19980622-05-007,蓝色国土行采访活动启动,no_topic
19980622-05-010,专家研讨北京四中办学思想,no_topic
19980622-06-001,克林顿访华前接受我记者采访表示希望拓宽美中合作领域,no_topic
19980622-06-002,在克林顿总统的家乡(附图片1张),no_topic
19980622-06-003,北约将领主张在科索沃采取行动,no_topic
19980622-06-004,以内阁批准耶城扩建计划,no_topic
19980622-06-005,为增加石油出口伊拉克接受安理会决议,no_topic
19980622-06-006,因外交官邸风波欧盟国家召回驻白大使,no_topic
19980622-06-007,印巴总理将举行会晤美国制裁在印引起不同反响,no_topic
19980622-06-008,塞呼吁安南干预塞岛局势土希望公正合理解决塞问题,no_topic
19980622-06-009,美国亚太艺术研究院成立(图片),short_body
19980622-06-010,美允许古巴客机过境,no_topic
19980622-06-011,枫骨中华魂---加拿大铁路华工纪念碑揭幕侧记,no_topic
19980622-07-001,规模与垄断,no_topic
19980622-07-003,中国长城公司总裁在美呼吁支持美中之间正常商业发射业务,no_topic
19980622-07-005,让汽车造福社会———访丰田汽车公司总经理奥田硕,no_topic
19980622-07-006,图片新闻,title_length
19980622-07-007,泰国亚洲旅客锐减欧洲游人剧增,no_topic
19980622-07-008,吃好早餐有助消化,no_topic
19980622-07-009,自然声响减轻候机者压力,no_topic
19980622-07-011,大蒜制剂不能降低胆固醇,no_topic
19980622-07-012,纳粹劫掠物完璧终归赵意归还犹太人财宝,no_topic
19980622-08-001,阿根廷挥洒自如德国队老而弥坚(附图片1张),no_topic
19980622-08-002,中国汽车拉力赛麦克雷继续领先,no_topic
19980622-08-003,桔黄色的海洋,no_topic
19980622-08-004,在南特看大屏幕,no_topic
19980622-08-005,日本队球门前20米乏力,no_topic
19980622-08-006,庆祝奥林匹克日长跑活动举行,no_topic
19980622-08-007,教练评球,title_length
19980622-09-001,工商赶快手拉手,no_topic
19980622-09-002,为何卖掉摇钱树,no_topic
19980622-09-003,火车也来当『大巴』,no_topic
19980622-09-004,药品回扣须标本兼治,no_topic
19980622-09-005,北京西站站前街改造开工(图片),short_body
19980622-09-007,乘车莫贪小便宜(图片),no_topic
19980622-09-008,粮油关系还需保留吗?,no_topic
19980622-10-001,发展多元化融资,no_topic
19980622-10-003,吸取教训加快改革,no_topic
19980622-10-004,负面影响不容忽视,no_topic
19980622-10-005,坚定信心共渡难关,no_topic
19980622-10-007,青岛农发行确保夏粮收购资金供应,no_topic
19980622-10-008,天津承保境外珍稀动物运输险成功,no_topic
19980622-10-011,沪市上周上涨前五名(%),short_body
19980622-10-012,沪市上周下跌前五名(%),short_body
19980622-10-013,深市上周上涨前五名(%),short_body
19980622-10-014,深市上周下跌前五名(%),short_body
19980622-10-015,上证综合指数日K线图(图片),short_body
19980622-10-016,深证成份指数日K线图(图片),short_body
19980622-11-001,坚强的决心,no_topic
19980622-11-002,打击走私活动保障改革开放追缴安非拉酮(附图片1张),no_topic
19980622-11-003,1993—1997年全国海关查获走私案件数(起)(图片),short_body
19980622-11-004,1993—1997年全国海关查获走私案值数(亿元)(图片),short_body
19980622-11-005,胆大包天竟敢推销走私货,no_topic
19980623-01-001,下岗职工基本生活保障和再就业工作的通知,no_topic
19980623-01-002,以战略眼光拓展中美经贸合作,no_topic
19980623-01-004,九届全国人大常委会第三次会议举行,no_topic
19980623-01-005,图片新闻,title_length
19980623-01-006,就中美关系、台湾问题、中国加入世贸组织、亚洲金融危机及南亚地区局势等,review: 多议题政治访谈，不能单独标为金融
19980623-01-008,"本报北京六月二十二日讯时值中国改革开放二十周年之际,为缅怀开创这一伟业的邓小平同志,黑龙江省鸡西市人民艺术剧院近日晋京演出四幕话剧《少年邓小平的故事》。这部话剧是国内最早以话剧这一艺术形式表现伟人邓小平少年生活的艺术作品。据悉,演出团将在下半年应邀赴全国各省市演出近千场。他们还将送戏下乡,为农村孩子们演出。(苏人)",title_length
19980623-01-009,"本报北京六月二十二日讯记者施明慎报道:北京市人民政府与中国银行今日在京签署了『加强北京市经济金融合作意向书』。根据协议,中国银行将向北京市优先鼓励发展的重大项目、企业集团提供总额为七十亿元人民币的信贷资金。截至目前,中国银行北京市分行已为北京市企事业单位和个人提供贷款余额二百一十亿元人民币,十五点五亿美元。重点支持了燕山石化、新东安集团、化工二厂、热力公司等企业的基建和技改项目。同时,还发挥中行海外筹资的优势,从英国、法国、加拿大、意大利、日本等十几个国家筹措买方信贷和政府混合贷款,支持北京市邮电通讯、公交、医疗卫生、能源、市政、基础原材料等行业的项目开发和建设。",title_length
19980623-01-010,"据新华社沈阳六月二十二日电辽宁省加大固定资产投入,确定了一批重大基础设施建设项目。这批项目建成投产后,将有力地推动辽宁省未来经济和社会的发展。『九五』以来,辽宁省加大基础产业、基础设施投资力度,尤其是农业、能源工业、煤炭采选业、石油开采业、电力工业、运输邮电通信业等投资均有较大幅度提高。今年辽宁省确定的重大基础设施建设项目共二十三项,总投资九百七十六点零六亿元。",title_length
19980623-02-001,国务院新闻办举行中外记者招待会介绍中美经贸关系现状和前景,no_topic
19980623-02-003,风雨过后是笑颜(图片),no_topic
19980623-02-004,中美合资生产雪佛兰越野车,no_topic
19980623-02-005,救济款还吃喝账贪吃人丢乌纱帽,no_topic
19980623-02-006,房产商侵权抵押新房屋消费者购房难取产权证,no_topic
19980623-02-007,粤海关海上反走私专项斗争战绩显著,no_topic
19980623-02-009,加强管理搞好服务,no_topic
19980623-02-010,农行首发香港回归一周年金穗纪念卡,no_topic
19980623-03-001,国务院提请修订村民委员会组织法,no_topic
19980623-03-003,继续审议土地管理法修订草案,no_topic
19980623-03-004,迈进新纪元---为香港回归祖国一周年作,no_topic
19980623-03-005,就进一步深化青年志愿者行动团十四大代表举行专题研讨,no_topic
19980623-03-006,不负厚望创新业绩---共青团十四大代表畅谈跨世纪使命,no_topic
19980623-03-007,团十四大代表提出帮助下岗青工开创再就业新天地,no_topic
19980623-03-008,为希望工程捐款献爱心(图片),short_body
19980623-03-009,北京西城治警先治长,no_topic
19980623-03-010,军转干部的情怀,no_topic
19980623-03-012,"本报讯辽宁大连市沙河口区交通大队监理办的民警们主动与大连市邮电局联系,自筹资金为驾驶员开通了『168交通民警语音信箱』,驾驶员只要在家中拨通电话『168221168』,便可知道当日的交通安全活动内容;同时开通的还有『16822169』留言信箱,驾驶员可直接与监理民警联系,随时接受各种服务。(赵惠民)",title_length
19980623-03-013,"本报讯武警北京总队医院大力开展争创『五优』活动,努力使医院以优质的服务,优秀的人才,优势的技术,优良的设备和优美的环境,为部队提供良好的医疗服务。(珍玉赵新广裕)",title_length
19980623-03-014,"本报讯今年以来,浙江省衢州市公安局结合公安系统思想教育整顿活动,将特困户农转非问题作为一项工作重点,本着『以民为本、为民服务』的指导思想,建立了特困职工、居民户农转非审批制度,并认真组织实施。今年一至五月份,全市共审批特困户农转非一百六十四名,得到了社会各界舆论的一致好评。",title_length
19980623-03-015,"本报讯江西省赣州地区交警支队多管齐下狠抓队伍建设,使全区公安交警队伍整体素质明显提高。在干部日常管理上,实行考评制、回避制、轮换制、培训上岗和辞退制。已经有相当一部分民警进行了岗位交流和轮岗。今年四月,该区交警支队还组织群众公开评议交警,群众对交警的满意率达百分之八十。(邓大群)",title_length
19980623-03-016,"本报讯北京市大兴县个体、私营经济党总支日前正式宣告成立。近年来,大兴县个体、私营经济有了突飞猛进的发展。到目前为止,已累计发展到从业人员近三万人,其中,共产党员占百分之一左右。成立后的个体、私营经济党总支隶属于县工商局党委,并以各工商所辖区为单位建立支部,开展活动。",title_length
19980623-04-001,壮乡女殡工---记广西武鸣县殡仪馆党支部书记方英梅(附图片1张),no_topic
19980623-04-002,江泽民会见美国客人,no_topic
19980623-04-003,中组部人事部决定全面检查公务员法规执行情况,no_topic
19980623-04-004,李岚清会见摩托罗拉公司董事长,short_body
19980623-04-005,省市区党报好新闻评选揭晓,no_topic
19980623-04-006,致公党召开十一届三次中常会,no_topic
19980623-04-007,《今日谈》征文评选揭晓,no_topic
19980623-04-008,团十四大代表选购图书(图片),short_body
19980623-04-009,江泽民会见英国客人,no_topic
19980623-04-010,太行山绿化示范工程成效显著,no_topic
19980623-04-012,明天气象预报(6月23日20时—6月24日20时),no_topic
19980623-04-013,"据新华社北京6月22日电(记者罗辉)外交部长唐家璇今天下午在这里与布隆迪对外关系和合作部长恩塔翁维基耶·塞弗兰举行会谈,双方就双边关系和共同关心的问题交换了意见。",title_length
19980623-04-014,"新华社北京6月22日电应越南共产党的邀请,以中直机关工委副书记王景茂为团长的中共干部代表团今天下午离京,前往越南进行正式友好访问。",title_length
19980623-04-015,"据新华社北京6月22日电应朝鲜祖国统一民主主义战线中央委员会的邀请,全国政协副主席赵南起率全国政协代表团今日离京赴朝鲜进行友好访问。",title_length
19980623-05-002,燕郊抛绣球———河北燕郊科教兴区纪实,no_topic
19980623-05-003,长葛职高培养能工巧匠受欢迎,no_topic
19980623-05-004,第九届人民日报奖学金在沪颁奖,no_topic
19980623-05-006,广西九城市销毁非法音像制品和非法出版物,no_topic
19980623-05-007,北京将成为无氯氟烃城市,no_topic
19980623-05-008,新疆启动“国家贫困地区义教工程”,no_topic
19980623-05-009,文化发展基金会磁卡推出,short_body
19980623-05-010,超大屏幕投影户外广告亮相京城,short_body
19980623-06-001,克林顿在《新闻周刊》发表文章指出遏制中国不可取,no_topic
19980623-06-002,以总理为扩建耶城计划辩护巴埃约谴责以强行改变耶城地位,no_topic
19980623-06-003,唐家璇结束非洲五国之行强调中国愿与非洲国家亲密合作,no_topic
19980623-06-004,美国朝野“中国观”的变化,no_topic
19980623-06-005,巴要求以允许反对派人士返回家园巴警逮捕一批激进组织成员,no_topic
19980623-06-006,伊朗内政部长被议会弹劾当天被任命为副总统,no_topic
19980623-06-007,帕斯特拉纳当选哥总统(附图片1张),no_topic
19980623-06-008,美驻黎使馆附近发生爆炸,no_topic
19980623-06-009,“为变革而投票”———哥伦比亚大选结果初析,no_topic
19980623-06-010,布隆迪和谈取得成果各方表示尽快停止对抗,no_topic
19980623-06-011,图片新闻,title_length
19980623-07-003,混沌理论来帮助天气预报更准确,no_topic
19980623-07-004,为失业者穿针引线———拉埃女士的心愿,no_topic
19980623-07-005,厄尔尼诺刚去拉尼那又登场主要表现:太平洋东赤道海域海水降温,no_topic
19980623-07-006,狂风暴雨袭击莫斯科财产损失卢布数千万(附图片1张),no_topic
19980623-07-007,“德意志之角”举办啤酒节(图片),short_body
19980623-07-008,汽车问世一百年事故丧生三千万,no_topic
19980623-07-009,空客保持强劲增长势头,no_topic
19980623-07-010,日元汇率再现跌势,short_body
19980623-07-011,埃及削减原油日产量二万桶,short_body
19980623-08-001,非洲突尼斯出局亚洲伊朗队独撑,no_topic
19980623-08-002,球场暴力何时休,no_topic
19980623-08-003,法兰西集萃,no_topic
19980623-08-004,教练评球,title_length
19980623-08-005,第三轮七场关键球,no_topic
19980623-08-006,亚洲队初尝胜果(附图片1张),no_topic
19980623-08-007,○全国马术障碍精英赛八月举行,no_topic
19980623-08-008,○NEC杯围棋赛又战两场,short_body
19980623-09-001,“婺绿”何以苦尽甘来(附图片1张),no_topic
19980623-09-002,下岗转农说希望,no_topic
19980623-09-003,惩治盗版任重道远,no_topic
19980623-09-004,大围山好景为君留(附图片1张),no_topic
19980623-09-005,找准结合点(附图片1张),no_topic
19980623-09-006,救人廿载终不悔,no_topic
19980623-10-001,编者的话,title_length
19980623-10-002,指导教育改革和发展的科学理论,multiple_topics
19980623-10-006,坚持用邓小平理论武装青年,no_topic
19980623-11-001,小手机大问题———公款购置移动电话现象剖析,no_topic
19980623-11-002,用邓小平理论指导党的建设---邓小平党建理论研讨会综述,no_topic
19980623-11-003,两股线一根绳———丹东港抓党建促发展纪事,no_topic
19980623-11-004,虚功实做选准载体岳阳楼区领导切实做到“两手抓”,no_topic
19980623-11-005,大名领导干部联贫扶贫,no_topic
19980623-11-006,“较真儿”处长张云波,no_topic
19980623-11-007,图片新闻,title_length
19980623-11-008,泰山国税局重视廉政监督,no_topic
19980623-11-009,灌云县重视发展农村教师入党,multiple_topics
19980623-11-010,武警许昌市支队干部述职形成制度,no_topic
19980624-01-001,辽宁广辟渠道安置国企下岗职工,no_topic
19980624-01-003,团中央新一届领导机构产生周强当选团中央书记处第一书记,no_topic
19980624-01-004,我国将承办第二十届世界建筑师大会,no_topic
19980624-01-005,胡锦涛在中直系统表彰大会上勉励优秀党员和党务工作者,no_topic
19980624-01-006,吴邦国在全国加快公路建设会议上强调确保完成今年公路建设任务,no_topic
19980624-01-007,启事,title_length
19980624-01-008,应哈萨克斯坦总统纳扎尔巴耶夫邀请,no_topic
19980624-01-009,历史的纪录传神的写照,no_topic
19980624-02-001,进一步扩大开放提高利用外资水平(附图片1张),short_body
19980624-02-002,利用外资要有新突破(附图片1张),no_topic
19980624-02-003,努力办好现有外商投资企业(附图片1张),no_topic
19980624-02-004,积极合理有效地利用外资(附图片1张),no_topic
19980624-02-005,珍惜利用外资大好局面(附图片1张),no_topic
19980624-02-006,注意研究利用外资新情况(附图片1张),no_topic
19980624-02-007,扩大利用外资领域(附图片1张),no_topic
19980624-02-008,加快利用外资步伐(附图片1张),no_topic
19980624-02-010,保持利用外资的相当规模(附图片1张),no_topic
19980624-02-011,必须注重国际收支平衡(附图片1张),no_topic
19980624-03-002,张万年在全军院校长集训班结业典礼上强调,no_topic
19980624-03-003,在『一国两制』的航道上扬帆前进,no_topic
19980624-03-004,团第十四届中央委员会委员候补委员名单,no_topic
19980624-03-006,"本报天津六月二十二日电今天下午,哈尔滨东莱派出所英模报告团来到天津礼堂,在一片热烈的掌声中,报告团为天津市公安系统、治保干部一千二百余人开始作首场感人的英模事迹报告会。(刘全应)",title_length
19980624-03-007,"本报讯河北滦平县人民法院不断加大执法监督力度,主动把法院的审判工作置于群众的监督之下。他们除依法公开审理案件,允许群众旁听外,新近还增聘了二十一名人大代表、政协委员为执法执纪监督员,主动接受社会监督。",title_length
19980624-03-008,"本报讯河南潢川县公安局摸索出一套融公安任务、目标、责任、服务于一体的新举措公安基础工作回执制度,在全局范围内大力推广、建立了包括居民身份证发证回执,中国公民因私申请办理出国(境)回执等十三种办事回执制度,给各项公安基础工作注入了强大的生机与活力,解决了部分干警长期以来养成的『推、靠、堵』问题,方便了群众。(余俊豹王峰周德明)",title_length
19980624-03-009,"本报讯新疆公安边防部队积极发挥职能作用,充分依靠广大边民群众,在边境地区集中开展缉毒禁毒专项斗争,重点打击跨国贩运毒品犯罪。针对毒品犯罪日趋国际化的特点,地处中巴、中哈边境前沿的红其拉甫和霍尔果斯边防检查站不断加大缉毒禁毒的力度,对过境人员、车辆、货物实行重点监控和查验,有效防止了境外毒品的渗入。一九九六年以来,新疆公安边防部队共查处各类毒品案件数十起,缴获海洛因、可卡因近一千二百克。(陈立军)",title_length
19980624-04-001,唐家璇接受美国驻京记者联合采访时表示中国高度重视克林顿总统访华,no_topic
19980624-04-002,赞『回家问问孙子』,no_topic
19980624-04-003,江主席任免驻外大使,no_topic
19980624-04-004,朱镕基会见离到任驻华大使和代表,no_topic
19980624-04-005,胡锦涛会见布隆迪外长,no_topic
19980624-04-006,中国社会保障国际研讨会举行,no_topic
19980624-04-007,科教兴村(图片),short_body
19980624-04-008,九三学社十届中常会二次会议举行,no_topic
19980624-04-009,文献纪录片《铁的新四军》座谈会在京举行,no_topic
19980624-04-010,第五届北京国际汽车展举行,no_topic
19980624-04-011,加大干部选拔任用检查监督力度中组部派出第二批《条例》检查组,no_topic
19980624-04-012,就以色列内阁通过耶路撒冷扩建计划外交部发言人发表评论,no_topic
19980624-04-013,明天气象预报(6月24日20时—6月25日20时),no_topic
19980624-05-002,赵雪芳的最后岁月,no_topic
19980624-05-004,海逼人退后果堪忧,no_topic
19980624-05-005,中国绿色照明工程向前推进,no_topic
19980624-05-006,海南金丝燕『安居乐业』,no_topic
19980624-05-007,热心支持教育事业(图片),short_body
19980624-05-008,非药物戒毒治疗仪研制成功,no_topic
19980624-05-009,中国医药科技出版社推出戒毒新书,short_body
19980624-05-010,上海十万学子宿舍装有电话,no_topic
19980624-05-011,宝丰汝窑址内发现四座宋代窑炉,no_topic
19980624-05-012,郑州市民志愿者清除风景区垃圾,no_topic
19980624-06-001,美国农场见闻(附图片1张),no_topic
19980624-06-003,安南对以扩建耶城计划深表遗憾美国认为扩建耶城无助和平进程,no_topic
19980624-06-004,美又向伊朗伸出“橄榄枝”许诺打击反伊政府游击队,no_topic
19980624-06-005,朝美恢复将军级对话,no_topic
19980624-06-006,日内阁通过防卫白皮书,no_topic
19980624-07-001,突尼斯重视职业培训,no_topic
19980624-07-002,亚太经合组织贸易部长会议开幕我将认真落实单边行动计划,no_topic
19980624-07-003,巴西缉毒形势严峻,no_topic
19980624-07-005,欧佩克油价继续下降阿联酋呼吁集体行动减产保价,no_topic
19980624-07-006,厄尔尼诺尚有余威今年气温可创新高,no_topic
19980624-07-007,图片新闻,title_length
19980624-07-009,郑周永结束访朝与朝鲜签署经贸合作协议,no_topic
19980624-07-010,"俄罗斯联邦审计署检察官索科洛夫二十二日说,俄今年头五个月的实际预算收入比计划预算收入少三百九十亿卢布,只达到八百六十亿卢布。俄今年经济发展环境恶化,预计今年不仅很难完成三千亿卢布的预算收入计划,而且收入缺口还可能扩大。",title_length
19980624-07-011,"据《瑞典日报》二十二日报道,瑞典海关和警方今年以来没收的海洛因已达六十五公斤,比去年全年总计没收的十四公斤大大增加。报道说,没收海洛因数量的增多同瑞典警方与东欧各国警方在打击毒品走私方面扩大合作有关。",title_length
19980624-07-012,"世界气象组织和联合国环境署二十二日在日内瓦联合介绍《一九九八年度臭氧层科学观测评估报告》时说,如果各国保护臭氧层的措施得力,大气层中的臭氧层厚度二十一世纪中叶有望恢复到本世纪六十年代的正常水平。",title_length
19980624-07-013,"波黑统一货币『可兑马克』二十二日在波黑两个政治实体穆克联邦和塞族共和国正式发行。波黑可兑马克的面额分别为零点五、一、五、十、五十和一百,对德国马克的比价为一比一。此前,波黑境内穆克联邦流通波黑第纳尔、库纳和德国马克,波黑塞族共和国流通南斯拉夫第纳尔。",title_length
19980624-07-014,"意大利最著名的私营企业之一阿涅利家族的菲亚特集团二十二日作出决定,由现年六十五岁、非阿涅利家族的保罗·费雷斯科出任该集团董事长,接替已七十五岁的现任董事长切萨雷·罗米蒂。这是阿涅利家族经营菲亚特集团百余年第二次将其最重要的职位让于非阿涅利门第的人。(据新华社电)",title_length
19980624-08-001,B组意大利未遇波澜居首智利队三场平局出线,no_topic
19980624-08-002,两轮赛事过后三个问题凸现,no_topic
19980624-08-003,强师弱旅各奔前程绿茵场上再起硝烟,no_topic
19980624-08-004,教练评球,title_length
19980624-08-005,法兰西集萃,no_topic
19980624-08-006,中国汽车拉力赛麦克雷蝉联冠军(附图片1张),no_topic
19980624-08-007,中国武协在沪建立训练基地,no_topic
19980624-08-008,北京三资企业足球赛落幕,short_body
19980624-08-009,大学体育研讨会在京召开,multiple_topics
19980624-09-001,这四套房子该不该退?———台州市一起商品房质量纠纷案的调查,no_topic
19980624-09-002,擅自停止供电被判巨额赔偿,no_topic
19980624-09-004,这里的小鸟会说话----北京『首届城市鸣禽大赛』掠影(附图片4张),no_topic
19980624-09-005,不能仅靠『妻管廉』,no_topic
19980624-09-006,2000万台旧式热水器该淘汰了,no_topic
19980624-09-007,路遇假冒身份证,no_topic
19980624-10-001,毁田取沙该谁管?(附图片4张),no_topic
19980624-10-002,“考评”扶正“天平”———牡丹江市中级法院教育整顿纪实,multiple_topics
19980624-10-003,季节性降价销售商品是不正当竞争吗?,no_topic
19980624-10-004,一线员工作用大,no_topic
19980624-10-005,名牌不能只图名,no_topic
19980624-10-006,儿童食品中不宜夹带玩具,no_topic
19980624-10-007,但愿庐山更秀美,no_topic
19980624-10-008,切勿盲目建市场,no_topic
19980624-10-009,小麦上场防污染,no_topic
19980624-10-010,关停的工厂也应爱惜,no_topic
19980624-10-011,希望生产一些短胶卷,no_topic
19980624-11-001,繁荣安定世代昌盛,no_topic
19980624-11-002,命运操在自己手脚踏实地干事业,no_topic
19980624-11-003,贵乎信心重在固本,no_topic
19980624-11-004,对『一国两制』充满信心,no_topic
19980624-11-005,接受挑战再创佳绩,no_topic
19980624-11-006,斯人虽去风范长存———澳门同胞参观“人民的好总理图片展”侧记,no_topic
19980624-11-007,图片新闻,title_length
19980624-11-008,两岸新闻交流新的一页———访台散记之二,no_topic
19980624-12-001,成长的烦恼,no_topic
19980624-12-002,街头“织补工”(附图片3张),no_topic
19980624-12-003,社会需要与再就业,no_topic
19980624-12-004,讲解员李金光,no_topic
19980624-12-005,使用杀虫剂要注意安全,no_topic
19980624-12-006,好为人师也无妨,no_topic
19980624-12-007,赞“游凤还巢”,no_topic
19980624-12-008,外出务工要遵纪守法,no_topic
19980625-01-001,江泽民与团中央新一届领导成员和团十四大部分代表座谈指出,no_topic
19980625-01-002,美利坚合众国总统克林顿今日起对我国进行国事访问(附图片1张),no_topic
19980625-01-003,人大常委会第三次会议举行全会,no_topic
19980625-01-004,纽约爱乐乐团在京演出,no_topic
19980625-01-005,学习邓小平党建理论座谈会举行,no_topic
19980625-01-006,《毛泽东邓小平江泽民论党的建设》近日发行,no_topic
19980625-01-007,进一步完善村民自治制度,no_topic
19980625-02-002,公路建设快起来,no_topic
19980625-02-003,小规模商业企业增值税政策有重大调整增值税征收率由6%调减为4%,no_topic
19980625-02-004,四类产品出口退税率提高,no_topic
19980625-02-005,昆明机场扩建工程航站楼高架桥主体工程完工(图片),short_body
19980625-02-006,京广线列车提速试验创造中国铁路最高速,no_topic
19980625-02-007,深圳希捷增资扩产,no_topic
19980625-02-009,海峡两岸汽车界共商发展大计,no_topic
19980625-02-011,就加强公检法工商部门行政性收费和罚没收入收支两条线管理,no_topic
19980625-03-001,分组审议土地管理法修订草案,no_topic
19980625-03-004,实践『一国两制』方针依法履行防务职责,no_topic
19980625-04-001,解振华在国务院新闻办举行的中外记者招待会上说,no_topic
19980625-04-002,行使民主权利---河南商城县观庙乡邬庙村村委会选举目击记,no_topic
19980625-04-003,福建闽江江西信江发生大洪水温家宝要求继续做好迎战洪水的各项工作,no_topic
19980625-04-004,为松花江投放鱼苗(图片),short_body
19980625-04-005,濒危珍禽遗鸥安居鄂尔多斯高原,no_topic
19980625-04-006,九江(庐山)旅游推介会在京举行,no_topic
19980625-04-007,济南市大明湖湖水可望变清,no_topic
19980625-04-008,三十多个国家和国际组织签约参加昆明世博会,no_topic
19980625-04-010,优秀国产影片学术研讨会在京召开,no_topic
19980625-04-011,成都建成世界首座活水公园,no_topic
19980625-04-012,明天气象预报(6月25日20时—6月26日20时),no_topic
19980625-04-013,据新华社北京6月23日电中央军委副主席、国务委员兼国防部长迟浩田上将今天在这里会见了泰国陆军总司令切他·他那乍罗上将一行。,title_length
19980625-04-014,"据新华社北京6月24日电全国政协副主席陈俊生今天下午在人民大会堂会见了以秘书长奇贝萨昆达为团长的赞比亚议会代表团,双方就共同关心的问题交换了意见。",title_length
19980625-04-015,据新华社北京6月23日电中国人民解放军总参谋长傅全有上将今天在这里会见了来访的泰国陆军总司令切他·他那乍罗上将一行。,short_body
19980625-04-016,"新华社北京6月24日电应南非共产党和塞舌尔人民进步阵线的邀请,由中共中央委员、中宣部常务副部长刘云山率领的中共代表团今天下午离开北京,赴南非出席将于7月1日至5日在约翰内斯堡召开的南非共第十次代表大会,途中顺访塞舌尔。",title_length
19980625-05-001,深刻反映现实讴歌时代精神,no_topic
19980625-05-002,特区少年梦(附图片2张),no_topic
19980625-05-003,情系衣食父母(附图片1张),no_topic
19980625-05-004,半个世纪的心愿,no_topic
19980625-05-005,激情燃烧的创作(附图片1张),no_topic
19980625-05-006,一定要有真情实感,no_topic
19980625-05-007,从“铁人”到“钢人”的联想(附图片1张),no_topic
19980625-05-008,拍完片子拉家常,no_topic
19980625-06-001,旅美华人社团和美国经贸组织致函克林顿希望克林顿访华成功,no_topic
19980625-06-002,『婆家人来了』,no_topic
19980625-06-003,美国会通过有关伊朗问题法案克林顿总统予以否决,no_topic
19980625-06-004,南总统会见俄美特使南联盟举行军事演习,no_topic
19980625-06-005,图片新闻,title_length
19980625-06-006,金大中说韩国对朝政策不变,no_topic
19980625-06-007,美表示愿与哥伦比亚改善关系,no_topic
19980625-06-008,欧盟驻柬官员认为柬大选准备工作获积极进展,no_topic
19980625-06-009,南非否认向利比亚出售武器,no_topic
19980625-06-010,阿拉法特接受内阁总辞职,no_topic
19980625-06-011,从圣城扩建到全民公决,no_topic
19980625-06-012,报业面对信息时代———访《渥太华公民报》,no_topic
19980625-06-013,车臣实行紧急状态,no_topic
19980625-07-002,亚佩克贸易部长会议闭幕我提出自愿提前领域自由化三原则,no_topic
19980625-07-003,规范行为适应竞争,no_topic
19980625-07-004,俄总理提出稳定财经纲领叶利钦要求议会予以通过,no_topic
19980625-07-005,日本厚生省前次官受贿首例副部高官服刑,no_topic
19980625-07-006,鸟类源于恐龙证据有力中华鸟龙或为祖先,no_topic
19980625-07-007,陆地污染海洋珊瑚受害海中雨林面临威胁,no_topic
19980625-08-001,C组点球虽多大局未变法国丹麦双双出线,no_topic
19980625-08-002,第三届全国百城市自行车赛即将举行,no_topic
19980625-08-003,教练评球,title_length
19980625-08-004,"▲曾获“全国最佳优秀气功师”荣誉称号的中华幸福功总会会长黄元福日前来京,在国家广播电视总局老干部活动中心举行健身气功现场咨询报告会,演示和教授他首创的“中华幸福功”。这是为贯彻落实七部委《关于加强社会气功管理的通知》精神和国家体育总局今年2月颁发的《健身气功管理办法》等法规,在京举行的首场健身气功宣讲会。",title_length
19980625-08-005,摩洛哥:辉煌即逝,no_topic
19980625-08-006,我国首次发布成年人体质监测结果,no_topic
19980625-08-009,球场婚礼(图片),short_body
19980625-08-010,北京国安队与韩国LG队握手言和(图片),short_body
19980625-08-011,“龟兔赛跑”,no_topic
19980625-09-001,集约用地造福后代,no_topic
19980625-09-002,邢台:『自我冻结』,no_topic
19980625-09-003,土地闲置知多少(附图片2张),no_topic
19980625-09-004,为了明天更美好---写在第八个全国土地日,no_topic
19980625-09-005,今年全国土地日主题---土地与未来(图片),short_body
19980625-09-006,小聪明大麻烦(附图片1张),no_topic
19980625-09-007,1998:土地管理大事记,no_topic
19980625-10-001,总结经验的辩证法,no_topic
19980625-10-003,评《中西部发展论》,no_topic
19980625-10-004,规律·机制·方法---广东精神文明建设的实践和探索,no_topic
19980625-11-001,天涯共此时———中央电视台南极科考报道纪实(附图片2张),no_topic
19980625-11-002,填平断层传薪火,no_topic
19980625-11-003,秸秆利用出路何在?,no_topic
19980625-11-004,煤层气新世纪的新能源,no_topic
19980625-11-008,神奇的电脑音乐,multiple_topics
19980626-01-001,出席共青团十四大代表纷纷表示认真学习领会江泽民同志重要讲话精神,no_topic
19980626-01-002,向未来作出保证———纪念第八个全国土地日,no_topic
19980626-01-004,李岚清会见美国客人,no_topic
19980626-01-005,热情服务真情相助,no_topic
19980626-01-008,好书记陈列雄(图片),short_body
19980626-01-009,应江泽民主席邀请来华进行国事访问克林顿总统抵达西安,no_topic
19980626-01-011,三峡工程建筑规划设计通过审议,no_topic
19980626-02-003,业绩良好前景广阔在华美资企业广结硕果,no_topic
19980626-02-004,我国为伊朗地铁工程制造的首批地铁客车完工(图片),short_body
19980626-02-005,招商引资看廊坊,no_topic
19980626-02-006,国税总局要求做好外企超税负返还收尾工作,no_topic
19980626-02-007,中行将向中国联通提供融资220亿元,no_topic
19980626-02-008,全国将启用新房屋产权证,no_topic
19980626-02-011,亚太地区绿色食品与可持续发展研讨会举行,no_topic
19980626-02-012,沛县国税城区分局实施税务违章追究制,no_topic
19980626-02-013,唐山地税局发挥群众协税护税作用,no_topic
19980626-02-014,确保完成打击走私和关税征收任务海关部署大力加强队伍建设,no_topic
19980626-02-015,金鹏公司与美摩托罗拉签约,no_topic
19980626-02-016,抓好重点税源强化税务稽查河南地税局大力组织收入,no_topic
19980626-02-017,美国来华游客日益增多一至四月同比增长百分之二,no_topic
19980626-02-018,"本报讯六月二十二日,云南省『八五』期间重点工程之一的广大铁路正式建成通车。广大铁路是连接云南省会昆明和滇西边疆民族地区的一条铁路干线,它东起成昆线上的广通站,西起大理白族自治州州府所在地大理市,全长二百零六公里。(方岚)",title_length
19980626-02-019,"本报讯六月十六日,由黑龙江牡丹江市与俄罗斯乌苏里斯克市合作建设的牡丹江对俄出口加工园区投入运营。该出口加工园区占地六点四五平方公里,内设五个加工小区。(王增伟李长清)",title_length
19980626-02-020,本报讯从美国引进的具有国际一流水平的异型坯连铸机近日在安徽马鞍山钢铁股份有限公司投入试生产。该机可同时浇铸三种不同规格的矩型坯和异型坯。,title_length
19980626-02-021,"本报讯日前,一汽大众汽车有限公司向国内市场隆重推出奥迪2001.8T(涡轮增压发动机)轿车,填补了国内涡轮增压发动机这一产品的空白。",title_length
19980626-02-022,"本报讯总部设在瑞典的伊莱克斯公司加快开拓中国市场,近两年共投资二亿多美元在上海、天津、长沙和青岛建立了五家合资企业,并建立了完善的全国性销售体系。(东生)",title_length
19980626-02-023,"本报讯在建设银行株洲市分行的贷款支持下,六月十六日,被列入国家『双加二期』的湖南株洲汽车齿轮厂汽车分动箱技术改造项目,经过一年多的紧张施工已正式竣工。(罗德科)",title_length
19980626-02-024,"本报讯人民银行河南省延津县支行协调有关部门,积极筹措收购资金,保证夏粮收购工作的顺利进行。截至六月二十日,已为粮食收购企业专门筹措辅币七十余万元。(张卫平孟宪励)",title_length
19980626-02-025,"本报讯人民银行河南省宜阳县支行,最近开展了『手牵手、心连心、户帮户』活动,先后与三十二户特困户结成扶贫对子,向他们提供及时的致富信息和资金援助。(贺晓娜)",title_length
19980626-02-026,"本报讯河南省滑县棉纺有限责任公司从去年开始实行职工全员持股的股份合作制,并且与加强管理相结合,去年公司实现利润比上年大幅增长。",title_length
19980626-03-002,审慎探索辟新径开拓进取谱新章,no_topic
19980626-03-003,王忠禹要求中央国家机关,no_topic
19980626-03-004,全国检察机关教育整顿初见成效,multiple_topics
19980626-03-005,"在国际禁毒日到来之际,云南昆明警方公开销毁一批毒品海洛因(图片)",short_body
19980626-03-006,全国妇联七届六次执委会结束选举顾秀莲为全国妇联副主席,no_topic
19980626-03-007,"据新华社昆明六月二十五日电(记者赵忠生、黄秋生)在西南边陲缉毒中屡建奇功的武警云南总队二支队五中队中队长方红霄,今天被云南省授予『人民卫士』荣誉称号。武警总部党委也作出决定,号召广大官兵向方红霄学习。",title_length
19980626-03-008,"本报讯笔者日前从有关部门获悉:华北地区依法加强国防动员建设,使这项工作逐步走上法制化轨道。北京、天津、河北、山西、内蒙古华北五省、市、自治区人大根据《中华人民共和国国防法》,结合省、市、自治区实际,制定颁发了《民兵预备役工作条例》、《国防教育条例》等七十多部地方性军事动员法规,初步建立了门类齐全、相互配套、上下衔接的国防动员法规体系,使国防动员工作有法可依,有章可循。(崔长生陈辉)",title_length
19980626-03-009,"本报讯北京市六月二十四日召开一九九八年军队转业干部安置工作会议。今年北京市将接收安置一千七百六十名转业干部,会议对其分配去向、工作安排、专业培训等具体工作作了部署。(刘玲郑博)",title_length
19980626-03-010,"本报讯北京军区后勤部某汽车仓库四十八年来,收发十六万台车辆、行程一千多万公里,未发生一起责任事故,十三次被军区评为业务建设正规化达标先进单位,连续十五年被上级评为全面建设先进单位。(邵良高华生)",title_length
19980626-04-001,多吉才让在国务院新闻办举行的中外记者招待会上说,no_topic
19980626-04-002,天安门:共和国的骄傲,no_topic
19980626-04-003,就日舰撞毁港台“保钓”船只一事外交部发言人发表评论,no_topic
19980626-04-004,海协致函台湾海基会欢迎辜振甫先生来访,no_topic
19980626-04-005,《中国出了个邓小平》出版发行,no_topic
19980626-04-007,国家防总致电慰问福建抗洪救灾第一线军民,no_topic
19980626-04-008,闽赣驻军奋力抗洪抢险,no_topic
19980626-04-009,吴邦国会见香港工商界人士访京团,short_body
19980626-04-010,中央民族大学隆重举行98届毕业生毕业典礼(图片),short_body
19980626-04-012,未来一周天气趋势,no_topic
19980626-04-013,明天气象预报(6月26日20时—6月27日20时),no_topic
19980626-04-014,据新华社北京6月25日电全国人大常委会副委员长曹志今天在人民大会堂会见了乌克兰最高法院院长勃伊科·维塔利·费奥多罗维奇一行。,title_length
19980626-04-015,据新华社北京6月25日电全国人大常委会副委员长成思危今天在人民大会堂会见了美国大都会人寿保险公司董事长兼首席执行官哈里·卡门一行。,title_length
19980626-04-016,"新华社北京6月25日电外交部发言人唐国强今天在记者招待会上宣布:应国务院副总理吴邦国的邀请,大不列颠及北爱尔兰联合王国副首相约翰·普雷斯科特将于7月1日至7日对中国进行正式访问。",title_length
19980626-05-001,一九九七年中国环境状况公报,no_topic
19980626-06-001,为缓解印巴核试验后紧张局势,no_topic
19980626-06-002,力促现政府辞职支持国大党组阁印度反对党组建全国民主阵线,no_topic
19980626-06-003,柬竞选活动拉开帷幕,no_topic
19980626-06-004,伊拉克武器核查安理会希望伊继续全面合作,no_topic
19980626-06-005,一些国家谴责以色列耶城扩建计划,no_topic
19980626-06-006,乌将向德河沿岸派驻观察员,no_topic
19980626-06-007,俄罗斯阿根廷签署两国关系原则协定,no_topic
19980626-06-008,意中友好合作前景广阔(附图片1张),no_topic
19980626-06-010,墨西哥大规模反毒行动效果显著(图片),short_body
19980626-06-011,民族和解曲折前行———写在塔民族和解协议签署一周年之际,no_topic
19980626-07-001,欧佩克再减原油产量今年日产原油已减二百六十万桶,no_topic
19980626-07-003,调整心态适应社会,no_topic
19980626-07-004,梅杰在新加坡发表演说对亚洲经济前景充满希望,no_topic
19980626-07-006,美有条件支持向俄提供援助,no_topic
19980626-07-007,暴风骤雨肆虐白俄罗斯热带风暴将威胁墨西哥,no_topic
19980626-07-010,波音预测今后20年中国航空运输增长率居世界首位,no_topic
19980626-07-011,日本古生物学家发现食肉恐龙化石(图片),short_body
19980626-08-001,E组两场平局处境各异荷兰墨西哥同晋级(附图片1张),no_topic
19980626-08-002,教练评球,title_length
19980626-08-003,吹尽狂沙始到金,no_topic
19980626-08-004,法兰西集萃,no_topic
19980626-08-006,悲喜常在一瞬间,no_topic
19980626-08-007,靠别人还是靠自己---西班牙队留下的启示,no_topic
19980626-09-001,精品不是自封的,no_topic
19980626-09-002,窗口行业应考核文明素质,no_topic
19980626-09-004,如何为城市“添绿”(图片),short_body
19980626-09-006,健身的新作用,no_topic
19980626-09-007,舞剧《珠穆朗玛》广招人才,no_topic
19980626-09-008,新作荟萃名流聚集交响诗大合唱《中华颂》将上演,no_topic
19980626-09-009,请与我们同行,no_topic
19980626-10-001,读懂中国,title_length
19980626-10-002,自成体系的理论总结,no_topic
19980626-10-003,个人精神中的历史---读《红镜头中南海摄影师眼中的国事风云》,no_topic
19980626-10-004,书之命运,title_length
19980626-10-006,《中外历史问题八人谈》,no_topic
19980626-10-007,《世纪风云--中国共产党史话》,short_body
19980626-10-008,艰辛的跋涉者,no_topic
19980626-10-009,历史起跑点,no_topic
19980626-10-011,瓷壶(图片),short_body
19980626-10-012,《解开“马尔斯”关门之谜》,no_topic
19980626-10-013,《白色圣诞》,no_topic
19980626-11-001,周韶华的坐标(附图片2张),no_topic
19980626-11-004,彭友善画虎六法(附图片1张),no_topic
19980626-11-005,追寻古朴的风韵(附图片1张),no_topic
19980626-11-006,史国良:感人的朴素(附图片1张),no_topic
19980626-11-007,七绝·香港吟(草书),short_body
19980626-11-009,“广东老年书画作品展”在京举行,no_topic
19980626-11-010,“四川画家五人画展”在京举行,short_body
19980626-11-011,王农、张继馨联展举行,short_body
19980626-12-001,人之于味,title_length
19980626-12-002,品球,title_length
19980626-12-003,灯,title_length
19980626-12-004,很老的人和很老的事,short_body
19980626-12-005,编者的话,title_length
19980627-01-002,克林顿总统抵达北京胡锦涛副主席前往机场迎接(附图片1张),no_topic
19980627-01-003,克林顿总统在西安参观访问,no_topic
19980627-01-006,九届人大常委会第三次会议闭幕李鹏发表重要讲话通过执业医师法等,no_topic
19980627-01-008,建设大通道开发大西南内昆铁路株六复线全线开工,no_topic
19980627-01-009,山东各地完成麦收工作(图片),short_body
19980627-01-011,"六月二十二日,由北向南横穿八达岭长城的北京八达岭高速公路的潭峪沟隧道贯通。其中主隧全长三千四百五十六米,净高七点三米,净宽十三点一米,为单向三车道,居亚洲三千米以上大跨度长大隧道之首。辅洞全长三千四百八十二米。隧道修通后,对于缓解北京通向西北地区交通拥挤状况,改善八达岭风景区交通状况,有着十分重要作用。(高进忠)",title_length
19980627-01-012,"面对水资源总量严重不足形势,昆明市正采取一系列措施增加城市供水,近期和远期计划投资近四十亿元,年引水将增加三亿多立方米。工程将于今年底全部完成,从而保证明年在昆明举办世界园艺博览会期间的用水需要。(据新华社电)",title_length
19980627-01-013,"日前,湖北、广东两省正式签订了一项粮食购销协议,协议确定从一九九八年起的三年间,湖北向广东每年提供十亿公斤粮食。协议销售量相当于湖北省一年粮食外销总量的四分之一。这是全国粮改以来省际间第一笔大宗购销协议,也是湖北省首倡区域协作、改革粮食流通体制的一个大动作。(据新华社电)",title_length
19980627-02-001,财经委员会建议批准1997年中央决算,no_topic
19980627-02-002,人大常委会关于批准1997年中央决算的决议,no_topic
19980627-02-003,人大常委会关于批准《中华人民共和国和蒙古国引渡条约》的决定,short_body
19980627-02-004,人大常委会批准任命的名单,short_body
19980627-02-006,叶小文在国务院新闻办举行的中外记者招待会上说,no_topic
19980627-02-007,中日友好摄影作品展在京开幕,no_topic
19980627-02-008,解放军四总部召开贯彻落实新条令电话会议要求,no_topic
19980627-02-009,富裕不忘教育(图片),short_body
19980627-02-010,国家防总有关负责人指出当前防汛工作已进入关键阶段,no_topic
19980627-02-011,中国残疾人福利基金会召开第十四次理事会议,no_topic
19980627-02-012,中直机关举行先进事迹报告会,no_topic
19980627-02-013,全国纪检监察信访工作会议强调做好新形势下信访举报工作,no_topic
19980627-02-014,明天气象预报(6月27日20时—6月28日20时),no_topic
19980627-03-001,感受中国的历史与现实———克林顿总统在西安(附图片1张),no_topic
19980627-03-002,玻利维亚根除古柯之战,no_topic
19980627-03-003,黎以交换阵亡士兵残骸,no_topic
19980627-03-004,美众议院筹款委员会表示支持延长我最惠国待遇,no_topic
19980627-03-005,阿盟抨击以耶城扩建计划,no_topic
19980627-03-006,违背巴以人民意愿的计划,no_topic
19980627-03-007,哥伦比亚查获贩毒船(图片),short_body
19980627-03-009,阿新闻部长支持黎巴斗争,no_topic
19980627-03-010,哈马斯重申反对与以媾和,no_topic
19980627-03-011,"多哥内政和安全部长梅梅内24日在洛美举行新闻发布会宣布,多哥总统埃亚德马在21日进行的换届选举中获胜,再次当选为国家元首。梅梅内说,在21日举行的投票中,埃亚德马以52.13%的得票率遥遥领先于主要竞争对手、变化力量联盟主席奥林匹欧,后者的得票率为34.1%。",title_length
19980627-03-012,"面对强大的反对压力,菲律宾前总统夫人伊梅尔达25日宣布推迟将他的丈夫、菲律宾前总统马科斯安葬在马尼拉英雄陵园。伊梅尔达发表声明说,为了国家的利益和团结,马科斯家族愿意等待,愿意在一个更加合适的时间安葬马科斯。马科斯1986年2月被推翻后流亡美国夏威夷,三年后在那里病逝,一直没有入土安葬。",title_length
19980627-03-013,"据日本全国银行协会联合会26日发表的统计,截至3月底,日146家银行拥有29.5万亿日元的不良债权。统计是采取新方法进行的,其内容包括破产企业的坏账、减免利息和3个月以上只还本不能付息的呆账。(据新华社电)",title_length
19980627-03-014,"德国总理科尔和外交部长金克尔25日在波恩会见南斯拉夫联盟科索沃地区阿尔巴尼亚族领导人鲁戈瓦时表示,德国不支持科索沃独立。鲁戈瓦是在访问了欧盟之后前来德国访问的。他在同科尔和金克尔会见时说,建立“一个独立和中立的科索沃”,是解决当前冲突的“最好办法”。金克尔说,德国赞成科索沃地区的自治权,但不支持科索沃独立。他表示,鲁戈瓦对科索沃独立和北约立即采取军事干涉手段“不应该抱有幻想”。科尔在与鲁戈瓦会谈中表示,进行谈判的基础是在南斯拉夫内部实现科索沃的“广泛自治”。(本报讯)",title_length
19980627-04-001,H组无惊无险阿根廷未失一球出线,no_topic
19980627-04-002,教练评球,title_length
19980627-04-003,小镇办大赛贝贝育英才,no_topic
19980627-04-004,男儿当自强,no_topic
19980627-04-005,强者的对话---八分之一决赛队实力分析,no_topic
19980627-04-006,龙舟运动的拓荒者,no_topic
19980627-04-007,谁比谁高(图片),short_body
19980627-04-008,祝中国好运,no_topic
19980627-04-009,"本报讯正当法国世界杯赛举行之际,湖北天门市的齐传贤所著《足球·世界杯风云演义》由长江文艺出版社出版发行。这是继齐传贤所著《奥运百年演义》之后的又一部体育纪实力作。作为对第十六届世界杯足球赛的一份献礼,齐传贤日前已将此书寄赠给法兰西世界杯组委会。(邓慧遐李劲松)",title_length
19980627-04-010,"本报讯记者许立群报道:今年暑期,北京市喜爱网球的青少年可以在网球夏令营中得到中国网球队王福章、谢昭、付众等名教练的指导,提高网球技艺。由中国网球协会和北京天立体育发展公司联合举办的夏令营活动,将于7月12日开营,分期训练,每期10天。夏令营将在全市8处体育场所开设训练营地。",title_length
19980627-05-001,戊戌维新的历史思考———纪念戊戌变法一百周年,no_topic
19980627-05-002,改革推动了历史进程---读《中国改革史》,no_topic
19980627-05-003,知识经济的特征,no_topic
19980627-05-004,『戊戌维新研究的回顾与前瞻』研讨会,no_topic
19980627-05-005,《周恩来经济建设思想论》,no_topic
19980627-05-006,《我们的队伍向太阳》,no_topic
19980627-05-007,《世界正在发生什么》丛书,no_topic
19980627-05-008,学术动态(图片),short_body
19980627-06-001,私营经济崛起补充苏南模式乡镇企业滑坡局面开始扭转,no_topic
19980627-06-003,不应随意收回经营权,no_topic
19980627-06-005,老K之奇,title_length
19980627-06-006,华西探『财源』,no_topic
19980627-06-007,石榴庄人的盼与喜(附图片2张),no_topic
19980627-06-008,"本报讯曾因产品销不出而停产的山东宝泉集团罗蒙轻工化学厂,自年初恢复生产以来,第一季度已盈利63.2万元,这是该企业开发了高科技产品“KCC”系列汽车尾气净化催化剂带来的转机。该厂聘请了10名化工专家,历时一年,与中国科技大学共同开发研制了“KCC”系列汽车尾气净化催化剂和净化消声器,产品一投放市场就供不应求。(谢文哲)",title_length
19980627-06-009,"本报讯河北省文安县委、县政府把发展非公有制经济作为全县经济工作重点。1997年全县个体私营企业已发展到2.1万户,从业人员10万余人,个体私营企业完成产值72.32亿元,利润7.3亿元,上缴国家税金6828万元,占全县财政总收入的64%,在县域经济发展中可称“三分天下有其二”。",title_length
19980627-07-001,山西关铝公司调查记,no_topic
19980627-07-002,何以『司空见惯』,no_topic
19980627-07-003,“亚世”惦记您———吴佩民和下岗职工的故事,no_topic
19980627-07-004,绿色希望金色现实,no_topic
19980627-07-005,龙腾雨沛农家乐---记全国『五一』劳动奖章获得者王龙雨,no_topic
19980627-07-007,图片新闻,title_length
19980627-08-002,姐姐牵动众人心(附图片4张),no_topic
19980627-08-003,自信自强自立再就业(附图片4张),no_topic
19980628-01-001,江主席主持隆重仪式欢迎克林顿总统中美两国元首在人民大会堂举行会谈,no_topic
19980628-01-002,江主席举行国宴欢迎克林顿总统,no_topic
19980628-01-003,新疆经济实现三个突破,no_topic
19980628-01-004,香港公务员团体举行大型活动庆祝香港回归祖国一周年,no_topic
19980628-02-001,江泽民主席克林顿总统共同会见记者,no_topic
19980628-02-002,中美两国元首关于《生物武器公约》议定书的联合声明,no_topic
19980628-02-003,中美两国元首关于杀伤人员地雷问题的联合声明,no_topic
19980628-02-004,中美两国元首关于南亚问题的联合声明,no_topic
19980628-02-005,边防检查职业化改革完成试点,no_topic
19980628-02-006,中美双边贸易不断发展头五月贸易额同比增长百分之十二点六,no_topic
19980628-02-007,上海成立证券业法律顾问团,multiple_topics
19980628-02-009,朱镕基为克林顿举行工作午宴,no_topic
19980628-02-011,明天气象预报(6月28日20时—6月29日20时),no_topic
19980628-03-003,印度核试遭抨击游说受挫折,no_topic
19980628-03-004,以释放六十名黎战俘,no_topic
19980628-03-005,以色列释放黎巴嫩战俘(图片),short_body
19980628-03-006,朝就潜艇事件发表声明谴责韩不采取人道措施,no_topic
19980628-03-007,科索沃危机南俄主张通过政治对话解决,no_topic
19980628-03-009,安理会呼吁厄埃消除敌意,no_topic
19980628-03-010,"朝鲜劳动党中央政治局委员、国家副主席朴成哲27日在平壤会见以副主席赵南起为团长的中国全国政协代表团时表示,不断加强和发展朝中友谊不仅符合两国人民的根本利益,也有利于亚洲的和平与稳定。(本报专电)",title_length
19980628-03-011,"喀麦隆总理穆松格26日在雅温得会见来访的中国外交部副部长吉佩定时说,喀麦隆与中国之间在各个领域都保持着十分良好的关系,经贸合作也在顺利进行,而且前景广阔。",title_length
19980628-03-012,塞舌尔人民进步阵线主席、国家总统弗朗斯·阿尔贝·勒内26日会见了由中共中央委员、中宣部常务副部长刘云山率领的中国共产党代表团。,title_length
19980628-04-003,后来居上火爆兰州靖远羊羔肉形成陇上新产业,no_topic
19980628-04-004,昔日神秘金银滩核城如今办旅游青海原子城向游人开放,no_topic
19980628-04-006,红杉挺立西湖边,no_topic
19980628-04-007,湖北大冶党政机关书记带头告别公款大哥大,no_topic
19980629-01-001,江泽民主席与克林顿总统话别江主席祝克林顿总统访华取得圆满成功,no_topic
19980629-01-002,我国今年扩大内需始见成效,no_topic
19980629-01-003,克林顿总统游览长城故宫,no_topic
19980629-01-005,全国人大常委会办公厅通知,no_topic
19980629-01-008,"北京高技术创业服务中心与北京国际信托投资公司26日举行签字仪式,首期5000万元的高新技术产业发展融资担保资金启动。担保资金主要来源为政府拨款资助、社会捐赠和定向募集。首期担保资金由北京市政府投入,今后总规模达2亿元。(赖仁琼)",title_length
19980629-01-009,"贵州航空有限公司28日正式成立,在贵阳机场举行了首航剪彩仪式后,该公司第一架波音737飞机首航飞往北京。贵州航空有限公司由中国南方航空股份有限公司和贵州祥飞实业公司联合经营,双方共投资8000万元。(胡跃平)",title_length
19980629-01-010,"国家“九五”重点建设工程之一的武(昌)广(州)铁路电气化工程,6月28日上午在广州火车站全面动工。京广铁路电气化工程北起武昌南编组站,南至广州站,全长1082.4公里,总投资概算68.8亿元。(徐勤兆明)",title_length
19980629-02-001,加大基础设施投资力度拉动经济持续快速增长,no_topic
19980629-02-002,中美合作建设温州电厂二期扩建工程,no_topic
19980629-02-003,国家近期重点监督时令商品质量,no_topic
19980629-02-004,平板玻璃反低价倾销办法将执行,no_topic
19980629-02-005,厦门海沧大桥紧张施工(图片),short_body
19980629-02-006,中消协公布空调测试结果,no_topic
19980629-02-007,农科院与鹏程集团签订合作意向书,no_topic
19980629-02-008,"本报讯一个结合国外CIS管理理论的『形象塑造工程』,作为改革的重要软件,在河南羚锐制药有限公司得到大步推进。自一九九四年以来,该公司的产值、利税每年以百分之一百的速度递增,跻身『全国中药企业五十强』之列。",title_length
19980629-02-009,"本报讯山东临沂三实绿色包装有限公司利用农作物秸秆研制成功可全降解一次性餐饮具产品,日前获国家专利,并投入批量生产。这一成果既可综合利用农村秸秆资源,增加农民收入,又能缓解『白色污染』的压力。(张毅)",title_length
19980629-02-010,本报讯青岛市纺织系统第二阶段压锭战役于二十日开始。青岛国棉四厂、六厂、九厂同时销毁纱锭三点八万余枚。(宋学春),short_body
19980629-02-011,"本报讯上海汽车工业(集团)总公司和跃进汽车集团公司与意大利泰克西公司合资经营华东泰克西汽车铸造项目日前在北京签约。合资公司选址在江苏省镇江经济开发区,总投资八千多万美元,年生产铸件九十八点五万件。(万秀斌)",title_length
19980629-02-012,本报讯由广东省肇庆市人民政府主办、河南省郑州市经贸委协办的『广东肇庆市产品展销会』近日在中国郑州交易中心隆重开幕。各地客商一千多人参加了开幕式。(李杰),title_length
19980629-02-013,"本报讯八达岭高速公路二期工程昌平至南口段近日通车。至此,北京至八达岭高速公路贯通。该工程是由北京市区通往闻名世界的八达岭长城的交通要道,设计最高时速一百公里,全封闭、全立交。(王国庆)",title_length
19980629-02-014,"本报讯恒源祥品质检验中心最近在上海浦东新区建成并投入使用,自此,加盟恒源祥的三十二家生产羊绒、羊毛制品的工厂将实行严格统一的质量标准,检验合格后才能进入市场。(袁乃中)",title_length
19980629-03-002,中华人民共和国村民委员会组织法(修订草案),no_topic
19980629-04-001,人要有正气,no_topic
19980629-04-002,授予二炮某部发射三连“导弹发射先锋连”荣誉称号,no_topic
19980629-04-003,授予四医大第二学员大队『模范学员大队』荣誉称号,no_topic
19980629-04-004,给北京军区某给水工程团记一等功,no_topic
19980629-04-005,给兰州军区某给水工程团记一等功,no_topic
19980629-04-006,给驻香港部队某部记二等功,no_topic
19980629-04-007,钱其琛会见奥尔布赖特,short_body
19980629-04-008,中组部关于表彰农村基层组织建设工作先进单位和优秀个人的决定,review: 基层党组织表彰，非主要农业报道
19980629-04-009,济南污水处理厂一期工程建成运行(图片),short_body
19980629-04-010,国家防总办发布第四号汛情通报,no_topic
19980629-04-011,体现公平竞争原则促使人才脱颖而出广西面向社会公开选拔副厅级干部,no_topic
19980629-04-012,明天气象预报(6月29日20时—6月30日20时),no_topic
19980629-05-004,众手构建幸福网百万农民保健康合作医疗成为威海农村“健康卫士”,multiple_topics
19980629-05-007,中华医学会和大学联手搞科研,multiple_topics
19980629-05-008,金球送走巴拉圭法国苦战进八强,no_topic
19980629-05-010,实力的碰撞———八分之一决赛下半区分析,no_topic
19980629-05-011,『金毛狮王』绿茵发威(图片),short_body
19980629-05-012,“冠军级”的作品———析意、巴两队在八分之一决赛中的表现,no_topic
19980629-05-013,教练评球,title_length
19980629-05-014,法兰西集萃,no_topic
19980629-05-015,你看好谁,title_length
19980629-05-016,北京首届卡丁车锦标赛将举行,short_body
19980629-06-001,理解·信心·潜力(附图片1张),no_topic
19980629-06-002,安南秘书长强调尊重人权先要尊重发展权,no_topic
19980629-06-003,联合国驻安代表座机坠毁,no_topic
19980629-06-004,北爱地方自治的良好开端(附图片1张),no_topic
19980629-06-006,巴呼吁尽快召开阿拉伯首脑会议埃西敦促巴以实施已签协议,no_topic
19980629-06-007,土耳其地震伤亡七百余人,short_body
19980629-06-008,巴以和谈僵局透视,no_topic
19980629-06-009,世界舆论积极评价克林顿访华中美首脑会谈增进两国关系,no_topic
19980629-07-001,微利时代话忠诚,no_topic
19980629-07-002,一年事实让纽约华人深信港人完全能够管好香港,no_topic
19980629-07-004,阿根廷刽子手罪行暴露女纳粹下落不明,no_topic
19980629-07-006,美国东部出现高温天气(图片),short_body
19980629-07-008,埃及摄入量超标六倍铅中毒已成公害,no_topic
19980629-09-001,相伴到安居,no_topic
19980629-09-002,基础产业融资须分餐,no_topic
19980629-09-003,为啥离开新岗位,no_topic
19980629-09-004,工商是一家,no_topic
19980629-09-005,调查“调查业”,no_topic
19980629-09-006,上海:花旗乔迁庆新喜(图片),short_body
19980629-09-007,西安:波音投产有佳绩(图片),short_body
19980629-09-008,推荐者当负责,no_topic
19980629-10-003,房利美大庇寒士俱欢颜,no_topic
19980629-10-005,沪市上周上涨前五名(%),short_body
19980629-10-006,沪市上周下跌前五名(%),short_body
19980629-10-007,深市上周上涨前五名(%),short_body
19980629-10-008,深市上周下跌前五名(%),short_body
19980629-10-009,上证综合指数日K线图(图片),short_body
19980629-10-010,深证成份指数日K线图(图片),short_body
19980629-10-011,"本报讯近日,中国进出口银行在北京召开委托代理业务座谈会,中国银行、中国工商银行、中国农业银行、交通银行等商业银行总行及部分分支机构的代表参加了座谈。与会代表们准备进一步在以下两个方面开展合作:一是进出口银行与商业银行共同优选符合国家产业政策、外贸政策的出口项目,提供联合贷款等;二是进出口银行为商业银行支持出口的贷款提供保险或担保。(心真)",title_length
19980629-10-012,"本报讯俄罗斯联合进出口银行董事长普罗霍罗夫,6月18日在该银行北京代表处成立仪式上表示,俄罗斯联合进出口银行及其客户计划在许多领域发展与中国的合作,这些领域包括造船业、动力机械制造、石油天然气项目、基础设施建设以及远距离通信项目等。此外,俄罗斯联合进出口银行还将加强与中国银行之间的合作。(李丽辉)",title_length
19980629-10-013,"本报讯河南省镇平县国税局根据辖区内个体专业户较多的实际情况,采取对全县个体工商户实行户籍模式的税源管理,将各中心税务所、分局辖区内所有个体纳税户按段、片进行科学划分并登记造册,及时掌握纳税户税务登记变化情况,有效地堵住了偷税漏税事件的发生。年初以来对全县个体工商户实行分级规范,文明管理,稳定了全县私营经济的发展势头。(傅雷杰)",title_length
19980629-10-014,"本报讯湖北省潜江市地税局采取抓小补大、以零补整的办法,强化税源管理,开展专项检查,落实代扣缴制度。截至5月底,入库税款3600万元,比上年同期增长24.74%,占年计划的42.24%。该局年初从地税系统抽调38人,对企业所得税、个体税收、行政事业单位税收进行专项检查,查出三项税收626万元。(何承俊郑国华聂传俊)",title_length
19980629-11-001,垃圾分类为何难推广,no_topic
19980629-11-002,二手CT有治了,no_topic
19980629-11-003,CDMA将是下一代手机吗,no_topic
19980629-11-004,天地联姻强化服务,no_topic
19980629-11-005,男装专卖店:青睐中等发达城市,no_topic
19980629-11-006,不敢美丽,title_length
19980629-11-007,国家监督专项抽查合格率78.4%慎选家用燃气灶,no_topic
19980629-11-008,垃圾分类为何难推广,duplicate_body
19980629-11-009,信息廊,title_length
19980629-11-010,图片新闻,title_length
19980629-11-011,--给我购进两万“垃圾”股!(图片),short_body
19980629-12-001,勇敢面对挑战,no_topic
19980629-12-002,零的突破是怎样实现的?---访中药天士力复方丹参滴丸的研制者阎希军,no_topic
19980629-12-003,了解世界了解市场,no_topic
19980629-12-004,“天士力”的启示,no_topic
19980629-12-005,中药工业概况,no_topic
19980629-12-006,"中药工业,调整改革是出路",no_topic
19980629-12-007,国外中药新药开发概况,no_topic
19980629-12-008,传统藏药进入现代化生产(图片),short_body
19980629-12-009,大千养生堂进入墨西哥(图片),short_body
19980630-01-003,今年夏粮收购工作陆续在各地展开农发行要求切实保证夏收资金,no_topic
19980630-01-005,开始在中国的第三站访问克林顿总统抵达上海,no_topic
19980630-01-006,满腔热情抓紧抓实———辽宁省省长张国光谈国企下岗职工再就业,no_topic
19980630-01-007,赞审查『报告』不走过场,no_topic
19980630-01-008,香港迎候江主席---写在香港回归祖国一周年庆典前夕,no_topic
19980630-02-001,养猪效益大幅回落专家呼吁注重产销协调转向质量竞争,no_topic
19980630-02-002,中华人民共和国专属经济区和大陆架法,no_topic
19980630-02-003,山西上下同铺就业路,no_topic
19980630-02-004,把调整增值税的政策及时落实到位———国家税务总局发言人谈完善增值税,no_topic
19980630-02-006,帮助少数民族寻找致富路的贵州省农行(图片),short_body
19980630-02-008,哥俩算账,title_length
19980630-02-009,陕西:利用外资取得新成果,no_topic
19980630-02-010,甘肃:美国成为最大投资国,no_topic
19980630-02-011,邯郸四万职工重上岗,no_topic
19980630-02-012,望花广开就业之“源”,no_topic
19980630-02-013,平昌多方支持再就业,no_topic
19980630-02-014,"本报讯今年,河南省宜阳县农发行要求对粮食收购资金供应严格做到『十七个严禁』和『八个不贷』,确保收购资金封闭运行,保证国家农业政策的全面落实。(顺祥贺晓娜)",title_length
19980630-02-015,"本报讯河北沧州农村金融体制改革领导小组办公室六月初发出倡议,在全市农村信用社设立『下岗职工扶困基金』,截至六月中旬,该基金已救助下岗职工家庭三十二个,失学儿童一百二十七名。(树松玉伟宝立)",title_length
19980630-02-016,"本报讯海尔集团与北京航空航天大学、美国CMOLD公司合资组建的『北航海尔软件有限公司』,近日在青岛海尔工业园成立。合资公司总部设在北京市新技术产业开发实验区,还将在青岛市和美国纽约等地设立分部。(宋学春)",title_length
19980630-02-017,"本报讯江西景德镇市政府主办的首届(北京)景德镇艺术陶瓷展销会日前拉开帷幕。『瓷都』景德镇陶瓷闻名中外,素有『白如玉』、『声如磬』、『薄如纸』、『明如镜』之誉,陶瓷品种现有十三大类,二百多个系列。(连喜)",title_length
19980630-02-018,"本报讯日前,广东中山市一棵参天古榕披红挂彩,成了世界环境日一道景观,长岭绿色世纪行在此隆重举行授牌仪式。由国家林业局宣传办、中国绿色时报社、长岭集团联合主办的这项大型公益活动,将为一百棵名树举行授牌。(林小)",title_length
19980630-02-019,"本报讯以邮电部第三研究所为主开发的『理分合一信函处理系统』日前在杭州通过部级鉴定。该系统的研制成功,标志着我国在信函处理方面达到国际先进水平。(尤欣)",title_length
19980630-02-020,"本报讯近日,山东扳倒井集团推出千万元赞助再就业工程金心回报活动,此次活动将通过产品销售收入捐赠的方式进行,其数额不低于一千万元,用于组织下岗职工转岗培训和生产自救活动。(国胜)",title_length
19980630-03-002,倡议书,title_length
19980630-03-003,背靠强大祖国创造美好未来,no_topic
19980630-03-004,爱国主义教育在军营(图片),short_body
19980630-03-006,"本报讯一本向读者全面介绍以朱镕基为总理的新一届政府的组成机构、职能以及组成人员经历、风格的图书,近日由人民日报出版社编辑出版。《跨世纪的新一届中国政府》一书,收入了《朱镕基总理等答中外记者问》、《朱镕基英伦谈国事》、人民日报记者采写的二十六篇《新任部长访谈录》等文章。(任初雯)",title_length
19980630-03-007,"本报讯为纪念中国共产党建党七十七周年,中共中央组织部党建读物出版社推出一批党建新书,它们是:《邓小平党的建设理论学习纲要》、《全面推进党的建设新的伟大工程十四大以来党的建设巡礼》等。(钟建文)",title_length
19980630-03-008,"本报讯全国首家跨省市的国浩律师集团事务所六月二十六日经司法部批准在北京人民大会堂举行成立仪式。这一跨省市律师集团的成立,为我国律师事业的改革发展走出了第一步。国浩律师集团事务所,是由北京市张涌涛律师事务所、上海市万国律师事务所、深圳市唐人律师事务所,为实现强强联合,共同出资发起设立的。(窦广生毛磊)",title_length
19980630-03-009,"本报讯河北省廊坊预备役师为确保计划生育工作深入扎实、抓出成效,先后拿出四十余万元资金建起了计生自动化管理系统、计生咨询指导站和计生办公室,先后被国家计生委、北京军区评为『计划生育工作先进单位』。",title_length
19980630-03-010,"本报北京六月二十九日讯昨天下午,在北京永外革新里鞋城停车场,北京军区空军某部见习排长冯强,面对持刀抢劫的歹徒,挺身而出,身负重伤,用鲜血谱写了一曲见义勇为的正气歌。冯强现已脱离危险。(尹家骅郭忠城)",title_length
19980630-03-011,"本报讯兰州军区乌鲁木齐总医院积极开展医疗爱民活动。五年来,这家医院累计派出二十多支医疗队,行程二十多万公里,义务为各族农牧民义诊十多万人次。(邢珊瑚玛依拉)",title_length
19980630-03-012,"本报讯福建省闽侯县检察院探索出了自侦案件办案的新途径,即『从控申换位介入自侦角度,从起诉换位介入自侦角度,从自侦换位介入纪检监察角度,从自侦换位介入起诉角度,从自侦换位介入审判角度』。(陈则周叶孝俊)",title_length
19980630-03-013,"本报讯云南文山州公安交警支队在全省率先引进具有国际水平的流动检测车,自去年以来到各县巡回检测机动车一万三千多辆,为车主节约各种费用二百余万元。(徐凤祥)",title_length
19980630-03-014,"本报讯浙江省台州市黄岩城关公路巡警实行定点管理和巡逻执勤相结合的网络化管理交通,近一年中,有效接处警达一千七百次,处理各类交通事故二百八十二起和治安、刑事案件近百起。(许阳富严吉茂吴农长余方通)",title_length
19980630-03-015,"本报讯湖南省临湘市公安局对刑侦工作实行警力、资金、装备、技术四倾斜,同时严格实行领导上案制、破案奖励制,该局刑警大队被公安部荣记集体一等功。(李正文)",title_length
19980630-04-001,文明村的带头人———记辽宁省盖州市牌坊店村党支部书记张作玺,no_topic
19980630-04-002,克林顿在北大发表演讲时说美国希望在新世纪里与中国建立一种新关系,no_topic
19980630-04-003,中美签署7个经贸合作项目合同、协议,no_topic
19980630-04-005,我国卫生领域利用美国贷款合作意向书签署首家中美合资医院在京开业,multiple_topics
19980630-04-006,人民日报创刊五十周年金银箔缩微版赠送仪式在石家庄举行,no_topic
19980630-04-007,庆祝香港回归祖国一周年交响诗大合唱在京首演(图片),short_body
19980630-04-008,董建华发表香港回归祖国一周年献辞,no_topic
19980630-04-009,李长春慰问广东恩平市灾民强调振奋精神全力救灾,no_topic
19980630-04-010,国务院妇儿工委召开全体会议吴仪要求妇女儿童工作力争有新的突破,no_topic
19980630-04-011,纪念刘少奇百年诞辰画册和摄影集出版,no_topic
19980630-04-012,明天气象预报(6月30日20时—7月1日20时),no_topic
19980630-04-013,据新华社北京6月29日电(记者张荣典)国务院副总理吴邦国今天下午在中南海先后会见了美国阿科公司董事长迈克·鲍林和万国邮政联盟国际局总局长托马斯·利维。,title_length
19980630-04-014,"据新华社北京6月29日电(记者王晓东)中央军委副主席、国务委员兼国防部长迟浩田上将今天同来访的爱沙尼亚国防部长安德鲁斯·厄韦尔举行会谈,双方就两军关系和地区形势等问题交换了意见。",title_length
19980630-04-015,"据新华社北京6月29日电全国人大常委会副委员长曹志今天在人民大会堂会见了以泰国内政部常务副次长班宗·堪塔威拉为团长的泰国府尹代表团,双方进行了友好的谈话。",title_length
19980630-05-004,北海银滩不平了海洋自然形态不可轻易改变,no_topic
19980630-05-006,蒋新松事迹展在沈阳开幕,no_topic
19980630-05-008,陕西风湿病专家进行义诊,no_topic
19980630-05-009,10万测绘工作者持证上岗,no_topic
19980630-05-010,"本报讯中国社会科学出版社日前推出一本对公民进行毒品危害与防治教育的科普读物《毒品的危害与防治》。该书由中国药物依赖治疗中心资深医生撰稿,内容包括毒品类别、成瘾规律、现行有效的预防等方面。(王磊)",title_length
19980630-05-011,"本报讯时事性工具书《改革开放二十年时事概览》,近日由天津教育出版社出版。该书由半月谈杂志社编写,真实地记录了从一九七八年中国共产党召开十一届三中全会至今,我国改革开放的历史进程,其中时事辞典部分所收的四千多词条涉及政治、法律、经济、科教、国际、国内人物等内容;时事要览部分包括了国内、国际大事记及国内外二十年来的时事概况。(刘志刚)",title_length
19980630-05-012,"本报讯由中国第一汽车集团公司授权博泰集团深圳博泰实业发展有限公司生产的六辆红旗仿真高级检阅车模型日前在京拍卖。拍卖所得二十二点五万元当场捐赠给中国科学技术发展基金会,用于筹备『中国科普万里行』活动。(吴霞)",title_length
19980630-05-013,"本报讯日前,中国农业科学院土壤肥料研究所决定重点扶持北京肥力高微生物肥料。『肥力高』是一种新型复合微生物肥料,在全国各地历经八年的大田试验示范,中国农科院土肥所决定在技术上对『肥力高』予以重点扶持,帮助其成为性能稳定的名牌产品。(梁伟)",title_length
19980630-06-001,香港回归一周年美加华人华侨隆重庆祝英学者赞一国两制成功,no_topic
19980630-06-002,一些国家政要和舆论界高度评价中美首脑会晤,no_topic
19980630-06-003,今日俄克拉何马,no_topic
19980630-06-004,联合国特使与巴外长会谈,no_topic
19980630-06-005,英首相对北爱前途有信心,no_topic
19980630-06-006,以总统要求提前大选,no_topic
19980630-06-007,街头宣传画(图片),short_body
19980630-06-008,印政府协调内部纷争索尼亚说国大党不会坐视政府危机,no_topic
19980630-06-009,布市营造『好空气』,no_topic
19980630-06-010,墨城清除『死蟑螂』,no_topic
19980630-06-011,海合会敦促伊拉克遵守安理会决议,no_topic
19980630-06-012,环保警钟须长鸣,no_topic
19980630-06-013,伊重申尊重联合国划定的伊科边界,no_topic
19980630-06-014,科称不反对伊出席阿拉伯首脑会议,short_body
19980630-07-004,对付毒品有新招培育真菌杀罂粟,no_topic
19980630-07-006,土耳其南部城市发生六点三级地震(图片),short_body
19980630-08-001,德国队反败为胜墨西哥憾别八强,no_topic
19980630-08-002,“站着走出去”———巴拉圭队失利之后,no_topic
19980630-08-003,岳阳国际龙舟邀请赛落幕,no_topic
19980630-08-005,强队不强弱旅不弱,no_topic
19980630-08-006,期盼经典之作,no_topic
19980630-08-007,尼日利亚队怎么了,no_topic
19980630-08-008,教练评球,title_length
19980630-08-009,"夏日,嬉水去!(附图片2张)",no_topic
19980630-08-010,互不相让(图片),short_body
19980630-09-001,龙泉水果誉从何来(附图片1张),no_topic
19980630-09-002,丰宁清流入京城,no_topic
19980630-09-003,海南物价部门『放手不放任』停售不合理旅游套票,no_topic
19980630-09-004,再就业辟新路,no_topic
19980630-09-005,立足山地开发(附图片1张),no_topic
19980630-09-006,『严肃处分』要严肃,no_topic
19980630-09-007,王晋生慷慨助人,no_topic
19980630-09-008,穷而有志---巴中印象之一(附图片1张),no_topic
19980630-10-001,永恒的情结,no_topic
19980630-10-002,怎样理解三个标准的统一,no_topic
19980630-10-003,『一国两制』在香港的成功实践,no_topic
19980630-10-004,《经济法》,no_topic
19980630-10-005,专家学者聚集长沙研讨当前消费热点问题,no_topic
19980630-11-001,严守国门狠击走私,no_topic
19980630-11-002,今年1—5月全国海关查获的主要走私物品表(背景资料),short_body
19980630-11-003,成都消防人火海内外皆英雄,no_topic
19980630-11-004,走私“为公”析,no_topic
19980630-11-006,九江保护神,no_topic
19980630-11-007,图片新闻,title_length
19980630-11-008,本报讯我国又一家由司法部核准、国家出资设立的律师事务所松涛律师事务所日前在京成立。,short_body
19980630-11-009,"本报讯今年以来,北京市公安局巡警总队深纠队伍中存在的特权思想、乱罚乱扣、吃拿卡要等群众反映强烈的不良现象,严格教育和管理,开展恪守职业道德,争做一名合格的人民警察的活动,取得较好成效。(郑永金崔红清)",title_length
19980630-11-010,"本报讯福建省福清市公安机关近年来严厉打击各种刑事、经济犯罪分子,在福州市『严打行动』、『治安攻势』评比中,总分名列第一。日前,该局林孜局长还被评为『全省优秀公安局长』。(陈则周何其香)",title_length
19980630-11-011,"本报讯中国检察出版社最近出版了陈建新著的《依法治国论》一书。该书对依法治国的历史必然性、主体和条件进行了深入的研究,讲理透彻,分析入微,不失为一本研究依法治国的佳作。(彭年贵)",title_length
19980630-11-012,"本报讯湖南省岳阳市巡警支队时刻以『内强素质,外树形象』为宗旨,严格执法,热情服务,几度被公安部、省公安厅授予『学习济南交警先进集体』和『窗口示范单位』称号。(赵红云)",title_length
19980630-11-013,"本报讯担负北京市安全保卫任务的武警某部,经常开展各种形式的法纪教育,通过深入细致的案例分析,对全体官兵进行了深刻教育,防止了各类事故的发生。(张向东)",title_length
19980630-11-014,"本报讯湖南省株洲市芦淞区从一九九五年下半年开始,对全区十六所小学一万多名学生实施普法教育『娃娃工程』,以课堂教学为重点,以课外活动为载体,学用结合,增强了小学生的法制观念,提高了他们守法、用法的自觉性。司法部副部长刘飏在视察后指出:这是一块新的普法试验田,功在当代,利在千秋。",title_length
19980630-12-001,跨省营救民工脱险,no_topic
19980630-12-002,正确对待『落选』,no_topic
19980630-12-003,心系国土踊跃建言---土地管理法修订草案征求意见情况综述,no_topic
19980630-12-004,尽职尽责———记河南省舞钢市人大代表张尧元,no_topic
19980630-12-005,快餐食品能否让人放心?———浙江省人大突击检查生产状况,no_topic
19980630-12-006,图片新闻,title_length
19980630-12-007,监督:从这里开始———临澧县人大抓村级财务监督一瞥,no_topic
19980630-12-008,"本报讯从今年三月开始,四川省人大常委会组织人大代表评议全省各级法院工作,并把它作为一九九八年监督工作的重点之一。这次评议的重点是人民群众反映强烈的案件办理情况;各级人民法院冤、错案追究责任制的建立及执行情况;各级人民法院队伍建设特别是廉政建设和查处干警违法违纪情况。截至五月底,全省一百八十个区县的四点四三万名县级以上人大代表正深入各选区或选举单位收集群众意见,准备评议发言。(谭家康)",title_length
19980630-12-009,"本报讯我国第一部城市人大志《西安市人民代表大会志》,经过两年多的编纂,最近由西安出版社出版问世。该书收录记述了一九四九年至一九九七年四十八年间西安市人大及其常委会依法行使职权的实践活动、组织形式、沿革状况以及九十七幅照片,是研究西安市和城市人大工作的重要资料和文献。(孟西安)",title_length
19980630-12-010,"本报讯吉林省大安市人大为代表多知情进而履行监督职能努力创造条件,拓宽渠道。其主要做法:一是确定每次常委会例会有五名以上代表列席。二是全市三十二个代表组每季至少开展一次包括会议、学习、视察、检查、调查等内容的活动。三是市区代表组派代表参加人大任命干部施政报告会,并参与评议活动。四是每年人大任命干部的述职工作,均有一定数量的代表参加了解调查和评议活动等。",title_length
19980630-12-011,"本报讯近日,浙江省天台县人大常委会主任王继祖向桂鹏飞等十二位县人民代表颁发了大红证书,聘请他们为十二届县人大常委会『监督司法工作信息员』。十二位信息员来自全县各乡镇。人大法工委每季度至少与各位信息员联系一次,并定期举行座谈会,听取他们对司法机关有关执法情况的反馈,并对反映的每一个问题都在一定时间内给以回复。(陈益民)",title_length
