id,position,source_label,sha256,status
cnews:0,0,体育,21ce5f5f457efe824ce8bd58cfc85153fe41c6f8aed1a7f8b4be1cf31a4c25c1,retained
cnews:1,1,体育,882d4049cea375893860515fb74f867ab2303804e539827003b401b0a16fa608,retained
cnews:2,2,体育,f3c13e99047a494b2a84c40c6af4c4ee756477d93277cd9427e7f4d3a4e47fb0,retained
cnews:3,3,体育,416f4612fb47b749b3372ed34db60edd9bc80a5e67f45496ff73a679e8ee3fe3,retained
cnews:4,4,体育,23be61868daa639175a9e112bfe2b8382f397396affd1a811f701077bc2759c1,retained
cnews:5,5,体育,7c3b4cc5ed4457d1822e0b8c25282c3754864406e118b5379daa35a570ecba76,retained
cnews:6,6,体育,27df02b211d0ad5c7b8694cd0cf5809eee706af4830d1079db5a4527b28a7d75,retained
cnews:7,7,体育,cb6521ccd1cedd4d3e97ccbb443ee144bca21b7f670abc7614f6d1027fec4aeb,retained
cnews:8,8,体育,9133c87507f80210d084f8c79bb15d14068e6306d20d0ee893b8f73a711580bd,retained
cnews:9,9,体育,674bb07d51aff3e770462715225a17cf38cec9f76d848532b46bdcedd47b76ac,retained
cnews:10,10,体育,b7d03ad893a575dc55566dacca577dcf3cd4e5fbe562cca28aa2423ec6817eb6,retained
cnews:11,11,体育,b0d28bc6dfbc0a98cadb6e82807fedb04b6cad44fa73f0cd2888c8e4be8e3375,retained
cnews:12,12,体育,c7de176815eab6724520e9c1650086a85141644844d339c1d915d2862e0e1235,retained
cnews:13,13,体育,84c02dd303f63e2a478d3384b36ff6e38df736d5652d5d33f13aee1064a6a661,retained
cnews:14,14,体育,34ec257643f6ee8b4e23ca93dcf2e0682f40e8f04b48c8a4c95aa9aa12baa24c,retained
cnews:15,15,体育,33ed35e0877cee2d9d443987bc11032a026ca1a188bcb89e8f1dd4738e10c79d,retained
cnews:16,16,体育,30ef2a6604c9e899072bd30cff536ffdcefa5c22257cd3571803394ef706c694,retained
cnews:17,17,体育,44e83b425ba0e1b50666a316fd3fe851362947fa2ec6ee4c66c38fe7380080d5,retained
cnews:18,18,体育,e469a3deb35555f11b39df6487d7b66b27eebc0ff1eb4c2589dbdfeca4e6fe62,retained
cnews:19,19,体育,e370b9aea702afb2fcad83e466c528b25abb2cbba42dddb3dcc0072fe6199735,retained
cnews:20,20,体育,eb3cc3e42642ddeaa096feb7b56847b58c2c2b1f85a127f211aec58fcbe1862f,retained
cnews:21,21,体育,5273d4467ee1df96759cf7eb89e720b5f53e58e9dc01e62b8342e2a9c8245345,retained
cnews:22,22,体育,539cf0a370ddf51e7c202488781b61f55eed91383016ecb842a24bbcd8351db4,retained
cnews:23,23,体育,30ca3efbfd3d4e52576ed3bad223708fa9b85e61a39d6587b14d05608d036f11,retained
cnews:24,24,体育,0b93888de1d0ef2a121120a73187f958559fd94a79397a0d2221033113f51edc,retained
cnews:25,25,体育,fb7be8aa9b9167e63c6450213de7bb294986ede72ccfbde3074b132935e39e30,retained
cnews:26,26,体育,24ea0e410f2a271d7fa919ff48171bb749e54f1f0d23ec5e1b80e2ba9ba964ab,retained
cnews:27,27,体育,40fddd27719e84144ec4c9fa9709f957521bd799672da9e73769ac2da0b129fb,retained
cnews:28,28,体育,2046fdbc53e9eed361ac422a0113c6d7d4af7a3803659b3ea15572c6d438a4e4,retained
cnews:29,29,体育,d84e5c120d9e418c55145a129dd11eed2c021373efdecd3571a9931ad6424ae9,retained
cnews:30,30,体育,cb14778cff1e4bcfe2daba4c9c615f5d122f246e56dd4ee8d92f017606241048,retained
cnews:31,31,体育,1c6961c472b26a7241e5ad30500bcb4c4aaf1acc5dacb6547b58e42deea05047,retained
cnews:32,32,体育,0d434043ae42614fddbff435e96623fe3b76fb448f83350e1ea527658856bbbe,retained
cnews:33,33,体育,2bfdff80060e37a90d48a60f1974caf3d8c51feec37b10510f83a975a3ad5ee3,retained
cnews:34,34,体育,b89d568c6f3817a799a33e37763735d4d80e340a867fbd504158b7dab00471ce,retained
cnews:35,35,体育,2b59f3c819efeb8cb0a61b4648159c96bdc2748a94c1584d7ec4143f11717dac,retained
cnews:36,36,体育,3296e766dbebcfb2b79333e4d05d2f28d497c6a224a2f89c99a616c68379d5cc,retained
cnews:37,37,体育,6ea7e96d89114a9a09c4731416e9f02a8ef01bb256f7b2f4e53f5643bd40af90,retained
cnews:38,38,体育,943eb7ebb3e14c51398be9add4ea6382200adad79bdd34f46f93003c7bcadd44,retained
cnews:39,39,体育,d0952a6a5d55aeada37b6199030b094dbaf26cb5103b00730b2ad2080b37f494,retained
cnews:40,40,体育,3fef47f83d424c61743f897b312fcf15faafd60a4b1655e8d7e06d59f279693e,retained
cnews:41,41,体育,8edbd6dd199d1a152e09bccf9c4216567a921c9ef16b8e6e1e87f6b96df43ff1,retained
cnews:42,42,体育,6832a2b739feaa504ef86294cc9b5b7315a801bb18de0596fc9bb2478059d09c,retained
cnews:43,43,体育,7a29c8d0e390588fabbe6d8f05e7b959e094411e5d5e2c208c6f3f6d7e8e6282,retained
cnews:44,44,体育,9d263cfcd42abbb97bf4867e12dc87a3a3b6221da02c8514789415a8eda52afb,retained
cnews:45,45,体育,f30d60b8e7ca1ab015cac9573c7b1375a219fecb6f10e90f3bc17bb99d35cc10,retained
cnews:46,46,体育,92fbe38f0c35ccde774520ae0600d800239ebeca16a572203352c9412218acdc,retained
cnews:47,47,体育,9efeb58d307d068a0d261861270b9654bd950a57e1bf31db107122d1ff665ab0,retained
cnews:48,48,体育,536aaff8f873c191b6471cf24d39c0f654afbebcebe508d7503f754f6ac82281,retained
cnews:49,49,体育,e4275f1202380c8c7d8c5256e35327bc0e1f155ae8ad7fda3fb04a7fcff3541a,retained
cnews:50,50,体育,7c21d5520913a2dd8507fcb8f73cc491b87c810979223f7a0331853f8d073586,retained
cnews:51,51,体育,83e02355274ff9dd7e84b5469b175e9cc5770574f62110ffb7b98cd454d8c26a,retained
cnews:52,52,体育,6205e90d43cc672f26599cf5476eb62bf971dc305ea7b4956f620b69e88c5809,retained
cnews:53,53,体育,7bfca98b4c8a0397b2a0b5a9120d4037d2f96b29788121eee405f87e21e8a6b0,retained
cnews:54,54,体育,f21e258b99d2ea17003acae5730b6a1f28b42034b8e3861ee6fc887057c003a2,retained
cnews:55,55,体育,50ee86fc05f88f8656ae7f3f421b65ff5dbece80846dd3d253744cbf968e9f07,retained
cnews:56,56,体育,5f66b48cd91e17b40c686537818a053b4c74218417eab0268e622f731f2fec17,retained
cnews:57,57,体育,2ec9c53393872b377880bd00e86d534b68e9489d1720e45d0a1f055fc21909fa,retained
cnews:58,58,体育,b827f07bb622deb3e9e1038abdba018e22a3156b67e399501025f021c9dca0ef,retained
cnews:59,59,体育,267b10f16dc86e56f1f76e634ed86ea56bbc974dccb701e4b474db89b2fd5f22,retained
cnews:60,60,体育,6614603dbc383c28d7ee5aa5470c1911f70830a3c150d6c7cbebf4e7c18bfb5a,retained
cnews:61,61,体育,e2e80f7ebe77aa5ee7ccf5a3b2a868549555908e7e4032cf2694e32dc67d6d18,retained
cnews:62,62,体育,012f94055ec32701eb1b5aeaecf3f60379f766eb116b7c175fe3f860ddd34111,retained
cnews:63,63,体育,a610e2142682dd89a8edbd72308ed13e0f51c2389c855db964113addc9505859,short
cnews:64,64,体育,e9350a6597a4b08e75ba0a5e8c3b0e2b534ae5d51a55ca0f28cb5a7873762418,retained
cnews:65,65,体育,539e86b6edc809e2c461871a6f9ca3eb0481c64dfb061d80678cfa7a514d9706,retained
cnews:66,66,体育,455279abd6ba6c3c8c7234401e77661c1afc9441ba7e625de4e291cff3d2bece,retained
cnews:67,67,体育,2007b9e9a5e8916fd28612e6cd52e2f1d48af258d0c19a05a0cdb357ca489f3f,retained
cnews:68,68,体育,d85fe2a11b0c8e1b73a85b219a613792ec0e9455c8f7900be3c4da06dc2c4be0,retained
cnews:69,69,体育,c987aaf2afc60ace5d020a50fd6c4778a396b08444701671ded68beaa9ab9a7c,retained
cnews:70,70,体育,860239c8d7eb452c4ee5a1659d3dc3736348b476542d4b48bcaa3ffd8e417e28,retained
cnews:71,71,体育,46a18d940d75838ff5ac40c827eadded1b88cc7f334099fab1a98861dc36621b,retained
cnews:72,72,体育,e314406be134828be76f51c824f5930949ca167a26339a488d56818486c59b3b,retained
cnews:73,73,体育,5000a95437963e04f50004a3fb73516a4cb555a379c872937877fea07d768a96,retained
cnews:74,74,体育,36821ec99aa6eebc2910e68607395ec092433dc070946ba1bec620143684fc1a,retained
cnews:75,75,体育,bb0ebf14447330d8ad9a194e177ebe530ceb5b6c23b03985ad9ed558c24a0b4a,retained
cnews:76,76,体育,f7d436a5ec74d4cc53657c3515dad24bd0bdab93a036ec958f8e86b93578ece5,retained
cnews:77,77,体育,23d9edfaa3ac5028aacb8ac3a905c0b353091b356478db549d584b08b3f25623,retained
cnews:78,78,体育,ea0e89b32921a573e6921dca2adb79331b4dd479bd6ce7a30496cf28f6894b4a,retained
cnews:79,79,体育,3a2fb54c6bb69f54ecb179a7a1b45568bd811f7baf93d9b4bbc266215d0b982b,retained
cnews:80,80,体育,67a51982c280ad7a77a8446c367826029893d366cc18a4a2e56072b3302666df,retained
cnews:81,81,体育,01dc5c8f6fb1f53fbc4a2e84d276bb1fa47a98c9a229c119facfa9c1ff2ba56e,retained
cnews:82,82,体育,4906311f38067257d79fd9482c88003b5e42ad2a094f244ebba84c6ac9cccce9,retained
cnews:83,83,体育,5257b9044849d0b1b57187ead6476cfbb0238effe21663548e4d34e737d0a20a,retained
cnews:84,84,体育,39781adc61f7176f2ad73d5f5d22f20665a9be23b96adde7453cc847ee3c5624,retained
cnews:85,85,体育,0adba3cc3cb796f18f12305dfe48e0e56e3d960d712d7d07e1bda0d56779b6b1,retained
cnews:86,86,体育,ff07720c9f949fbf63cea39867c11f4a2b7b7f3d62c0180a50d5467c8bde57c7,retained
cnews:87,87,体育,f728bc46a6bb33370666f2d76077b0ffb8bb66e2a3336cf44668827f5111c2b3,retained
cnews:88,88,体育,0eb02fbe76d8cf804727b1ad497f0656c68fc4f5c4bd943b84e4a8003edc3a40,retained
cnews:89,89,体育,89d12c5cdeefd0108601528774b13df6e682abd93d2147d79d35581129c6668a,retained
cnews:90,90,体育,0f45986661be41d6ea55c4029cbf9226f3b1bb4cc43bd69afe178eef26abac8f,retained
cnews:91,91,体育,d65f5abf07b0168bdf8cb7c6c0cdaf01a60a96e33bf69596bca0da57b56a2ba6,retained
cnews:92,92,体育,a84ba788b79b031652dc785a7105d2ac22340c5efd2d49951c3a1f8a7af81118,retained
cnews:93,93,体育,c2a50428db4792d821c9f9b8f26afd475d07a65e1356ab4d5f5f1d90eade4bb2,retained
cnews:94,94,体育,52c64c5bebfe28e608e10d9c963e020e713f43d1a95e9569ed9395e3c5aa87c8,retained
cnews:95,95,体育,f6c1cf66fa548553c82f203f37200f3c5e18a3e2331d5b0b4ddd061c7be709b4,retained
cnews:96,96,体育,7a171f954902d412b77279c986d0f0a79c4508c0768651e85dd974588043f22f,retained
cnews:97,97,体育,fa805566e98196a6ec8230cf5d115d8f801e80a4b7b41bd283967e9f1d63d2fb,retained
cnews:98,98,体育,77efe295aaacde4a61e982c4154b34835cca1f4343d903886edae173f9332397,retained
cnews:99,99,体育,9d8287b1515f6f987baa21091f48401fed4cc8663c399253aeaf1d87a1b715b7,retained
cnews:100,100,体育,6e071f2a440b0d7ff5b60b396f2e3a6139d6e89abdae3945b0e3d383a7b51f34,retained
cnews:101,101,体育,0c0079f40e39601c37d2b16e17da8aba6f8dd5c6a5254005cf83a69ea6ebf409,retained
cnews:102,102,体育,f64caeb48a596ae9b2bf955406030d77047e72656df534812fc3ff608b94d6f6,retained
cnews:103,103,体育,0cb51c565e26622f2e7035628b3ded3b45fbadc42c662f3670c127aa28c92de7,retained
cnews:104,104,体育,2009a137a5f0cef83ac5b01e459024780cdb23741ea4c0c13defa2fc3c219b7d,retained
cnews:105,105,体育,0db357c1bef59b41b962f6e2bbe7ea2b31dda8a50ad34d08d119365cb04378d5,retained
cnews:106,106,体育,5b6eff4d34a6173b848f3bc42b4b5dc45f4d610dbf1606bbce407dc58eaaa8db,retained
cnews:107,107,体育,cee8e3dd72c36489a17ff35086205fad93c9f582d7021a1aedbc2b442d0d3cbf,retained
cnews:108,108,体育,94b4f964ae2ecd3833bc01df28af9877581049fd49ef232b7b1da7fef4d4edb8,retained
cnews:109,109,体育,d9193b160ee3ad0a7c3f7ea5444af6dab686990c082bdae44fa0bb749d677249,retained
cnews:110,110,体育,67391a0dc88afad72e15b4fa9090af9b623aabe72ab8c7052f83133ab5d14641,retained
cnews:111,111,体育,633c96ac886c3832a97fbf049f4579db51c59e19d1758916c884651c8672b848,retained
cnews:112,112,体育,719d5f54178a4b34b44cee998d031812ecd267901329252ee3f3c6216a7c5539,retained
cnews:113,113,体育,092c339b4a3a740b8f85684085a17950ba8cf6ac6b53c265cd27003040fe669c,retained
cnews:114,114,体育,b145192bed332397c9be697ebad315a5683bc2dfc230554dd322506dcfc6322c,retained
cnews:115,115,体育,4ef606f65b7d162219869c1f4699dafd7eeb2eb6b504c64c90140c54ea0a0aeb,retained
cnews:116,116,体育,36bfed24fe2d8eea7d502e6f584867865b1dad33aac1801d6a059a34bb143918,retained
cnews:117,117,体育,a679ef4227bcb26c6603f3e5074c149321b5d792cac75e6a6ce92c1554674f3d,retained
cnews:118,118,体育,e7a6db71d8addb40813893bea01aabc6fcb0bf16f1a62beee3ec8ff30d69367b,retained
cnews:119,119,体育,ddcfe6778378be067d3f5d69df7a28485da6e2a9780eef60062f3309841ad097,retained
cnews:120,120,体育,cbc390bd5816a2396fdbfd64f091c846697f4c1937fc0f77f505851859aaad7c,retained
cnews:121,121,体育,d7bfe0a8b0df8bb6440e5af345eb41dd2f20e704165f49953fa7a8c96b4f77e6,retained
cnews:122,122,体育,2d9fc497953aff92d7b8d72444644bc9c21570ee3dbaeb179232ea4e8a171928,retained
cnews:123,123,体育,dca88d549f24d5ec51ef35e19c15cb8359b3d58d92b113f6e73a754e2c682135,retained
cnews:124,124,体育,61ba6a1febec3a0664788e9dfa7bb5276b62c2bdf5a3c2616f04b62ad1e61ac3,retained
cnews:125,125,体育,8931a7b20809a3c0d2a430d99e0f8a61f7923d507255efddc4762fcb5d207ebf,retained
cnews:126,126,体育,c8a68b4cdd0f679d894f5e9e97ae9c7efdb319aa394a6ff102a8ceaddf103248,retained
cnews:127,127,体育,a3ab88b539cbbdcf10bad4a0edb73c123c843e29826b0c3cb096c7a1713ce689,retained
cnews:128,128,体育,db55722e30a42ef7360d007847ce0e3c604d3c252ce5e45da12a5f157b5a879d,retained
cnews:129,129,体育,590938a16b5f7f8082c4365ff0e7ba76147d6597824af16df1bb0522e9214395,retained
cnews:130,130,体育,d37ad64677b08372a63a6cb46981497e41467eadcfe905e3481183e38e2d57be,retained
cnews:131,131,体育,1123f54b2330b1ed8d4c24c0daefb5e250772c6928a7bf3e92cbed76a073baa2,retained
cnews:132,132,体育,c658a5186dd4c9fbff05db23358ef37940830784386ac2c0762efd49e552d3b2,retained
cnews:133,133,体育,6ffff04b42720208bb9a407b96fd4576bea6cd13ffdeaadce9b266f37e03a2d0,retained
cnews:134,134,体育,e0d12e996dd5c6b5e5ee5e077ce430c9ce6c6048a1039907431252bc0c65035a,retained
cnews:135,135,体育,5451aaec2c6f2489f78099fb8603293bb4d9fbcc580d1c628976573db22fb8a9,retained
cnews:136,136,体育,c4072889c42d6b6b498509a5914bb7751cbfde482b795bfe6a559e61c85983bc,retained
cnews:137,137,体育,4d590af71764a02bb5e3ac6e2e07fc90ed7e13772dcdab3501b57608a6cd599f,retained
cnews:138,138,体育,9a8d5f4978a1a7a727736fb68ee8e5bbea541b26daf93b1740a8caeb7f953727,retained
cnews:139,139,体育,2fb0d56bf9accb2a1f84372433f0aa0ddbdbdd98d1d11f5ad7f5278b6be50388,retained
cnews:140,140,体育,30fff91b2ac1ae6f562b811c5a39f760a088030b98fe6dece26d125f0c6af5be,retained
cnews:141,141,体育,b268939083ca295caab4970a9b0ec33e39479800d31bb98500fed67db920044c,retained
cnews:142,142,体育,e7cb3da457a850957c37de14e9fc9067e1fe5f1337ce75139f687d27eecdbc2d,retained
cnews:143,143,体育,b5ab344df6c75aa525ab38971e9346fc2c7233d707b4bd69bf25cd8376fbfb65,retained
cnews:144,144,体育,3a2ab94eedf117ad883ce6ff8a5d75d09832324bad493d687e5ae01fdd520162,retained
cnews:145,145,体育,72131bf7f097d99c34494c607729902a9904504bf91ddd9fa7be822ec22c0bc1,retained
cnews:146,146,体育,1643690e7ce7f5e3625455616458fdcbf2100b7647d3d2e0a8d47cbd6d8ee868,retained
cnews:147,147,体育,ce1901839dc543bfe16c10b49758c38cdd064400455627d989dc41f8e0857ba9,retained
cnews:148,148,体育,c2d1abd77df507d8497cdd459105b80b56a15c6f69ddf04c8ff080181c144b6c,retained
cnews:149,149,体育,11f777f7c3fce8d0fd3bd3eab86de908cacf9504f85ebfa9b05340501df05918,retained
cnews:150,150,体育,bfd005f15b03f7ac1587f9fa87ec8fa181d976cf7f7c9e4ac0b91d256234c09d,retained
cnews:151,151,体育,375a78baaeab89c4f0d1aab221354bbc4a69008aad72e1f1683f05d30acf0dfa,retained
cnews:152,152,体育,8ad5d584277e8aad93f69df64e1a8005c4f956991a0549c5fbe880aab19b9389,retained
cnews:153,153,体育,84a315e31fc513cf71694a61e40e8f6f4c1d686d5afa1c1a72f311837611880a,retained
cnews:154,154,体育,c8446230ebfdf9c87370a7c90e74a07c9c1ff60f1bb8aa08c7c63af2944f705b,retained
cnews:155,155,体育,f15de470ff2fd8219bc398dd52950ad809bff98b9b41a0b9a4ebd028fd1eaac3,retained
cnews:156,156,体育,4cc2ff05c030f815b911fc27a94d2de228faad42f2d1e5d3c3e445ab2824d9f0,retained
cnews:157,157,体育,04a9dc6d76029c8b7c79367e28bd4606c77b6a1ad58376d1a5865bfe019dd0d8,retained
cnews:158,158,体育,3644853aa58085cd059add20f267ff05c2970ac9c34ff1411ace46c91c5fe82a,retained
cnews:159,159,体育,2eedb5a39d347548714471524ae0154511debc3a8f593d5ae57f4c40807aed14,retained
cnews:160,160,体育,d91347cf23537691f83be95136c992a3b0f559ee7ca241f5729bf1b73f14a319,retained
cnews:161,161,体育,84839ae4aad45b5603b6fea8729a0adfbca2178a3753232834e0a3606f924ef7,retained
cnews:162,162,体育,4e4cc6e8bb7509721ba217a615a6847dcd194f166f504c5b3b1be6d44d26ac60,retained
cnews:163,163,体育,443723930ad704163ca73c45dda4ef9353633d30863d94a4d13efdc42d3b312b,retained
cnews:164,164,体育,fab06531ce853344d3c901e94657ae7258b407dff006c9a96e5730af0bbc1483,retained
cnews:165,165,体育,e4ef1ef02158a1497899b6e6496c5eafbfe2bd0fa527404e3f116f3b6acb06c8,retained
cnews:166,166,体育,3e14d47761dba9f3e0d444fd8314d972f92564e768d376356970e553a75a5aff,retained
cnews:167,167,体育,c4cd6af531041e2f7769ab9c3b81144c7753e215788a7e038ea029f6d0b3809d,retained
cnews:168,168,体育,2aa339967601d8df72be54c7ba48b9e3fcb5822d0382e76ce37e7cc9b532581e,retained
cnews:169,169,体育,16c791aa61c7528c8cc1dc43a2b8f2ff16a300c48e3290ef24e38244e1f63c8f,retained
cnews:170,170,体育,a3e1a16dc18a5207c1c250fc6406618fcda15a4ce11718cd0069147811069b8f,retained
cnews:171,171,体育,382feb9d503f5cb45b2488cdc389158b4a14070db649d68c5ce687993c2bc280,retained
cnews:172,172,体育,d18d36dd8cb954b6cf9247cfb3c29bc1d9810e48d53f8ce2ec725be398079366,retained
cnews:173,173,体育,46740c4878e78497804d8dbf360e6f6eaa9d61700c22fe3e3c3a349352ebdd5f,retained
cnews:174,174,体育,9410ed3316a8fb9b1a10e172a7dc156a6f0eccbaf7502865b20a2edec6fa7230,retained
cnews:175,175,体育,051a4425afef540a3791bef47c05d833ba02c50ad146ad6b37933fb02112cc97,retained
cnews:176,176,体育,c8a6624fdf424851fb427a19ee1b643405eef725216e8545883062c657f5b567,retained
cnews:177,177,体育,db44ac7cf13c4325cfbf40a1362e581538de32386cfcd96c1ea3cc1f579d3022,retained
cnews:178,178,体育,3369f6f2bc9d70534ccd5f74a5b9166860660e2365f5c2663543e6a77d2d5847,retained
cnews:179,179,体育,ba7c13d0ecc16df2ad1d2a27beaef05988b70ddbdd78251f740c54b5135a89c7,retained
cnews:180,180,体育,dd3d6299c5f277998568d42deca8a09d246a7be7c8bb631d5ed36230f8eec180,retained
cnews:181,181,体育,146ceeb295dd39efec64606f25d287d4aac76e17993ccfe4799838286355a9e1,retained
cnews:182,182,体育,96796aeb041cce7e6fe693399ea6e22a48550651c697a72b359bea9f98af4acc,retained
cnews:183,183,体育,a487fdced1780ada80757f477e021158c9ea6ce1309dc0be14aec36434e42729,retained
cnews:184,184,体育,c7d8168135d97d96816223f36a9212f824033a57625f9734f62c110e90425891,retained
cnews:185,185,体育,6d45fe4f262b37dfd0d16671d93c0f1abe857511125d9cc1a2206e0d8594f276,retained
cnews:186,186,体育,3c7a1c9379df14f908e7cf204ff57beee5496435cc6568704ce47e60c2e0b07e,retained
cnews:187,187,体育,81c7df87afb2881cbc6e765b37de8e49279fd43180842e83662f5777e61fa3a7,retained
cnews:188,188,体育,88ce5acc004d28d8b585c5fb68a3e5cb042926093d3107f55a690564c7aa7155,retained
cnews:189,189,体育,be76c7eb792527566e2152540996ad3448001547c5d6c339cdd74c6bf5c4e2c3,retained
cnews:190,190,体育,8ef66d829067987a3327bbce42346546f02b27899d0276b4e64b6fa0c84a8c4e,retained
cnews:191,191,体育,e2e63cba8d5723e343d5bbd4b3abbf1f3f776b6ae82a87ed6c18e9587b61cf5f,retained
cnews:192,192,体育,44cd455ef9d6eab406cfe5c5d49fab06e4538788306c7d18fbe552fec018ef1e,retained
cnews:193,193,体育,bb2e4c5ac736ad8618dafcecd97aab76a71eef86649e560dbcebc6fc58a45573,retained
cnews:194,194,体育,77381e415b24d733f87e84213031a575a59754249b0a73beed02c4f2b9a52f50,retained
cnews:195,195,体育,921b0ce7f95b30654ffa387e828c3084f52519d6647d9a1436d413f28bbe2e88,retained
cnews:196,196,体育,a0dfdad5826947e6c676a8706e06cd91aef5a04f3b4c5edb0ed361eefac28a75,retained
cnews:197,197,体育,c5372bbce6d2c0de4d3270daca0cb0315f23abafef2f736a2f1f22f59d50248b,retained
cnews:198,198,体育,ff656847dc3572a370dffa5bbcf0b6f95b659259d23ee5873d7c70caa8aff18e,retained
cnews:199,199,体育,3aa74a3b846a6936cffb35afff9c01d1fdb73ea2b9efe8af7b65e79b764a7ef2,retained
cnews:200,200,体育,aaa4f8f0fd6090b6cff296a1774d6a82093c50a83ecb694e1fdc6e7612f1c3a7,retained
cnews:201,201,体育,5278097ce4f094d85a25f573013f2f3d2b6e13bb6b57eba9076d83a2d9345a3c,retained
cnews:202,202,体育,1d55643a6d0ac8c4051d9cb97816d0b6bb70329702af514509712d194c331cbb,retained
cnews:203,203,体育,18e482d3c039965a40762d08043bbaad1d3acdd6a652e123fddf0e1a5674f003,retained
cnews:204,204,体育,259978e179364d4bd306fd3152bf5dd6cbf5d921632020e343c1e22c3f351c05,retained
cnews:205,205,体育,d67012e8cbbad3d1ec9e84743f902edb744615cc23a7fdc82d9fc82afc3260c2,retained
cnews:206,206,体育,7ab25294d243bed67395fcafff9581b51b5de3a283bc7937fa206df2e72ef027,retained
cnews:207,207,体育,4a7a1b0799e8e3bf3b2d7b653ccd93cfd24821ad1db3320124a8575f0fa53532,retained
cnews:208,208,体育,c09f96f54097757b21870a6e31736c846e91411b5509c5d33a0bc3b68e6e391c,retained
cnews:209,209,体育,543959c930126e6d0fe02874d5683cd4dedf119756b50d6f7eb719c438053039,retained
cnews:210,210,体育,561d85fe08c28bd6b9006934f65e7069630a2053129467c5eeadd77aea7f82e3,retained
cnews:211,211,体育,4c8636073fe7842b4709c005007c3a685d39df49b57cc94ca6fa7e13c596b555,retained
cnews:212,212,体育,996d3033e6488e638d970ba9b744a83fc3fbaa5b9aff0d82079ab493f07ecee7,retained
cnews:213,213,体育,39942434a2092fc08635088a25831ab12817c442f7d2ae20688ac22a42ba4db3,retained
cnews:214,214,体育,171661f69026d24fb6210524ad1b7add89e1dc70c77f5cdd9b3f5049acae2a2c,retained
cnews:215,215,体育,f33e1b24a6d658958641c715015ca57250fd41738c9e31aa39dbc99592e02197,retained
cnews:216,216,体育,06b96297107ee7a64a2a9a33611f1a5a265c2f90080b6ef2d390d5afe2a6cc74,retained
cnews:217,217,体育,353bf7be98144b26cb8f7ddd3d58e6d8544c02720bd5cbed9a2b1bdb3dcdf8a8,retained
cnews:218,218,体育,c20d74b4d2bcd3e75556f29c6f92ce67ffe19e39c2c15c0015604f043d2c8913,retained
cnews:219,219,体育,810ad429ef944ace214f8249e4283f235fb1da8236cb9c182b505c06012f0361,retained
cnews:220,220,体育,55779362d1a37f54a1d869024b4df1a387a4d2d4901b74529573bcfe01395a01,retained
cnews:221,221,体育,b09819cc89ff98b9bd4d6580701a621341da518f6d13442a11c5719210296075,retained
cnews:222,222,体育,cf128d2633d81faa08be04d17b5231fada5515a7c63637a1174aba33df9f9a81,retained
cnews:223,223,体育,2e485bc9154e27df80f6681fae1412d1b64b5c9064433adcd1e5935a195c3b80,retained
cnews:224,224,体育,daab25ea715f48ebf75657f4b46b2e4dce4cac9aa9d7704ddae2d85b1828efdb,retained
cnews:225,225,体育,71b632bcd5caf5f59c70f6ab389b7f5d65d4ec198def04377430d44ee579957b,retained
cnews:226,226,体育,bc70bc60449fa82923c6a04ddae0821a6372e3b410730dc24aed9a38508a2604,retained
cnews:227,227,体育,1402ff493c68de284e4a3e640b521749bf37fe09b0c6ab6669228396163dc0ea,retained
cnews:228,228,体育,28a17c4b3d4883295211f40d9d7323940e3275b00be76fa1c65d4a78e7cbf34f,retained
cnews:229,229,体育,8608bb0423b56b4b79c5bab4b2f1ba82a52c8edb18af32c09965f25272410783,retained
cnews:230,230,体育,def281be35c24c564a23484d7a9c12bba9987320dc37888e41209a32fc714815,retained
cnews:231,231,体育,6d0ba8d2bb27d7c1a22bc6b8627f75f271e1d0b9e3d007874aed6c404d425470,retained
cnews:232,232,体育,19751433f69425b7ab30472c0ee94e8362d8ce85aeb04771b35320836392e94f,retained
cnews:233,233,体育,067a8a7bac8a9ad88f4d6d2607145c86eff934c05d858c403dc9e103d89aa026,retained
cnews:234,234,体育,536eeed9757e45f288635eb9b9aecd9c53dc7bcb99dd846201a22fb6cc849b6a,retained
cnews:235,235,体育,39c29ebdaf9b05c6bca580b937335a21ca7189f9a4c1d431069252c5e571ed0c,retained
cnews:236,236,体育,89143ca5b241e8c8c64a65a3c5f7d61459fb6c1703fe1bf6dd86001e56f28bdc,retained
cnews:237,237,体育,f1c40c949025b9f0d54bd4cef8928fbe2a3d8de4766b59b10044540c74e2f7bf,retained
cnews:238,238,体育,a2d825303896b49f12a66c3126dafb1d5dd8dc070fd676c756313a8575bb3af2,retained
cnews:239,239,体育,36b57ce716844332a1f0874039b00161a873debaede180f1c3ff119473247088,retained
cnews:240,240,体育,4a8e846ba6aecbb0bd6ac77979e0a0e5045871ae593355a5490968cfbacea0b5,retained
cnews:241,241,体育,204710ca593300727c74147f65c03201640cafa6159155d69b0da6b0c89a9c71,retained
cnews:242,242,体育,bc0db6855db5d5148d36acc6c6f906dd187be3c03b2df1882f130a8e45e960ad,retained
cnews:243,243,体育,f4cd698d812d29cbee69161540bfd972e697c0388f8c2ad7b1ad3217e1007f06,retained
cnews:244,244,体育,e0fe4557208f8e59618efbbafba4342ed3c7076102e1138657a9b71f9c73e692,retained
cnews:245,245,体育,78d6f51b6bed8d90bd0403761a38a865b962d8004f2838a5081cfa21282f4291,retained
cnews:246,246,体育,4f8bc2ec066608270ef13806aa7674a86560fd26eef98448e9c5df99dd72687e,retained
cnews:247,247,体育,a6762c642e8d67d315065ac0a6099d34d8a6b6f169e309d418ba144256b55d45,retained
cnews:248,248,体育,ebee87ba31f55a158bd8b382c3838aa85788364786c6eefbdbe944cc67f36747,retained
cnews:249,249,体育,83b1cb21026e7e1c87ee6dd49cfd2627cd92ed3554058a99fc2a378bcfe237ed,retained
cnews:250,250,体育,7bcf39bb36ea490e22cc67348dcc0b8bc5572bcb6fc9b63d1eb222f4e7c6c318,retained
cnews:251,251,体育,029ea994f34ed5e5386853b54c9c2186e9e949602a3ee8ccad45a20f5aa85129,retained
cnews:252,252,体育,de0eb6c6cc869e1ef7904ed4be5f41a3fcef9c90087b0990065f946604d6acb4,retained
cnews:253,253,体育,65ed59ee72ca312154abffcaa54dabf6b45deadf60f996f3bfdf62607b7c5056,retained
cnews:254,254,体育,bffb87eb9d7252f2653cd1cc8c6ae65dbe8c0f16ad3a9c39efaa8e0e599bc321,retained
cnews:255,255,体育,7706ac2240ce5ee80ae07fc6ebf1bd0dd2bcf4f4585ce3d9e3f2ae98074a5e88,retained
cnews:256,256,体育,d23f2cb95c6a7bd1ee64ca04117cea3bdb545eedc59afa049ab5bcc7ea1fbe9a,retained
cnews:257,257,体育,9b9444146c1128b677fa45895deebbf18a98e9bafcc8a727187d2d1035723e0c,retained
cnews:258,258,体育,d107ba7a1c4a1bd293c15381a820cc1344d65d335a64147b3270f779befb5238,retained
cnews:259,259,体育,03cd07ff7df674c58b032b28f330cc8bee26e2b4ec7ce9dfe2984b9e1eb821d3,retained
cnews:260,260,体育,98f1f4c6ddeb971b7aea5f072d307b76786f41419cc9bbfe2144cf9903d014ee,retained
cnews:261,261,体育,443340c110490ff5c99da73734ebd2318055fcbe170ec7ffb164b4dac7887f68,retained
cnews:262,262,体育,fa37464a03cb028a50eed17ade0180346c7e5bb453a78971c44761412f951658,retained
cnews:263,263,体育,0e608f8120e793b75430f8b436c5597f04640ff7d1d36477291370dfd26bdf1e,retained
cnews:264,264,体育,3fb0f985c0c3d96c96cbe92a01434cb9044b382ef71c4fae40b2d1af4a2624e8,retained
cnews:265,265,体育,1d8f306854c31dab6321e91cefcb3b98fab80b45066c469e50043a5357f07106,retained
cnews:266,266,体育,fecf3bdd3d9880bfcd3155afa24517b5ced84edb476453f3dcbfa7b7a4932e84,retained
cnews:267,267,体育,9db8f801b53bc7bbf3d6704a9614452adedc6ae7f27682bd329b8fc614fb5896,retained
cnews:268,268,体育,2a8ca51a2ae248723b1335806c33cc507e93099f80ef7fd61677ab332f88ac6b,retained
cnews:269,269,体育,b03579fb8da7f44cda6cc681021e6b7ccc8ed70c2221ff0041be6d6eb6c14e12,retained
cnews:270,270,体育,000bd0fc25dedc73ddaaed75e5fa1f0f0a03363cc7a5ae70cc4f6e51ccc47504,retained
cnews:271,271,体育,127bb7d6f2f23cdb98964d9fd5188cfaa41d5b77da25de28a57b919e914c45a9,short
cnews:272,272,体育,5e398a534431b53af432432940377a57445c9f0d010f935744d8fa1eb552519d,retained
cnews:273,273,体育,d77b9afeb4dc14794c0dcca38ed3cc4c78ab048ebc947c892c948c58c0f13180,retained
cnews:274,274,体育,72b7fa19b941ef8df6f24e8ff9ca200b49df932df176c9e4cc36926d6ba00b12,retained
cnews:275,275,体育,1a8f611a744d2b9102a7aada6977c9a05ff43ec79f061350a6f6c0e7f5b9a357,retained
cnews:276,276,体育,94fdd1ed4ddec905c9ab188967a2931fb8750e6b71461885741a04aeb5c2852d,retained
cnews:277,277,体育,476bacebe09e65e4c56631bac9c485deb1402d7cfed78f9f9b53d6f11e2d592b,retained
cnews:278,278,体育,586e1ae652eecaedfcafbbec41d2cc35cc8371ba1df4cdd692da5952119f7e61,retained
cnews:279,279,体育,ec2ec8d763e3bb210f36a85294015fef63c55131e3b79f5d1db459797a51d0a9,retained
cnews:280,280,体育,51680bb7b33005cb326137888f5778a98c3ddfc5c38f12409f9dea3df45eb9c2,retained
cnews:281,281,体育,51f3adf32e0c87af9d35f7366559c2d9049403ddd9ec9d0cc9cb7c2d646ab7bf,retained
cnews:282,282,体育,f710eb167bf7409187a9c6225b5204db403f24d2449bccec1e23e620189199c7,retained
cnews:283,283,体育,884878a4bf2d2f77c64f826eba4202da7f57d2c5bffbaedee8f7a24a696f8783,retained
cnews:284,284,体育,f805da8eed124208f15bd0c1d1148a1184bb3ecd9e844a60b82e2dbcae9c3f80,retained
cnews:285,285,体育,7f73db278666cbc2f64e32d6c5dcb6f354721e0a87c0faa016ac341e25b4b21c,retained
cnews:286,286,体育,5188573be434fc1d4cd262ceec16dff801a95d3bf8e8697d7d6978246a3f5be3,short
cnews:287,287,体育,c655315d22136583889112e651d37688c62352712a6aedda1a1fa81c46badc2f,short
cnews:288,288,体育,32c5655dae6eaf10eb2ed0e646d91910f45d300cd556a36b05373adad8ed5ceb,short
cnews:289,289,体育,ff47656b03d5ccdd1e80ecbfdbf4200d7770621211e2151379ea50459d31b927,retained
cnews:290,290,体育,2e0168ea9a2c25c351fe0bd69e487b7535f43dc7f5c25f174862b9296aff8652,retained
cnews:291,291,体育,c18fcde87e6363dc73e3791e502f421094a1e3b727bed8286b1a06d7ec610ba9,retained
cnews:292,292,体育,d271e1d0b5f3b0be35cbd78561d4099798f8724c8857e992be082aa4190bb4cd,retained
cnews:293,293,体育,1d2f1b9a1c3341b85720526d41b06a7b432c072c7329854b45b41822a23099c7,retained
cnews:294,294,体育,7133408f66378737a7a6a986d43ea8b80081810570a246063d31ab1e475221d2,retained
cnews:295,295,体育,111b03d48d77a5da03e0429f5cf891980ea26df21033eb098f74f6c0a6f76ff9,retained
cnews:296,296,体育,5633113c5847b3f9199f74c8bd04a917df13eef09005f4c85e1ddcf9b3a96283,retained
cnews:297,297,体育,2c9490a835e85891821c8f4a0d957924a13355e4b52f36a4cb32adc8d68e64fc,retained
cnews:298,298,体育,64b7798dc0000926c5429951413c184e2ad5f85c5e5322846c7e11973ea36c07,retained
cnews:299,299,体育,9fa411c2ceb67fa93f0adb1dd335a9d9e9d2d04c6e9137c79ad7f2980eeb0fb1,retained
cnews:300,300,体育,970d0a190d6a3f6bc78283ecc23da2d64b84d5b2e9b70c3051378b016a7f28b8,retained
cnews:301,301,体育,3931129a11178177e26ed8c8075c3a6a0e5d8ced9060bf2489b238bbe6b5aaeb,retained
cnews:302,302,体育,f6fd9c0eb0c9f3e99ae39dd60a4b4f478e241f0992711fef069a4c1e5503c2eb,retained
cnews:303,303,体育,7e45808cb1bf7241f993a232de636d39f120517414550ab463945099de1c733d,retained
cnews:304,304,体育,69930f0b3bdb889302a3ef626b843006ba30d1536a9e81ae2bd7b287ba9ab0be,retained
cnews:305,305,体育,d7f89b43687e5b3bb775edacb40df56083e7dd5558d7f82578a4586b59f2779a,retained
cnews:306,306,体育,581854f907c8f851a6800f6b41b79a377234acc4200b4371262dfb9028ed0b7e,retained
cnews:307,307,体育,e17b254d406aeca9e67e3e77939257ea8fd665c7c049cda2461e0cef67aa1770,retained
cnews:308,308,体育,f5ef2908d3d7c7af1ae5c2db75b871c2a64e16fbfb80a993c697c974abf8669f,retained
cnews:309,309,体育,d456d33c36a45fcf21dbf79e2268f60f3cf05bd7ee03c90c996abb11c5b06d8b,retained
cnews:310,310,体育,3366b9afdf2598f0be85d648703ffb55f2f2ed02397a616c26606a51499894d5,retained
cnews:311,311,体育,d2469b3bb3d66d1ee43dfa097edf27159a05ad8e53d7e7089b50f35d25847db2,retained
cnews:312,312,体育,eb04406fc1b77a92642d2af0e2aa1f4426c53347750c17f472d0d8edc58b8221,retained
cnews:313,313,体育,29c4202c8593cc08842580a654383b7c9749b4f254dd97f9609789746948a3bd,retained
cnews:314,314,体育,e3bb4aaa2af8ca4403a6972a89ef306c9015b84b8445a1c5e9fb3a70ba565acb,retained
cnews:315,315,体育,f41c5552dfc9d37a0b702d7f6deb188f778e6f31a20623f7340c611b934bfa50,retained
cnews:316,316,体育,2ca6bdb90480603649337978e8e8f2f8122635fa5a8decdcf2297dc12d86e6b6,retained
cnews:317,317,体育,19b6fe587e2bd172f2372dca78b84deda7d37f4ab9e3b08582a79f04620cda85,retained
cnews:318,318,体育,3a952c027a03ea85c720e393d51848bfbdda24cca4a4e082335a067e8576e7e8,retained
cnews:319,319,体育,f23833266ed881a78a4664c4dc4c7460471ac128690a469901727c5eb3433244,retained
cnews:320,320,体育,727daaa7c191430d00da5fe8591de0fec01c010663333ffe85d254c759effef1,retained
cnews:321,321,体育,734930b5ee6351ed0f7324e7ca8f6cc47148825df347c19f27544c8e64d1eb14,retained
cnews:322,322,体育,61b80328d51c4bb7cf10fcdde4012eaa27e6bdcccc796fc93e55b6071d2cb639,retained
cnews:323,323,体育,2fbb2886cb3a77066ab3bdbfac3e0cac217d88a7dd24c697d140cd37913fac4d,retained
cnews:324,324,体育,d5477b3cc000a7a17b3395d1a66523f26df6673308bddeaabc9f9ff50d573ecb,retained
cnews:325,325,体育,538311765d443c6633d36d2231e20d4c9c3496a70ac737cbfba92534047b779d,retained
cnews:326,326,体育,bd2476f7404b82a4a03446de04dab2a68fee6d8431b4b686048f21fd3fc6b48f,retained
cnews:327,327,体育,4d6970919704f8d79878ef09f5bedc5b2c922fdefa02ec9c6e3b385a6e46a2ad,retained
cnews:328,328,体育,e5dce302acf09b05e363e080f132038e524edcde26b3dc2cd9863aa12d22dbca,retained
cnews:329,329,体育,122e88844a098caba2128e9735c83ad9c1407075d21439849d7212ae4e817b3e,retained
cnews:330,330,体育,20df2dd63ab426fd3ac891e2f87316b9fa1bcfe54f413a9268782fb882177eea,retained
cnews:331,331,体育,ddbac0eac49fbef655a41d3dba4ba25629a79623673c67eaa26cdc19fd9dbac8,retained
cnews:332,332,体育,96a3452f6a06100b8b74eac6246daddc0e276ac1c3bf9145d4da15818392d70a,retained
cnews:333,333,体育,29ac182bfe6770a0f1cda9a67af9bee31475ead1102de9bf60d822a3e973d256,retained
cnews:334,334,体育,e069daa623d7e3c0639edccd1809efb7d4d6b2e356e7c6b18f87d701a52f0cd5,retained
cnews:335,335,体育,aabaf9eabac3432040618d3bf29b71b970fd151d34e8c606321c27fa244ae157,retained
cnews:336,336,体育,c6b8a1114602f8f03fc65cfe2332687d96c869babd3d51b8d479f9f98006810b,retained
cnews:337,337,体育,28eaf45a201a3de5ecf58e47e4243f901c95d219c9f67a69c57299802f0cdade,retained
cnews:338,338,体育,d0d0fc2e8fca13860b8b10999f85493ccd21e823d1c8def3f9ec6758bbb4df8e,retained
cnews:339,339,体育,9ebc38f75fc3bc769626bd77edb51e13d00858bd95c1368c6cb6095b239d7c3b,retained
cnews:340,340,体育,2ee7643cf46332b4615cb086249f5360bb1562eb3696c438b7159c904c97b654,retained
cnews:341,341,体育,281968a187f609fe4a0a851b16fdbaf0ad2809cbca7c0ebbddbd4488f69111ff,retained
cnews:342,342,体育,54264f4d866b0d28e7857db50bf2724fa274f4420144b073da7ccc3fe4dc4b4a,retained
cnews:343,343,体育,1c55fdb10553c57a76f0bb06ff3713b5c67a9a18c5a8dc4d8f3e37513f1b4c5c,retained
cnews:344,344,体育,8f5c4e2153a7d8ebdfe7007fc249628c3474feba68f6a4ae64d198824b382235,retained
cnews:345,345,体育,c513e34b7946fcee17f51ebb80a2105313e2bdc56b8f5baf0b7ab60d95194450,retained
cnews:346,346,体育,155077e0501a8403acbde8624bd9bf8dc1cdd7d669c54b04bdea6569e75b2c55,retained
cnews:347,347,体育,b870b375234ad86898f62a41be80f9a0f1174ccf1f630ead57b2453ff7a257fa,retained
cnews:348,348,体育,e4258983b49c5a68dd88a815a92ca7726fdbf6f489caa37ffb946b4ea6af2dfb,retained
cnews:349,349,体育,7d5d3182a06dd8eaf39105200e7ff17cb33e6514bebc0c1effd57acd0827a125,retained
cnews:350,350,体育,1256b59623040fc721eab378b6575df51d9d35201e8e2696716233629767b697,retained
cnews:351,351,体育,f01767792ff5982e00f4aa35b46d9bddb08cdf75517618fd0d48fa80e57a1402,retained
cnews:352,352,体育,4cd892a674b62d98f221ef02202435eca22b419467121ac88424f840e16178d7,retained
cnews:353,353,体育,346047fc81b8ce98bcda4298a9975245080c214c91782595a573e3c17b4d37be,retained
cnews:354,354,体育,7ef09c710981d9081d6bb16b135af4e9407fea53cd7a4fef5d11abc7c331bbb1,retained
cnews:355,355,体育,354b55ede2e20c06f892a49805c26881ff96980f92693ec12a85004b01634aca,retained
cnews:356,356,体育,a0b0b7032e9399b556d8fb08a357b800e513fd53be54290f35ce5124509a3c50,retained
cnews:357,357,体育,25da01ae552356c5e381cd9a8fc6b52f2b3ddfcd132648a46f08e6cb1ec1cb31,retained
cnews:358,358,体育,ffa680caeabd54900e8b20298de6f630db9884960fab75acfe89df252528287d,retained
cnews:359,359,体育,69bee993260a4b87c9e3fa8db5f91ab9d0b358e60b9a35f7aa62ddaa325efa55,retained
cnews:360,360,体育,08fa58393804cbf96e325d872a01729f14b5f7598a3342002832787e9da90fe9,retained
cnews:361,361,体育,fffe8b648657d05254714d58a98abb959a6a6a65e2fdb765995b2b870bf7e26e,retained
cnews:362,362,体育,76a3a039a69363ca18459f21aab3ad988c695cddabd6ce2fe0d0de8baef8d283,retained
cnews:363,363,体育,9db721548ba0b6ad3aff2761afc018d3b9b2edb93ef78ed9bb6404dccef9e053,retained
cnews:364,364,体育,7a91ae83cedcdb0a2594920f01ea5133b43c2f14034da54662e31925edc11c85,retained
cnews:365,365,体育,c49ff76bd3a6556ec4bcd5e3ec2124809a700825485fb11312335d5bc1a8c55d,retained
cnews:366,366,体育,2fe7c5f789d139f8c2fb44d8c2f439293fc4ade47bdb711150748648b883b858,retained
cnews:367,367,体育,fdd8b96f26c92064de52c00196ff104cd09e58a0fbbc1638b9e6686789635a99,retained
cnews:368,368,体育,49c152f63dd5127f2cc86665108880afc5fb7258fe86902d9e3c595982192e7b,retained
cnews:369,369,体育,096a5fd7bec7e4910dbfb0cd0858f4afb11adcc656dd663a186b865297f86907,retained
cnews:370,370,体育,2b02bda5d616838e1bce0630c0e0f0fcc7fb98239c84950624e773bd52efa998,retained
cnews:371,371,体育,327961b11b84adf697c426a351574d9bd4dd954f883a052d67774ff6de21fd63,retained
cnews:372,372,体育,ab8680fcf79094fb6170467871d284ac2b75cc138b425d4076b1408fe5cc5722,retained
cnews:373,373,体育,3c9601345e68833405bc15b6c8bf975f90fad4de1bfc35b1aa0cbeaf59ff505b,retained
cnews:374,374,体育,d86fb552830449b16403c045789dc90f18d3d3f429f0e59d006dd0d60cba172f,retained
cnews:375,375,体育,0a25a104a9e2f214ab38868b114131353cbe8a2b93d823bec6829b13f625a2b0,retained
cnews:376,376,体育,eeee53842894fa01c23a348cd731b1494020cf431474453898699ae1cbd69f92,retained
cnews:377,377,体育,886b689450830020e1155b0e1e5a6181beeef53931aed178927b56223505e434,retained
cnews:378,378,体育,39e5bc1b3bc35d628c98e01fe0c12ed3e1bf3dd48b9e91f5975ffccb1b644550,retained
cnews:379,379,体育,3d4174f4f359420210f9785ebbdce95ab5f6fd5a1bbf9629a354e0fbb32a1cab,retained
cnews:380,380,体育,1be267cebe88c049dacd1e1f0406f90dbca5dcb9f8b39c249bb6744c099c1023,retained
cnews:381,381,体育,2ecce94d51e2b3f981df5b1734606438eb0b88d644a8e80e6e18c538ab5891b7,retained
cnews:382,382,体育,fb5098e157582547b6b045a48bef6750979f0aa0b0f9d4dbaa85230c2afc7aaa,retained
cnews:383,383,体育,eae10394d9616615f840d516998e73bd07d2a05a88d69d46aef25c299969b53e,retained
cnews:384,384,体育,3ba434c4499e512170c48b834ccf70fed5ddbc3dbe79210eb59307b0b422f869,retained
cnews:385,385,体育,bd25e41ace6c4147a86870d4644249e1af1e3396c3dc757ca12838c44f2f5ee4,retained
cnews:386,386,体育,579791ec3e63b919d79c3aa537e13c6fc83424b8295d7ea53cce763595de3e14,retained
cnews:387,387,体育,08a9bdf381d58776002fbcc0d278e9177e937b3a008d5b463f8d2d2da9aa583f,retained
cnews:388,388,体育,f60fd815bdce02920f4710c31007b0c62bc8c820556c65026d4bea51010e5993,retained
cnews:389,389,体育,83ff9c75c6cdd1ed35548b494fd06ab32ffb5c6348df52645a5fdcb6f66c7a9f,retained
cnews:390,390,体育,3654ebc1cfd74feb1e326bbe85c4b796cfba0ff3ded13041a6d490ed1c7768f4,retained
cnews:391,391,体育,86685d67ef648b62561ac48888f8e82ac55f83664de09990c3a109283c9e53cf,retained
cnews:392,392,体育,02238f98d0b740159b6838649a0c4fb106b75717d22657e4c261383a7f51084c,retained
cnews:393,393,体育,3e36b5dadd5ef047c36de82810e554cd1232829f391e4af1518364026937ad2b,retained
cnews:394,394,体育,9791320e345d621c11f12880d0b33c9048aa66c8e4f7b46062f5527387af07b8,retained
cnews:395,395,体育,7035ce79d872a61e34dcc32940acb9cf711d9729ad4aa760f0673181b1765fdc,retained
cnews:396,396,体育,1fd2a893f8a9236fa905e5dedb2f1414406f2521dcde36d410089433b5f08dd3,retained
cnews:397,397,体育,7c3e11618f1dee9de21b0bd6120bf7b6493b7096375e4a17b2ee439a08aa116d,retained
cnews:398,398,体育,264b4089966faee96582420364628c8b6328c59966fcd9b76f7a9bf171eb227d,retained
cnews:399,399,体育,bb978a56b6c4461ab751c8cbb87720694cb3088a5653bc8b808d4d19b3014995,retained
cnews:400,400,体育,3f335ec57b530ebb4d8fb1387e855914d146fe6662372e5701a48e236403afb6,retained
cnews:401,401,体育,f2490a38f644eebeef368b150eefdf742a68c37a5db059dae26d43a81036a194,retained
cnews:402,402,体育,2e71afe5fe902b7c256d509b7cba317b9f4bb276e7e09bc2ac09a7e166dbe713,retained
cnews:403,403,体育,a5ac681f7e3e8041be1bb87e1a5eca22d7b314b08136bfbd8c721729220cccad,retained
cnews:404,404,体育,3e09bc38e5e75bcd036416fe356c7e31243706c438a1ffb166460fc6fd336e6a,retained
cnews:405,405,体育,d9dc69c296397a4867d7ee29a3207dc48f15662f65b6e6fe9276d5334e76e647,retained
cnews:406,406,体育,59ff454fcf454fba8fe129bec01ae6fb33d4c71b303413a140dd6761550a3584,retained
cnews:407,407,体育,5a662d6e1cb3dae46f3db1e83e449132ca460b769519e663f9094f096e460b84,retained
cnews:408,408,体育,df152e85495cbc1a0836c09506b21573189910097ba8e082a5ce12e2857d5036,retained
cnews:409,409,体育,43a4704db60d167d0c739dfd93cc4ca3fe33fed3f6aa7d4d52f32e37d5b09186,retained
cnews:410,410,体育,3dff1782f0041af175c5a06662e83c240c163bdba8285f13874e49fe90a4d13c,retained
cnews:411,411,体育,e3c6d16f48f3c6a5ac9ec1e605eff5df610e3ca3a5e6f19eba56b701986b1c3b,retained
cnews:412,412,体育,90bb75ce8bca154a5b03ec6d7e729628b5af94b3586ecfcb4ff9aab696464412,retained
cnews:413,413,体育,9fb94cf07ac7afc7686ce651f7bbe725c35ecd11e780aa7b4c6e24dddb6043dd,retained
cnews:414,414,体育,7f1de68557a82fce98719e2e6295337cd46f613db19b91c754e5e7ef9cf979e2,retained
cnews:415,415,体育,b9bd5ca2da6f813d9869b2c500a49d09bc8747e2b5120dcafb946b7f51902291,retained
cnews:416,416,体育,bec2981e830e31e9790d074c2e99bb697f35cb9435b2e6e4cef31aca95415318,retained
cnews:417,417,体育,cc7db08189bddd5efbb82f208702cb7a634f4ab2800895632425e8213a7def0c,retained
cnews:418,418,体育,a776ca456afbbb4a2855329739975cd0518de2c3805502f428858ae248ef96f1,retained
cnews:419,419,体育,46a12df313b4d6b4729fcb0a530fb4c9f4aa82f94055fab067de87f13d1a9753,retained
cnews:420,420,体育,f3d7f5c5c5bb42b81dbd253bd95133bc280d7d11fd89c456b3d7e712d8ecba4d,retained
cnews:421,421,体育,aa0a27cb53cb840f5607df1ae856a7af9dcd42ed5dbba1ee50be74a34b11d91c,retained
cnews:422,422,体育,f66acb56b966cced58a3598065a0239494753094c7abdb968dbe5adca769b94c,retained
cnews:423,423,体育,c22117908776d844da98b66ebe8c182fba5f9acfbb8b46e4e2c0bee924fb8b06,retained
cnews:424,424,体育,361be6f1fe6e3b3a884b4c3f85365e58ac1f28ef04d8f4f9786c1009eb6524d8,retained
cnews:425,425,体育,8d2d8b7270988a43302382c26e87eef8aa2dd48d5af62b3c9e82ff2f45aa4aed,retained
cnews:426,426,体育,c2910901c7e57a704e9374f6acc529120d45c601a61e702d1ca324c4ed1bb784,retained
cnews:427,427,体育,e0c73e56a51a5cd31faaa0a1149e1e566c54ea85de8df0965ed4ca0a56839a68,retained
cnews:428,428,体育,a64c5a9bedc16a8096955143910ad6cb924ed5ef2f007aaf85ce70ba6b36df91,retained
cnews:429,429,体育,5deb8ca3c040333d6a207dce712152496687c68dfa318291d9f4076932e549ba,retained
cnews:430,430,体育,75c0d6dd0b0f5727933d079a9a29985d0adb25c5cc69fb82abebc49bd6a0ff22,retained
cnews:431,431,体育,70e09e75e284da0d42289d2521b410ff7b0aaed47babdbea782eb346f48f56e0,retained
cnews:432,432,体育,6c7453781c0af3d8d3fddb23b94a32193f7ef628c8374c03066d60a7ff14b2bd,retained
cnews:433,433,体育,ed4aa8c0a82990e5e3f409ce88503a56d0ffc7f13bd414a973042b54224d1f20,retained
cnews:434,434,体育,4cef5b49edad3cf3a23c4645633655b65d2b742c25f8927405e70812c911e52d,retained
cnews:435,435,体育,a051e03e0864ac2457654d4622b628b892765f59d0e998ed49e95805d93f8d07,retained
cnews:436,436,体育,c09f84421271d4b95f0f4c61c56f59128e1db3f3c4c518c9318fa8325f73c1d4,retained
cnews:437,437,体育,9cb4c7f4f9db0e2cff62ad122947e10b02f5d9f6f8d71cd3f836ea50279c9297,retained
cnews:438,438,体育,c20e6c19db40751581988788396caeb1fa53f81bb32bfa216540162768e2584d,retained
cnews:439,439,体育,5d47d0ca59c03f3be0ddaf3ba3717cedd6a3934d47279620a76bd4e836bb8352,retained
cnews:440,440,体育,aff0b5be27bc1ce42e746b66b83e98785f6b4dad75157e92035497d3ad4eb679,retained
cnews:441,441,体育,6ca636d8cbdd17992bbfcc3664be7d4b8ff02bbfada0670a3f8a36686fa33562,retained
cnews:442,442,体育,1a08df049020156f245e21119aaf9fd777eeba89c8a95bbff3600a409a2b2416,retained
cnews:443,443,体育,6ccc817e71510587a1b1cd74be042e605d6c39a8b75edb923ef78f5b88325b4b,retained
cnews:444,444,体育,18408cd7658567531525eae81fe821f8eca3914a4eedf9d1a45df849eb3afdb7,retained
cnews:445,445,体育,c08f54352a8631948944083ca7ce4ebcf40976c0fb26068c382b011ff9edce8c,retained
cnews:446,446,体育,b7322a24c21e77da22883bb67406a6a0c5d9803991d74d6c1f56d079017b0048,retained
cnews:447,447,体育,fde2fe94a662ccfcfe17d63852bfcc63d3e1ff43c2caeb498ce22a018c81003e,retained
cnews:448,448,体育,dfe0821cd8ab49b19de707e2579a120f744e6f1a01a302098981ab401b268b11,retained
cnews:449,449,体育,abb44ee9de1646233983d5dcaf6185597448f693a6eee8d7c7d008f463273989,retained
cnews:450,450,体育,bf1b2e16946b39448dd6b7fe90b8d2920fe9f2003e25bdc737942523537d39b5,retained
cnews:451,451,体育,812a01df2210eee38153438b85eea8fdb3c7e7cf8db6dff67e852ffe80cdde2f,retained
cnews:452,452,体育,4187147071f2263911460e6d81c921b071697aa6f4b04473a0810d414a56f45c,retained
cnews:453,453,体育,7537fa004dcabf38de1aa24ac144f8d338e715b76dc857f627f0be807d0aac73,retained
cnews:454,454,体育,b941c71fc80de36d6e9fe1e13b39c6864370a05522a51eddf79cb9befb5dbac6,retained
cnews:455,455,体育,58821597b346baf2a56aa23b832fe35524e8de6f8f98cf171851dd516980e559,retained
cnews:456,456,体育,25a760be89c2fc858e3fdc0fac3ee5d8d5f1d76a60a09af21b76f1374460041b,retained
cnews:457,457,体育,f28aae6ee33c4a175a1c9bd8152e27b2a5193856f48bf36f9d7d5251ed291a7d,retained
cnews:458,458,体育,6fbdf9d95f517204c42fd4ba8d649e434701eda5f6ef7660e161d41bd8635abe,retained
cnews:459,459,体育,610d02b3fec24666ec48f5c22aa3735811ecd040cae6ebefac03778e2e3ed814,retained
cnews:460,460,体育,363b320e0b286bb9c2cae1be65b79abe21d332c79f21508bdae060dc733a9010,retained
cnews:461,461,体育,4aa8068ad57ce1fb7e1eeb42792e4b4c4acda79fdc232eb49c6af04e3a1dabe5,retained
cnews:462,462,体育,b9f1333eed2b057e4ff8f5788e04d013081e239aae1e6f13848f586e724df42b,retained
cnews:463,463,体育,f7e862e7ee98fec8df4e807e7aa6d5c249c5b2466c7caca3d51da54a4538e99f,retained
cnews:464,464,体育,7bf523e45f89164c4922b2811a6224786bd8572434a955f3395696a0cb3932a5,retained
cnews:465,465,体育,f2777c95ff8a2bd7ace25f4832c084d53d166cec1d9c7ea300f85cb8954583d1,retained
cnews:466,466,体育,ec40225fe39b9cfcbb69089e7d8e693914ea1a3a1c54357c83259755c92df8af,retained
cnews:467,467,体育,12ce9c0be4004e26a2d55578bc543223991650ad7ff9693e39898ca49e54eabc,retained
cnews:468,468,体育,5c047ddf12cd3029bdd2510f30c87f2ebe25b11dd4632f0eaaee179455325bcf,retained
cnews:469,469,体育,4d5080ff9661ea8972222e48f0ff8ebd18305191dc8a99d28829330f1f44864f,retained
cnews:470,470,体育,005780835b952bfc7c9a1160a556e3781a69af096842ba049052e67b35e2cb00,retained
cnews:471,471,体育,209522332977dc0f762a1e746381fecaa2729273fb8110d2c7144aaf9c89773b,retained
cnews:472,472,体育,d44cc51c7c6f15d3d13ae2a097779d7ca5277c18484f5fc8463fe53e269499a4,retained
cnews:473,473,体育,3558f29911210904b77e6346d8281154e849bf7a391253917d2e15e7770d8025,retained
cnews:474,474,体育,88a878a57124d0ee0c8e62438787c9fefb4761c34befe8dd4ce21688f701f04c,retained
cnews:475,475,体育,6eaca3a22f0b36864846150531917860c3638f529d1e559176e59a9ad609ac23,retained
cnews:476,476,体育,2fa0fb31c0c42474d67be41d8fe11c6e0097db92c2b1584cea0751df889cc945,retained
cnews:477,477,体育,e9cba4fc1351f6dc683c6ba8b3238a24dbdfb7c6a7e40e3241a08512fb433a83,retained
cnews:478,478,体育,ad568091c75cb0ac19b2c7a9fa455d4303e3d3a68a672f7381872232a0532de7,retained
cnews:479,479,体育,420c52be616fae653835a4d541724274eb4220e38416284050afec43daabb7c4,retained
cnews:480,480,体育,ff9f70c21d31aa60eb9bf0782fbe2df6262f42bd8d0fdafaa0834063664c41db,retained
cnews:481,481,体育,b22b276844294de07790cee8ced6ba539e77f53fd2d8289631f26c330044009a,retained
cnews:482,482,体育,66d71fe4299e009391bb3c0fe030b18111c74ee0df68bca09557fb74db2b1a3c,retained
cnews:483,483,体育,53b0bd965ec68460fcc16cafac825b83f4a5856221a65b6c4006532b9dc5c67d,retained
cnews:484,484,体育,258c2d1ea6b4168d3119f0ace34c6692f0cf6ff4ebe98e385677b4362824144d,retained
cnews:485,485,体育,26e0bd89dfe92a1e9e77d98609fb2eaead859c213112cdcd81829f4ed6b446d8,retained
cnews:486,486,体育,026d6be7f2ad7767e311d2d80cad42bd2b60ac365acf5e5b8f20e3667d454395,retained
cnews:487,487,体育,b8ef7baf064969a51d4fbeab9fcbd28add2ced04145b2feaa7b52aab1c01710e,retained
cnews:488,488,体育,9d36cbbd3ffeb168ef5a8db1988a093dbc893123e16bd0428c2c6690bb2adb53,retained
cnews:489,489,体育,124227bf06ea49e32f9c9e2c84d12e8f02482061cc69af74a5e7f725ff1c013a,retained
cnews:490,490,体育,d8d46950d1e3cd8b1c1f8b3eea13df72ba7d2010849543af5b420413c6ef1c0d,retained
cnews:491,491,体育,b3a6dbd134b45494491fa9860996d5b76677377fe01f9863f77d567fa318137d,retained
cnews:492,492,体育,0bb67ec638003c1a022683cfd15814cc4514c57200cd817b94bbe93cc7df3ccd,retained
cnews:493,493,体育,cf04c17d04db7124da6f61abacbe25e14d765fb1838a5f393e0e53265b6a3f86,retained
cnews:494,494,体育,89d0bd696a8279aa662656fbe9a9f2754e2875e4744a870d3d0710cdd869c241,retained
cnews:495,495,体育,1bbd243a0b08e3e1f0cb3b9a1a902a6de10c18576d81538320b182b3bf803b62,retained
cnews:496,496,体育,a776279b83f5829aed0fffd3844985119a20612d62e9575c5fe7a36b567b3ebb,retained
cnews:497,497,体育,55d3a4d16c2fb9c06ee307f77a28b1ba40412c4a656e4a1d1272006c277c8c31,retained
cnews:498,498,体育,58120c8c06ed471581d0e9ac46687cbd01123e9cf83d68dd2805ccfd2f90d5e1,retained
cnews:499,499,体育,803695609d394d78ffd11ad568a468f5899ee28ae5920c54fa977d160cec68bd,retained
cnews:500,500,体育,755a4093dff4774c52809b167144cf57074ba50ad5604d8dbf2fa5f1c81a0e76,retained
cnews:501,501,体育,94251538a9408077baa0f8aa77dd16969d4e6918202b1dbc2486910a654b8ba3,retained
cnews:502,502,体育,7f48f301ba451b9b2eadc807dd0e8dbd7719afbbb805c23b3782594d1099dfad,retained
cnews:503,503,体育,aec395b42fc64dd93fae78251372ee6028789cf5fcb5ba4c229a704078b6f2fa,retained
cnews:504,504,体育,046acd7892356a3318d95ce3a0d05e6124f8cb813a394600152828e44239674e,retained
cnews:505,505,体育,c849433f6cd7846b5918f566d46c10189ea88d57d7962f37e151b2497bc38228,retained
cnews:506,506,体育,7a43919393248f16b1a23aadfcd90b807e56c7da23c432ffe491957b1aadd9f2,retained
cnews:507,507,体育,a82b9936a98c716e359333be6170ab3f89de07e2855e1010c94f2fc40bf8e75e,retained
cnews:508,508,体育,98b4467a13f68bb91347d7e7a880d55225b0a3487630666ae55283fbf18e6bcb,retained
cnews:509,509,体育,3988773390abe43f41603098faaaad6cf4ea43568b78e5e8f19aadf1ea80f764,retained
cnews:510,510,体育,7883df717cd271780f9ebc9aebe7065a1b87e77b4c8e9f574e13e4e42a2d9401,retained
cnews:511,511,体育,3a7366c1689c407ecffcf4e7dcab81754d6cb5aed58543e4f6d723b57d536a18,retained
cnews:512,512,体育,b7327a5fd062f7e1acdb6bad4dc0310fd65d83244944e797acbc9abcaeb24471,retained
cnews:513,513,体育,1b7cd069ad1ada2c1979684e30e685d0f62687ffecd7357d04ef86c6a07d1ac1,retained
cnews:514,514,体育,a1d742a0b9cedc483d4e784bc519ac9da83c1232f0a770182ae5f096260e18a5,retained
cnews:515,515,体育,cee12cfc513b13adc4dc106545bddb0d54443a8ee790cc8dbc47b1a84d5fd07f,retained
cnews:516,516,体育,d2e092159f45a56b4915e9bf3074738ed273f64d704448fc8bd61eca9ab40584,retained
cnews:517,517,体育,5475f82b8ed3b360f7136494f9b27ea3e0055cbe1c9696aa7975d3ed93081dd7,retained
cnews:518,518,体育,ba6c7bccca91dd917da68d102137f1a77ea4a2fc3a8595642b93abcb2b631252,retained
cnews:519,519,体育,3af6e8a349010c846eaa6c13b8fd7abdbc722ff31494c6a08d93233aeaaaa56f,retained
cnews:520,520,体育,05b3579a3e4dce0ddf5ace82d25fdd970a5fe038fcacdd52635ed849ea8f2193,retained
cnews:521,521,体育,712f5e8d813e95d74dbdc3c60b590d1d42800b4e67ea648dd8a39d97a0b3681c,retained
cnews:522,522,体育,b375f67a140def80988cb37a42d0af2095d23b3c2b4ae7998de3d6c06e9a83bd,retained
cnews:523,523,体育,defeb3b9fd522ea0677cda46110d4171329da9ff1b2982a79e932cc86f7bd3af,retained
cnews:524,524,体育,bdc86a0c7ad3405dda0c3e1a7a0652d85029f574391516b30535bfeaf1f5034d,retained
cnews:525,525,体育,6514ce203d8bd4e5940f49034541cc87deb46237c5d8950b79ba026a855984bd,retained
cnews:526,526,体育,81faf6b2a8cec03e987ece1839bd395efd5fc5b78b359f3c648a09af4eec5aa7,retained
cnews:527,527,体育,c598361417c3609f8a7d882ad9dcd10ca149a3e42b3a74d5f106f078aefa7635,retained
cnews:528,528,体育,50b99af9428b36030efcde1be69521d2026470a5c8d4575aee36c3c7e77ae057,retained
cnews:529,529,体育,b1649ae63759bf92a50f2ad3ad1db142a24a576ca8319cd9555b1a6314d16dc3,retained
cnews:530,530,体育,3c96f5a6ad78bb8cbaccbb109c7ffc92328787f05aadf710ed13007d6a5704f0,retained
cnews:531,531,体育,0e002f11fc31dfb1c8f2ae5a28818046277703accbdd380879757476dc3dce44,retained
cnews:532,532,体育,597d99cf2be81a423639bc6dea53df8701b20caf125220a7e215a701b4343383,retained
cnews:533,533,体育,e5722b6f3779cd62679c6c3131a4e314a0bd1c645be869dc01d999b17b2d10e5,retained
cnews:534,534,体育,7039fa2e32bec86811a2e29344eb679b4b37e5dc0bb51b93aa59db8ad6b83eca,retained
cnews:535,535,体育,70926e840331310116e201fa82a6dddf0d158b6687ecdcfae6da99604602d618,retained
cnews:536,536,体育,4b62288ab6ccea0dcd96de33fdec05d29e1adc82817cff32e0329c1858d70546,retained
cnews:537,537,体育,17b57df6c9c3a72957ff14e05ff933c61478163a104337323565cef9653f54ec,retained
cnews:538,538,体育,c913702b7b88fb7b91bdd083b7ef6c6705dac5c1d26cd1b5fdce2708444ce198,retained
cnews:539,539,体育,f97f50f2a07831b81865f3c8fcc9e09b75d524a1d5b133d315a5384569728e53,retained
cnews:540,540,体育,2b3cd6ca23e11fc72b8116ba917490952e986b5779261274abdac2046b15d02d,retained
cnews:541,541,体育,32727f41940c46e21eea455aedd16b2834487857d7edae06e4711cb1ce3c2652,retained
cnews:542,542,体育,e2ef13d24b974ea60ad97c8337eb5ec59b8ee52c17b7cd7872dc211b9ff63aeb,retained
cnews:543,543,体育,78780aeae37d6d3c034535c82c6a7a67c6e3eafc068bb448cbb44cba1a81da72,retained
cnews:544,544,体育,9993f9f3856b9d0146153b9980545a09952fca2dffe60a0c9e2a5631a7e2bd50,retained
cnews:545,545,体育,e3379d0596df88f05d493fd9e49f14cc67c9b3ab8acc2a86a96ea8e8dca09878,retained
cnews:546,546,体育,c4f035e5f7141cce49d04eda9fe9ae25e6187362c0b6428c8593f51be2e29899,retained
cnews:547,547,体育,b5bf194f791b13de2d8da9096784d6d290129bb3ee672020ca285cde8a362a65,retained
cnews:548,548,体育,2c2628e3b30ca751160e81fb4c965f0181a493d140cc2d64b28f44108a6238d8,retained
cnews:549,549,体育,706bff6ba80b29b7362dd11dfc13283e2e43769684ba0d2931171727dbe5fd93,retained
cnews:550,550,体育,52475964ec66137c1f2eaca8dd22d6b2894513cd3090196f8dee48e551332e74,retained
cnews:551,551,体育,066f1e18bc1139c7d94670d52c3d9fac02499a99488abc650a3adb1490402c42,retained
cnews:552,552,体育,d1439fcb17b984722c5e40b0719822bb84929db2233e5cd1ef6b27a908c8c26b,retained
cnews:553,553,体育,5c96a3f42d1deb568bd48fce028c3944486f2f78b8700b195b11e284dbcc17d4,retained
cnews:554,554,体育,1af09814a1cea260172d4eebcd637c45b4934090daa15a4e87cd31983657893a,retained
cnews:555,555,体育,3d67e68e5b920d454a977eaa973b4d6a55089086476d9d8cac0fad62445688aa,retained
cnews:556,556,体育,fe53774c6e664748d9cfb554faa70491119cb6e3f1c3b9a8fc76bb0e1129e0fb,retained
cnews:557,557,体育,dd386f9d5293ae497724c64de8c1b30393fff65ef4d47432e87a8638152db796,retained
cnews:558,558,体育,d2a43a471447cc9e2bdf2c2c7b09583a699563c7f1d39b36f956285f5a307fe6,retained
cnews:559,559,体育,dbdf2e391240ecac76ef3a6e1a3c6f9a2b5a5f0b9eba7297692d445a18c553bb,retained
cnews:560,560,体育,27317da6cc173a2a8dc19b556794ad68d2e37d24816b76b219e931e44b7d433d,retained
cnews:561,561,体育,8716378efbfda840027fa8986feddbc4bdeadf394c0ee0a6413ed5fc8fb4d23b,retained
cnews:562,562,体育,750f3c43ef7443254569b9a1fa33b8407766a7ecf289c4837568b7c917516ff0,retained
cnews:563,563,体育,05367acbee3c78563d285c3c886c06cdba829c06fdbda6992b4e854d5f584a1f,retained
cnews:564,564,体育,99abe844fc16a452b51fdefcb2da6330d99f34faf439359b308cad8e75d42e02,retained
cnews:565,565,体育,d5be0dcaa0545780d80e953ef28c96ebd16671c37607020a498de571216c0c5b,retained
cnews:566,566,体育,14e135cf306c70f75998302c2538889f6c87ab543c533f1017eafa51e70fbc1f,retained
cnews:567,567,体育,483c5c1acfa518ea0113caee95bfbb2714ad23c651821b7ba93be482e8eec236,retained
cnews:568,568,体育,1a294a24a686defa1cb2bb8a82b2cc2950c0b5886317fed1692732c9781abe0e,retained
cnews:569,569,体育,f4b31d870a442336d8cd0b52c521ad24a6cc0c9467187b9756fd650eda9e7c97,retained
cnews:570,570,体育,7f5ffde1a24beb60b399221b4dfd5fa947885f92d5fb20170e088015163cabd7,retained
cnews:571,571,体育,b5b30966df383296c7be21b06ef96c59d9499b6ffe261d4c20bd54b1c1d224b5,retained
cnews:572,572,体育,ea7e0fce96897a45433155c2f77fa5f16151710db65d5b64c92a1cc48f6d2e10,retained
cnews:573,573,体育,48dd39b14e9d74a4116b6c1f9c7237b72ad57a95d36f6d65d7df52c2bbcec606,retained
cnews:574,574,体育,73a16d9e930183d23f8784f7aab4647d8927006ecec767299e481485ad533898,retained
cnews:575,575,体育,f4b6e97fa773a6d89e2afe082c43d9446d81ddb0f16c4494a83c3911b4d1c2c2,retained
cnews:576,576,体育,6ee3fea560266d3035f2ccaa1c18e7fa5cb31ebe827daded205d698c37b1404b,retained
cnews:577,577,体育,5193701681160579723ff45143a027cd182c85909f9619b4b34b931ba295b203,retained
cnews:578,578,体育,4c3ed902499d54ecb3d71689011a1e8b76f1c0efb8d36c620cfb38d2699519aa,retained
cnews:579,579,体育,ae7587cbac70a4b0eacbea020e942aa6b0da26092d206e437ebb360b42816e6e,retained
cnews:580,580,体育,939e9aa7b1466ad33c9b4377b57350f0fa83020f2a47a25496d8ba8c8858c422,retained
cnews:581,581,体育,b0dfe297d16471822268e1b86bd9e70d3bb4df297d2af40bbacbda2b70d52bdc,retained
cnews:582,582,体育,7d9f956351454cd23eb5c20a8812415ebb75245c3141c28a4a3f703cdceef8c3,retained
cnews:583,583,体育,487540e563a049631efbe4584e2b7fd9222f3537eb69744357868cbdb3150adb,retained
cnews:584,584,体育,f92403edf54ac7c6237277a680b0dc7bc26d4f88b1875b053c70af0e0226f5ad,retained
cnews:585,585,体育,e285528fbda3f6e5f3c05fc5634e3e3f465db17bf59b0b2bec93354fc6a5d9b7,retained
cnews:586,586,体育,3065a9d40ba0208d24c8fadbdfc8d035c5d761156675b66bcb194ad24c3cef21,retained
cnews:587,587,体育,a1d60e25d7c9fea21665fe8c93918abafa3b00820c1b34265ff2a8314ff66bf7,retained
cnews:588,588,体育,2bb6c97ef22266d3a14a29a0b98cfbb73b7c7f7980d283011a2a495a97819aa5,retained
cnews:589,589,体育,23cdcfe65cd633a54aed28d0e52e93837c70c80ab0ff5d83960a685ce8d33e0d,short
cnews:590,590,体育,c66746897b5f63aa7851bb25f63ad394d67b8dc97693a507e0395ab14f5475ea,retained
cnews:591,591,体育,70de217e6e85f48888e5eb8840bbe9f1b1e09bc876a50830e5eab6920936ebee,retained
cnews:592,592,体育,b345ae871b3f306bee47090b094e0a327b28ac77724c7eb7fa99fb72f015d5a5,retained
cnews:593,593,体育,d7b8336276a96b770402f2ff79afc39c73b46e365ae8348856ef92437248345c,retained
cnews:594,594,体育,56bf171aa252885abc515209d50f8462706d40bd85a0d70fb907ed30915520c6,retained
cnews:595,595,体育,c75ade73169182ac616cad3344825cfcbf1495dbdaba1510cef5c217e932e0a4,retained
cnews:596,596,体育,3ae91f1f955277669b44482d1664ef68f48940422dee1b1c35214d038ae56129,retained
cnews:597,597,体育,db596095ee3001d00b765b079c6eedb52ac9bc61a11abbf63bde339505d3265f,retained
cnews:598,598,体育,17aba7b5986d651d447b3d49e7ad54c770b77c76c62bb58617561f641c824556,retained
cnews:599,599,体育,b4fc1ad7bcdd653aae7f568ba18ec37060f6f8caaca1b357d29f12bfedc0bd4b,retained
cnews:600,600,体育,6c920a77a37dcd42d96005a83ba7c2161b27f6ef2f548157d0932c6849389027,retained
cnews:601,601,体育,aad111d64b88894ab6b5f8e5f8ebf358addb9dac9425527b357a6275dda3d50f,retained
cnews:602,602,体育,20bad9b48cb9022f2f084c8c66701af08bbf1f12a25c69e31e8ec6323833c26e,retained
cnews:603,603,体育,d5723bf60dc873bd846a100b693ca6186c9fc3575d6daab06719b058c9444ccd,retained
cnews:604,604,体育,fba54c6140896f771e9971dfe5ee44bd571407ccb8a59f8052cd5e5b79ae8d21,retained
cnews:605,605,体育,8228b4ec0fb7b180a993c33e9e9c7527405560a5fd15e78ab47f01c2fc7ac7cc,retained
cnews:606,606,体育,a7aba6361aa6a72761820be7de954cbfa07c0ef69245072572b281a6ac20cd5b,retained
cnews:607,607,体育,546e2d6fc36b57f1f3f9165ebd47fe803d833738fe2dbbb1b41791eb4d5b21a6,retained
cnews:608,608,体育,2f2feb9f0f281cee5771afade94b0f00165efbd15bc786f2a5a624faf61a3ae2,retained
cnews:609,609,体育,a1b965e823416a1a384b821aee77c53aed4402c4d89f532685a516e585cf4210,retained
cnews:610,610,体育,69092b09a8d1fd80c1c72d202f3760dff0ee1fd220b507865c36fe2b71572bfb,retained
cnews:611,611,体育,dbfd2bdffeed96cbde41b0552d3788d93a5e1883c4e6ca010110674dddc96b92,retained
cnews:612,612,体育,04cad33cfba6d822682be659b5159bf22784d727dd5a25fb436aafcef56d80ee,retained
cnews:613,613,体育,7b1f5503f79a17d374a50f23aef9d8686f90dd11250cf7a3270ffd8e892067ec,retained
cnews:614,614,体育,4a586be2e958998053d76c49fdfcd68aa36562de93c198a4c928b095a468e345,retained
cnews:615,615,体育,b43bf3687ce35742fe2c7b0f90101a9ce0f88d80deff7319a874566a4fec06b8,retained
cnews:616,616,体育,b5d8303ab354ab485891b267fd2b973fd96ea4d1efb4037284239dd8385b7d40,retained
cnews:617,617,体育,700f6eae446b3853c34f4f55949e9dbcd03d89827052da84e540f019eb43aaa1,retained
cnews:618,618,体育,8f32bdc5734c8986c2f0c4a7c9722c60b2ee2fd92206306fb1a337dc1f155d71,retained
cnews:619,619,体育,af87ed93294ad1ceb0c13e99cf509afc759f0e0856b9afc086c6c670c9dab218,retained
cnews:620,620,体育,dcb7034f6d0d8bf537d03f0f44d5132407a07dd10edd780859247d7f2528cde9,retained
cnews:621,621,体育,6321aeb14eb03430014e197042ae976f830aa506b6be705e4c36c137f2c3bb23,retained
cnews:622,622,体育,c4f9a305dc857e9d978d6aa223075031b4dbd138e5d227d97e974c05185ecf72,retained
cnews:623,623,体育,0116cd020357f0748e68336293b58b6968aa4b5ca89febf88729b9e1ae9e2bca,retained
cnews:624,624,体育,f43df8f858cf3159ca3e1f538041309903394c4f68217c3fee561cb0309c5c2b,retained
cnews:625,625,体育,bf739e6ca043a2a4ec43340a6d00c722c9b98b44b95357ba694c03e775476153,retained
cnews:626,626,体育,4e0e22be742ca42dc1a79db4d227b27da1254a8ea649b3cfa7b290a23463de3e,retained
cnews:627,627,体育,699ddea9c5e7ae0d971020457f6ae3258d3ee8238895cd66a3706c3142ee2851,retained
cnews:628,628,体育,dc3e05108d930cb2af4ddae863d78f017d71b1001d0c95a4be631cad3a46ebe9,retained
cnews:629,629,体育,61edc6c79a3b1dfac3e9005f3d890b79cb03a7212b600ddd6451c1ad110e00fe,retained
cnews:630,630,体育,53e1f6cea2d245bf9722f764881fb068d966d8bb53163a528d6928caaeda8695,retained
cnews:631,631,体育,7fcf91c3f2ee344f80e6307c8c6c7c70bbc79dc08ae91680999bd9c0d9b5305c,retained
cnews:632,632,体育,9c1c447a9d3074561e52fa1a2dbf5a406211f0bb704dac96520fd4e9e2308315,retained
cnews:633,633,体育,7ba96feea13ed1d21fd7015633ab9fe33d581225b104ed79dbb656fb8c8247a4,retained
cnews:634,634,体育,e7674c39af532519d151bb206c238888f3ced3dbe8a30a8516f6a8831302fa66,retained
cnews:635,635,体育,eee18e1551af5366c58d0aec1cf5bf2b62e366ca5df553c4226de5a42a669a20,retained
cnews:636,636,体育,f37aa0346357350c50051eadef90e60e9824bd123776175dae9973d14dcc9c2e,retained
cnews:637,637,体育,741c9f45faf28a528c26d8b6e53a617a1db48d762d13335ec844fbd3b4eb40d2,retained
cnews:638,638,体育,598a9b763501906e438de3d84ef3640bb6b737ba3a180e7cc892bef582608e45,retained
cnews:639,639,体育,1d3782ebd7c907316f860f65fe41f47b424f0f35006c7fde3d96082b4ea4e845,retained
cnews:640,640,体育,1402fd169292a9d95f431b273a5fe1a7521552cf45d2ce8effe5c8dbe8661023,retained
cnews:641,641,体育,bbb46c06ae45d45d891a6d9e0a84fb138cdb3da7e9384ebdebf024ba50527f58,retained
cnews:642,642,体育,f3d187e0d29deaf5588de0b59df3cdb070bf909de9a17897b37a604d1d839313,retained
cnews:643,643,体育,2c7aba3ff7034c1021b8fb86bce4017fe7d688d9c4830b546f83a7c6e3033bbd,retained
cnews:644,644,体育,2cca92064b83021b0cf7eaddd2abf407d637971db1af68b0ec88c8eaf7d86a40,retained
cnews:645,645,体育,15515312255a0a887d8500629bda003c872d46a5d0a20f7a103e45c131c84716,retained
cnews:646,646,体育,a5e5c866e37ce0aee2cf8f402a4a066933f40bda65a0fec630e28338ceb0f720,retained
cnews:647,647,体育,af4e9eb683e3073a4ec76518a0b55b767958ba78cf336d017012da165d1e3aa4,retained
cnews:648,648,体育,2f18cb72531706f6bd11f395a8a586c9d6a69890b2023e3ce97d231aab067c46,retained
cnews:649,649,体育,b197671d2a16556932238bdce88759e5eeab47f1e1d889426128200cd8e83f2c,retained
cnews:650,650,体育,27602efda35f1e128e6b1fa68898c64aa98ce5994012e6fb922b70eba5f0ef55,retained
cnews:651,651,体育,ab79fdf65350eb061c2ffe175af9f0756234487e9117b0c6b6ef383b59fcd753,retained
cnews:652,652,体育,e4f146a537d5588005d0b2df5d9403a987ad4c27fca14e6bc2b0d05df0a6cb82,retained
cnews:653,653,体育,38a571b35cbc207c4e5ef6b88a24b04bcfaa2c312edd0e0422f76af16e1c6075,retained
cnews:654,654,体育,088381578a6ff7fedd49cc7411025725275f65855d9c0feca1a0120acaa9c712,retained
cnews:655,655,体育,0e2be97d21faaba8f8fd8e244d4d750a94e09d67b7e56b18b64a8294f57b417d,retained
cnews:656,656,体育,9b9f971d31a6d634aa7bc79e1865f6b0fbca8f044e4260e788c829f2e4dc712c,retained
cnews:657,657,体育,4736f1d3cef4ed0d68587797066a82446fc484b82297fa00993600f3946e4dad,retained
cnews:658,658,体育,dbb01d9bd42829f4f3d935f02b19ab42bb777f776c194ce08db4a298363097be,retained
cnews:659,659,体育,6677e1f8544ee763062d3dc37ed32b5c746ebb89c06c68e3cf030a13957c42a0,retained
cnews:660,660,体育,813f3413dcf1157acfe2ceaf88b2f05716c3f17c7a7b9a13309567b722fa40be,retained
cnews:661,661,体育,78fd0a5ede8ce30e456ac23048b706c505c6e460fa50490b00da73bbbf9f5c2b,retained
cnews:662,662,体育,a41f47ed45c2fe02ebaf3459bb0f8117dedb317ab4fc67910dabb99a9ec120df,retained
cnews:663,663,体育,0ca4975be9db7390ae327be73099dc521c90beca1a05b00d007a76fa179a44ca,retained
cnews:664,664,体育,ac59a49a7ad1d38afcf17605f1adbfd6b6511091f54577104c9103fe0818dad7,retained
cnews:665,665,体育,3bda98a2200cde170d6cef0effc80e71ed6bee070af556356ef402d81bc2c9b1,retained
cnews:666,666,体育,c98707d1db0212f94313360cf41e0a7aa4cc6f6684695e7b1b4e87602cc21f9b,retained
cnews:667,667,体育,5b381b9cdb24c1c496724f162ab7ca58e0e44fd7df5c4b269fdb4135179529d6,retained
cnews:668,668,体育,d94c046d2412dcdd68509c683d9897d5bbd14eb15b904933db4340f01a12ab89,retained
cnews:669,669,体育,92e7f33d3eef5262e3982c9211ff7245a7423e33d728996b7b91975df534ac4c,retained
cnews:670,670,体育,669e0c9e5d11a8506ff8dde5e2d6752c403e58fa3a6c5d9d70bb38c7e71a596b,retained
cnews:671,671,体育,b3a20640fd8631d349913a33e7762a3133d4a248a7dd68f1374b9096ef9de878,retained
cnews:672,672,体育,14db26428aae84e384ae317c41d7a982c8b33c6a09e4766ebbd742e3254999f8,retained
cnews:673,673,体育,46894e4106d337761ac1c793657331e45d903dd2c669f4f7320ea5e7a9c0efd7,retained
cnews:674,674,体育,10076c7e3979ebafd330b27221c4e88c07d88838909754b2627846818a89677e,retained
cnews:675,675,体育,003332bc0baca1d5a1e49d836f94507edc4e2ffc1f09345947776f57ebff6f84,retained
cnews:676,676,体育,7c3a5fa7309c4bd39262ab994127e514e4da256d41d2246d049120c0d38e6339,retained
cnews:677,677,体育,eb75fedf6595fee1125095f83df3c1e3c1bc77c0402891b486d968820825434f,retained
cnews:678,678,体育,f72e616465894c3f475ce917c60a8e850dc669816b199af94b8736c72aba948f,retained
cnews:679,679,体育,2d58169abcde6d6655a09b78554096fae2c68a55f3f020f611b9c54dd2fa65d2,retained
cnews:680,680,体育,d9b965b004f79520a37c0846a8a16d9f07057e6bbe935968f6e9e6f1e0ea8deb,retained
cnews:681,681,体育,59ba1f87a7b7f28ec6d520c174eaa1d10ab8e44aa22465368eae32c28151f497,retained
cnews:682,682,体育,d7a5939235f5800e7e5ef9cbc0f5a2b3442a2eafc7e5379dc5abe9755d11fd04,retained
cnews:683,683,体育,1b9d171288706fc77973dedb079d6ca14edccb7de3aed8cf7caf5fca42360ba3,retained
cnews:684,684,体育,7155092a1f07db4b5d1dca9abc38020376f0cc7eef6004b852a9903df3d4663d,retained
cnews:685,685,体育,fd6b107caa1687154059fb8a6a5a4a6d44d34606330c3e553c96aefcfd303fe5,retained
cnews:686,686,体育,6f73caae186439985603249d8d830dbddfd2dfc1fd3f57ce20f56f59ebdde7e7,retained
cnews:687,687,体育,79518a0ca88d4e13ef7696dee8eae5e911f26fe1fc9aeed19864d2fe76390149,retained
cnews:688,688,体育,3356d6f8d75ebb0f236d489b1b620325ca29a83d5930b310d16f8774e725d805,retained
cnews:689,689,体育,29c69b3a035bd0113c21fd46ed88df05782322d5c777a0a0485f234c639e0933,retained
cnews:690,690,体育,7d74cc5fca17278b93be4a43a8f11e9746f821ccff9bd8d338aa8a95869b8f9b,retained
cnews:691,691,体育,8597141e3568495e7ffca01810ced683f1b43808338d1cde27f03dd58d30c861,retained
cnews:692,692,体育,61be9ee0f0052b44dfbf78d648ec946efe1b44728e3f83038119d0416d600528,retained
cnews:693,693,体育,ae6f48efec98baa9e1db23fa2d6363ea6323fcea870c82101f3262faf8e55438,retained
cnews:694,694,体育,daec6560878eac8786fbda14caa893518b921d0cdaec90f92cff21ea946cdd0a,retained
cnews:695,695,体育,16a7f245d18acf510959e27110b5fa6567ddb80fa22c7810dbd802ca6582cd39,retained
cnews:696,696,体育,9591c16a442f452493d792e90f4c5a9e42916c8802cf56eeb2dbb69c12d6c317,retained
cnews:697,697,体育,77ae7c5f67f65e738c8849e1b900b231693f0bf9ec8f45be3f9702cc6dafbbcd,retained
cnews:698,698,体育,f3555d59cd20f5a0d06d22cbc3d629af82f5fc36775b99a3618490c9ec3676c4,retained
cnews:699,699,体育,6ad81001f4769e3dad50e7123f5faed5ab586e9c2e74e25afc9a44ed2a69692b,retained
cnews:700,700,体育,4bac3252f9d0ad4cd5edff36be6cf4b05fe240e683af6c8e2e1812d56c3a7d2b,retained
cnews:701,701,体育,65ced798b3829e461e714fe6e037d08c8cd3419d73e7e4e5f5f470b3d774eb5b,retained
cnews:702,702,体育,39c15f9fa770a306e8436c4a51ef07022d69b47d9269420edfa3579274d3fddb,retained
cnews:703,703,体育,94aedd2b3c97668168714228bd684a8c1add051df043e6e9f87d775c03e41f4d,retained
cnews:704,704,体育,be7dce22314772523da7e57d372470cf7fef526cfb9b81c834854a1d9e2c9872,retained
cnews:705,705,体育,67a40e9a5a3212b23c25855a4ee1276308aa5d0545217bbd95c6884bb7ead530,retained
cnews:706,706,体育,c7f1c7d46626601200b56d22aa181dddc3153f3c66b1735e14237738a203b01a,retained
cnews:707,707,体育,9a16dbf879a2670291691535e161653723fde5a34f18e88ea75a28f0c07c7496,retained
cnews:708,708,体育,69987919277ac2378b11cf91c75b7e5e30c8061d8097f8f21e83240febd1cf4b,retained
cnews:709,709,体育,220e50859cd8a3b8113df254ad29f9da46a0bb64ed56d94f0878f04d522f7b0c,retained
cnews:710,710,体育,69c95703764a6d42df5bd12b4c4ad3f82acb7ab66b2cbb87ce060bf6758c4a9e,retained
cnews:711,711,体育,b5f5e7aeefb62eb63fd624b21ef4bf25b3bf7b7de942ca47d7fd3ca6d2bbce02,retained
cnews:712,712,体育,f5a70a0f69725228f7cef453905f9d4d7fa33b5bb150bf4fdbadd6f008580c81,retained
cnews:713,713,体育,229a15c09586fc5430faf69dcdf153927ac7a5027743bfca134239c0b860881c,retained
cnews:714,714,体育,7e95d59cf308e3cf1686cc240a933773899cf918681b8986acc31ece4d8a67e1,retained
cnews:715,715,体育,2bf8376b83fdaa8e3f8c815ad594763d760835bfe6ce5694b12271a73d116212,retained
cnews:716,716,体育,0e27cfbd43de25f0c27ac0d481e6ecc45631d33c732f4e4a633cb3272c5e2308,retained
cnews:717,717,体育,0fef5ec0d1344fe8031be90f64d897628faf51895940f062ccd116d1f8b02c48,retained
cnews:718,718,体育,0d07ceb2123ed281e65c707d0ec47358946092394d083b5af42c834cdbffeab9,retained
cnews:719,719,体育,ce7f91fd4393442809c1e776fd0d4dc060a72ca5c231da8351e31e83e3d5f352,retained
cnews:720,720,体育,92bc89493d317118b079812745db026a56e3bfed6a7ca9a4d283486e3c9eee64,retained
cnews:721,721,体育,3c84de7f4cef512b4ffb918c2dcc7b2cb4f6c53b023802ff179460204f504763,retained
cnews:722,722,体育,2bfbc4d2ee6a1a6751828f7b83c262686c91e2276314971f327b8a0d0bc9889f,retained
cnews:723,723,体育,da9ce5ce779f6c3c756965bccaa9ddf5ae7343902c4af5f7ab99f7458e22b08d,retained
cnews:724,724,体育,9b7b4f719e1ba70be48963eaa8348f9e24ed1d99ac202def7cfba117a4846631,retained
cnews:725,725,体育,cec378a230e9b91c985e05986f590205dc2b3a48ec7198eac71e00bf00fb7abe,retained
cnews:726,726,体育,d331babc74d1f528c7d00836ddb63d5ff4bad462a069de188f42b456fb55bbe9,retained
cnews:727,727,体育,2e17761ee0a9df6b2648ec5120c0ac0abdcffdf39c0fe1ea5d15f763c7e411d8,retained
cnews:728,728,体育,073f057f361402cb5511a2240efc29d90abdcbd8b85c85a2ed20110e6a9e4d0b,retained
cnews:729,729,体育,f81afe8a95d470e18d11a9118f91bafa09ac2f0d9b88337ded32d942b0f4a4de,retained
cnews:730,730,体育,3519653722ef6ee461dca8aa3a1d1b25c1630b7852b3dda47a814557d6ccf5ef,retained
cnews:731,731,体育,e9435bbe0bfc14411ea00055dc64fccd3d15521dfe2b29c92aa166f4a203717e,retained
cnews:732,732,体育,297b0997049a88d07941e16a2e9ae3b379457f1e9c152b46f55f2b09b5a1ddf8,retained
cnews:733,733,体育,73de562d7ba71ce231f4dec3683bddb23ba54e8a4017a7e190c7cae8a1f34315,retained
cnews:734,734,体育,7edd718fa395fb5df7322a115da214bcc9ef561d97842208df6300985a8a0999,retained
cnews:735,735,体育,92575e7cadac212c1cd93c7908ef5d3eb78658acdf6adf4c9d221b4591a176df,retained
cnews:736,736,体育,7f175a64606da5deb00b322c4ad1d622d6e7737c8e827205e7bd350699b76416,retained
cnews:737,737,体育,6bd145fb315f368bf7653e8f8721edf6a6cb930b4bff70e2c0a5de47ee965bfd,retained
cnews:738,738,体育,f54e5765765bfa64fb4e4375693384f7194109e4d71134d112366be4e8bb10eb,retained
cnews:739,739,体育,9156f5cb4eef33238a3ae75a52fa26e0099710b8da96b95aa1098cebeee76075,retained
cnews:740,740,体育,a505fccc0831c6256f713d656dd36e2124f3c54024d2143e45b738632bd44d15,retained
cnews:741,741,体育,8103780a82a38318ba594a625a1e78a49478b5d3bc9a22a68259cc3624bd0e62,retained
cnews:742,742,体育,59e3fecfd68a971c2163c12209fdb9905f2dfa2d51dc6bafbd10cba51d82fab7,retained
cnews:743,743,体育,b4e97c6e311110c506b058ec1531a852648b44de37d7a14a7edb03cea28f4ce4,retained
cnews:744,744,体育,4aee87729c44947f566086ecf5b19b189aae1e494ceb073796342f7badf730d9,retained
cnews:745,745,体育,db4137c77a9c783e922b81f043b2da3f40fc845d2a45e9923eb687b3c4210914,retained
cnews:746,746,体育,d720853460e336cd0ee219d79712c357cbb010242522260d6aacc520cf559d21,retained
cnews:747,747,体育,1fae56e59d4f44e117fc708cb40b402d44917c157d512313f0e68a124c471a25,retained
cnews:748,748,体育,eb401537e114949e9bbf0d05d6d2a33cdab9051ae3dcbd4442a3009b6f3a91dc,retained
cnews:749,749,体育,bc95e2f2252d9c774e9a6bae708636a2c9635df5db45e5ff3897b867852e8368,retained
cnews:750,750,体育,5199ef64faa7b8160df12532cb88d0cff0a69b5a2c5f78fe8a472b74dde56e4a,retained
cnews:751,751,体育,3b1bab68122a7ad99decbf2724ea8ec31921d591daca59c042e399300aaab4e8,retained
cnews:752,752,体育,c072d1091846cf56c6f7e76afd1bdd6280c2ce0f210237e66b53083f6ffb2427,retained
cnews:753,753,体育,b35a1d11ffabd166de58b1c61ae4b6542164371b9ba7c3a4ec5fe00bdca24bc0,retained
cnews:754,754,体育,7c4b47b110f84c0d609478d215b63732ea671ea24c9bf1a885a520b321d7bf83,retained
cnews:755,755,体育,63c4d2bced01f36b7ea6ed45b3de65ca0902ec72c9fb469688d0b3958164002d,retained
cnews:756,756,体育,9fa9b7ecb56d1f863d4d5bac085e3f4893b306f9e6185740730a604e6a59f7ca,retained
cnews:757,757,体育,6b2abaef082ea5f53a3fcf8a37861fcfed5f08b6bca4f20994cc573c6dd6cf07,retained
cnews:758,758,体育,45aeb48f557c0cb61dc7e5ef6250cacf67e1be81008e354e3f20ccae75917af7,retained
cnews:759,759,体育,95df29fd14f15a590037bf91f9128657b1ab079d6c4e6a57883004f68eb34b54,retained
cnews:760,760,体育,0e275a2c48257ee14cd934347e5d08c65b97a05e2d56e3d12c5f8668e158a7af,retained
cnews:761,761,体育,f614b113c43fc566bd1f168aaae2473e12498cda7ca4ca22ba5d8537bdbee7b3,retained
cnews:762,762,体育,7e01329a427f2c8572b8f6144fd547b3cf15307e634b09e5e51e150ccfda9f95,retained
cnews:763,763,体育,1e4277cb86825b5a61ceb656c99bf13f08ec83e6a8fe373111dd7b40b52f8977,retained
cnews:764,764,体育,177383782c08081a1b30c64610cb3aae9c8c92c18ab1007397e9c94c31d571f5,retained
cnews:765,765,体育,090e09d70531e1797a893829a37a3e182238575ffb51ddf20445065ae2fdcd66,retained
cnews:766,766,体育,6ebebf91d78c6863d2f747c40128adc1319b45a8bcfd1cfcdb39ccbb46081b63,retained
cnews:767,767,体育,8a6a99d3562fe05117be0680c0f83401e8a480a14257e07d257c992a5ac596bb,retained
cnews:768,768,体育,4d33f27d34200cd259fa672d88470462eb3d0c56b58f0ab0852b4c77ba42f914,retained
cnews:769,769,体育,283732262dfcf025859768f173555d9e16c9925cb21c2a245691a28169d98371,retained
cnews:770,770,体育,e7dfe3e3a6f53cd2ef2156650e0a8f32f6402155b6934405a0b0a9c793871c97,retained
cnews:771,771,体育,eeca372f6cb300f8c94027727a8d5ee2344f76413b1f8ec4b55c199f8138514c,retained
cnews:772,772,体育,05712610771c7afe0b27cbf1db6dcd90661dd9e797f5167a3b9c3d8fcc5c8ba3,retained
cnews:773,773,体育,f066e19c31abb85839e423e850333e3e2cb601639958045822185da52b8e10df,retained
cnews:774,774,体育,fa73ca1202f81b273216e52be6756b02bc1a833640c3afdde8b81451ac606692,retained
cnews:775,775,体育,7741ce560792a97aeaff8625a0edac5e4e719d7825d8fd9a1964e5ab1821a906,retained
cnews:776,776,体育,df3168279bead8be5657724c7bfff97dd86e3916bf8103fc8617d8984b439fd5,retained
cnews:777,777,体育,91ec6f3f0b8ac96a35d5eaa0043558ca4a55ab738d877dc89f01aadff41dd357,retained
cnews:778,778,体育,9488d8526a244b407a156d415125c458d4ae3ec97f50536feca97d890d0f7c90,retained
cnews:779,779,体育,7841db83e1ea6fd1b62221dec29caa3f718d9a552aa0ec07104d7a917b610fa6,retained
cnews:780,780,体育,aee84d186dfd2ec48d8bff1db3f29421f8b9b7bde6b29c564e92d77f5aa2b9fa,retained
cnews:781,781,体育,a065a702c783712fbf2e34886c17ae9287440feb9fd5a66a0772e97ddf26903d,retained
cnews:782,782,体育,529eb946befe66e9a199d961f8c606075e92665be669dd7b88b3f10a4a2d8d9e,retained
cnews:783,783,体育,1394c437433fd490ba79704122f2ceafc96dd88c2a6d6d227d5a9944e0485110,retained
cnews:784,784,体育,80114baede69d51db5a9f3f5c08d7a223ec1ae794d177cc04b5bfb8a94c9efd7,retained
cnews:785,785,体育,7309acae9cfc2f0e8dfd62bd505ada1061fb7d51c5bebe92eb09b83514e5fb3d,retained
cnews:786,786,体育,b8a06522d5b96e9cc2eb403683c80c46f91c2d4316d01935dc598a04dd7dc7e4,retained
cnews:787,787,体育,e352b9648ac766799fd2ec7e1ef7b8d0c08f52f6dcd0a8e878dcbd46719bdf08,retained
cnews:788,788,体育,fd7a846832e5b3f422645f2b552500ea1593358b55c02b9923eba1852e078ce3,retained
cnews:789,789,体育,b39c6fe12a7706c25a57b12c1a319bb1a399e4c120b41cc91c161cac3796cac7,retained
cnews:790,790,体育,2016e1606ec5ad6c92b779357f951b485db672f0036f347cce347db3eb571c98,retained
cnews:791,791,体育,a8376ffa9afdd09aa292a112994c97caa651660327a7b90fb37fc1123c60df90,retained
cnews:792,792,体育,8df50f3b98ec3f6b059561620a512fc90e8ccd72ffb0f223a976e62c8366bd90,retained
cnews:793,793,体育,cb90f5621d8ce2f734f0795faf82938eb8a5439ca658c86b34806263c64c179f,retained
cnews:794,794,体育,9b2ebb0c04a198dab01fcfaa5ebc1ea732f1f443a8219392c3a38acb92b4390b,retained
cnews:795,795,体育,553fa615a41e28b0109a1d4463073e82bb2d639afbbf7578e298931736bfd704,retained
cnews:796,796,体育,bfa8accb43ba6b87ef3da0275c807835894014987a3ddc167f14d3184c0fe8f9,retained
cnews:797,797,体育,3e5bc468384747784888c148a59101d3c03473dc972c200b58f8e9ef5a39ce05,retained
cnews:798,798,体育,d1b6c1f7b76b5a3a0a76519eea5904dbcaef7aee02708f7f7c0966ec0bbd1260,retained
cnews:799,799,体育,05f782e52b39843587e76b953cb240269c919277eb1359b244556d33ee01236e,retained
cnews:800,800,体育,352a872d910be0dbcee04d558b166adb953f511018c5410226a9406d6923834e,retained
cnews:801,801,体育,b4b34058ac87c38d8aa330b3599382a01128a79f874afad5b5e006cb3431edb6,retained
cnews:802,802,体育,b9cbc73d6bd443189d84dac57fee04a3d9fb9a8e699d1eb1f5ae7497230532b3,retained
cnews:803,803,体育,2266b43f61e4071ce07410d3c36f320cf20e2a3ac8900edea1cbf930d035aaa1,retained
cnews:804,804,体育,190c8281b3e3ef5e86d4a7f6f3ff361e9b11f6c9b16ab4650dff151bc7af6e3c,retained
cnews:805,805,体育,544f98c9a8a3940fd92303293b97317b571c358ac9d9a359275b4a9fec727fab,retained
cnews:806,806,体育,d227c71f17a1b9abbeb668a34a4edf8b4b5a65c9655be2f92d6827fbefec239f,retained
cnews:807,807,体育,9dac8d59e582aec7066b66dabb078bcf4558605fdffcf7418ee6d8b46046c74a,retained
cnews:808,808,体育,f032adecbfe1ae328b81a8a4071a5f1bc5462b021a86dbac52e66c8d897b72ef,retained
cnews:809,809,体育,9ff261d3da6bb5f7a280d97a683c37904afec815b8aaba1b708fc40735937e4b,retained
cnews:810,810,体育,d669151f1a6fa089e4cfbc7408c6b1c6417f36b560ea44a641f0225d33274032,retained
cnews:811,811,体育,c59d032bcf570c5d6a6f8d663f6b97771e782294fb2ae5beba1b375c8c4ca82f,retained
cnews:812,812,体育,629a291c83b118d3478121157cab5c8551b69eb6d0c64bbc0ea7997075037c6f,retained
cnews:813,813,体育,a9bce0f488cf161a671cb4b8b2baa71141927b057f2b66925d5b8ec1fa340d4c,retained
cnews:814,814,体育,7ea4c59cc300f30360454bea02547535283b65e995456a35a84827723c5b13c8,retained
cnews:815,815,体育,7ff6e9a96dbd8ecbd22ff9c5ca22d65cc6ad067d95a944416c086b489ac2f44c,retained
cnews:816,816,体育,0c12d67faf0eed3b9f4862d6b22a4b4daa64f22f12beb29c1efe0c983a7cac4b,retained
cnews:817,817,体育,5c1789aed31e6842a82d58493a61287515676bc6a8e4896410d333a0f59166e2,retained
cnews:818,818,体育,6d666ce230f4e3769da69ae9b2bac1946629ecb396396ef02622bbe2c365d227,retained
cnews:819,819,体育,562449d61415f82570acd8b30e7c55f2da58097a10a04fcd0d78f576afebffae,retained
cnews:820,820,体育,b9516dc81a600a7e219c0b08b1159b8120e07f8c186b98f8a3ae8a20c61d68f3,retained
cnews:821,821,体育,251fda9c1ec4476fc54261ed594d23c8c3e71a48455b976a65490a2c153c6381,retained
cnews:822,822,体育,c31c16db8811364d2f8d24101b9209c8dd78cfa1ad949ae66d27c66d05b19e9c,retained
cnews:823,823,体育,64553fb6d92a658220ebc2adb9f3054efb9601e831472d1278805637114b2676,retained
cnews:824,824,体育,7d0511769ac4133425192c1deba34b46521763214544f470ba6a88ca7a6dc031,retained
cnews:825,825,体育,31b888f2e6233293f6aba4dbe2014d122255cba9023fbaab4cc7e9c41be45fbd,retained
cnews:826,826,体育,dc714504fba0ab2c3ed694248f213ef8656e906997f10e8011f6339ce65f4c5c,retained
cnews:827,827,体育,123f54681a49b98c35179bfd48a97e8bed6d10977c75164a7907bd99a0c26ce0,retained
cnews:828,828,体育,d36d8e654f66413f7e7f26b4248d4df4ac7e0e54f3d60f5ae5e42137e9f43eaa,retained
cnews:829,829,体育,53564c9a3dabf36a6a9c8a25f6e731ed3db246f281ccd4bc3b62efd04036767e,retained
cnews:830,830,体育,9624186a5e807ca2104f5fd927ce750d170bc3b6fb677b137b6c772a3d94373b,retained
cnews:831,831,体育,4107a837ba9c0bc75bfe7dc559da048cf10cd78beb5b80cf6d02f7f2327a1c8a,retained
cnews:832,832,体育,a5b2f9e8e88928e09f45ba8d158ac5528e4d350ddb4606119d2ec10892992f34,retained
cnews:833,833,体育,7d3ec39ed37ae9efdade7336c636b9ac8eca58c472c9bec6288cf9828593d7b0,retained
cnews:834,834,体育,f8ffe76e6e60743a8add4565837166e46106151f2268e66c150cd8534540058f,retained
cnews:835,835,体育,d0bec65d2d05f6a81aa390e165ef24539d28903796975cbb70592c2e9b50c127,retained
cnews:836,836,体育,a181cd7f320effa2a17969b57945e49942863920566cde4ca889cdd02213af08,retained
cnews:837,837,体育,99ae23da716988f9007b27ce385f23b2e61ca562f2071c182fa68c2468b88247,retained
cnews:838,838,体育,f236faca6a8311b251a28fd4bc8b8d83b22ecae3d7f7fc0ed566c2c312e433b1,retained
cnews:839,839,体育,149d2fbccaba9dd08cf799d7a846c8f3c1bad450bb09a433ee02c8f9fc7467cb,retained
cnews:840,840,体育,789f127a394b199c562ffdf4f03ee308295916bae2a629cdbba690d565585703,retained
cnews:841,841,体育,8e6ab256665fe3a0344483459794dd48bac7d9506b6d89da259f7ddb5e074c93,retained
cnews:842,842,体育,da920d3a7b8b18c8cbc7371b1cf748df2e067fa758aac5f10c24a9c3c1ee4687,retained
cnews:843,843,体育,58c976921432e3cb9b40ab0fa1566ff0de0b3e9f7429584be2d0d00acfb95354,short
cnews:844,844,体育,cb6bb769053679a2524eecf177bc8adb69100c4a4c8ec2c0a0450620af0b6b5e,retained
cnews:845,845,体育,bd9a147f01d645614ee1c3a56fd627323d623c20cf2b48de7fc1730dff3a9146,retained
cnews:846,846,体育,69c5842b22787c14eca903fe479af57798e64beef6c37bccfb83752137196222,retained
cnews:847,847,体育,817e1f796216c7a8a23c93714c891834141f053a12852c9e387bc8727624cbf9,retained
cnews:848,848,体育,892ee7d88c3f7f5cdefd67ebd12bbb6f2da3865db14aaea7d83beca62c00f4d5,retained
cnews:849,849,体育,dda85b4d8e9b3eb75a05de54f5bb61ca50cdad6ba19d402c7f243152b3075cb3,retained
cnews:850,850,体育,737b9b6bca3675a04cb0b408cd88b97c5be2e0267416b869321e3149fec21195,retained
cnews:851,851,体育,7004d8e19ceff02b81dada1751a9ec0fd54bef7293589bdea90401a91497171f,retained
cnews:852,852,体育,fdd261d8a0c4dcdac6206de7d74f33334b56dd6c7ac3fbe56f7cc35df9e57b66,retained
cnews:853,853,体育,02a6496e78e912997ff1a363be6495b7b7f04ef461395003ce20eb5f4fa798b4,retained
cnews:854,854,体育,8d1082cf026160042440090912ecc2f57d666a8b73f544feaeefe914042121c4,retained
cnews:855,855,体育,0db4919e3d173c892ed77cfea11b3a6b494ae1152e5358131ce1d88787b27b0b,retained
cnews:856,856,体育,77fc66dbbc00fb717ea0188666301c2cfcf67743b7a8aa3a237b3f0eb7eefb2e,retained
cnews:857,857,体育,f981cc144fcff85d80a8a49bb07c16e17be9b0ef62bd4c75911dda74df7b3aa5,retained
cnews:858,858,体育,6348b9d1c840895d6d24586f0afdedd8744a6365925676a57619da05cb99a843,retained
cnews:859,859,体育,a030e02559eb5644564ba568a7b418ff75e52d3d66e43e938f4b36a99fc5d78a,retained
cnews:860,860,体育,28461c6171f4c1d625edaeb02ac03257c875fd2248321e847dcacbc5c7fc3519,retained
cnews:861,861,体育,19df76dae3c16419af194ab48fdc12d41338361ed9fdcf73a2b68b2edb0712fa,retained
cnews:862,862,体育,97c526996c1a91b854411bdc6cb5b8fafafd3442adefa90088f64d9103c55c23,retained
cnews:863,863,体育,12cbed5c2c731697bac02c2d3aaf30053398685fac9868c2aa3fd45d5375bb4a,retained
cnews:864,864,体育,4f616ef59d13ea41a46fdf95106aeccb0b97bd3db9296c9a6fbc36bca978725a,retained
cnews:865,865,体育,960e924c8bc3109fdd2b5ab5ae4b11e191748e0568c0a7b16675cb8136d43b19,retained
cnews:866,866,体育,5bb9c7a3d1fdaa34263745b0b9d07d44ec5ccef752cc05bd75cc9e8e269f7852,retained
cnews:867,867,体育,9e7810421061d678dc4a4d6565309e6806607f2d4df9bb6400957a843f8d9736,retained
cnews:868,868,体育,ad366e0975413cca41fb500ceed3bef8ec1bac37756afdedbe3b7b687b35eabe,retained
cnews:869,869,体育,c730ec87e853a0c0190beb999c04120ec0599fb55a0a6ff9cefbb7b5f9c3422a,retained
cnews:870,870,体育,e248595a1dc7b2297e9b25880c5f7e5d7ae8f7376428110e3686743f1465b29f,retained
cnews:871,871,体育,8e949a1529a072f6848f09bba687f3800c6b61b8354f3708791722ef1786d571,retained
cnews:872,872,体育,ff1ae91375434a0745f4108f025f5abbc1749d79196f100eaff67ff74aa5dbbd,retained
cnews:873,873,体育,d2ea928e01e335bc6f495e439bfbbd8d3a924f68d3224a4327709c1cb8a3bbec,retained
cnews:874,874,体育,f8701e67a81e8ea82f87d963a644c83a833cf00c6d8be02750fbe31bb6104515,retained
cnews:875,875,体育,3c58a458894e98368d90a21f4a2e8ac63f353e142aeb444c54fa5178d2d78361,retained
cnews:876,876,体育,a90f585b877f10e7de84bd1a2f9b34d6f5003fa8372ff1dc26aaca118702d359,retained
cnews:877,877,体育,04847cb44fb2442746de04673f3381334d649408e5a7083fee2bd4f1fcd36b22,retained
cnews:878,878,体育,8d760876ce327f28a3d3e8c71f13fbc21c2e668572201c46dd2714798cf7758c,retained
cnews:879,879,体育,6696418cd45b062c737f0071d8d2d9a4fae794b4ae5676da62bfdf059f642150,retained
cnews:880,880,体育,a28c5cf5467da83bc40e5c7f553bfa2c48bbe635aa7dc3967ce4907a93a2a8fe,retained
cnews:881,881,体育,10417cae6667a2ce02369ce64464963951c55d124517cf36d57d4c0e7c23c577,retained
cnews:882,882,体育,9d2d564b3cc7a42fe9499c76d8c5bd72b489d1689d72d04857ad92b9cdb3f8c9,retained
cnews:883,883,体育,6578a8d7e4166230474ecefcf6eff16cd5eb47377666146eae6f142c4a5a1f23,retained
cnews:884,884,体育,9c60a74943f09d10dac37ba3b2649b7aacc25ab11ae38865badb0c3f868a6bdc,retained
cnews:885,885,体育,db87b0c98fa164ba7a6308420387c06208e45ff20689901b2a66efd6cad64b4b,retained
cnews:886,886,体育,15c77c8df33bce8f2f0934b475bff2a2fa79d14e72f924833b682abb594cc4cc,retained
cnews:887,887,体育,b0ce0c03caf961a1491a7f6fc9e5848e21f61073bc055fe44d15276b6ad3f663,retained
cnews:888,888,体育,7ffa77da41ed56940865c61e47c0207975923c3b1e0966070a2b0556e19bafd5,retained
cnews:889,889,体育,b16e9facceb29ea1074d71c78ac363362dc164905f2707acd0b03a94936a3133,retained
cnews:890,890,体育,c3b0dd366539aaa23fceeb8c5552650658f5c18a04e86c9bff24d7041a31483d,retained
cnews:891,891,体育,b9877d45bd4f9ea41d55fc0107ce577982e0f1cdb2ac47c2338c86880d608c39,retained
cnews:892,892,体育,c9ecfa6ee3307f00da8bb235ed306290ae355f5659e23a90b6adc31b20f70885,retained
cnews:893,893,体育,1c7fb263209152967319be6338ee793cfdbf0a2f021058cfbe59173cb293f8d8,retained
cnews:894,894,体育,d6050f2985f23db750bdb085a5459deb987975f3062972665c912beefdb309f0,retained
cnews:895,895,体育,99dd26c632699f124316d3bc3d59351210d39298d91e444155428561d55276aa,retained
cnews:896,896,体育,96bc8c696410cb286e22781a731faead8b7191c0543cf296c65b73fe4e467db3,retained
cnews:897,897,体育,6023beb35b69f82beb7472fc540a480988bf63eae33f08cc21e4b4121e01cfe4,retained
cnews:898,898,体育,80eaa549a73142a564ccdc260d47c300f469bc4e46c274567ef02862633c86b9,retained
cnews:899,899,体育,77f7d48f1c34705f4853fb3cf0be34663d3626cb0a04e421f4d97cef7e0d63fd,retained
cnews:900,900,体育,84085389d356cf0d342ea4365e9dae3ac9f02d6f2e2db627db88e38fe7f5f3c2,retained
cnews:901,901,体育,d00af1de1629062d2f538bb5cac59181d2d449b58e531d27884fa04e1cf72c63,retained
cnews:902,902,体育,bd3ee338f75e2735fff7151c6971f1f1043e37c76d13cd330564ab3339fa75e9,retained
cnews:903,903,体育,417c883494be7e361fb1235198fde5f96e9fe70e872fc2b995afac5d43928fc9,retained
cnews:904,904,体育,471908a9b2eaff9ac2524c6ecd5ed4ffbd49728911bd4f835ac7aea938694c15,retained
cnews:905,905,体育,4207a6bb99385e6538d47068528f713e77e816db57e711143a98c9f9fc218f8f,retained
cnews:906,906,体育,e47ee0c294ed95ba70382d8109499a27748240d7df80ea7c87775aea18f5e47d,retained
cnews:907,907,体育,860591feb69c93981f8d414c9f0fe838a36cdad23aa254cef099f048948d3c0a,retained
cnews:908,908,体育,1f453eb28847c01bdd7ea10474ccfca2a8172b74f4488985d8546a140a797914,retained
cnews:909,909,体育,2471ea88d87f54b1130334dd2c62f7374c14c0e295c9c0add6e33c128e0ec8eb,retained
cnews:910,910,体育,c818cb3260d14e629082baab3f1a281cacc5edc1f5f85f3885d0db739a3d717c,retained
cnews:911,911,体育,e1b7cf255b520239423823d993a756135ef999905eaff155988232f3f43fb51a,retained
cnews:912,912,体育,f8f3c0902663f30a99ca3531a9fb6886457391f3ae8a0ae231189e3d69043408,retained
cnews:913,913,体育,9a0fa0198ebe4d861bbd42eb7f3add7bebb3d3be53f4fb90aac1060fed4795bb,retained
cnews:914,914,体育,f20c91912dbdcd6790cc9bf237053b6e0c2d4b367ab4b874ed3a204d4c057fc1,retained
cnews:915,915,体育,1f63170a38afe4d82404961f592a2671b798bfd503fc412a330d6fe429dec536,retained
cnews:916,916,体育,25535aaf6f2be5130c875a6bed8ae9e1e3d2780308d7aed35fdb8c0e327d39b3,retained
cnews:917,917,体育,a099bed276b4848ea465c0283dca3b10543f0e3757e6eb4531e4ba824149ede9,retained
cnews:918,918,体育,1067a55b2fc3965ba26146cee8e02984d2d54d165324cb48a365026291fbc230,retained
cnews:919,919,体育,857a8f4c1195a4ecab75a49cfa0748dec49dccab1b2bb2dee8fee9a114a73ad9,retained
cnews:920,920,体育,eaf7ff5dc6e97815a76bc526cd8907544304171ff7c797b3e76f00da1b0014ab,retained
cnews:921,921,体育,3579dd24cce5eb8e6db3637d29f90e69eee44625253dbabb8c4058c76f589df0,retained
cnews:922,922,体育,55b89143b0b4e3af66b4d03fede78c223b7a392f1baca55d358084bd9a3adb82,retained
cnews:923,923,体育,7c622e184d9bc874bff05462f7d84f27ec55120c93edf5b3c01eac422d38dffb,retained
cnews:924,924,体育,ba2a28a4e9a695d6daac94a81c2355f387377745bfd4ed2c62d9b1dd5f16cf19,retained
cnews:925,925,体育,3b7c74e54c2d3fd5d378974897553bde5e8ed39bb8fe4ca06c7a17961ff8e891,retained
cnews:926,926,体育,de281d4847365123fd50474f5e8480d3a2260f72c4bdcc37f7fa228004a0f9ba,retained
cnews:927,927,体育,6adeef73ebb07e057e6e4d98697967406a792ac403442d0c299365d1d23ff656,retained
cnews:928,928,体育,d053d3b5e2308d34485557f7c931b86056a6b5825f5327860315cc46fad7b1f0,retained
cnews:929,929,体育,f670cc92f2d6baf1bfbb5490b08a54edd6c81c8bb3aa3bf73c63151fdfe8fc5a,retained
cnews:930,930,体育,541675aae50b249b77c64291a0541f845deecb26990e9f57fe1ad0d243245911,retained
cnews:931,931,体育,c910e9d321280b79dadcb811370d6bebdae0e282c3087b479363698130a143c0,retained
cnews:932,932,体育,31716ff5bb59b54c7784acebdcef323ee5237244f46bdcec00cd8460cd3b759b,retained
cnews:933,933,体育,5828e0d12143110015df12714c04d0c527804e2110edf141f735f02ea9ba74b9,retained
cnews:934,934,体育,bd74c267bbf92cbf55e8f84ce9a528cb9fdd3c0f5dad45c30fe0944aa20a51b8,retained
cnews:935,935,体育,c69789ce8f5be97c156a3d0aee40bfac68e07cd999fd5b2c040442421664af20,retained
cnews:936,936,体育,289591cd23bb6743aa93bd43d16d7e528162c0999cfa9375d41c53c28f7cd9ef,retained
cnews:937,937,体育,b17af627d30458ceb119a665073d74fb5723349e5c571766d81034fd49eab181,retained
cnews:938,938,体育,4b38190b675a0121d412ebb3c8d195557e3242ec776263f0abca1e08f20e4f5e,retained
cnews:939,939,体育,6f4ba301504f2a9bae43881a6ac5d6539555717262b0a010d232d1e4dd5e366e,retained
cnews:940,940,体育,cb91fbc7790e4ea64ee50ee61934c93c9a819ef89895f07f1eb35ce295ea1260,retained
cnews:941,941,体育,8b1f0cc0d984902c0adbb7a565d444b847589890e4f2ed929e87fe4b4b611cb9,retained
cnews:942,942,体育,3e5ad02194085868e427692de231302c4662fe2dbd5ac2c9d08a4ea1604ff2e3,retained
cnews:943,943,体育,b2bbb0986acbcdd1165571e8f7591f0f99d4c1913dbe7a4e6427004f9fe00424,retained
cnews:944,944,体育,1ad45d6f86f1ca9344b6e46604af0eb1358954cffbf453d763bb0c8e6d0d4a93,retained
cnews:945,945,体育,586fe2ab8b8332f2c3a23a1ba769ea4956431f0f68adcc2528ef85712e7119d4,retained
cnews:946,946,体育,9743d4abb21fd22efae3960ae0b7ef01df9ca0ffb7c5a4e9747cd5d8d2aa3b57,retained
cnews:947,947,体育,d042e6b506fdb01ad9b181bf3254aa292de81ffeaa44f5372d0eddba0e0b4ba6,retained
cnews:948,948,体育,b8fba1ccf8c64a6bbe2686eafbcae38f3e0fd6e012b0157a5143af43562cbc30,retained
cnews:949,949,体育,17658e5ee984db7ddd93cdb627b1bf0274851d210ef1f2a991bc196a54488599,retained
cnews:950,950,体育,a170b6e8bb51192213e2ec34eb67211be82693aa76157222a5f45f6d43f100e8,retained
cnews:951,951,体育,a88461c93a8af9354578dc2de2fb0227358e8243d1ec849ca6d3c99c6f5d4e50,retained
cnews:952,952,体育,3d8435696b7689c4f01de96cbbccc78869c58dd442c5162ed95223279662c052,retained
cnews:953,953,体育,43207aa2513a2ef2b8665f0afde49ca8d353f954941684de585446e49a407190,retained
cnews:954,954,体育,f03958d9278c888692828a2d078c2d33eed4bab0510842006a1c9489f5915091,retained
cnews:955,955,体育,ad251ee15451efcdd652563b4c7de0946901affaa082d0c888c6f322f8931c46,retained
cnews:956,956,体育,df05c7c15eb97056f223b24c1b426a400971d6fbdd49462ee1be0ad219b01e32,retained
cnews:957,957,体育,ef8e06ab6fb1981cee999def2758443c85bc607fd16f574723b6a86c5b166623,retained
cnews:958,958,体育,43dc6eb115c9478496506c444d066b786c937433f2cb3709d066b922686454e0,retained
cnews:959,959,体育,694677075b94a94aa6a1ac59d1dce0f238ff9391112d5eafc1564494b7085e3b,retained
cnews:960,960,体育,513fd6e1e5ecf854c5dc945218877a74112b53688cc87b45c86d6df82b4358e7,retained
cnews:961,961,体育,3002e6db2f030f23952cbbaa18ff580bccfd427c2cff31a2b7ea16ef733681b2,retained
cnews:962,962,体育,9dd1f5af30541f4bc45b020c57e8bad694350d8baebeaeffe12f4a6c5867517f,retained
cnews:963,963,体育,5f1622a0f8fdbf7a931c05c2a2013ad568a95f0000f9f87a8884b76a36ae39ea,retained
cnews:964,964,体育,dd872eeed9777e0a0b6c1bf785297311c818204696290057b8c3d732893c4a95,retained
cnews:965,965,体育,949ee4cfdb8ddce403e76df39e5e04ab274e314cf4c9196db43a46081a436295,retained
cnews:966,966,体育,c385b48b2e7639a7701772f86ad5fc0379a924ac8637d904e1c270c10923ce12,retained
cnews:967,967,体育,cb8196760708d311b4824bb5b0dc9ef7593577ac87e684aeaf85ef322c1b742b,retained
cnews:968,968,体育,642aa78b7e25feed8070ba4851642221e4005a9865ca6606d08066b8b0f25009,retained
cnews:969,969,体育,9fd0a69b192dfe1f3cb00a746e14a20ba62c51d28cc3192199bb25be81a73dba,retained
cnews:970,970,体育,c3a33dc51a7c9d5d5c7dd0fb38935f14473eb6c40b015a25506b48e397e19024,retained
cnews:971,971,体育,2bcb936a6304173adbf5d57b5be089804ade52e23f1e7d0eedb1de7069479835,retained
cnews:972,972,体育,5642e5e4d58d3032f5c2eeb7f5c716de72c47a64c0e2054d2e2d159e2d329ed0,retained
cnews:973,973,体育,01b6a0c5f195eb5715b78e77f76008db4c3b98524e128d450d6924998c821157,retained
cnews:974,974,体育,400849b4be40859c599c57682c7d923ac75d4304cbe1eeddd0821ac82e4d340c,retained
cnews:975,975,体育,0cce681f55e4cf8b673f5e1c24a0b25679e41a662388505a1bc803d296fd80a0,retained
cnews:976,976,体育,712b240d7ea001aa99ec3510d5123c5de14f5adf3f27b08f369e5ebed6c6848a,retained
cnews:977,977,体育,f0f47adc4ed7c0df49d1a8b95d63f175c73783b3bc05ed49cace22bbae632029,retained
cnews:978,978,体育,24667d47e097f224563114a01dd8eb13553c6cbfb7656fd6cb15dd72b6350299,retained
cnews:979,979,体育,3c2e0166dfed400832b42343605b5615947e042f4859061b1b8d1105ef9db87e,retained
cnews:980,980,体育,4c36b98ada5032b33c5af8a6aa2be7b1a0cd4110041c77f84ae9612e890e96c5,retained
cnews:981,981,体育,721eb2e2a8f5e36f242a8702e78addcedca584bbe37a98ea282804a3fa60c211,retained
cnews:982,982,体育,ada1dc912c690543084c0dac2d769a3c138cda66e7d8f11e9c91f629fbdc7271,retained
cnews:983,983,体育,edffa18eeb53f1ca2cf7551a0d40da77c541308ca0e1f2f3929012825b801fcd,retained
cnews:984,984,体育,c978745bf99b363c3c2e9623dfbfaf0dba809ad53b297ead10462a9e5d63766d,retained
cnews:985,985,体育,2ca70f7733822cf7a5b4f6f364767de119bd5196f769bfe04ff6df453c68acb0,retained
cnews:986,986,体育,757b5f097466c505c9f6aebd96297a04491762684eada27ef197c77373da8b43,retained
cnews:987,987,体育,7f6e79124e0d023dedb3ac767d0b8f3844e569d1c366b30b96743cb3e1da73e2,retained
cnews:988,988,体育,256e236a367f8121d8208d86aeccfdf38553f488cfb4d2f3d7f4f72bfefc061d,retained
cnews:989,989,体育,5655a19a890d673e3ff63c7223b2e56d78d38dbd5d77065e61254d3245c8f3ed,retained
cnews:990,990,体育,4b67fcc8a038c626ab1287d37e329840b391f6014b30c817b203002e3677b4b1,retained
cnews:991,991,体育,1dc256f6fea2874642249b6545b980e3c88d5b1625e476340f47df929d7da5fd,retained
cnews:992,992,体育,2aaec091ceea18ab7c5464cbeb1ea4f97260e5c6e4a0354760700f3ff6f5cb0d,retained
cnews:993,993,体育,b98b50d03f627bd21038cd2d209b6cdf986c62211f1725c07dbd70beda18c986,retained
cnews:994,994,体育,ad5bdd2c14f60f23b8d239d8841ac8638e7fb274e70dfced79a2016421d618d8,retained
cnews:995,995,体育,eb848af495928ce3b7c8a8d2405472a4b4a6336904694482e057d4fbebbb79d3,retained
cnews:996,996,体育,627c2695994b9d0d64e95b5a9fb66765207c666057cea03e7668763e81a58ca8,retained
cnews:997,997,体育,a854a264774232dfaef1511a6fbf41112e4d997e0ce0b1d486bdcf1f4e49a007,retained
cnews:998,998,体育,f8b50dfef91eb13a48e34997dc8b71e7b8564ed347409bcb7a9467c80ce9ae1f,retained
cnews:999,999,体育,3bb8b5eb2d546ee44f569a360eb03a66f57f18abee77afff16cfc9fb9adc8aa1,retained
cnews:1000,1000,娱乐,2c25aa00209e9a240f312756869f473a8cf9c739f39f3129ce5ffaadddf968d6,retained
cnews:1001,1001,娱乐,984fc127b1812ccf1f42ec3dcda4d9d4b4b2837a117bdd3a96598d7b67e501a0,retained
cnews:1002,1002,娱乐,c604010e883a56d03224554792af7c70b48094f21d9a592810ea04e8535c9d04,retained
cnews:1003,1003,娱乐,436b276d971f3a612b13ecd13ae4dffabb940d1b7bed15454a310a09509fe1df,retained
cnews:1004,1004,娱乐,2e80f68518156fd9221abe9b29571bbe04a20a959cc36f2533d9fe108bcf2b1f,retained
cnews:1005,1005,娱乐,bbb090bebc9682e69224335dfca21d496dd11e3c9edae9015dba896091c5c98e,retained
cnews:1006,1006,娱乐,1f5277cfe98d020fa2788c31147b74ab8ca177fce0a4e4bd9345c296b67f1888,retained
cnews:1007,1007,娱乐,bfd7052d5e69b620a34bfddc6e16c84bbb9c4e565eb7fbef3ac980dda8dfb177,retained
cnews:1008,1008,娱乐,9417d53d7463ee6193a2b0636245d7ba4b31717b2e9f8df678c46a9cc6e09b62,retained
cnews:1009,1009,娱乐,fc2607dbcd59c7b3c335ffec7d6cbcc66b02470a4259b00ea308184c6bedbf8a,retained
cnews:1010,1010,娱乐,850d2b547a77d0690c29930010a5695713159935d0d8693a955ed33e32764f1d,retained
cnews:1011,1011,娱乐,04152d3a39b76c710800c75cd0a90d97ded75e81fa663de33fc6ab576a248296,retained
cnews:1012,1012,娱乐,50f6d127e5dc2b8f9f2a784ddcb8ba83de6620c4f6d4126e00054c90eec15a1e,retained
cnews:1013,1013,娱乐,870bea19edc47226d171aeda1df205d7fa89799a8def1128ba927d646c5427d7,retained
cnews:1014,1014,娱乐,7a3876ded8ebb0e3368dfbbe42d7816be8cda83f239f6844354f5f6de6868652,retained
cnews:1015,1015,娱乐,718609b2f63e69f466370f1cfd1b45d789497d1a1d6e31c598d97223656290ce,retained
cnews:1016,1016,娱乐,a4023328f72964d5d9043e703f040a3e0a93baade61d1386f391a47b5205d81a,retained
cnews:1017,1017,娱乐,7daed10149344c58c441224d8fa3de365679f98d21dad389742bb66347f490ba,retained
cnews:1018,1018,娱乐,5c39074a6bae7af6e00abe32f8d29c056f26e23b3fdb41f065ffbcf00d43dc78,retained
cnews:1019,1019,娱乐,793eaa4133b094eb2fd488dbdef79d5780e4c9c6342e0c023f939343cc76ffb0,retained
cnews:1020,1020,娱乐,ac179e2257d85eba1596eaa7b1c494fc6d003e0949a36fc0a9dd67cbb8b409d0,retained
cnews:1021,1021,娱乐,d9d3077a9800fcef846b69074b948d594128a197645090343858cd287b9480b0,retained
cnews:1022,1022,娱乐,35dc713e4a394ee760f6143f5dcab8b8bd094a2411b7dad066c1fffed744a237,retained
cnews:1023,1023,娱乐,5a1b6fe935519a6c7f8e7564b8f3bd7f05b8f377501820eeb1365fc2e02006db,retained
cnews:1024,1024,娱乐,18fe739caba7059556f9809f090c726777f83e2e45b2254f3439b62ce876f040,retained
cnews:1025,1025,娱乐,f720f1c1895d778040c4683a09e63007f2336bcd143ae964f8582500297d6eb0,retained
cnews:1026,1026,娱乐,2b73e59d34fb8e18d43f82ceb7fbdd4b94c192ced362dec7a230ae036619abb1,retained
cnews:1027,1027,娱乐,96b9250a7223ef5933dc5ef609584d0ff5e7bb395ab927d2b19b71511233a0a9,retained
cnews:1028,1028,娱乐,a8551790cbbcac803d125f94cd3c3f8a07ce3f29228aae1587ed4905d89d5385,retained
cnews:1029,1029,娱乐,64919173d9392e104461ed0759e186d6d8034306cee88086df30e918373a2f4f,retained
cnews:1030,1030,娱乐,bcbf347258a8dc166b40372a654b0b2ad7678d8ccf3cdf087bf3f1fe3d334fc6,retained
cnews:1031,1031,娱乐,049f00a4fd15f7fecb3588a6eca074c5b14c3d620f48f0688ffad08dbece8aca,retained
cnews:1032,1032,娱乐,5ccca34aa9c9b2f869451ad8ebb1e761498b9febfb8f13d29eac513cd5309232,retained
cnews:1033,1033,娱乐,fb1b599bc977895ea9560096e578e512abaa50b0d322a22c8893267543d219c0,retained
cnews:1034,1034,娱乐,3ebdaaeecfe179b66ab6f60f6f80953413acec352740b77fdb7a3f32647da7b9,retained
cnews:1035,1035,娱乐,9a2af15914a9a46e5b725c688ec666aebd7a5314b790191fe18ed36fee884367,retained
cnews:1036,1036,娱乐,5346ae0c5e10f60c20747b4d8f5a477eeeede881b49be1c514334fa8022a6c98,retained
cnews:1037,1037,娱乐,abe93b1627bc744367f78ad87598378eff1f7eecda77f9a3da9232ac8cb61db1,retained
cnews:1038,1038,娱乐,8422f461f8cb82ec797ee2e8362e4b88d2322f63e09e563281fc823620873335,retained
cnews:1039,1039,娱乐,95be3710e7f07330cad472f981ad9ea0606500c6c5bce683fd60fba2ac211e9c,retained
cnews:1040,1040,娱乐,407a03d77237d223307f997935a2651b7dfec239c678778d566329d9a480acc0,retained
cnews:1041,1041,娱乐,16009667077fb8b97437e5bb5da459c9b278b4e471fc331b3a50dff82d70b1e8,retained
cnews:1042,1042,娱乐,52f4813837effb13d135363be0d6e0007cfd0c98a154e704e9f7bd34ea35a230,retained
cnews:1043,1043,娱乐,bbdf1d16c6d68896dc5296b4008b0bb4dc5e3fcd69a8a031166288583c80387e,retained
cnews:1044,1044,娱乐,7031c40b64d924275f7cc3a76568bc1b5f3e11ddf439d6e3b0c692435363bf18,retained
cnews:1045,1045,娱乐,b6362111010ec3beb78e93ef6eba735703c86926a37d0ad40db3489d8cca96ef,retained
cnews:1046,1046,娱乐,522efb92773071bff2982fc465162fdcccdb108558a3290329cfb46ab853d80a,retained
cnews:1047,1047,娱乐,c8bdbca4ba2b85b903010e67db43fb4ef57880b5646eaed2482ab2b79a6c4758,retained
cnews:1048,1048,娱乐,ff11555ff0053481548c27caf64f8378d90108c9de997b03ebc391eca5f3f64a,retained
cnews:1049,1049,娱乐,9152897ba12a7303664d44519b8403c7d3df321345c304fbb0ea3122f7e2dcb8,retained
cnews:1050,1050,娱乐,27fea4515b07c5db6a008c187100b3c8f1db5505e292d653bcd0bed62685ebca,retained
cnews:1051,1051,娱乐,f777d50a385838fd7a3c016337d5eaaf0ba0c62692545beab0fed687fe446716,retained
cnews:1052,1052,娱乐,8eec8b526642af0e11e7c59662959297521e7ff563842ecaaca20d6cdbead2e7,retained
cnews:1053,1053,娱乐,c9a334a527b1a9ff323b02e99ce8f8420bbf4e6c2e68076da27220492de9d894,retained
cnews:1054,1054,娱乐,7059670de8a8fb03b6881c1513b349cc939f8acc2242644f4c73b1f6b2bfa604,retained
cnews:1055,1055,娱乐,35bc18fb9ce374186920389195efd2deac127c031ea4a0e5c3ef9301797dc24d,retained
cnews:1056,1056,娱乐,7a399d47660bf34ab7d2f51e654dfbc49277d86bf890ed6aaaae070d3dc673b4,retained
cnews:1057,1057,娱乐,3227449ae1341b7db9c335d34525d34cfd1e677ebbd444f43b9b7cec7e684e78,retained
cnews:1058,1058,娱乐,ebeb01bf4eafa488eb079ecac5f48785aaac4c4e3c8e2d0a2cd7a9a7fa13b856,retained
cnews:1059,1059,娱乐,baed243830767627b67f9ec7dda6d5be59ff49bc9c95911a1363be87238e1232,retained
cnews:1060,1060,娱乐,eb6ef2dbd2824bbc6b07a9edf13e1041cbc4a3416275e931560c1c13138b48d1,retained
cnews:1061,1061,娱乐,0b098aeacee799883f0071466f6e1513b26489d99a4eb21226a6603da5191ac6,retained
cnews:1062,1062,娱乐,ede43266938603d8ae67b43e880dc87ec8fffc5f1cf6d120009e48d1c7a3931b,retained
cnews:1063,1063,娱乐,4b0a52e03d21c210f02578fb1789798ae9ca0b7ad4fa52c9ae08c1f27c4cd9f2,retained
cnews:1064,1064,娱乐,1bf45a68cf4b64bde649623b30c5ea280e0279c5bca18cbc82aabcedff4b426d,retained
cnews:1065,1065,娱乐,de7bed7884481971a2da1bb7ed1a1ffff46397ada5bfe3652d9a8c89f6b13115,retained
cnews:1066,1066,娱乐,705f8387e2711344a8f54c0449e3f0c776f582a7371779d0efc2ff0b654749b3,retained
cnews:1067,1067,娱乐,c6255b0b63e33d4849719fb61fa7b4f83b24f8b2fa54c6b988f49c520e72dc37,retained
cnews:1068,1068,娱乐,9c0454e4adecb962120c372deb34e39ae07ec70cd20804c713d2c582fbe7ba60,retained
cnews:1069,1069,娱乐,71fb6332f7623ec48127054956e7611a3c93baf209b26e05cf818d83faf73563,retained
cnews:1070,1070,娱乐,120b9212bb2d3383c259a1c03cb1c06c5a0ca35fb107a0f90f1215d3824d9a3d,retained
cnews:1071,1071,娱乐,f73ae0653f3e7f748d16792942ae50ebb8f02ba97dbfd1a13480a867e3b41d6f,retained
cnews:1072,1072,娱乐,9d718661b80224a5b19b3d26812b8c5eb23d6073f2a1ce77f4c9f8e3b753cccc,retained
cnews:1073,1073,娱乐,dff00f0e342e29d926fcae74d1d762ae562233bc216a034af15370a1f43f3d86,retained
cnews:1074,1074,娱乐,69df1d23e6b0ce6ff7c1e30724a279816c3b256c531e2d1af28dcda8bc05cd76,retained
cnews:1075,1075,娱乐,2db1144bb8fb77165707c4da046ef5728b9b852438a0847590b0d2a838128560,retained
cnews:1076,1076,娱乐,d43aefdfe05030f89751913c73e9b14f25931cbad66419c9d554ae3a008d49a2,retained
cnews:1077,1077,娱乐,600690fe23457457c1e1725f533958593149cdb75f485509b9aec71c047c2c92,retained
cnews:1078,1078,娱乐,1eb2e26e988ef63f92ee7c6d499c7d0da1475e8cac77a08b07f22b07647b7040,retained
cnews:1079,1079,娱乐,5d142f3a39970902df76ce99d9c5fb4df56fd2ee5a9199284d93df5144dab32a,retained
cnews:1080,1080,娱乐,0ecb7984e4f35cfb83069e2e22de06f2a52b6b00ac08f3cebba38a333f7bd1eb,retained
cnews:1081,1081,娱乐,c5ffd73c29651653bc67ed90a7d64b3afeb7517fd2419c15e8774191d0f96f5e,retained
cnews:1082,1082,娱乐,5546f43260ce1599291ef9a95995376d26406651cdc30b09e207146d58f18fb1,retained
cnews:1083,1083,娱乐,35771f056c4f1a9a9d30389a776cbe6ee72a1204433c8468424a40048900a94e,retained
cnews:1084,1084,娱乐,6c630384f6fb376c22c0720cd767b283d790d3bcaa0b19f7e6ad3d7c4ac86788,retained
cnews:1085,1085,娱乐,e9a87384c9bea5e40b83950123517f6090cae47e19d4a2ba7c37ce18e79bbf52,retained
cnews:1086,1086,娱乐,d8e6f82e296975bdac91a4cd4d462c70b94021ae4c50b68d484f87f9d7144ea7,retained
cnews:1087,1087,娱乐,23b23d464d99c0d7a6eec5cf73ea4ddf9f4e30b57ed445eb69787e6487f9305b,retained
cnews:1088,1088,娱乐,25a40b1e476ad451d008d68179ed6458cafc406d251c387ef0b3e1592728b372,retained
cnews:1089,1089,娱乐,40d1a312b674cd15cf4e4d744862bc253d7638123f9f2ca1fe36c8632097fc08,short
cnews:1090,1090,娱乐,5b8ca04346dadb71773b4040b875f60688a3cd4c61792b0f298bfbdf750a2441,short
cnews:1091,1091,娱乐,58cc077d26fcbe3e50b98a74c894102b47c145085ab3b08ea4b19c3dd1314460,retained
cnews:1092,1092,娱乐,76dbf38cac77d7eb946ec8851e4491da9114adfaea0834f1bca6b5970a948405,retained
cnews:1093,1093,娱乐,a47a2cdc0dcb03cf8b4c4eddf2d9407367c9d43563e7b6c5c9a6d6f5d58f449d,retained
cnews:1094,1094,娱乐,3c54ddc925692df321a219ae65f0bbe4ed347ff44e10b0e2e5063cdafcc0b8fb,retained
cnews:1095,1095,娱乐,8af80e6e6cf72e61ae6b1aad4ae56dc98f15c26b9ef367966b00bba8ff3fddd1,retained
cnews:1096,1096,娱乐,7be5fcf5bc6bb87f881ef123656dd59908b9c2e30b18cc1da42e14cd1520a23a,retained
cnews:1097,1097,娱乐,8be8f31265c7572ec6abd885098d42a62e5cff78c9932ac49a0ea8dce55efc29,retained
cnews:1098,1098,娱乐,335a49e17b085cf6a50f9cdd280076cc19fb7e9a448c24cf19ddc9b9c75bdffe,retained
cnews:1099,1099,娱乐,3355877f2bf3ac89a9eb866764e72aee67334a19d0781dabde8a0d8126a7ee8d,retained
cnews:1100,1100,娱乐,0781839859e5f484e3bbb0287fd6a82b868c06c949c5da9b89b4cf3dd65832bd,retained
cnews:1101,1101,娱乐,8305412ae2c8ebca9c3730bb449572aed0c489c51e3f018c84b62f128221c6da,retained
cnews:1102,1102,娱乐,bd4a2a8756f93200fc1e483172b54c8c67bc7e1b23b8910cbcca48ade3ebb8de,retained
cnews:1103,1103,娱乐,d50eb378743af3532191940e2270448b78cc2f8e596fa398dddf9029884d34d1,retained
cnews:1104,1104,娱乐,79e0a1908f04f1d8af8f5dc847118ff99b4a579c414cf3357b913d0675a84ea4,retained
cnews:1105,1105,娱乐,cf929108c463cdf82a9f54f36e5e963bea9f673c6207bc7f91eb24d1f795e00c,retained
cnews:1106,1106,娱乐,0aeb89b043f60f49c1feb40d4f7634ba44e3fd2863ae7bf4bd196b40f113adb9,retained
cnews:1107,1107,娱乐,e259374fad84177401f208248b321a4e4d102cc8aec3e7593d82208b52b0be79,retained
cnews:1108,1108,娱乐,ad1c4263b8cf6722c1dba89e6c9c9805380d92b8909ed699303fbe602efc7b92,retained
cnews:1109,1109,娱乐,0cfb842d273fc95117a26b00968e83cb8b6053efec8405421d6b6290b9a469b0,retained
cnews:1110,1110,娱乐,edb324d8ed9e04c0a37a96d953e88e19db8f7ddbea7d70476e708b759975fe85,retained
cnews:1111,1111,娱乐,77e36b9f013110625cc2c29c1548c520e858afe6cadc857da056642ee5737818,retained
cnews:1112,1112,娱乐,3f5e4e66cc5485fce7f72ec98c4d2986891b49dc6cb74c80b9c91346238f46f8,retained
cnews:1113,1113,娱乐,9c53426371035d29f4b522ef70df957daf6723beb5cc8647f774e3a7b7a00520,retained
cnews:1114,1114,娱乐,636a75add0669192fe3d1c902f522d404c4a2775c13453adf2e3f38ac02edf89,retained
cnews:1115,1115,娱乐,c78c9148a870d2394b026351c91434f63f4313542f36dbe350af7c70205db948,retained
cnews:1116,1116,娱乐,5782b0ac2515b436cde6a691c58c84064ee8e4cc934dce8733fb5ff18cde5047,retained
cnews:1117,1117,娱乐,bcfa1a2aa791901fa6267c75e5695bcbd937b82238f025c0632a057f48a1a072,retained
cnews:1118,1118,娱乐,dbbcabc4db8874de5820861301d6bb7fd9a3f0585f6bdbb98334fc0360fc37d5,retained
cnews:1119,1119,娱乐,947861495aa2310da8d8020cc2aeb758bda2df4d2fc7e86cd4149b4af8452c67,retained
cnews:1120,1120,娱乐,76191712b2d88dcfcd163c9e0ffff0c70bb3ddb4bd9a48a8a166fc6ad395fbbb,retained
cnews:1121,1121,娱乐,12864aefe0b6978b1062115b111f6541846210b4cbd6faf5e236b437f97f5655,retained
cnews:1122,1122,娱乐,85ecfa260ec874076b83b49c63a1148ad6757fef13e60250bde86d05fbf118c1,retained
cnews:1123,1123,娱乐,d203d76cf1ef0fff84dd24a0776ec5d723d67e5f188fd1b1446ed156a78ff744,retained
cnews:1124,1124,娱乐,bf1fe654cd6a079e3da7152d837a2ab207a2c755f43fcc352ec63810eb088ab3,retained
cnews:1125,1125,娱乐,43ce867b772ac6b76870d142b81e91f400fba51cb192acb3f3d474c8571f6039,retained
cnews:1126,1126,娱乐,b6986c543313e43d304ed830195bde758ab26278c422c63d7dff90457bc355aa,retained
cnews:1127,1127,娱乐,a0034351bfe146f20967823001585689f9632cc51868de87f32282fa4827de31,retained
cnews:1128,1128,娱乐,6c92ac3e3228512ec88ca637038c299990ab261646e4952a061612fcac36041b,retained
cnews:1129,1129,娱乐,6eb41011143096a67e8505dba03d4d758b79e59aa109ebe501f239089743f6ec,retained
cnews:1130,1130,娱乐,1e2bdf28869b08e373341b8ff4a4445da0dc5e53f94ec236d60880f233badf22,retained
cnews:1131,1131,娱乐,2c2c8321df0c671260434ccd549a0da53cf26790d2ff27c1393f2c9b8b2d1409,retained
cnews:1132,1132,娱乐,29f01830300c84f296dd17d7c7d4afd03ae86fa5712a9d14f3149686c62ebbb5,retained
cnews:1133,1133,娱乐,f6640e5dea9d6b162b4cd21154b841af3294cf4dffedce37d2a79212a79bab40,retained
cnews:1134,1134,娱乐,7da7129a001c5ae1b47df6cc9303799fbe4d17db70c6025e1b2d2a0c0f8f6b86,retained
cnews:1135,1135,娱乐,b292e2bb62aa5d9fac87062892471d477be39079b73238cb788a4db9146cae52,retained
cnews:1136,1136,娱乐,365e0f6e16cbb52f51036e9e67a0f80f53e8926074cb0e7b7af199dea8cf028f,retained
cnews:1137,1137,娱乐,2ffc152303d0e108e08a12ff9c17c8a4ee2d3895e504050dd1b56070ed6a4589,retained
cnews:1138,1138,娱乐,0d18c35d8f5ceff47d61adb3ec50679260078f39b1e34307566920cfeb7b5d95,retained
cnews:1139,1139,娱乐,914dabb291f00c69daf95f8e0e6979a366b2bc6bf6246249ddf053983486e8d3,retained
cnews:1140,1140,娱乐,2e81d749cb60365cdfaf9c78f82978f92d65d8663348096437b3f7f495a8d5b4,retained
cnews:1141,1141,娱乐,01b49ceb58399e5414e0fd9a73ce66094a1bdb50615cbed51829112bdc1018fb,retained
cnews:1142,1142,娱乐,625f551b855f067f70e24a3b53975dad5ea407c10463aadd0cd3da251488cf6c,retained
cnews:1143,1143,娱乐,fb9d7d5c92a875c5111d2631dc5bc6faf60914ffae892ab3fb23a1c1304add32,retained
cnews:1144,1144,娱乐,2d1b8b5aa285e6a104fd1c1500937af0ad1e613e360358c2ddd7efe6182e0fbc,retained
cnews:1145,1145,娱乐,7bbbaabdcee09cffb338f72e3c74c33508b52ade31cf30a949b53399eb05a313,retained
cnews:1146,1146,娱乐,adb6d20c8115fc3d61da146c3920805dc2d2cbf734d2b00715823cc96c1fec1f,retained
cnews:1147,1147,娱乐,8ac9cc0e204bce44a5e37b98d9163001d3e25d63d008faf173471169ad81adfb,retained
cnews:1148,1148,娱乐,9ee86fe2e19c3972b52d05568a7aa616b47225a31516051fc4163a2198c336ba,retained
cnews:1149,1149,娱乐,7b71cc81118f54657ab198f1f1660f3931aa332b83c9a0b354fb48d785ecf319,retained
cnews:1150,1150,娱乐,4d209191dfbf27817cf771ad2ce3e5293ca33951af7a990753ccd7ef05a04a23,retained
cnews:1151,1151,娱乐,507952577a6f5286064fe251b8a1ed7b43b574f89d99f4a9bd5e865504701644,retained
cnews:1152,1152,娱乐,9868de41ad7ea26404662502cd13318e492fb9c25ded2b5906606bee37540576,retained
cnews:1153,1153,娱乐,3e23ab9a9f58a464f8abef60d9154bcb07b39c7e3f29bcb0f4addb968271c696,retained
cnews:1154,1154,娱乐,c0f5703d41c6aa975d46d4247e85058bc4421642e7781cc7e0ebf5b929b2ab3d,retained
cnews:1155,1155,娱乐,313f95ce9f4a1760529e550912f19842d6aa10dd38d4ee3a18950bea02acbf6d,retained
cnews:1156,1156,娱乐,a4063b6f004cf12dc61026e4753f22706db910dd00074bb06c60873e17f294e5,retained
cnews:1157,1157,娱乐,f74dcbdd8a8b7b89d0fe06e76e4f2f22b70bae36f6945a7dd37cd1c38bab098c,retained
cnews:1158,1158,娱乐,7a6f0b584608720e65542c47d61c497e826782ae19a58066f81a8bdba319e7c8,retained
cnews:1159,1159,娱乐,63a33a48084513ee4c3d0e3a0ac80ea22557f6f7affcfc4a071fd515887f5747,retained
cnews:1160,1160,娱乐,4456b6a16735b52cd0360af122a725c956d9a6ef3aef0b81bb1b097ab4c5f64c,retained
cnews:1161,1161,娱乐,b497bc394ebc3ecf297d0b79cff1cdbcbd957cf48fafd01dc6674fc29f62e7b4,retained
cnews:1162,1162,娱乐,bbdb18faca7629df8f9106c810fd7cf718c41a48dcdbbc06c64f1d23d94c6ce2,retained
cnews:1163,1163,娱乐,0a7ce51bca2c02ca8ad7ae98112f849aa6f1ce03dc4c1a1c292dd47d61065835,retained
cnews:1164,1164,娱乐,f49c2c2f174d6830d95a285c5dfe7927a61e1483bc05ba289a0127bdd6a7a727,retained
cnews:1165,1165,娱乐,aa06dd4ef63930be1f9de5499cbf2efac44f43f6bbd406e5045a21aa4ddb8688,retained
cnews:1166,1166,娱乐,debfe5884aa541abb19ebc9f9eae030ea6bbee3f40ce2408bd66b57016a062ae,retained
cnews:1167,1167,娱乐,6d414faf3667fc93f2e6bfb45b71c0fcc636ebed19c53afc995595586eebf05f,retained
cnews:1168,1168,娱乐,f8086e241a0791f923971e35ca1f7991bbe12dd0d6d8908d1ef7ea22c385b1b1,retained
cnews:1169,1169,娱乐,6d1669133548ba930008bedceb3128b9fa4f3de0ec7f84009a43752f939f7436,retained
cnews:1170,1170,娱乐,9bf243783272c05e1ed96b776052871cce039c947c6e1d589a3b986a5237cfe8,retained
cnews:1171,1171,娱乐,352c489ec8b4e37695c003be5cc975d30fff6d36f822cd14005606f15656dca7,retained
cnews:1172,1172,娱乐,f4d8b562e68361d9702e11b4ca31665c0eb92d0513ff5912e9fc0fe79c38d2ce,retained
cnews:1173,1173,娱乐,77035dc8f29b4c5b125260f3084da54d291074f8bd9d8837ca32ed1fbbc89bc4,retained
cnews:1174,1174,娱乐,231c719de3a0b6592b5ba1eeaf8d53052717d146227e4a5d96112ec50c50480a,retained
cnews:1175,1175,娱乐,40768f4651c05a2f3b3c2b9b958347fa76f0422f874cc573469862dbd31b379f,retained
cnews:1176,1176,娱乐,724022ad5c64238d7b09f70ce66534ab3db2931b1927e3d772496673da6b4e37,retained
cnews:1177,1177,娱乐,efccefbec03e4dab4a30a3860f023bb2f0ec4cc62a8cbcf877d6f15ad81f388c,retained
cnews:1178,1178,娱乐,c3d462167d6edbd05a0e1ad92d0fb8b9905135fc44218684cfbb25bac22994e1,retained
cnews:1179,1179,娱乐,27421135ee7a92f9a495e8a7401ec89e2d46347b889d37afa95517e54e88f0e8,retained
cnews:1180,1180,娱乐,a7febf5c0b04e51cc4fd081a4c425717939ce96b94a446d62c846b8ab2bd1ce5,retained
cnews:1181,1181,娱乐,7f7d04f724e786f842bb452a18caa4ace7ff563980b17b7b27164b35620c0b36,retained
cnews:1182,1182,娱乐,e6597e5e9a56015e136ea6ffa488dc625859cdcff21c08e069c2b64ee192aaf2,retained
cnews:1183,1183,娱乐,a01937050df851b4c35b747836131c883e0241438f915913b1859dd5300e7e13,retained
cnews:1184,1184,娱乐,fa6a371abf6ce4dfb46245601477bd9e06aa3adbbfd5dbf8eddf228c349e7e2d,retained
cnews:1185,1185,娱乐,fac59e71df7a830e262eae2f42bc8850c76640a51cc6413049d073599c9d2fa2,retained
cnews:1186,1186,娱乐,3883e126aa34027337c8d9ff81a8f393ae3ba9a786f6fe283c3fca386e2b603c,retained
cnews:1187,1187,娱乐,2555094d411fab5ff661ee7b09278925b43de1e27b8f8f2b13a4b4cc088c2229,retained
cnews:1188,1188,娱乐,dea9e2be48db231500b2985c008a1094c58beaa65dbae59ba0d1657ee11c8e50,retained
cnews:1189,1189,娱乐,3971e3592816895525cd2caf15b50b7cdd4a50ce075ac10726a6ba6484c25ae9,retained
cnews:1190,1190,娱乐,853799f6f5d1ce8e386b5591cd3ceefe9239399a18c118b8b3ade9d01513da53,retained
cnews:1191,1191,娱乐,cdfcc54e4180582fc7661437e996b190085909c0ee8c1dd969bf664c54e3f69d,retained
cnews:1192,1192,娱乐,78567ac16293fa1d3075fc7fd6dd16d948b929c1df8ea7a41d987b5e1f1db64a,retained
cnews:1193,1193,娱乐,36ba39c4844a523b79fee79287b41b94a4d1bbe1fd22e2aed61c58eee8488b95,retained
cnews:1194,1194,娱乐,b20ca58d69cdf77a5468ed65ce394b9f6a32521ab2c2799e5cfbfc6e27ffc9c1,retained
cnews:1195,1195,娱乐,799d2bb1b69cb1da551e21f5b84c966bf48e22f8a6c587e0192479f3aaff36b4,retained
cnews:1196,1196,娱乐,b28db3b54bd50674dfd47e77bee575c45df8b8a983a62428017d73f1cdec246b,retained
cnews:1197,1197,娱乐,43862654d7587d420e2fdaaff4d3bbd808ddb808e3350fde0bdf5e8acd70a00e,retained
cnews:1198,1198,娱乐,e949c8aab556f02b70aba3514745d107bb6b54a8d556a19992b133e740c2421d,retained
cnews:1199,1199,娱乐,1b4813d4da4773aee8aaad2c5e4bed6a3cff31bd3432a9e19b521feafba73a3b,retained
cnews:1200,1200,娱乐,b1a95a33699e327f4002aaadf8e125e8af77fc93d77bac64b89744ddb1ebcc2a,retained
cnews:1201,1201,娱乐,6b1cdfbfced130dd2fa2dce1ecc760d385d1cc7afc1368248837f0908a72cf33,retained
cnews:1202,1202,娱乐,de3d6927d029babd197429fa3bff117bbd3ee753019b81ac520da73edfa8e03f,retained
cnews:1203,1203,娱乐,cbebb6ebf8d86e22e112b6511a1776a959402b17e760d662c9b42cab06f83adc,retained
cnews:1204,1204,娱乐,5050427e0219bd0547d3b8c58bd8e7939a6b2aae7aa84028fc06e3e8b1f77bba,retained
cnews:1205,1205,娱乐,348320b246008bda8026cb5c72511feb1aca1755e7ae60a106530cfb76bd0ded,retained
cnews:1206,1206,娱乐,c7bcd76889090434622e6fe049d84c75b4e1379ef32848ad277b1fb6adfe32a7,retained
cnews:1207,1207,娱乐,62533fb795852645ef7e9b96e16d564b9e810c6b1883567379cf17fe13d5aa35,retained
cnews:1208,1208,娱乐,795b73ec791e32ab9f9c4a86d3bde1942e47a7bbb95e3546e653745c482bbf3e,retained
cnews:1209,1209,娱乐,b1801ea059f83f407db7fd9bbd43125d4b26b6e3f3258908d14e7b530a5bdec0,retained
cnews:1210,1210,娱乐,56fe1a7eed5154bf9721ca590a2f2d1eeb79a991f9345f70df9b0988ec3de7fd,retained
cnews:1211,1211,娱乐,33b81c97f68ffbf19f33a31c01879b08dc4958f4d1fb39205bdda6077101375d,retained
cnews:1212,1212,娱乐,f0405088ac9b65b311a008777872781cec5e976f3d0a60de316d77ea2fe5f8d9,retained
cnews:1213,1213,娱乐,1962683520a89339fa99ff34daa67e1949b7694df21fab30c4cf319573aa3fc0,retained
cnews:1214,1214,娱乐,1ca4404785b57176edeb335bd9b5ca1efef9a13d7fcf15486d7406a5825cf362,retained
cnews:1215,1215,娱乐,f2ff3f73a510e3e342ff20ed7af5e055bdddae29aca4844211d8dbee75e78485,retained
cnews:1216,1216,娱乐,2b9c64b26188165a1ad43fe6ab1792eab9c4e3979ebd59d12ce836883ab72d12,retained
cnews:1217,1217,娱乐,e52e0389e4ed1dc288e0bc2842a69c0f41a1acbcc4e22267b285c318f90b0605,retained
cnews:1218,1218,娱乐,d2f7011ea6372640a2662c7a57bf0b8452f50aee50c2431954c25fc1e19102a1,retained
cnews:1219,1219,娱乐,8d88155bd40347d2f5f7b123b124310a5dfa1566fb27c5b00c7937c1a6203dbf,retained
cnews:1220,1220,娱乐,d4779a621949b70f4fdeec5f987f028f071b0855042a3be63b9149a47fec3b95,retained
cnews:1221,1221,娱乐,13b793737a036489f0cfc08f24e5c178e02f21619640bf1123d25f5dac442ad4,retained
cnews:1222,1222,娱乐,ac72b12fdecb5760861516df1a3547fb9290cfee17974eec36aa03445106f57a,retained
cnews:1223,1223,娱乐,d4c7881cb8345ffb929075e3155d82d4983276a6e9b086ccbbfa2e42d4318e10,retained
cnews:1224,1224,娱乐,234e4542311fd1603abfea1fcaf28e1501f215bbd8fe1f8f988f7932b5a2ba3e,retained
cnews:1225,1225,娱乐,52bd54ce51d4d1a547f6916a91e900dae3fbc3dd8a86c4bb6037e71a2bf1926b,retained
cnews:1226,1226,娱乐,c61df02c89a6be80b482b67739f4ac07a7a7aed691a7033c5249f73917bb0797,retained
cnews:1227,1227,娱乐,d910b136a9c8eaf7bcc2c2b68d2ffb322109b4d35828bfbf2b3505ce6b2b948a,retained
cnews:1228,1228,娱乐,d3423c9b84c67cc4a1bb3e00596be2162271eefd71cdb11fda3f084016c8038d,retained
cnews:1229,1229,娱乐,d4652fbebf5db9e6563f2ce32085d572bd25733537547b8c4382a8acca1a87e0,retained
cnews:1230,1230,娱乐,6322cfaa8bf158e2d1dc63987cf672cc457612b913a14888506262b6fa8a8eed,retained
cnews:1231,1231,娱乐,6f3ae3f284fe859a28f109132e67cc28caef582851f9f34ee41057c0803a16a5,retained
cnews:1232,1232,娱乐,7cf8ddce716968157dc5911062e926b6c7c5c411f33e3f9f99492ad919ff76be,retained
cnews:1233,1233,娱乐,93050f3182eb54bd33fd56e98e2f313a804b4a636d188799604c9704522d87ae,retained
cnews:1234,1234,娱乐,5e15f836798c06c006ee802742cd8a0d4e67cc8db825528b263dd6da78cf923e,retained
cnews:1235,1235,娱乐,a8d854b3706091f5f064530d2a388e5a678f7537342105394a8fd960cd708d6b,retained
cnews:1236,1236,娱乐,109b6a1969079e4c1b30bc8c0faf4ff0d479f74cbb0a1ecdb9a16195472be0d8,retained
cnews:1237,1237,娱乐,9081afca6d1a7cf3d0ba477fee0523456b864ea1654d67893496425d2cd0824e,retained
cnews:1238,1238,娱乐,5db5db712f17e94c6bb76b86f8b7cd6107367e54a741961f72bcd7e5756d5463,retained
cnews:1239,1239,娱乐,218c41e80d11da31764ce1e40caaceb07fd186e9320c79120752322442a1cfcc,retained
cnews:1240,1240,娱乐,ac1f6999464724b8b7fc5fa90716f3dabbffda07e26e7a3a82ed130e01ddc981,retained
cnews:1241,1241,娱乐,06553fb103343ce0569b6c416cc46d22f26b6c821606f94b9b95d7d96b68b962,retained
cnews:1242,1242,娱乐,beb5e66ed68993fb4b294908d4f6bb2d2faa612addd80011bce26e8c9afad158,retained
cnews:1243,1243,娱乐,f85b7e9dd3301b9b073e4d72896ff2f82794d45992ba0a8d56b70b01f6672a09,retained
cnews:1244,1244,娱乐,5cef7da612c5b21ce2e3f661c19f4d6087afd35a805880cc6c908587553b3a5c,retained
cnews:1245,1245,娱乐,d01e988146befafe153c8e481154a6f1a17a3c9b6e80501bbe2f33d076412d35,retained
cnews:1246,1246,娱乐,d050e32b971b43575848a2729258e1db630f3b423159992367c128dafdc2df24,retained
cnews:1247,1247,娱乐,fadadf05448371663fd2606dec2f2f7b4865fb45fa2d65cf3f9aa48e1ad3f050,retained
cnews:1248,1248,娱乐,76fbb01aba325c8e9a4321d2820323b8cdb0e6d9de86f847e37398d576327bdd,retained
cnews:1249,1249,娱乐,b21937030732e9714e123d81dc4961dfdc1b2c5d81d4b309a2386d9d1d8a2f5d,retained
cnews:1250,1250,娱乐,03492978c5251c795453cd80b0f256e24f6816ed11243c506915b05f28307896,retained
cnews:1251,1251,娱乐,d0fb82984e9e6188ce792385e0967df8ce96d41ae3ad82e57dcb43a5737d81a3,retained
cnews:1252,1252,娱乐,670b134330c57c4292539d340f7deff5378dc2813927bb03dc016bc378887a54,retained
cnews:1253,1253,娱乐,00a119d5cbd70547cc1155c41222eb873f2f55be4979135047a139cf6b255612,retained
cnews:1254,1254,娱乐,afbe287ba7bfbddc93bb12da32f206c8eb9e2c2128c973e0141d23eecb445396,retained
cnews:1255,1255,娱乐,bbce65c2c1dc317cdefc603c050635a095aa59842e79585603293af83b27f640,retained
cnews:1256,1256,娱乐,833551f49d9f1dceadc8e9fc9c4681e179bc7e001cec1bac15cc4b1c8187eff4,retained
cnews:1257,1257,娱乐,4d8bde5a40ca477e3ba0024ea604c49dda74bf30e58d2aafe152fe3c99c2e2f2,retained
cnews:1258,1258,娱乐,16d13b8fcb70dfd22efbd42ced50631af8e511bba51f54b1da45db1b70be6a1c,retained
cnews:1259,1259,娱乐,950661ecb38140c7f1e17a22fb727b00d44cf257716ac1d8e48357eec221fb49,retained
cnews:1260,1260,娱乐,dfd451de9874bdee200d5ac1fd33428c31df4fcce1f1e9bca5e5f1dda0368faf,retained
cnews:1261,1261,娱乐,f47665455ec7046625bc5e496b89780685f6260bdad9a288086d09425e915345,retained
cnews:1262,1262,娱乐,a17b499332bb40ba5c24dab219b6695647d7584c1592f3b79604762e81e51a63,retained
cnews:1263,1263,娱乐,2d589111ee857b7edecf1792707340c98937e378e9820fd5c647560dee07d772,retained
cnews:1264,1264,娱乐,ea1336f3f23c8fe31ed98e97665033a8b9c0bfd76e073d9b62c65b4bc5a721f1,retained
cnews:1265,1265,娱乐,bb6e4e2633ff67af61d11ff78c1956e7121157443bcabb26fba89915b0b0cde8,retained
cnews:1266,1266,娱乐,fb0da64dbff110828d4ca8c4f6e3efb8770542b509e375dcaaa7088b50cb8383,retained
cnews:1267,1267,娱乐,2877c6085c79f73a24d8c6b715c2de5f7d187dd5241ad65dee186798d1579b60,retained
cnews:1268,1268,娱乐,fed97408bfa662e64d1260cf965b9a98ae00739cbf0b9c6450b5ae5297a3f442,retained
cnews:1269,1269,娱乐,ad3fcdf85e9c64d30919c7c5058dba2893ce41f91f28139e1e20d8e3d1412575,retained
cnews:1270,1270,娱乐,610086c2c8ccde6288a52b5f7c4ae8087ec9417d29e6435f9bdf13bde72297ee,retained
cnews:1271,1271,娱乐,48f54d38a0795b5f5d0a99e2ff07389d7bf73025c85dd6b044e49d67739f8c79,retained
cnews:1272,1272,娱乐,ef669ae7029cca64f1c7fbd863b11daa11faf1b379eee6a22c5ad474252b4bc0,retained
cnews:1273,1273,娱乐,67733204557347f172e2abf1a0f2523f6e5cdb3eef0c37e472f86be2f5c04018,retained
cnews:1274,1274,娱乐,c2a2c2c1b074321f59895bd2960a114689614969118f56a898d2573f3acb342e,retained
cnews:1275,1275,娱乐,395ccffe6c537a4573303dc78672d214ec35849d482a7308b9499a66cf3307a0,retained
cnews:1276,1276,娱乐,6491e9844921b9b986e1bee8b0e943c4b114c4e5234a0206dbe1472d1380d7fa,retained
cnews:1277,1277,娱乐,4e81aab388bbd54a1b8cdb5eec8c8d37df1197acb19e8ef490de4adb17308cd9,retained
cnews:1278,1278,娱乐,675f70fa31af0c144b8f249080665384b04f246ccd826427965a3be331c9e861,retained
cnews:1279,1279,娱乐,c317cf3b8096e6641fb56a45ba362e9e2ff175e8f5231ca3a44617074a731390,retained
cnews:1280,1280,娱乐,b18ba13a63fd34530fc011b033b451063af5bfd58c80377e99ee4297d35900b3,retained
cnews:1281,1281,娱乐,de5638413adc666f7b0b00b53fe0e2352e6a1c402fbb346ea400a18e74a43cdd,retained
cnews:1282,1282,娱乐,64c9d023f8b1951742207250c9ab4291517777ef27c575b5d395823948c4cfd6,retained
cnews:1283,1283,娱乐,cd205b497f8396f351a7a4822b610bf1befdac658e5fd7a02e7efbb1f4190e63,retained
cnews:1284,1284,娱乐,ea3c5336ffb4365242c8da73afce935ee5b609d4c021e1031c8c61e1c22b9446,retained
cnews:1285,1285,娱乐,ceb10b0ad8b774569026030e08a6da6edf9a80bf1b388201fa168cbd6e9726f8,retained
cnews:1286,1286,娱乐,db5253df3dab988334233b751eeef2a0326e71f5c082dce0c469cf92ae3f827e,retained
cnews:1287,1287,娱乐,4fe01de7a5af144f09115a80e31153968b6c4e70bdbb6ddd6ac8756ddcec16db,retained
cnews:1288,1288,娱乐,1130630dbcf4dbc216ef5200784c3e418008f79ec18bad73eea3b14aea686cda,retained
cnews:1289,1289,娱乐,63db3ce87d602d1f560c5fab4b0d4d6bdabfc351d1c5fec07f8474a04e2d94ed,retained
cnews:1290,1290,娱乐,4bd61395ae60639c5ad21f03bcb224dd56d5151a773320b8aaf8ee4b325a90df,short
cnews:1291,1291,娱乐,80b124cf1ca7a549d4922bb7bb1f1847cabf4298a1c5d0b0248196a44c5ad256,retained
cnews:1292,1292,娱乐,b9f7dbe3118b857e62f340357d1fc883acd8822f48295cf54220ed20d8687d18,retained
cnews:1293,1293,娱乐,037b9cbb30cfeb39c8010d9892fef85ceb18b82fdff050e9fb2ca9d9972d2472,retained
cnews:1294,1294,娱乐,1b02ac28eaa955b66c5ba8f73001c3d9b2f65ca2353cb81928e58c4c4fa1ac19,retained
cnews:1295,1295,娱乐,c801f6015b9fa46276ac7ff2fd6b3580328cacb3f6f97f1955cd6fbc54641ff5,retained
cnews:1296,1296,娱乐,99df7c4e49bd2ef142a918788b4bfa96e2bdd39d5af608692b0aff42848faf49,retained
cnews:1297,1297,娱乐,e20152a54d1516b45ee44af11f84cd07d0975a84a029b29e9b838593b34073fd,retained
cnews:1298,1298,娱乐,a50791f94f5c72ffd0e453e1bfb484c56c76e3f7983e773128e68fc42faf4803,retained
cnews:1299,1299,娱乐,0d89150fc7a462ba9d41716680476e29e06ca13526e475c0957f7c77b91dda82,retained
cnews:1300,1300,娱乐,6caef0a1536300278bf7fcaa3dbb57400a9095dc5714a0d0bffbe2c62dce05d4,retained
cnews:1301,1301,娱乐,e42192f32ec69edf355aa817f807e91776e558026200327feb723d3b4783f30c,retained
cnews:1302,1302,娱乐,3a677046b034605c7b72c6a2a8ac198a20bd86020be774ae526f670bb2584b94,retained
cnews:1303,1303,娱乐,b77bb2c7c3134b6d02b7ccc89545a1997c20ed707b16eecc2d1e445c48856c5e,retained
cnews:1304,1304,娱乐,c72d6aa2ef6604b668b94bf084dc6377445777b7deeb94d8ef8aa6bddad54641,retained
cnews:1305,1305,娱乐,4644eed09a2eefe868e53701df8953ce4b86be5bb39cc89dcd50c34189a37c0e,retained
cnews:1306,1306,娱乐,87fe07b0a636f610a00c1c0c9d27a5a9565e1acb1ca45faba34e9047ecc3bffc,retained
cnews:1307,1307,娱乐,d7530bc993ae5a07791f758ea8fcf02085093208811ea10f82263e0fc134a4b4,retained
cnews:1308,1308,娱乐,a2972169ed198d8db2b0ed7c0ade629232b9f8eaa50ad78f60a5346e88ec1151,retained
cnews:1309,1309,娱乐,7b9f3ff8e688d5d1c887f11dfff3a87920cf5249df15a932cf6c68730374e4bc,retained
cnews:1310,1310,娱乐,c95e389b116378af51dd88b8feb8fb031b7103d14298401f6b35ad85a6a6ae5e,retained
cnews:1311,1311,娱乐,95c6666dd304016aa6ee2a09483c33c82db1ffb95f6997fe6232e230a4253cc1,retained
cnews:1312,1312,娱乐,9633edeb1cd4276ebbd5504ecc4eff915ae679cc1118152510e45a18e0fb8f34,retained
cnews:1313,1313,娱乐,861b3376aaa4cf69d717740ac864d010bfc7c2a1545756e7c7caba826beb7c3b,retained
cnews:1314,1314,娱乐,4a647698a5c2af39998089191d9d2e83bba3d8403d01bce0d7ae8d744603c508,retained
cnews:1315,1315,娱乐,d9f383c2b969b8b1cb0c957d1f2f71f4f479a2da35c1f2e1c31869853779c1bb,retained
cnews:1316,1316,娱乐,e005e1c2d61ad115f40f29a8d5f701d7be126544f2720bd9addbcde0606381f8,retained
cnews:1317,1317,娱乐,f5872310623ca979423f5548af9adb8acd9442425b8399ee54db7ee4b865a2c9,retained
cnews:1318,1318,娱乐,a0c3ec718817d463ac3ff6f6f78be99e5a48fde420c3b9eb048f70d7a9725858,retained
cnews:1319,1319,娱乐,02e095e7e0b80b0c168a051a1142d97888ae312f790defb6b9133b47087f8b1e,retained
cnews:1320,1320,娱乐,f562662c06e1c9d26c1885d3fbbc4a0c3ebea682953b6507a493d85fb58daabd,retained
cnews:1321,1321,娱乐,fdcde73d1b82c2e94aed47c18f5131948cf4e94774fa223af6103f6e45111f7f,retained
cnews:1322,1322,娱乐,b1eba7c0773a7e16f6b0a1ba6b7dcecac2a102262347d0083399bde8a84558ad,retained
cnews:1323,1323,娱乐,bd6b8b143c91962703544d085c574e97c58e8aa2ea793e0d3a2561eeeeedff11,retained
cnews:1324,1324,娱乐,a4ec8708e141251de846f16d71ce697f8a60bfb2f695ef3f5498febdc61765a1,retained
cnews:1325,1325,娱乐,d70e1f19df7c6357e609c69fc10a01ae3a78c644e91f68c63d4cb8983bf72c61,retained
cnews:1326,1326,娱乐,0dd421610f0e4918830b6d315db662b5872b7e8d2bd3f7ec599693b2b16299ee,retained
cnews:1327,1327,娱乐,a314b5f458f36c7129ba14b185d61d3e9aa24983461de098c9fc83ef40effd32,retained
cnews:1328,1328,娱乐,1a2663eec829dc37b00c93c284e7380b1e03d5fc68c037fd283128a8f51f3907,retained
cnews:1329,1329,娱乐,1baa2760b89ae828812c4f6b5a9be16a354fc42b00fda2a9f52e20fc63939d15,retained
cnews:1330,1330,娱乐,ba1a2cfd314feb23cd79560ee4ba0b0cd32ea25da0fe0e2620fe3d4c144cb8e6,retained
cnews:1331,1331,娱乐,85a180ecc63e3f09f572e35101f9e2883074cac870c015960d4e8a71ca05c811,retained
cnews:1332,1332,娱乐,588b3e51004c44d46e155e250944c0384104edf49af96c1f15a959f091973dce,retained
cnews:1333,1333,娱乐,53f93f62bb13996e12e60eae138ee25e07cfc3bdf56f3000c105b6231390f763,retained
cnews:1334,1334,娱乐,f4650b41b8fdb129a7f1e53557e1050bad7084f420bb5299de5cd817e74cdb69,retained
cnews:1335,1335,娱乐,ccb250445549ac6c7b2e3943f85307c17230c83ed0b1b04b6c75d8b1a84847c7,retained
cnews:1336,1336,娱乐,879e34ef3c22d1c37a637d952cccee608ae025d0e91ee9af07373ffbfe1aa5e8,retained
cnews:1337,1337,娱乐,501c1d4905474ea070c57cb648b0d8925489efa70e6565646125b39aeed54ba2,retained
cnews:1338,1338,娱乐,0845865992c80cb1e09d527771aec506a7bde3ca65441d7a12f9cbf2542ff086,retained
cnews:1339,1339,娱乐,d817fc63c68de4b8bcdb050d077b9ea8f837dab8250758dc34a98fb5963cf235,retained
cnews:1340,1340,娱乐,1e6c90f241d094d3430509dec5f5002f8d858ba34c25c486552ae7103b2ed460,retained
cnews:1341,1341,娱乐,dcb4bf41b514b18bda93b94ebbca784bef9dd353f2d700cd954ab2ee2ab40d29,retained
cnews:1342,1342,娱乐,2bf4604c61e91032ec0ea254a15032c7b41e508294e5700e2b4df2321544d810,retained
cnews:1343,1343,娱乐,39fe7751b768dc475dbcc4dc14a7e675a21e2cd04a4f8d535f876edb9428b92a,retained
cnews:1344,1344,娱乐,a10171f0d8cb7644ec63f3f19ca72db680098a24955227d346f2073d645026d8,retained
cnews:1345,1345,娱乐,f549e619cd1925538760278511ebad2902669384b404c006de99ebcc24aa225d,retained
cnews:1346,1346,娱乐,ef336efaf57112c5cc7cb0747dc21cbfb8303414d27214dd86947f46e8d1d23f,retained
cnews:1347,1347,娱乐,91a8e20bcd541e0db9e48cf48ff89b8c711dcb06c77504b33fa5d9d7f48026c1,retained
cnews:1348,1348,娱乐,e140a7d84e10df0eb204652c7fb2bd3a941ccdbd6c83297eda9c5297a6744eab,retained
cnews:1349,1349,娱乐,5e14555ac80b92f1c6fb17fa8a86ccc50b7fbcdc00321beefde2945f5682ae69,retained
cnews:1350,1350,娱乐,1270a157a13349aa294e0c3a839ad5bf3355f90f437a4b63c70de77e48ff3475,retained
cnews:1351,1351,娱乐,e21a80407e69341a7cc39c112c217baf11ab38d3fbe8b15fa296d2916134c447,retained
cnews:1352,1352,娱乐,f76e3e536a5d2a4735b70b0c8064a575db5a0ba0037a4ad483af5c0286fcd1ea,retained
cnews:1353,1353,娱乐,e5a3d68bafda00912034cf7398081355108f90892a0c106151414bffba3ed18a,retained
cnews:1354,1354,娱乐,8b37c8ba50a466541a5c85cf9e4b3d38eb6d945532dc85a511e1995b6bd28650,retained
cnews:1355,1355,娱乐,ad3fd64e667fa9047291efe0a912004aa7822f9b8697fd068ce2e720f165cfb0,retained
cnews:1356,1356,娱乐,bf2f3250b3724ff511ffc77ec85146cd8995fb65d8903f6a952b6dc2730341e3,retained
cnews:1357,1357,娱乐,87ed81be9e165a87a8141a0bb0d01a271acaa3c7509776c46cb999dbc8d320df,retained
cnews:1358,1358,娱乐,7e212a8862adcd226275749dd97166bc2eb01534b82982314604cde4646dd259,retained
cnews:1359,1359,娱乐,b9445e49d599e91bbdcad25c9384207c590843d249bf8f1c0edf9e4f66f49145,retained
cnews:1360,1360,娱乐,e05093c72d859fb2e0e208bff91fd0b36f890a47d2f35fc828c93871c8785bc8,retained
cnews:1361,1361,娱乐,017627fc9f2935edf239bd282e4d1a90c2e8ef1219560ecb086fd4536234a0c7,retained
cnews:1362,1362,娱乐,72e720f68e542a57874af17390381ebc6b85f7d5224eabdae6292bb5b2639540,retained
cnews:1363,1363,娱乐,d34c45b63021cdcd193ffdc807140e06536564beffcf1961e3d58a462551dd4f,retained
cnews:1364,1364,娱乐,74c73a84c401f40027be9e103bc288a0ff8845095f90aa0b9ef2b8aa4972e736,retained
cnews:1365,1365,娱乐,3b4375204b2b272e2bcea6b23df5f53dc80aea9817ac777e14cb94616d9a0b65,retained
cnews:1366,1366,娱乐,a1a676ce761660caeb72484eae5081ecc9ddb45c06cf5b102a765827bc16269a,retained
cnews:1367,1367,娱乐,05dd3dbb990637a6c2384fdea00fb651a20c6947805176a5b2a74f48cad62f91,retained
cnews:1368,1368,娱乐,a8a4eb5e2a7715ed70ed8b2b43e2cabcc2c03c45ab35167c17b750095919eef6,retained
cnews:1369,1369,娱乐,1574bf69d206983553d7b02030067363d316a14f77afdefacf37f671bbceaf41,retained
cnews:1370,1370,娱乐,5fc39a5d2ce5229fdba17f0086233152cadc9bf97ece71e6787e272e45c327f8,retained
cnews:1371,1371,娱乐,f033c33550a46760d669cf7f2cc84f6611de187ef5dc0bfebdb98b9f9a9413e8,retained
cnews:1372,1372,娱乐,86bf5600b0f391ff6e51c419a502f01ddd20c38d40b381d93dd33c016f11713e,retained
cnews:1373,1373,娱乐,aac202f15ba593a838a59a5f088fcd0dfab3037ae7af60992ae9dd81b1b37ca4,retained
cnews:1374,1374,娱乐,033d2451c3fbbbca5d3934979635d4231fdc710626a6054f49fe9e1a80a4ce2d,retained
cnews:1375,1375,娱乐,134ed7766d7d3acd61ac4499716780ee94751dad8b2672dedd44a6fa8123e024,retained
cnews:1376,1376,娱乐,eaf1641c270c90067308598ec7b8125857b94e8f5a0f8093c038ac8f5221742e,retained
cnews:1377,1377,娱乐,441ee7243a9bb7da83c5268a604b3bc6666610a0dabbb4055cbc0e62485d7b36,retained
cnews:1378,1378,娱乐,b87f25cdf9e61ff9fb25fb91897c3dd0576b7848e0e0d950f48b3dd82d6cf92f,retained
cnews:1379,1379,娱乐,6adf4eb8e746f08d314c3bc8aad154f0858fd56f6d54a82fc0134cf76e702abf,retained
cnews:1380,1380,娱乐,f0c2206c07531f8d373445137227cce0826fee26203e1e65aad906052863f88f,retained
cnews:1381,1381,娱乐,2049e7eec3b07a0828e41887f22a058f5bce2af24c29bc00f32112aa7a54348c,retained
cnews:1382,1382,娱乐,58ea3949e706cdaeed483440d7e9ca599d0297a880e1299d804a4811636a4065,retained
cnews:1383,1383,娱乐,ec339e03e8894011fae9978fc044273ffba469e0dfec2d3fe82db2855504ebc4,retained
cnews:1384,1384,娱乐,7841e5175a110fd36597c204fe2918ae8e3cefe133a00a30d675c6d1038d3a95,retained
cnews:1385,1385,娱乐,8bca9737969e5af4586bb20a8fb95fabe06e515dd78be0e4ea793b2c9313cc4e,retained
cnews:1386,1386,娱乐,8e3af04835d7d8eb0e2a53e7d0c2045e9a3fe8114ba1827b23116d647b44a588,retained
cnews:1387,1387,娱乐,a33af691d4bdfb6edd75e2d192d4ec1b81946c7b6798eecdf79edbb7acda7f92,retained
cnews:1388,1388,娱乐,53e08cce1538ddd11ac4d135f79593294b73ad374419c1837d9b923f5ad9c953,retained
cnews:1389,1389,娱乐,1cdc83a604938d06cab15d1a1ddfa501ed449f994c1e8e3fe6a135edb5457fbb,retained
cnews:1390,1390,娱乐,6afd56fa3a62346867bbd3a0ca7c501735d048777ca1bd0733c1c00aceee5547,retained
cnews:1391,1391,娱乐,c7d788909e9dc56879834e6c2e33a455d1dab8ba39b0e9b98249ffc24cbe438a,retained
cnews:1392,1392,娱乐,fda0970dbf49dd7d9017582755a2c6c15f36a08ac947037196200b2c56875713,retained
cnews:1393,1393,娱乐,0c1082eee3da807cb55c9cf26664d6a573df74b9d48b5e15e2ee81faadcbe87f,retained
cnews:1394,1394,娱乐,2d233c531a620dfde879f47c508b03a297cae4648a52f242caf311af41dfa35b,retained
cnews:1395,1395,娱乐,73fbf5a735e55078fd96dc4860c61be214af962856b15ce89489d8c68d6cbc01,retained
cnews:1396,1396,娱乐,f1705289fe4f8ad453fb5eab6df4fcfd3c1e95f70103d957bce65c791c5624d6,retained
cnews:1397,1397,娱乐,ab50c317183fbbb9c9e202d1244fd306257f370e3ff089585af3f372f3089457,retained
cnews:1398,1398,娱乐,7d442658daff63b3ff21bdf072c74f411f0b52ddbf04c194249741ef764e4df9,retained
cnews:1399,1399,娱乐,b083066ae44f78257410843cfd8f169d92e4c5873b50485289feb61d457088ce,retained
cnews:1400,1400,娱乐,d5b72f19b2da2c029dd414e0a28299e4004d7a33b99855ce539acbbcc30bac9f,retained
cnews:1401,1401,娱乐,962f3ac2e0b78e509b153f993cc86c0553fb711005eb02932e8e5b138fac05ef,retained
cnews:1402,1402,娱乐,729048603fd80bcb356934553ddaa8f66bf7efda3ec766f05f70129a9210e1a0,retained
cnews:1403,1403,娱乐,e00b57d36d203df41b0056f1d465f57f8ad8d0697a7b73c853a1419f70cbb216,retained
cnews:1404,1404,娱乐,18cd0a00c9024137e5739b5315e3a36c86a5171a562684d6c48b6fcb2b0393f5,retained
cnews:1405,1405,娱乐,aec5d54c2210b58c41ca1bf3cb0cf0dea166604f3204e3e803a1236ca10c241a,retained
cnews:1406,1406,娱乐,b6a373005474da0b0a89995b6b041688565fb3cf6fee415acc47e441b6e0cc60,retained
cnews:1407,1407,娱乐,7e4bfb9b06504b88915f2d4ac6ca12a3382d2c77feab129b45437a4e2d6dbee6,retained
cnews:1408,1408,娱乐,e06bccd0a281d9d4f0c7d6d5612e97a5cf883d1401ba5461cec412663647ec61,retained
cnews:1409,1409,娱乐,d458231f485df173cd002912a3da088efc79621635432ec70d7553365c0df966,retained
cnews:1410,1410,娱乐,99a51c193e31d727aff29d7d4773661965348ac27341bf2a1439211b59841f3f,retained
cnews:1411,1411,娱乐,b310206641e0f31595245f4fa7da957648585c1c2919fce2c6194355f0cd36dd,retained
cnews:1412,1412,娱乐,50f2508b89d8aa0623ea0c8492d6f325a740c8afb7178690a8d5fff6232be680,retained
cnews:1413,1413,娱乐,cd39c826b16b46b1cdd16755e5d833a46786298fa90790dc6b07f6dbf04d1cc5,retained
cnews:1414,1414,娱乐,6d3e60ba928b0138ed2fe0dcfb72cea32f2338027be2e784c652ea02055a7266,retained
cnews:1415,1415,娱乐,ba7e9a6e0def682e15075b35af92721908638835be10620800f16e66585b784f,retained
cnews:1416,1416,娱乐,67f383e819d92264a4257a56de2f44e60229e8f40992cf2b8c63845c8aa1dd7f,retained
cnews:1417,1417,娱乐,1e5b4d9a3b9bd0c046c87a67f56c3c5d6108d4273f87d8cee683cb8eaf4037fc,retained
cnews:1418,1418,娱乐,7dc42236e1c0db079f92ff6736faf93936ba75d84a40dcc2453c224bbb00b609,retained
cnews:1419,1419,娱乐,ff57424b633933e4da599fd1796600cf85500954db263c6a2ec3345f523fdca4,retained
cnews:1420,1420,娱乐,c8de7004d0c56ef171e7e550efc93f7f5e675a33304adb63a9c4201232d9825b,retained
cnews:1421,1421,娱乐,ba6919f1643869a43505ba41e0a4b9e50e2661c12803c1e85745ff842a28127e,retained
cnews:1422,1422,娱乐,87c831428787d42250bfce9cd418ad443f6aadb743ee99f5626af43b1a1d2253,retained
cnews:1423,1423,娱乐,505d436ff8a24c528ad9c4095378b6f70e00381dc98b3c79ef7d7038aaafa9c3,retained
cnews:1424,1424,娱乐,399359ba3f64df8f11a5a053660dd03c48f4856308321a8e6e712cade22b16b8,retained
cnews:1425,1425,娱乐,78b4f42f6515f65d980cd1d017cb381b07a62b7bfe89abd528dddbb356a77e0e,retained
cnews:1426,1426,娱乐,cc5376892a33549f85ee5e5cc340d505458c160ee7cd32f8b2760937506759e1,retained
cnews:1427,1427,娱乐,711639c0d3d4fde520ba7b5976d9b7661bb2aa4f17a237423f3aecf22cbf7a6d,retained
cnews:1428,1428,娱乐,2dafdf8b715d64073ad4b33ff9628b5b9a093743e3e017539edad40003bf1730,retained
cnews:1429,1429,娱乐,55efa2fb98fd782eb00c9c1d8349b0d680f28d4821b08974022b704fc73d1f2a,retained
cnews:1430,1430,娱乐,e52a8041f5c5f9d40d69312b1cd035b41080315c4e79c3d357f89778eae335d6,retained
cnews:1431,1431,娱乐,e1125fa056c77063a8eaba9156e4196217813d855aaefebb5a266d5fa232462a,retained
cnews:1432,1432,娱乐,7cacce491fc421e33b562ff8c7bebe4b69e0faab5a7acbfa383053e624e0e96d,retained
cnews:1433,1433,娱乐,137db0f5ca949534e14af37caf829746ec7e8ad4642d9fc1108e40ce9d760783,retained
cnews:1434,1434,娱乐,5c480c8bb6ca8876794acd388036bc60221eb6397ef2268d1876ece80602f116,retained
cnews:1435,1435,娱乐,f7817cea6264d0a88d6e0a30070cf40f7d396339b8415b97647bdf6fe1548e57,retained
cnews:1436,1436,娱乐,22c366ef1c51350cb6883bb17e95dd16ffd2a86b98d2a979f045333599c89cfa,retained
cnews:1437,1437,娱乐,66cfa970f550bc29a74cb009e4816e40ee1ad1a24aaba1f5fd4485530e44d570,retained
cnews:1438,1438,娱乐,776088192d18be97ec559b7ae6e876ad288701608e4036f1523eb3fd77082e62,retained
cnews:1439,1439,娱乐,0a420ee380212078a16d1e0c296d381d9e58718417f5aec61c456e6f85dcf45f,retained
cnews:1440,1440,娱乐,b70030384a14c468a37d075a4c731cd505eaae2cc5e0cdeddbf06efc2ec7a2f0,retained
cnews:1441,1441,娱乐,e28936bdb7dddf5f36cc31c2da87e328784fc4c03dbf8f854deaa384295e0c5c,retained
cnews:1442,1442,娱乐,8b344373140370492308360ca401be6168c420ae638cd234e162553b15c01122,retained
cnews:1443,1443,娱乐,79b867fefd9e01ea717e44cbc17254ea997ec0611823b8718d04ae36bf4b4cf5,retained
cnews:1444,1444,娱乐,5bbe7760c54a1c8d6262437703a6c5f08c445485d0ce0031cd360f921636dacc,retained
cnews:1445,1445,娱乐,10ed19e6a438f3f89eeaf068979b8d2e5d9d24f23a7f74b3c46e1bf39f1ce5e2,short
cnews:1446,1446,娱乐,4c5f6e0f979b1e302e040bfc55df4cb4b8781927507bae0a246febd4021c2615,retained
cnews:1447,1447,娱乐,bfb0165327de542d2c3d54267c0400d306d97632e18d02460651a51ead725769,retained
cnews:1448,1448,娱乐,312bae93b5eb6068447494b94f3c8cb89f15a6b7199cf76eaed8e155cbdd35c1,retained
cnews:1449,1449,娱乐,9f31b73ec17aecbba42ce4f34aaede48c237aa1bfa5a92ef464b3443b7357195,retained
cnews:1450,1450,娱乐,bbbcef7c86aa0201f28ef8f22fd4e2b2b24546ed55009cf5e8e69339e17ea4cf,retained
cnews:1451,1451,娱乐,9a629bc39db552497322e15fd1159d623d51c97f790348b4b18376a636985c4f,retained
cnews:1452,1452,娱乐,8615cb4206e7576c259b3d0bdaf0e31817e0de699b4c209c00357caac2cbb17b,retained
cnews:1453,1453,娱乐,d1c78c07c0c69327642bf24e66ea99ca7ab4fb7297c4a3f6ae67ee5990daa643,retained
cnews:1454,1454,娱乐,337eb52a47be663fc7fcfb32a6439b821c9aa52829955ae31709979fca77b8a6,retained
cnews:1455,1455,娱乐,6e22a8bfca3acb4dad96cfae7dc72419477052c3017f41110c88265b1a6e84e2,retained
cnews:1456,1456,娱乐,a5a976e7d190635934613f3546128fb8e6de974c49548331324d7e543557c83c,retained
cnews:1457,1457,娱乐,e096c9167e840ee0a4fec050d2ff7844ed6222cda5dfe65f0443ffd3bf862f76,retained
cnews:1458,1458,娱乐,bb6a7c3abc2a520d7ddac1f58be88f73238c5958d93e5511f0a223387d016fcc,retained
cnews:1459,1459,娱乐,713b5484dd026586e3d4b8abc7fc4d030123e5c7fb901cb61718078774a51ac4,retained
cnews:1460,1460,娱乐,c1ba30ee6b84680daf021d73036afb5d86914b0a1e60edbcca9e50c8adb75735,retained
cnews:1461,1461,娱乐,a9ae7ad45c023839aa0f0f009622a6fc716e3923bc602e5e45d6c5786a44c051,retained
cnews:1462,1462,娱乐,3cf8b3d2b8f1b0aef61e06841972f3ac1213fed5a0fccea70e361564117e4e44,retained
cnews:1463,1463,娱乐,0a68d5f3273d592111e6387fa02960a60581d1e83e23701db7a355cc424a2403,retained
cnews:1464,1464,娱乐,f7eaec782d4289bb97fccaaa51d193da58c304713c15917ec1b4bf3988a092e4,retained
cnews:1465,1465,娱乐,0a4b0b44b070f1d44c7bd59ed6ee3bef5b6ab16a23c8d80b36fbe1731d9044ba,retained
cnews:1466,1466,娱乐,98d722dedda222d9d39c018661cdb4be7d3f0ddfd1d54286f1ef85534fe91487,retained
cnews:1467,1467,娱乐,85bb3341eec1e3319c4b9bbb52f07a4f7dad277c48cbbb50bdc98fcc91bef53e,retained
cnews:1468,1468,娱乐,b8322b0f42e68806f41f2223a170db0b1cb582d04b49adfff097a203d582b1ce,retained
cnews:1469,1469,娱乐,56963f3890dc6609549d40f2a9b4937576e83963c6ca974ece7126b2fa8fe0e3,retained
cnews:1470,1470,娱乐,d565891cd8d4505a086443ed181298535504063cb1dad3cd91238d92b562d825,retained
cnews:1471,1471,娱乐,5eaaf5b5b4086b274e73ccd8dca087543a0be8a8cd1c5c138bc4179ed2793a2c,retained
cnews:1472,1472,娱乐,fa704e783f9765f687ac5331ed5df9f05fe9ad19ffe8746309937f8647b7faa8,retained
cnews:1473,1473,娱乐,d2c06ed9084cb207af9bb4e6f6ab65a908b44a610f469810fde12526ec95bc73,retained
cnews:1474,1474,娱乐,710018e22fb4996609d3e4ed914cfbe50319f524978ad498a37f721b5fe04f44,retained
cnews:1475,1475,娱乐,2a9148058ece575d706b5a98d811184e3814d5ea86b9ca35d3c048784f0ee9a3,retained
cnews:1476,1476,娱乐,d847dc1fb96157ad4af1c2c15eaa7615bf9fd90c6bd490be25441a0d145a0da4,retained
cnews:1477,1477,娱乐,d0b6c4ffd95936bd92c915c313768971dc418a0178abcf4351d7811609f0cfc7,retained
cnews:1478,1478,娱乐,5fdd64bd6f08c7971ac7bb4adcd3eaee683eb613734512aa4f817a359c3a8e7b,retained
cnews:1479,1479,娱乐,73f1d965059320ca8d2e7bd12ec8f5a0405d1e79b2beeb684ba2d0b94c379fed,retained
cnews:1480,1480,娱乐,6a1581b642dc180d5e810da781ac0e1b6f1d4be2dcdcea6debcfc8ba08104694,retained
cnews:1481,1481,娱乐,ffa7984a9d0086bc0d3032201e850518964e4cf2b998db277fcda2fc055bcbc6,retained
cnews:1482,1482,娱乐,a7e4a0f96579e57d4a24dbabf576c9b317ac97f4d858c2cc86cb8c0ffbf296b8,retained
cnews:1483,1483,娱乐,9144a1e86e19aeda8c8834e1755232bff349e575b9c8a6df16dfbb1511cf847f,retained
cnews:1484,1484,娱乐,b591ef28443b98acce35e422b2b37bf49ebcbd5c666d4d4bdc5e622e87bc07de,retained
cnews:1485,1485,娱乐,e765c200ed749de744a2badfe6a1046a226bb555e806af453500f5b2592dd76e,retained
cnews:1486,1486,娱乐,7a3712258ed574a4fb847f4f3469f8bf54826151401de7639bab77341c76e06d,retained
cnews:1487,1487,娱乐,c381dc184772a8eccd702d983dbb6d6c0b5d1425e38c3ed0e9e367d0d963a192,retained
cnews:1488,1488,娱乐,7ff933662103e83e4368a31be9b6e3d7dd1a36044979f6303866467cee508f53,retained
cnews:1489,1489,娱乐,ed05fcd03c2522643ec39c890e1401a79f74849217bf9dd23b69a4bb24a5066f,retained
cnews:1490,1490,娱乐,a41e0a5fadc3361742105617481f99354925b25ecd4b722035ec6d496149e175,retained
cnews:1491,1491,娱乐,a26543e4a6df18fdc0aed30a2c07c6dd53a56e72ff8b8f6ee514b00d6aefe243,retained
cnews:1492,1492,娱乐,f599e8b17a86536b785e6f85859ff40c317f4b048166a638ce6a447062f5e672,retained
cnews:1493,1493,娱乐,7cb791aebbe371e2d625926f4a534ead501135453555b48fffc58ad34cdb1657,retained
cnews:1494,1494,娱乐,3c77dbe5afddefaaf6ee692eb05c0d9acc18a7c35ee973d641d6d33117ca848e,retained
cnews:1495,1495,娱乐,f92ae7ac711cc7de3a6c63b6771bb8a2a158ebad1259f3b6410a491442d272c8,retained
cnews:1496,1496,娱乐,097d292a699d8192f430c624a93c52192e266280ea760a4b447ac4d7858813c3,retained
cnews:1497,1497,娱乐,373a245a1e6f08ac5e6fed6066b7fd6c550d43a239fed83670064b6effaa3f0e,retained
cnews:1498,1498,娱乐,9ff4dae1c6537a91e7c13466e0b1220aa4aaec19d9c51ecede9ae8296d93875c,retained
cnews:1499,1499,娱乐,a5193ba88226cae64133cc02fcc767a2fd245d642748f03a814ff56ddf61643f,retained
cnews:1500,1500,娱乐,128e42528f24ece41481424a80a5764ca478e5864f0a563146673d53135bd9b9,retained
cnews:1501,1501,娱乐,f07887f696bba4930a1d9ecee638900d664943daa425ce1cd6e2f86a2ccbdece,retained
cnews:1502,1502,娱乐,4a4b0b8a386921d27e437a62b0273ceacfa1155b7e897e1025cdf1c25bc29349,retained
cnews:1503,1503,娱乐,2db2d616d06a238beab919ccabe4be1f0ee22d85deb51754172a72693e768e75,retained
cnews:1504,1504,娱乐,34cb9f8f7996149a52cb51d92627060baf53854fd32f01cd5abb4954be5d9aa6,retained
cnews:1505,1505,娱乐,d201f2d0d0890b6a62d844165c84a7f536ab3407271738f5ad39e1857670cb86,retained
cnews:1506,1506,娱乐,569db5de47a8d724a629ec2020452f17aaccc9835563a852fde564a303b5a7a2,retained
cnews:1507,1507,娱乐,a0c46ec01104aee248bbd2a76bc41028f0c9143d7635fced394082829edd6c85,retained
cnews:1508,1508,娱乐,c7140b499299ce19ec0a8c2a014c1a9c207896c8d223e80eeee37e5f5d1b50ed,retained
cnews:1509,1509,娱乐,bbbd447966a89f692ed67061ba5238eebf0e805f958937d41ea5a88e854a9ff6,retained
cnews:1510,1510,娱乐,969b25623d8b1053ff36300dd45eb229c8392c0641bb4dbada1c333817f3c0ef,retained
cnews:1511,1511,娱乐,13ebbfd54a26e193e1377da1c950142927d9cce44d8259e966b910000506bad2,retained
cnews:1512,1512,娱乐,35d28119eab667a126753d0bd0b9478e00ac1702ae3abe3ab5afdcf918a0a8c1,retained
cnews:1513,1513,娱乐,4e8a4b003a6bb1d7d7c9d2f492884d818ac0a14a5f040b43c9c9942decd23722,retained
cnews:1514,1514,娱乐,4d10c4086fd6c0d154437f12f807b423d5e53ca956737b0fc41dba9a788b2261,retained
cnews:1515,1515,娱乐,b8e18f93560344456ee5ff1cf972309c76c24b095f82fb733e9050e3b9cf9259,retained
cnews:1516,1516,娱乐,0deb01dec510cc9e5194e0f639061cda8be65c7da61f2e99d9c5224130b10b2c,retained
cnews:1517,1517,娱乐,a30e13484305c1df50c0aede4ec345ac7cad4a53ab59c13b38319bd420e7199e,retained
cnews:1518,1518,娱乐,1b0d508102aec54ac3d5154f960835c90af868cb63efe61b2c72a1cd9954f46d,retained
cnews:1519,1519,娱乐,88ec4c8ebd804edc75d6d800c227cbca07d223e4f8dad2ab8f8dcac91f82ba6c,retained
cnews:1520,1520,娱乐,816cccd9480ff7ac7faa93bcbd88b12dcee2b5889fdce71fa5b5ad972d912be6,retained
cnews:1521,1521,娱乐,064563880614ad51f7f68f1a389660f0e9fa5881c09aec1ef31088ac707d5e16,retained
cnews:1522,1522,娱乐,fc00523ef0402722b51401ae6a514d2950851f6feb7630232102488fd4196a00,retained
cnews:1523,1523,娱乐,0c14575c6e41298d50fd810a599a3a482bedfc258e480faab7e842418dbc97ac,retained
cnews:1524,1524,娱乐,7d090dda83274879a1ca68f1245e9977077edd772a3a7b6a6179f6ff36fff6c4,retained
cnews:1525,1525,娱乐,4a771a638441a38e588629a406690a2295fd79c311ba41e3b908e21d6a945b51,retained
cnews:1526,1526,娱乐,a7bc33db19b9f1450c59ee0d1a19abb7191015030f37103339f94ef0f4157935,retained
cnews:1527,1527,娱乐,1024f760509b51ec74566ed3f2d75d37de3c7929c55183b8ba86a835248d314f,retained
cnews:1528,1528,娱乐,44c2db2a4734467488c6255a4b2dc1fc556df89eb347e548cc72cdcab80c8c7e,retained
cnews:1529,1529,娱乐,79adc393d7e57370ec14f555b3ea8e3cb924651336f13e2ae1b7ff6aedf77130,retained
cnews:1530,1530,娱乐,a77798bc6720ff0570811af68cc20de13c55b3859319f33e2d16f3285180a487,retained
cnews:1531,1531,娱乐,4c0548204ff0a60e039c086759818c24424f37c26a99760bd6f1df9a6482094d,retained
cnews:1532,1532,娱乐,ca234a38c2d32c36b7475cc1b01f17ce7e39ea4bd9852f1fc9a06cf023c1278c,retained
cnews:1533,1533,娱乐,c2298cc16f1e3c3dea08b43dcea92895f40f95f0dd8d9b21e4d582e5b121220e,retained
cnews:1534,1534,娱乐,4dbfb9fe35a7f601b663ce6781d60a7e18272573da9dc365c6c93560596c36c4,retained
cnews:1535,1535,娱乐,daadb2ded390b6f53fdd925ffd8bf51781fa32ac61efd2f58c46e9f9a259f2d0,retained
cnews:1536,1536,娱乐,0d0f1cf2298bd05597bab34aa5ea1108af9ce2588bb0df2faa88419663cfcd7e,retained
cnews:1537,1537,娱乐,2f6ddcf5cdfa197d39d10d1ef044c4c240d08ce97e7dfb44f57fc64ee1128524,retained
cnews:1538,1538,娱乐,6a17ebe021e70184563cb4ef482db6288d34bf428aee1d83e08bee8731f1416c,retained
cnews:1539,1539,娱乐,33eb61216e0f838e72995fd1d04e947f2b57a4f20f4da18493a2267ad5586c26,retained
cnews:1540,1540,娱乐,0056ddf7df451a847afa8e6baaa02a9587969eed66ee08db03ffcbb012bd1cdf,retained
cnews:1541,1541,娱乐,57d44913420147640ae0224a034f2a4197c8fcd5a773630cb4f3567ac7da21d1,retained
cnews:1542,1542,娱乐,dada8508deb3f21da1dae80da30dbb3cdb08fca2bdde7d21affe997d01984ec4,retained
cnews:1543,1543,娱乐,7a234678c363a9ea1d23417343ab8df63eb758b7512b82e07a5833d90cae7dc5,retained
cnews:1544,1544,娱乐,3ef3d96c2797c445d3fafd9bcc29812c23e0ab779755bd03dc5271d53e784493,retained
cnews:1545,1545,娱乐,41f92cb10bc1cb802d885d4f3f27244da9c2d553b4079538881ec766dbbe1dfc,retained
cnews:1546,1546,娱乐,dc053cf004e1047518e428c72f2a8ef7ddef2cb5e1351f29650d08502637d6b8,retained
cnews:1547,1547,娱乐,20a17f2cf4ec630c721604a277a80d87288bc0052b116944ec9fe4fe0f299950,retained
cnews:1548,1548,娱乐,f531c9e94822e56816c9111503ba1ab0b8889b0028f8b6943151fd9a7a9bbb6c,retained
cnews:1549,1549,娱乐,99fdbed8e3630efd2c9be07760cf0868e717444f0a5e80a9938344ca51ba97d6,retained
cnews:1550,1550,娱乐,ccb8a19324885e89f4069756f4d65454b7bcef4960fb9ec14d68e0aea88c7850,retained
cnews:1551,1551,娱乐,d410c8aaece5ad7462be2ce74f3f80ae9f7ff2ede95145a43b422a4be53ace21,retained
cnews:1552,1552,娱乐,e2f6f69daf747bf9d7b71629bf0f6ef40ac76b4446666fec9824614b4d1f9e2a,retained
cnews:1553,1553,娱乐,3070f695e4beecb7264b2366b26490a2a3f32232c67efbf94e344d50a91ee01a,retained
cnews:1554,1554,娱乐,c7f80c46772d553e800947020300b550ca91d9ae35ed7a9f4b9989dca0c87a4d,retained
cnews:1555,1555,娱乐,df104f4e51b0cd1556d4c2860e62189955f06734d4a988188d353c677a632fc9,retained
cnews:1556,1556,娱乐,acf73851f9535fe3fccb394708c0237fcb567127be73bb291b323fc4cdde95e6,retained
cnews:1557,1557,娱乐,0575b88c2171cddffa10643d8460a0edaf0bca5bc686306b510e5f378c57370d,retained
cnews:1558,1558,娱乐,402e1f92b8b773a569f8eb60e7142080f2aaff0173cc68650144134aa4c92da0,retained
cnews:1559,1559,娱乐,1d3a9189c03b9ba6290e86c55e742b6250ad4ad6c6b6542af10b15fd3e3535dc,retained
cnews:1560,1560,娱乐,cad268db0c2a727f5d264a97f99422d7469f37bce12ec1406c0e81d76811c3d4,retained
cnews:1561,1561,娱乐,958c2b72304d9059d515a93398f31403b2fa238bf18b8925c46b161a50a00684,retained
cnews:1562,1562,娱乐,bd801813ce0b2b06a11656733439ecd0a0dd2bdebf39fb4a5a373c922abac80d,retained
cnews:1563,1563,娱乐,0d36feb8057c34d8c5e135099b45a9b3fff071237e1ea7f5537e60b14fce67ee,retained
cnews:1564,1564,娱乐,5c8c320b6db131fec770303511e32ad14516dd50a57dbf44e4226b70fb5af0de,retained
cnews:1565,1565,娱乐,650d283ba6e80e4b79f5134cce2ef26106d859559caa95dc71c47e27e2a9be2d,retained
cnews:1566,1566,娱乐,a870c3bcb554d0284e965d99b0f95f6f37af36308f9afa5123ecc13f6358d70f,retained
cnews:1567,1567,娱乐,44e814dd31e127c2807b4a932e2deab2edeadfc6fb2bfefc50473d5a44013a5a,retained
cnews:1568,1568,娱乐,4d73958f3d77526d1e0758723d651f64249cb4470a6c709bd956d6cc9e678f82,retained
cnews:1569,1569,娱乐,adec90d3a2105f8834d17f292f6c57c1d65e6f98b037ccc9c144479b0a9151d6,retained
cnews:1570,1570,娱乐,98b6ba8bc8e0fdbf518f48e9a88d3db02b7a8aa6fe9d8d5d39a1a91c994bf996,retained
cnews:1571,1571,娱乐,c483df696e99fca08c240e2fc8a344964e9e563d7021b6a69e24cc705b2ed20e,retained
cnews:1572,1572,娱乐,5a6193d70c13b661f05192f04f178b21f52e3121583cffbd62cafffb4cdbe606,retained
cnews:1573,1573,娱乐,1af4dc721eaa4f8b5be3a2a9383698498c2ef44d13599375ca4f5ba49c7d57f7,retained
cnews:1574,1574,娱乐,e54c2ee4555c8f89d03491a6d13247cc6b819a363f7178bc78c6c8233b00b11c,retained
cnews:1575,1575,娱乐,16a0c1c92c1aacf941ed2f47567529c3dd44fcf398eb5fdd6c4b3a8f7a70a6bd,retained
cnews:1576,1576,娱乐,74228e760aea97fa2cfd4e25aa15f5c248a1655b09377c898dcf51cb6e22778b,retained
cnews:1577,1577,娱乐,d8d00f636457498fe361ff88a846d15e232ec20626917b965b076dbba1a41909,retained
cnews:1578,1578,娱乐,b9f29fd0ea9c8d503334ec9c0bb98ffdaaf128beaac916b4cf1ae4e520362560,retained
cnews:1579,1579,娱乐,d761e59e94c9cc83a40aecf9996c74694b098dce9d2ee89119ce1262a6029c8c,retained
cnews:1580,1580,娱乐,a096b76e60dfdb9ab77c885c7661ca9784c6cfe026892d06573f74d84724157b,retained
cnews:1581,1581,娱乐,131280c988f8eb9347495b5a30130fed91672f10aac89ee59701fec8f2fb46bd,retained
cnews:1582,1582,娱乐,b9f4f9d48809a7abba884bfe8279dd18914a45c12faa22a18df117b1e8586abc,retained
cnews:1583,1583,娱乐,e7f715fc96eeb1ead97e154f817d3d92dfeb76618243fae3dfc643101f2af354,retained
cnews:1584,1584,娱乐,0eb52f8fc369c6afbff5a9f678db82f3b8f548523d8efba72a1f57439ea6a13e,retained
cnews:1585,1585,娱乐,def848c6186f98b574a60db262abf5bb6334dc2606e726e6e7db39d0f1a36944,retained
cnews:1586,1586,娱乐,3c94a2a2b6f5e984d67a2ffea92f26a72b1fc218b05135f530ede9f9a77069b0,retained
cnews:1587,1587,娱乐,ebf0dbee21457f99608085d3513207d2479e6d2768a9c9600daede3c8f13bb4c,retained
cnews:1588,1588,娱乐,679e35ea29b29ee11d9202834a0bcb3155a521df1c87e5a6bcaadc14eac7b9a6,retained
cnews:1589,1589,娱乐,b065d7f003ff93ef31983759f546274dde90b0d86ea0eff04422faae01e8ba1e,retained
cnews:1590,1590,娱乐,7fe71e9cd6d85edead4fae9ae47bf49ae73715ad680601ee29258b91a713f67a,retained
cnews:1591,1591,娱乐,1a1c2143bbdb1cef92d6fe32888a2b7fae7827cf2f1e2116847b6e816fd392c9,retained
cnews:1592,1592,娱乐,c430512def622e46c653016214fb455f2b6ef70ae6ab3623daa0fa643797a0dc,retained
cnews:1593,1593,娱乐,db777c639b8705b306e9e00627dbc32458a149fd92ff69e64a86547346f1a890,retained
cnews:1594,1594,娱乐,6ad98728f55a40b92497085dc922c5095eb1e1bfc573d271ce98b31f7bbfef43,retained
cnews:1595,1595,娱乐,2f17230ff09348b30972e4d052fc1aadb97a7726fb7bafbd5daf7f82452cb58b,retained
cnews:1596,1596,娱乐,2650375a1d6738bb873a047659eeced16d8a17238af05588e255249f78c46888,retained
cnews:1597,1597,娱乐,a732607a2de24740185c820951c8e57271bce3499f880c73d2f091d81c3f67ed,retained
cnews:1598,1598,娱乐,1454cd61589da6b7545aa95c21a7e030c1d6ff96430ad8eb31399aafb46312b9,retained
cnews:1599,1599,娱乐,e8e1a127c79b6ebaee62d568fba39a35feb61b9d9999c38b99e10117385deaca,retained
cnews:1600,1600,娱乐,79de7343f745ecbe7010c4276a4565dc450bc6a9d0bf0ebee5241d98f5ce7dea,retained
cnews:1601,1601,娱乐,c1000ab19aaad2a4b6540faf0f5ee7afdc7412b62b28ca21ec7c4fab5d90efc2,retained
cnews:1602,1602,娱乐,fd4c3e6c2a48e95aae4b52589fd273ec2a51724a4392e136faf09544bd8efd1c,retained
cnews:1603,1603,娱乐,18509202830a94e4d8793b5f0999282dd71b1814f406b3bd9f8427ae04dd4c21,retained
cnews:1604,1604,娱乐,2693af246661328922c2912a81c83d2871b75e2a77ec25b3f371be1525e9e503,retained
cnews:1605,1605,娱乐,4435712601bfbf8ae7a0bc44a53d5d4e16430e6b4d100ce4c4d45e1aaa5f2e95,retained
cnews:1606,1606,娱乐,ef8af35690350cbd440c2771e06c772bfd251ae932784feab36dc928897a6dde,retained
cnews:1607,1607,娱乐,32d648b9d59a0af64a3d1be78d87e03b15dad41564670341e04703f33983d2c8,retained
cnews:1608,1608,娱乐,5c6c2bf75c651cd371ce8b476a181d762b2f2295d4b7fb58ef9cd56ad039c4b5,retained
cnews:1609,1609,娱乐,e757d0f28e624c5f4cc340ae2805ca6f85bed0643c749f8f20af139c0febdb28,retained
cnews:1610,1610,娱乐,7e91a1d9d80ee039dfc68bf9e3757c1cf28d0695c0eaae1b03eb061fe2e07668,retained
cnews:1611,1611,娱乐,cd61494f67fd44bb74194eab842845f588e8b2b3f6f81c12ee996688bc46e27e,retained
cnews:1612,1612,娱乐,b5616c67a629f2c5f39d143e1c3da23c8760a280113e152d2a993e91e4f5bd56,retained
cnews:1613,1613,娱乐,5bdb0ab70d40f908308b99ce7002f2b0b5f0cb5a61735939d422367a8f150e21,retained
cnews:1614,1614,娱乐,4a5f127493063a828f3f33c11d39fdf1f0d73bf1a10f62c40fc2313254a779c4,retained
cnews:1615,1615,娱乐,23d7f79516d8ef5318ffd23f5dfad2257ccacb972954f8ebadb5750fc48fe597,retained
cnews:1616,1616,娱乐,254220accc0f89dcb62ca2f0342190e4d8e9e81e5730954f7c39f007687c79ff,retained
cnews:1617,1617,娱乐,eb0b8f1f2f2cef6dee3ac73365c4f6ed9594665445f8b3d6d0619af82fec350f,retained
cnews:1618,1618,娱乐,b700d3e11835e8695b386dfe266ea2cd612fe1bbcbf888a0db223a4bcfb0ee14,retained
cnews:1619,1619,娱乐,2b1ce8df490c6226f363748f080b8cbd00585152ef60abbceee055f9124471b3,short
cnews:1620,1620,娱乐,ea8f9ad739ddc5e9b51b8d2eabc14a03d3d64ec8c7f143f2f2b1246f07f0b18b,retained
cnews:1621,1621,娱乐,7d4a9938ac98a78ea485c08b4c5f4718e54b695ad975e3d54acca7e9175c497f,retained
cnews:1622,1622,娱乐,f812c3695f4eebb2d16eae30fdb0077126758928c3ed63087eb00015f1b7237d,retained
cnews:1623,1623,娱乐,3240ca98ef02f26421b79cfaaa656a9c34d131360c85f0837cf62f0d0f72bc55,retained
cnews:1624,1624,娱乐,7f96bbd74af6fd8cdd572d3f4b6b1f2f7ea2b0d89185eab0a84e32d971dd4479,retained
cnews:1625,1625,娱乐,fd386db730f82c41bf812ebb8bcd1e0d48059694de232d3fa8acbfb5e65cc14d,retained
cnews:1626,1626,娱乐,97a35e3357399b00c928eba345627d16786f39fa8c32adb46e91ccb7bc371879,retained
cnews:1627,1627,娱乐,91d95fd5574f7c56bddcd946fb9c391de4691dd7e6792320886cfe852cc4fc20,retained
cnews:1628,1628,娱乐,082800d6e94828f385671b5c8c14e066da0fbff0544da7ad8463eacb2e7fafca,retained
cnews:1629,1629,娱乐,66ba9bfb824625eeea722aa1c0981bcba2292a79230034e231d99db2dd7aa5de,retained
cnews:1630,1630,娱乐,bc58f04e28f15a720b2a4453b9691f043f4f0e3342ebc3dcc2902778424a4c4c,retained
cnews:1631,1631,娱乐,fbf7e41f824c1b865013685c6787920513a2ba42f5fd5c0ee086cbc7174991e0,retained
cnews:1632,1632,娱乐,86e19bd0bbcf79e3c636c06149134878ea694556bd56ca2b726f780774acd8cb,retained
cnews:1633,1633,娱乐,f09ffdaadf4b27e4646b28a3d1f5ca53b860662aaca30da5323d2ad8d27a5e0f,retained
cnews:1634,1634,娱乐,badb0ff88667a0a2282586ef29c2911c4106375a698c82000db500dfcbf7fd5f,retained
cnews:1635,1635,娱乐,89c082415068f702f3bc031733916fcbd551fabf2e866be96975b76459dfaef0,retained
cnews:1636,1636,娱乐,8f226f4a46a63af01c2f0a97625b119081f574ea12356efb7c96489610666f71,retained
cnews:1637,1637,娱乐,7b1d65e50b74cc7885909400622476e33095db1af558368ae898b24a8bde0856,retained
cnews:1638,1638,娱乐,3dbf8774f091291867d63b8237744421db6b5a2851cd265abb5e7086c88c8475,retained
cnews:1639,1639,娱乐,a6845bfb7f6d5f753b77789c92589d974463fcd6530320d31e7aac4ebdedee15,retained
cnews:1640,1640,娱乐,cd5e1e5bc16ef9e080bb14984663cd8706abae8602816acdb176f13821e65945,retained
cnews:1641,1641,娱乐,8d29a6251cdfe25b83fe1d36f1333daa23b16162b8c0a990ac78b909e62a494c,retained
cnews:1642,1642,娱乐,47c7dda32116aff7516b1156b3af8c8bb9903487fde2a632b87dae342f645b8e,retained
cnews:1643,1643,娱乐,53e37735463d633f389c174ba0dea4785911764b5a9d5591a02d3bdcb7bbe764,retained
cnews:1644,1644,娱乐,ea3f3b4332ef0665a46e5a328151034f6be07c50dfb7ff8877f2389b196c0656,retained
cnews:1645,1645,娱乐,f48d9345d1306d3a1e119994a4f85eb26cbb6a71808f174c0d4a8d732b382cd1,retained
cnews:1646,1646,娱乐,aed9ae35f52c1a4ff7fe3b2f30cb45e872f86380618632012b31adaf0089285e,retained
cnews:1647,1647,娱乐,bfa12340acd727a4492e85da51cbf6c2437cfb9a568cdbdf9b42549ab92c68ce,retained
cnews:1648,1648,娱乐,04074a4e0ea2930ac299a853c63f118c798ee82f998926e1e4bfa8e7ba2502cb,retained
cnews:1649,1649,娱乐,4996018ce571eebae89e5cef3a709a64e3b0f148b165797f6fa6de5ac8d1b1f8,retained
cnews:1650,1650,娱乐,b520f0a9e82582d724129517df4f154b6716a06fc361fbe5837cd3f0f98e78bf,retained
cnews:1651,1651,娱乐,c958603d263223aa42f4a00edd04974827e46c941d8742974e55b8d1f39452f7,retained
cnews:1652,1652,娱乐,6e7e3fc8e1548e37df433458bee0e196e175e28f1eb1c748835e380e36c21ff3,short
cnews:1653,1653,娱乐,3be640f5fc1db85c97dbfbbc6fcdcd9321fa2e4550cdf21094348c9d92c53a75,retained
cnews:1654,1654,娱乐,ca747109be8f227f00082f6a33978f32ab76f86d79694dd8a2c9f299e5cb6f3d,retained
cnews:1655,1655,娱乐,8fb3c57928f0e95c31a11c203f93427a9923585bf87a7a3c0cd1e9c41d172e7f,retained
cnews:1656,1656,娱乐,12bcbfb2fb1fabc2cfdb8c4a3dd02ea780b5effafc5f56d3186860383471fb72,retained
cnews:1657,1657,娱乐,fcb657863f26b5a59e1a35497bf856d404d509d30b8f9de95e02985bb1ff9477,retained
cnews:1658,1658,娱乐,ce17160112e41b0088765f9142fdcde3c13bda8669d7476f6dd67f1692f78a01,retained
cnews:1659,1659,娱乐,f54dea3aa1f8ec98f0ec89cff9dcc167a5afcfd74abb1d1ee0a9d86fc8908b00,retained
cnews:1660,1660,娱乐,bcf274acd1c99ec9e51d063276ef543f55de7a78d8035daa50631a67649b851d,retained
cnews:1661,1661,娱乐,7c6894ea50e2c877ba7c6711a419084b953f7d3ed6ef92ddeb234ed7b361681c,retained
cnews:1662,1662,娱乐,bc028f92582873571fed58b5a49da4abff07ac9159ee096835de8eed4feedb17,retained
cnews:1663,1663,娱乐,5237af254dde08a0afa9dcfd2b4d065ee300e64ba30d75bc7a2aa1be298cb94f,retained
cnews:1664,1664,娱乐,db84ef45930474ad509cc2a9f27f76098dc87f5bb10c6ab2ea392a2c23719b78,retained
cnews:1665,1665,娱乐,a313688dfbb615d47483808b394b08f8e2f79e20f0318a871e8a34e635546716,retained
cnews:1666,1666,娱乐,7df8a37370880d286cac3731e0c6a4af5ebcbc7e62e5de335f5d13016b4c8250,retained
cnews:1667,1667,娱乐,2591dd53d2d248da211cb7a2a0851a0f7f5c9e68ea5fc7ec240792e59e88f688,retained
cnews:1668,1668,娱乐,fb069a6254f409c6c317848af524262a0df40ed550698039002fe22a5468ebf6,retained
cnews:1669,1669,娱乐,09c1a58f3fc90325a582f8df25dc3a2a679818b472b3a006b399291463f8521f,retained
cnews:1670,1670,娱乐,45b27760ef3ffcfb5db44dffd7e402f11ed76cf86d712ef23572e89a6101bdeb,short
cnews:1671,1671,娱乐,38b3da85f82453abd0bd69acd5142956819f942f59dfcd3210c1fe555e8c0c8c,retained
cnews:1672,1672,娱乐,14537264cc7c04f0c5c0b7e86f4de2bf76183aca3aef2132e0f76638168c23dd,retained
cnews:1673,1673,娱乐,db5ccb351b869df2e3921c543f9e2d717de0e0f8701ce8e7050ef7a7218a26d1,retained
cnews:1674,1674,娱乐,ea720d4c06a81931130c95a0ff691424905d3ce0272acf213dea4aa63344f0f6,retained
cnews:1675,1675,娱乐,961a0a8102642bef9085a0afa5d932828a49531e8bd649d21f889bf5f8e239ba,retained
cnews:1676,1676,娱乐,5cf536d3fed7b6d5db1761bed56bc6036bac130285a0932bae72a6121ab88aeb,retained
cnews:1677,1677,娱乐,b904e10cdeaf5d3f7ce8e86132f53d4933dcc3a9715be237fca4fe1490bed25d,retained
cnews:1678,1678,娱乐,a7c5e604091024aa327d1bf5dd77ce038b711d1f1d0390f78b9ad50a83deae02,retained
cnews:1679,1679,娱乐,2eddf4238d87c5b6ded46879a5f10e4958d11f8b1b086ed4318cbd6105b7b1df,retained
cnews:1680,1680,娱乐,632b4a8eca99977329db7241e705fe7fb379e763100a2e7ec4fb0b3e31a8f24b,retained
cnews:1681,1681,娱乐,f2e3403d4de09042d136f88c3dbc8c0c0aeb8b4a6c857eeff97fed99a7ff01b5,retained
cnews:1682,1682,娱乐,bfcb53db8f2d3db6e796ad3e6147cb5f515202d73b5b2da144e15b7799c70a5d,retained
cnews:1683,1683,娱乐,1d715da652e98f2c9cbd014c4ef6be75a6f86724606811b732350c210de62303,retained
cnews:1684,1684,娱乐,c20f46bf986c9dd0b473189d739a3bd3918b98638c47a94cd1a61611dd7382ea,retained
cnews:1685,1685,娱乐,2eb878da7a50faa5dd07b3ec590e419e16e11a03deb7654eadb56b0e869df98e,retained
cnews:1686,1686,娱乐,c61b12871934449c4ff950af55a15ec2e87a3c69e824fd02a61db38a12590651,retained
cnews:1687,1687,娱乐,7a23c9dd2d1c0109582cf59dbd7b1c282a30b00fe6f2a23e7fa8e1265a071f16,retained
cnews:1688,1688,娱乐,e1e411976ddaf9a0bc9540104535cfd90848fd12c3a3a0ad487007228e484d7b,retained
cnews:1689,1689,娱乐,2cb09ebaf25e6dd359635acb0af763bdbc484a0251b55160e93c163fb38fea83,retained
cnews:1690,1690,娱乐,86332abed246a75446b401085c51835192446cb4b6dfe63498cb20b24df6af3d,retained
cnews:1691,1691,娱乐,e27ba5f1cf14d9f3906bdbc45a9dfb392dea9e67f3dffb07d1951d2dacb3360d,retained
cnews:1692,1692,娱乐,6a5309b466e9f80aeea7649e003765a3107581d95c18ec1c5adbf9ba838833ef,retained
cnews:1693,1693,娱乐,3b91bf7db21f8874e3571dda4b2a052fbf888163f0aa08d331148e93417198d5,retained
cnews:1694,1694,娱乐,e112557ad192f06f18c9643023ab1a4d58950a1df0c15e11f902524b56993647,retained
cnews:1695,1695,娱乐,d424920938cbba9ac8d8219f48108120dd81df419cb2051d71366e4d0de2c5e3,retained
cnews:1696,1696,娱乐,a39ba98f055566324fc9e79feddfda47653b2338962015a967eb985c4dede778,retained
cnews:1697,1697,娱乐,ecb6ad6c17868d996b6157e0edef92a4721db4599443b45d5f195862e1a63f5b,retained
cnews:1698,1698,娱乐,ec6e2b617225e0fd56de14932762c254832f01bd673995fc944dca0eb23750c1,retained
cnews:1699,1699,娱乐,48d269eb234e510dda337cf9003afe813aa923d9d5184e2ac41212cf10b3cda2,retained
cnews:1700,1700,娱乐,73b81cc3317f200f2b9f002ec4b941672331a81bf90ca550b823708bd956e106,retained
cnews:1701,1701,娱乐,42993886c8703ca1956cd0f85684a170ac9f4cc4aaea9439717dd5aa7ccbe950,retained
cnews:1702,1702,娱乐,ab685533936bb07d73fbc307b7cee1b9daa698acb11b70597f91c039425c0e6c,retained
cnews:1703,1703,娱乐,ea4f510cf4e2b6aaaa624f8b5998695347fe85384b95408c469ee7079b11c0db,retained
cnews:1704,1704,娱乐,33289a9ecec714369e48c3cc38a2a8bcb9807ce5ded5ab51e166c2e813b6a93b,retained
cnews:1705,1705,娱乐,a2b0cc3883fe32091c79290d9f10dc9cad43b91922a69f7c2e66538d98658608,retained
cnews:1706,1706,娱乐,bdeca597b41c3f81a8fd84d072e1a2c538311a39a175ae3414123999c9bca245,retained
cnews:1707,1707,娱乐,b6618afed7f5869fb4fc6833b83874dd6de8e09ba0a2d64af6aca465c6b9ad17,retained
cnews:1708,1708,娱乐,d85dff82070ef22ab041bbfb962840c8361896cb67ad2bf3bdba88a4ae3baed1,retained
cnews:1709,1709,娱乐,04239eddaa12f890146f9ce3869263253977d84f2b86e3d7c5c83227c8d6db89,retained
cnews:1710,1710,娱乐,9c0f06f99dc67cffa62d9d3a280431bed962b32e7d3d073adc089107bf4c52af,retained
cnews:1711,1711,娱乐,17a5e17afae4e574ee4fb1c523e8a8f2608c3900ef6819e382b01050d47967b4,retained
cnews:1712,1712,娱乐,a1c0c821581e716852ec157f7e70f25f3de7a0568c297988b612573d9b934ad5,retained
cnews:1713,1713,娱乐,d19e9aea3f53639ace51ae4d96c3c81f6b173d4180fc4edda2a08f0cf9344fe1,retained
cnews:1714,1714,娱乐,4de83c1b5ef858611d1cc78b4ef0642e9ba69b3bdcb2afc7913f7c5ab5b50e4f,retained
cnews:1715,1715,娱乐,f687443fc41fd37c185762015db2d0c63d66ffd269859771cf35d30c12dba38e,retained
cnews:1716,1716,娱乐,df45d55a40c2cb243aca462c557d0600f4e7e15be0a3c1531cc1ce3b87f87601,retained
cnews:1717,1717,娱乐,c739b3bc375bb6f93d13a37e70f7a7933461b76a0e2b50910e4cbc25b495b7ac,retained
cnews:1718,1718,娱乐,99f84262c435e24516bf436ce39f4b474eaf103a98ca044e3b2be675c8e508aa,retained
cnews:1719,1719,娱乐,26b9bd918ce8a99d96dc5eeb44d5a9335efa62bbe4052a4b02cacf4675c595d0,retained
cnews:1720,1720,娱乐,c2c295038d6ad0e1d645ef269aef21d239a344396984ad0df622f9fbf7d1bf1d,retained
cnews:1721,1721,娱乐,6c1786d69dd0f649ea514b0b0fd4df6cc1c0f1e3f7acedd4fe58b9a9ace0b26b,retained
cnews:1722,1722,娱乐,34da252924ceca4e927e82497ef03948906bf77f434913d37d8b8340b97b05cf,retained
cnews:1723,1723,娱乐,63765ccf0d6bb561f5b14ae571a6e536c931419b09f0f7b671008f75278498de,retained
cnews:1724,1724,娱乐,2a8af5ef44d4c0178a5349b5e1a0434e4249fbaada47dcd42742012b7a687dc8,retained
cnews:1725,1725,娱乐,50f9cb94c172de3954acca24d7a7cdcac1d40ae05e79d0da628b0b29379e815e,retained
cnews:1726,1726,娱乐,feada9a6b48deee1ef2048ff59ab6fb58ecc2068693b3d49d4e869bb73088a39,retained
cnews:1727,1727,娱乐,d65c339239a2eb5e721b5312b62c9d9b6e7b76900386080da9a12d6d1da5237e,retained
cnews:1728,1728,娱乐,fbe73c5fe4098998d2d055e6ae02e60b51e38f2eb444b4ade225d805c160caa4,retained
cnews:1729,1729,娱乐,81dd4ca331b881a62304d6d1da15a4ee01bec1a46c4645d71e1fdf68c1dfdd1e,retained
cnews:1730,1730,娱乐,bb0cfa3928475953eb8e704e80153f271f28a06f26db14c342e6a541b189b3e5,retained
cnews:1731,1731,娱乐,f03d50b6bbe30d7f636d865aee5be27fa38aaf0f17b39f3a9485132aaa9b916d,retained
cnews:1732,1732,娱乐,892a2380cdccd91094becd71f9f978c060ef8a5e3249c2954861841d89f8f52f,retained
cnews:1733,1733,娱乐,ca92f1ab05a3363d8b751275c12468fcd54cd3e592a7d0496c2eb13f5081fd62,retained
cnews:1734,1734,娱乐,05535f7aefb64174c5890f9547613ea0664c9cc7a828b9fcd1e70ae42afd05ef,retained
cnews:1735,1735,娱乐,fd50387fd293baf56d74bd9fc8869e9e9528e9c2b6d7af314e6aae70fab3c9ed,retained
cnews:1736,1736,娱乐,adbe06ecddfcb6e76c06a372086dcaa7849bd51754f2f7e19ac39343ea92a6df,retained
cnews:1737,1737,娱乐,fae848f926c99de7ac300b41305abcc1522eba1ed0eec091e4c84dd7dfb7424f,retained
cnews:1738,1738,娱乐,8bda3b20cbea3921d057bf19282bae639449888b2e80531297b4e0cb9dbc574b,retained
cnews:1739,1739,娱乐,6473a6cf4d4127ea5304a564d1cecb59e9a4310be3fcc3831696c8f80903dd1f,retained
cnews:1740,1740,娱乐,247de93b688cc8ed78a81282cdd6e0101c19af32f3cf1077c792f8692823fb46,retained
cnews:1741,1741,娱乐,de4c1e04aae56118231b6f190e47e9347b6621938f6bd7c45933b2bc774a71bb,retained
cnews:1742,1742,娱乐,656e48814a884a7ca93f6a72cd1e5fe7c3a97b9cfbd538aef68d5065a0f489af,retained
cnews:1743,1743,娱乐,aac733a2287253f08c96533b15d96cb758aaddc74860f9b9e87a6f9b3a3f25d1,retained
cnews:1744,1744,娱乐,fad4712db0967ada8bd3de50a9d8a0a58d99818c57b22bacce1f89cb6255ee38,retained
cnews:1745,1745,娱乐,77d061ae4007b44a9f4ff6d15410bafff9aed2cd9161c6a16fd81456771d210c,retained
cnews:1746,1746,娱乐,e99c210b1fe131eb0b722219e33728f5bac5be4cc1f83ea03d2da263ca175771,retained
cnews:1747,1747,娱乐,8dc57d2663ffcfed0e49164ae50b9c7f3c5cd9927bbb5fbe6409c85220270528,retained
cnews:1748,1748,娱乐,7ca4521a17ad11d84de301fbc7b9f9a4dbf8526ec1df4bf03dcdebbc01c07a78,retained
cnews:1749,1749,娱乐,f235f5fc41435da06f0acf6a5e6055c4dacf4f5f75f6e602bf807e94f485660b,retained
cnews:1750,1750,娱乐,e336f4644ae4d7629636c70c4a522811db7931e73a1a7581c05280c744ca9525,retained
cnews:1751,1751,娱乐,01d99807adfad9bae92830f1473e9a0dad9d4d7e53d65d049f0e2ca6ae314605,retained
cnews:1752,1752,娱乐,fd3d90b7bcdafc616f291350a35f32052549506c787968ee1885703a06daaf24,retained
cnews:1753,1753,娱乐,428962d28bcb648dd208ff487a3d5625d210a00dfb199dbdf477099a0b2370fc,retained
cnews:1754,1754,娱乐,3c6fde7bc67e0b61e149df76c076b258a4488dc544057da7c425cf124c18105b,retained
cnews:1755,1755,娱乐,8535d821f264bb869c4840a6384b436a31eff35e0932d7d9c7660b913ee36c68,retained
cnews:1756,1756,娱乐,7ce7c1ba026a9112f52ecf369bff4c5be6363c81c37105032c0492b1ae745c51,retained
cnews:1757,1757,娱乐,f51c1d709f95815aa024b736dba1880bd3f6ca757c3f9bed51c8c3b9d5114cf6,retained
cnews:1758,1758,娱乐,2f0734a8ca9979e88ca18c32021366dfd15a7148066401768117754359409d00,retained
cnews:1759,1759,娱乐,950f0707257aedc377d4069585ba7eb030850506379b42a285c0d0a0190a05c4,retained
cnews:1760,1760,娱乐,eca85cce23feaa3f5f2429731e9544d39d5d8d3c8ef25ad7b8a2909f4a3fea6e,retained
cnews:1761,1761,娱乐,87c2a494c42299b9487d7ccc529012625630ed6314b3fb73c5bc90ff14a220f6,retained
cnews:1762,1762,娱乐,84639aac7c7536eacfcd82ec286c930586ebe96e96809fcf37c4e67ba6abc048,retained
cnews:1763,1763,娱乐,27633f8c9962329e8f6e28396d9db291e08e9652be4b54497d854b661e9a71bf,retained
cnews:1764,1764,娱乐,c9eeed88c441c2ba367fa7982d5fc394c45a370ace25af500155de9142ccff56,retained
cnews:1765,1765,娱乐,2e373717ecafa5503d17480c1af5db83b2725898d25d75182a310e0270f92762,retained
cnews:1766,1766,娱乐,923f292e54ad551311041b9836d39050f09b7d817d4849f4ec7ebd612ae8f118,retained
cnews:1767,1767,娱乐,3dd18af5e7e869f60ea0cccbd775d3c044767e65f83cc07cfafb0ab8ba568c85,retained
cnews:1768,1768,娱乐,a7990035f90664f71e6950dce7f8087e7a686d81b3f9b876b6954dfa74a925e6,retained
cnews:1769,1769,娱乐,0a1185dfe170d8813ab4b864a4ae4676d9f4402a5519f68143c33d2550e4ba47,short
cnews:1770,1770,娱乐,ddf508e6237fa887422537db4bb231b0113e320352d5b772fec4b673ad8e73ba,retained
cnews:1771,1771,娱乐,ea8562f10dbde841d0a75645953f80c62ca1625c681f874f32a934290941cb35,retained
cnews:1772,1772,娱乐,52c29b64fa24a630801113ba10c7e746d0fb3d8e6c11fbbe7b26e1b0bb6a4cc2,retained
cnews:1773,1773,娱乐,d4b8f9fbaa96bc1525c296230717029908a37b977cf050e67be423870150db9f,retained
cnews:1774,1774,娱乐,5e47731339b5de059689602f247ed899faa123fb9a42857da8cb521f61f78385,retained
cnews:1775,1775,娱乐,1dc0b1c218888539c5ca2038b2268a6e28bc93a2d2c69daf6164017384222288,retained
cnews:1776,1776,娱乐,2ace34ec26dab3ebcde118db4d706434c652d43858072c3156d795e709eeefb3,retained
cnews:1777,1777,娱乐,14e1b5061d16c3fbf0055cf1188725d2615f72389d039018efd5fe60540eaf62,retained
cnews:1778,1778,娱乐,bea993eb35a841114e971d79183315894a5a065726134e61a32f76fe4b62d5bc,retained
cnews:1779,1779,娱乐,49a6aa3c6771eb9e68bc020b03b432c374058e7181bd830c982cccb074994628,retained
cnews:1780,1780,娱乐,a66d00d94c01c56c3b7884ea2e19df6a17b20c694a2dc789e892950f3b6b05df,retained
cnews:1781,1781,娱乐,20bef8a9868d321da78914f959032815ec292aad862ea4d6632091d2b94d1910,retained
cnews:1782,1782,娱乐,6d9c2f1a66000e504fad39e2a0b56f52b25d3aace9a45afa1deb3c0ec6513972,short
cnews:1783,1783,娱乐,ad8ff0b2df6b5a1d1b1ca93a5164b324c898a6a240fdbe30c24f6dba1cf34714,retained
cnews:1784,1784,娱乐,7d6358b6eba1dd9455866581abea7c1e202fbcc68a2b206f24143c215b7c234d,retained
cnews:1785,1785,娱乐,4a89f943432f67d145bd5a234ecf6865eb9bb0c90ade9a8f874651c4d3ec33ea,retained
cnews:1786,1786,娱乐,4e5ec5160b9627c540a6618a765d4ebf4aa9ef35ee5cc4beb42865e9c94d6dd9,retained
cnews:1787,1787,娱乐,b0c9c7f5bf4cb68796440e09cc06dbc798115906d042e3473061f1e4d77408f3,retained
cnews:1788,1788,娱乐,b6d41615654a2a06a422fc4548f4514bf716b5304864548b5abff4a7c6713f89,retained
cnews:1789,1789,娱乐,7d9c07e46e26eae89817503010b180ceeb8f775790e50b458bb69c0469bf9bf1,retained
cnews:1790,1790,娱乐,9acad75ef01144eb531b5407a7ce7acf7194bb1e40eeac4daab39815980c49ac,retained
cnews:1791,1791,娱乐,a213c50dfdf0cfd12f29a084bcfbf3ea862f686c7de583101edae07d24b04f22,retained
cnews:1792,1792,娱乐,9610b2cd35712dfe3c1b8a83d16efbe6f2ce2e9fbe06339b881c5d63c000547a,retained
cnews:1793,1793,娱乐,669cbaa8ae891d15050a15c719a8df69cc5ca5d8fed204dd2d6cfb6d143652bb,retained
cnews:1794,1794,娱乐,8504512164414da21b78b224d5db51edf35eea212777ff7c45b9b5d543b9bda9,retained
cnews:1795,1795,娱乐,e3b14949d9637e2ed3d771c743a717f70d06f9b0bb7d56f6dc99f625fb98eda5,retained
cnews:1796,1796,娱乐,16626f6f8fbcc1dabc92e685f9d1373b9915baf23649e8608283301db19a69ca,retained
cnews:1797,1797,娱乐,519d2fa7627a1610aab5118fb394be9e2c4cd87d447a280e7e074cdaa712ed78,retained
cnews:1798,1798,娱乐,bc28a85bb8a4d8363e572d7773c801e0c126f3a78c763ce05f4165ed0a5d7946,retained
cnews:1799,1799,娱乐,908fa5dd6a37f7904dd5a72847d7a698e9849fa5b7b36e8256bea13ea18ce20b,retained
cnews:1800,1800,娱乐,a5fa81c58a3a41725e78dae7363f018f5f053419cabdf403b8f6ba0a9bd894a3,retained
cnews:1801,1801,娱乐,f7d72b6df9abcb7a4f3d5a5f7f7f43c6246b6cd114b91d2872127541d605b336,retained
cnews:1802,1802,娱乐,a8c963108658f20d847c97ea0e7e3e949af6e74b4e1f8d14a5143641ef8034cd,retained
cnews:1803,1803,娱乐,4b0d21466977369b940c1592d932758d4471e0a746ef94c152d5adeea1b56240,retained
cnews:1804,1804,娱乐,441b5c5c2246a26112edf27061b77bccc6a44c1b8c44f9cb82e4041a3c4095ce,retained
cnews:1805,1805,娱乐,ba5824fb0e9f3de42544ac7b885938e1b501a0a7a58359ffe13f31d98cb3621a,retained
cnews:1806,1806,娱乐,07c1bca156adea39dd9925bfd7d3c2d8eb65f83230c62ab5ce73018699ceec9d,retained
cnews:1807,1807,娱乐,1a8582bc9d5f011989f87506bef4fdcf02f204fbfd37c3067abf0901d409e77e,retained
cnews:1808,1808,娱乐,e3b9e7be6917dae7958d3b1a1ed86db00278c22534156aaabc27500f2c1f1d70,retained
cnews:1809,1809,娱乐,377e23f5e62905861cbbcff4b2c2fdfb92a70eb8e8c7cfe766aa9a0cfb62ea63,retained
cnews:1810,1810,娱乐,9da0acea32c22567ccf2c890de80fdaf23d6c0b3c52b9501cb7e73883d972a49,retained
cnews:1811,1811,娱乐,638a4487dff745da40543a54085c28aa43057fb49a0696e4e2adc719c1d3e04d,retained
cnews:1812,1812,娱乐,a9030a0d06b0e163aeafbb25ec9d17b5cdf0237f2ce7d15323c1abc2e5eae9d9,retained
cnews:1813,1813,娱乐,96283ca3b043a8ec9b42d185a94edb5467d8fc16145d5c6b6277e9dff030488f,retained
cnews:1814,1814,娱乐,23b812bc1c49e3795aaf2fb09f37abb8b279a23d96c1ba72076a431789c0bd9b,retained
cnews:1815,1815,娱乐,a7a7913e49874246effffdba0a845ece09a2ae4725913711bd3fb48aacffc5ec,retained
cnews:1816,1816,娱乐,91e0c105c9d496e67a94cec464ea213d8af26e8e41e6758120bdd9dc68ce56f1,retained
cnews:1817,1817,娱乐,7c073d6f61184b5a57dc0d7e8cfcb6bba12d32aa2c0b919341f9fceea728e54e,retained
cnews:1818,1818,娱乐,ef3f3e50ac8af3b05d72b226306ae62225d853fc35bcd77ab94c763b6854cbec,retained
cnews:1819,1819,娱乐,43a434e212bf863d0fe3872f6ffd032359700e5afa554ad8a017ccd348dd6775,retained
cnews:1820,1820,娱乐,62e6c3e8f2399d021c36c7be1fe118d97a7eb88a05af6aff981d6808f2b2b8e4,retained
cnews:1821,1821,娱乐,b48d07e04f325aea9b105bb111627f87781abfde82b23588502ad7e1c32ab701,retained
cnews:1822,1822,娱乐,9bc3d8c381765bbce1ab94bc2d3d0869bf62fcc1d45a9f1d2e649383e9bcdfce,retained
cnews:1823,1823,娱乐,f89a3117c9dc22b982a48b9773985de24af7f2d67ee393e574dae48cb08fceba,retained
cnews:1824,1824,娱乐,da736ee2c3ee0acbbe8014352dc49a1cda022be34d39367edc47aa963cf24d4b,retained
cnews:1825,1825,娱乐,e910ccf5a19a405e0b3cdd76c840b80c26e2e3894cd8ac948fdf3dbeb843ae4b,retained
cnews:1826,1826,娱乐,70a27405c67c060bc9ed2c3d8ee617ef529a04dc1d3b50d8149d3009f14b3271,retained
cnews:1827,1827,娱乐,ae0c503e79a4374d797f0976599aef9258256db2703afae471951a46d6490572,retained
cnews:1828,1828,娱乐,d164eacd3b6005cadfd1090a4133b258681b38338decd3e466739de45f310eee,retained
cnews:1829,1829,娱乐,512cd47e4580dfc3a3fc59fb2dccdf8ab1b1de2c048b23c9bfd2acaf455857b1,retained
cnews:1830,1830,娱乐,1abd3859d54db74c83d816a2524047ae0ed2d695ab29b545a21f2cb31afff884,retained
cnews:1831,1831,娱乐,17e1a9b61b688912d2a6b714a0ca939f316b1105f0ba9d5ff7c8bf2c30a8add7,retained
cnews:1832,1832,娱乐,fd057c98d34a7bf488bc86fe77148173ea99766c563e1141defb195377cbc012,retained
cnews:1833,1833,娱乐,daaad2d12113b164dc725f14641d72ab1ec3ebc334f5ccddb7b4b5b4849150e5,retained
cnews:1834,1834,娱乐,faced29ffb0a94cb2079a501ce3c60e7fd7726bfcc25130aea5c04ebfc9e64aa,retained
cnews:1835,1835,娱乐,5c332cb1018a8dbd3f485b269e1f95d7046dfff498e8295e7b5219973451901e,retained
cnews:1836,1836,娱乐,1796b5be84be0762959d1569a54bc281f1d34297f524e6aa4430d37454a11270,retained
cnews:1837,1837,娱乐,aa18045b3c73b724069a95f6dd826ba5f750c1b70b6b3c9ba18a73010017e7ab,retained
cnews:1838,1838,娱乐,b7b7c41d734a4e016349bfaf4e5a44c8cb27191ed87d821a344cbfab1e0aa18c,retained
cnews:1839,1839,娱乐,52966709d8a57a3869b9a3ca76f2b43d30ddc9a5eda3ce087deea64ad4743655,retained
cnews:1840,1840,娱乐,ab927b8883da3a8029e6f0abe2e617bbef716e3fc69942a55579edd6c5ee6868,retained
cnews:1841,1841,娱乐,525d2798e79342ceb72d527fe97de1ca5b7af7c6f1d2221d4d9dc40115fda1cc,retained
cnews:1842,1842,娱乐,f911358db1235e8f73cbf7273026aa24b53da874aa9340200af38a0c1aef266f,retained
cnews:1843,1843,娱乐,0e65431c5b15c3df092273403ba42162e93596a07de9813b5d2466647a1104b9,retained
cnews:1844,1844,娱乐,d70183a77c07cf26bc932c02d21b4e68ea658c23e9662e074418837c8bca122f,retained
cnews:1845,1845,娱乐,bc9ed99c707666a39f1b92ac2781378c92d5ed0b18b4de7c50b0a1c50ec2578d,retained
cnews:1846,1846,娱乐,20a4d79ca54aa6c5b7b3d7df513ff5cdd000c408cce746637449597537b33212,retained
cnews:1847,1847,娱乐,7893c7e7cee18d2bf1c7ad91310737ee0f3b46952c37a945154bdfd2bc03f261,retained
cnews:1848,1848,娱乐,dacb18a71616fef2929594607a1131456d60d1fcffea45392d254f13c0c0917b,retained
cnews:1849,1849,娱乐,9812e78118d78d655521958cc22299085ac4cd78e7826f5c5a9c07b37f0ad565,short
cnews:1850,1850,娱乐,d19f261bda88b38c44222efb06f1aed77692a0464380e57d7e5d6956aba03f05,retained
cnews:1851,1851,娱乐,2d39001861ee265f2ecde0a497c3dd5a2a3b2be7e06f2ef467456754a62276d3,retained
cnews:1852,1852,娱乐,0be1f986d5d06132373f4b9e8d3d95d58caed4545888c90444e2aedfe26c2313,retained
cnews:1853,1853,娱乐,f2430493d3581f645ad2c9393c73a6e63d92717ba9dceafc6ff3ad205d04e67b,retained
cnews:1854,1854,娱乐,60f48959057379f722a15333ed376aea3ac8b48dc647dec22f8e7e99a63b7d98,retained
cnews:1855,1855,娱乐,b73e38798cbc026932a474b41980861f69a055cead516f7f319f74ac93334038,retained
cnews:1856,1856,娱乐,eaf967b5fc3e687da79094184fb00912b611701abe2c85d429282f2b01fe240a,retained
cnews:1857,1857,娱乐,806a02f4f77c1db26559d9ed458de46794c473b9bc61b0437ee1802c8fe6b2b3,retained
cnews:1858,1858,娱乐,58cde15f9a5a14200128ef7fcb7896eccd631d5b21f8927fbc5b537064ce643f,retained
cnews:1859,1859,娱乐,d3c5e96b6598bf800f1b338a5b12e80224b941e0e25a1daba172d0228b7b3925,retained
cnews:1860,1860,娱乐,2510b31742a314e4cf10f63706ce72fe9ff619c2f41a0c27aa3dbb82cfb863f1,retained
cnews:1861,1861,娱乐,b160fc44e4e23bfe37d0eb248f2ec86daf3b161368ea5417fa75cb69aaec60ed,retained
cnews:1862,1862,娱乐,259d1e1b0ddfcc5f06edd9998cde99638dcf7eb35e1c30983d8fc01720c11b46,retained
cnews:1863,1863,娱乐,2ad4dab519b223bf4d7d1340a5829908aa9ac557f88e204aa2fa12264936daeb,retained
cnews:1864,1864,娱乐,6a808e54e6b6858348dd2130dc82a6aedbc92d83a87beba734814b59ea182900,retained
cnews:1865,1865,娱乐,68429f49b1dde9e13ac7f311b1ef0dd1284a0beff938c5d41204a0a898a8acb8,retained
cnews:1866,1866,娱乐,8e9e914fb121d467bb86731e68f5e3c703517605763eea350a841b1f8b9ad606,retained
cnews:1867,1867,娱乐,012e0bf0e052700f8eeaa2f332c98662a062df15dddce33c9142f92115cdec61,retained
cnews:1868,1868,娱乐,87e90acf537967f19cf7f027fdf3c41164dabae2e2b9fcfa68439593cd81bf5f,retained
cnews:1869,1869,娱乐,7cbd0831fb817f146455671977837f0667a59677b68d3db746d0cb19431c7980,retained
cnews:1870,1870,娱乐,f8ccf9ae0ce2f495f26810337a8ef21f2d2c45eeea49963426e3f34215db6136,retained
cnews:1871,1871,娱乐,ffe290e520c67be5c0f68730601007f70c700256176f3e5de0a80312a097fa31,retained
cnews:1872,1872,娱乐,40004e9f5e7434946031e5c26d2a89a95baf8688490408763659961c6adaa19e,retained
cnews:1873,1873,娱乐,c918838f781f5f166a3f8bcda511b35853b743f7df171c6c8075647cb0757caa,retained
cnews:1874,1874,娱乐,a3205ea280f505433376a364fa0299f4f5be7771a4503e7527edb431d6b1d015,retained
cnews:1875,1875,娱乐,218df7fa3ff8a77069183b3d64904a5312ee69159e6f5dfdd5e3fd9a1675c323,retained
cnews:1876,1876,娱乐,8b6861b19011bb68335116355640bc0466c2d14c23a8b3039c8a264ccd943822,retained
cnews:1877,1877,娱乐,888c41b58d02f16d7e51485b480c7d44e8c097aa36cbeea4a548160389e6932a,retained
cnews:1878,1878,娱乐,7568e596dbe717a7f88f8be5421c97ff5ce3e1e2a71408d4bb89e4cd25ac1967,retained
cnews:1879,1879,娱乐,5a313dbc77f347df906e63fd4c2c1d7161d5d86f036570ea7cc3a8e70dbd69a9,retained
cnews:1880,1880,娱乐,bfae7b72b839f91fb6c4aa7437a8adba883793cf25b7318a36e1193257b04a0d,retained
cnews:1881,1881,娱乐,ed1e8c0ada01c84cb79c670341b4b69af4d624abc30f446581108c292cde90bb,retained
cnews:1882,1882,娱乐,df4949656d812200c1dc3010f51b740333bb2960a6c2501743fe4215fa5b5bb4,retained
cnews:1883,1883,娱乐,1d1c742643625dafcdc46e08e8f0386278c732dc0452bdef5c02add07e2e84e2,retained
cnews:1884,1884,娱乐,ae83b2709e022f3370131fd666ea8c7fc5617f225b3b9c58adca3e2ce6179c4b,retained
cnews:1885,1885,娱乐,d202def076b7b95faf8ca1bf09daf166ff950afff943ebec2648420d5beadfd6,retained
cnews:1886,1886,娱乐,c86bceba8d08c139f738503287632b0f2b13ec9eeb4226fb9eca214ec054e172,retained
cnews:1887,1887,娱乐,8f92ad2c8e1fe0029ec57eb78aa1332381b32878216dfb1de7e2fabfe4e6e420,retained
cnews:1888,1888,娱乐,5e5258a1145d1d6bf35f0fa9055effea14ca827d513788afeb14b2801dfa387d,retained
cnews:1889,1889,娱乐,e2a5692cc640855b5552999a7df468e2b43e8bf206dbeeed1590762ddac3562e,retained
cnews:1890,1890,娱乐,54233b5d2b9a5120e5979ba33b1c81450e68de9c3ff7742eefd3a7fdff695a90,retained
cnews:1891,1891,娱乐,8f4f7d5774b6b170c20357c7a285c0df3453f8e60444834b8e682b79f39f60b9,retained
cnews:1892,1892,娱乐,a6171b10e76b6e3b48bdb7e86af24c31b9caae2a40030c7e5228fa847b3086f5,retained
cnews:1893,1893,娱乐,5050f611b8e6cbca2f5015c0d92c46a1d4f3b31eba12e9fc08859585fe953799,retained
cnews:1894,1894,娱乐,d9fa8a9814edcc6a746c7e555ec11fc89d1fbbda7a49f3ee1c662e4c459c0c40,retained
cnews:1895,1895,娱乐,619a6030e43d2156df54fba28f26738911d972d8e71001a5949b2e78aa921edc,retained
cnews:1896,1896,娱乐,ab4ff709fec2e46e9e0bc080f232ab24b3eed9aa86249876fb34a846e8646cc7,retained
cnews:1897,1897,娱乐,4ff8686d83ab6863528cacfd09644201b5c2ed378e5393578166bb638637a62b,retained
cnews:1898,1898,娱乐,ba7294c59d22acc3ec277b2261c6775146c2a4a744b4c00f4fda942085c14251,retained
cnews:1899,1899,娱乐,77b4a4b523adea89b448cb304423db4352235deab030808af40adc0a369d3452,retained
cnews:1900,1900,娱乐,332073d44a49d375f0b3fbcd5ba7bfbd3f96f74c86159d271c88b4efdda731f6,retained
cnews:1901,1901,娱乐,c8c7e18a22004b56a3ef98d9541164bcb14eaab368dbfd4786781ebda2d0f438,retained
cnews:1902,1902,娱乐,f6a438e94dd835874853c624f1627ae4d58362e15c4b6639379decfd17580643,retained
cnews:1903,1903,娱乐,74c360e6cb588669dcd889bf23f89e4417ab90095fa204730d48c01de5340dbc,retained
cnews:1904,1904,娱乐,5a9c03f2f38e9d869eae079e8a38ca9d1f889184833c69f80521693e9dca8eb3,retained
cnews:1905,1905,娱乐,4b0df27ed7adc6078373395dab7c0adbbf7f21a4b4fd052af98844a196b4754b,retained
cnews:1906,1906,娱乐,98b47e8aa562fd7ef1cd8bafab1bc542353c79361943d8b46b690ea118300daa,retained
cnews:1907,1907,娱乐,9b55447f9fd0bca3750ccb57e40df9ed4ca44d68241d243d06c7acaf4edd4b4b,retained
cnews:1908,1908,娱乐,e0034244149cc4743539dbc5e2ac4798b468548d5913ca3899168d16307c4295,retained
cnews:1909,1909,娱乐,b99a14f9122e4e66867f544dbfd358a1fbde918235c8803baecc81717b766982,retained
cnews:1910,1910,娱乐,b1a6ffd32b511851bf35b2242c4d1f8a2210093b4caa62935140102081fe5e8e,retained
cnews:1911,1911,娱乐,167c2b50d85f3c447b88c27d406d6d2a6fc7f73349d67ee2cedec6bf556f2c1f,retained
cnews:1912,1912,娱乐,c07edc24e5c23d0b0628ffeefe2c3a826563fd82c25b9491c5b70164df6c006c,retained
cnews:1913,1913,娱乐,5321f668ed09f217f08d76e8ac3125aa22b765b92825394474b61f1af84e31cf,retained
cnews:1914,1914,娱乐,51c263aee1fde797baf7e0a7297dcec6994a14285c123dccaa2944cdc6c8051b,retained
cnews:1915,1915,娱乐,b3982aac0c1260940bef38b8b627608ad2f8449b3666cfcf3dfad74057e8f0aa,retained
cnews:1916,1916,娱乐,131e1d5926170d57f4e04c85afcbd9d268e1dfa5151b75c4e986b961bb71d5ab,retained
cnews:1917,1917,娱乐,d23733e8703e44987fc7d7968e6ddfab4d95b9c27f02471b12d556fadeee2f25,retained
cnews:1918,1918,娱乐,a5b4f955ae61450278657f46a385038563b0aef8c95ae1bdc2d552eadf9e9b7a,short
cnews:1919,1919,娱乐,52015cfc868af1756266568b9f7496a1b8e5971f5a143287df3c71fc61ee4b4d,retained
cnews:1920,1920,娱乐,fa55dbb9c1f17a91f7f487d908ff8ab0092046ac03a67d6eaac118f8d8c84775,retained
cnews:1921,1921,娱乐,81cd6b64efc5cf79f2a3f31ad7380f8d29d2675e6dab0d0fddeb3e01008a6885,retained
cnews:1922,1922,娱乐,7c1610cedfcd632167478fbe41451223b30ee6023fcd5cd5d23b9844b3d56e4b,retained
cnews:1923,1923,娱乐,e3904d8acde32dd20b3247c63cc0c742d65ac2e869052d5fb6f69470a2d579f4,retained
cnews:1924,1924,娱乐,56c560a651c2c4ace0ce919f7526d5e992157c37be7ef6ecf5089064c9fc38b2,retained
cnews:1925,1925,娱乐,33cb4c46b09a84c8aaeace165e0d6ffab55d06246113514df38bd671cd2245be,retained
cnews:1926,1926,娱乐,9ac406109a614294d5af7edde063efcd2f6d17bb52b34a5bbe89db27c9495b8b,retained
cnews:1927,1927,娱乐,0b69b8aae68d7ec13487805e01da4bb85bf1bc093c02f764f58c50e248326e1e,retained
cnews:1928,1928,娱乐,90c403d5d309a23c480dbedfd90f5ef9ad5354406f8a45b8f96f936d3a8911a7,retained
cnews:1929,1929,娱乐,ba94a9dd55aaf2961b79c54503d26c0c9feccbe0b71b563d935ea38a2a547232,retained
cnews:1930,1930,娱乐,7c3ad97d3e47fde7eb34b0c9e711c7f781ac2c39959dc9e87cbbf1b6a75e5d76,retained
cnews:1931,1931,娱乐,e91aaa8cc80a7d3dd1911a246024a81b3c468471e66285657840cb4fc4c0ea29,retained
cnews:1932,1932,娱乐,5d461c8f3d182e95d42724411860a739dc25619680071aba5259c98deb7758ca,retained
cnews:1933,1933,娱乐,45e9bc182ce875b663c2a8cf0a2ef9c32303cb04e0c6e544d7674dfa03a28dff,retained
cnews:1934,1934,娱乐,c19d3e2c06362c5455cd71f48e37bc95ff72c5c5a8a830d6eddf80c6b771e6b8,retained
cnews:1935,1935,娱乐,9e2a30a3cadcf2689ff5223147a5e56cf5a4c8ae1a062206c5057795a7365e79,retained
cnews:1936,1936,娱乐,613aff402d4641347d570b1d1b6522a267c7353c0ab039e1ddd470bc3d2a111a,retained
cnews:1937,1937,娱乐,b50a0bab281559d70ad322ac0a5d0076191094d92e965167baafb0fdfb73fd63,retained
cnews:1938,1938,娱乐,750753222c832104b00f922f3c98d8749a397fc19ca639bbbdb4d1d90d5fb106,retained
cnews:1939,1939,娱乐,f4434239dbccac3d316d9b55194e83f436b6bbba9272bacdfbe0be1ef1bb8450,retained
cnews:1940,1940,娱乐,cdde590a324ef97763206bed8e34c966c755e0e22d55fbec94f73469dc41a56f,retained
cnews:1941,1941,娱乐,2e0d439653d81755fc9957baa473f6c13ba62370747c48bd9daaaa7cdca2026c,retained
cnews:1942,1942,娱乐,a4d2123bd793691f3449ea854a3f5fab41ad89067ae3cf48b2e8a36a12bbd8b0,retained
cnews:1943,1943,娱乐,c5ef03d49ee601646f0a3203949229fadf0ce89ffcb4eae17f0357867d0aab9e,retained
cnews:1944,1944,娱乐,fdce66cab51f80cfe81446f847c5422be9d333a0954f0179523e7e295c6ad12c,retained
cnews:1945,1945,娱乐,9241082af91b153bcc92bcb09b0ab059e5aec035d5ab686acdcd873661159d2c,retained
cnews:1946,1946,娱乐,bb0367cf433537e74f320da4552b89c3fa045ca862e11763cc107c85ca359928,retained
cnews:1947,1947,娱乐,d81c75e86956e8fa2f22a65169cd1bb4d2a4badb7e8c17741d68d8ae4791f908,retained
cnews:1948,1948,娱乐,dca23df81aa4da6fee2d6e3c7f6558811377ce1c6b0f9ee2e2a10c5c709bc683,retained
cnews:1949,1949,娱乐,5447fd49521e17a77b9d831fca5c45a2151ee834a51a503b243d212e5f92e642,retained
cnews:1950,1950,娱乐,c2dac55e4ab944c98426597bbc744c569bed960ae8c7f7aa79bcc13b22ea517e,retained
cnews:1951,1951,娱乐,0161a6df68aa15fc9b559200051ee6686078a3ebf5bfe8a71e5666880b04be0c,retained
cnews:1952,1952,娱乐,708941ba5d00574f79e63fcd3cc15ae62b93e5ea241931fbd134ff52d1e20ae5,retained
cnews:1953,1953,娱乐,5f5433f39cdbf372bf570eac99f489b40f2fbaf745d6a1c5aa9a528f7899e865,retained
cnews:1954,1954,娱乐,6fced9c514231d5cac8c502963bed95606adaa9d904ac821ac2a6891ecc64d1b,retained
cnews:1955,1955,娱乐,64f9246cbdb08732ccb752c8164402cf9f0d77502ad3a8435eb00668642470b7,retained
cnews:1956,1956,娱乐,b0f64a63501d4d23ac5be54a3c1827a519b78904a6a8b8105ed9eb66290905de,retained
cnews:1957,1957,娱乐,f96809832c1f578b2c6209062c4f2798b400a2fba54500510e67ef0e71c35d41,short
cnews:1958,1958,娱乐,6cac47df2592eec4c47b593990c851a897c4232c864d32cd9972e438185b808a,retained
cnews:1959,1959,娱乐,821518db42c3c3ca82c85001a233ccf4dcaf5078854d41e7022ca01b9d636e8e,retained
cnews:1960,1960,娱乐,2d46c34eabfc3b69f8a873b08ce01a493a57211cce54792748d8a29e984cc036,retained
cnews:1961,1961,娱乐,85abcdc1701d9006a076bbaacc869b3222ac53f54561d17004960b7290be854b,retained
cnews:1962,1962,娱乐,fed9a5aa884b7221a02a22c08243030920ecc6abf7e0c465d7278402da061b6f,retained
cnews:1963,1963,娱乐,83a8622dc68d07e244ac1ec568603e4a6c34b8473da6d4e3be25d5adddee6942,retained
cnews:1964,1964,娱乐,c31b5891e25a6eb55579ad0d5640884f94a2e2c43ce0a5333e83749ac2e80f6e,retained
cnews:1965,1965,娱乐,86ee893fed167c3f58411a625425400abaf5a449052e5eef928d832f808b24e9,retained
cnews:1966,1966,娱乐,ef9cacc26b1a1368fa7ad1dd581c38a47218c4746e73e2544ffe0f6a949317fe,retained
cnews:1967,1967,娱乐,55bdc9b389353d67688b50aa4d6e934598a18958d8c4440d104b3e7e2cddf2cc,retained
cnews:1968,1968,娱乐,597784b7ae62b862374a36bd690895c41fada969b7cb6f3ff9904b4ec5a2df90,retained
cnews:1969,1969,娱乐,a2b434da210d648d977a7d7c436cfa7dd0a5c44983e5219c73f67d8eca7ee838,retained
cnews:1970,1970,娱乐,c12911600930e2a1a0655728389d375bebff506f0c8510587e3ba37fcccb7658,retained
cnews:1971,1971,娱乐,de7a73c88e9f1ead1c811fff7bfacee9eec59d707eff7cc732a85b1a166ad730,retained
cnews:1972,1972,娱乐,60508c49593837cce7c4ac7dc2195eae9a49176908ef4f9f41a025a502c1177d,retained
cnews:1973,1973,娱乐,6e6577e3ecf4b9eec1a0b98dccc114a070648f7fc25515eafb77dabe659e688c,retained
cnews:1974,1974,娱乐,8130e795692e728a89fd1aae583a0828f4cd411add425ae1b817eb3638ddb41f,retained
cnews:1975,1975,娱乐,5575a047713d884a96a4e5a9081fe0648c348fddd177dc4f27e9f72e3eada57e,retained
cnews:1976,1976,娱乐,e369777eb16dfe32ed287d4a7e352105a889dbc1c2dff69424a07a9742a0debf,retained
cnews:1977,1977,娱乐,28a44efcf2d847a74fca9470f50793cfd0ea00722aa0f96b25fec7743618dcf9,retained
cnews:1978,1978,娱乐,092ad065c80a97b47ad8cbd40017a5d493f1cde6e37e28c2f4ff8def55e936f4,retained
cnews:1979,1979,娱乐,a13824b207c605c1907233ecacd64e150487cd1c4278c22df76679475240dc36,retained
cnews:1980,1980,娱乐,31142d7fa9b3a318a92ed2b841aac4f32441be62856501fe523488d2bed418c0,retained
cnews:1981,1981,娱乐,51d4d1aa89ceebe9c49325c1ec1b80b6772f69b2ee642433e1786bc49523913d,retained
cnews:1982,1982,娱乐,3dfbccf74b7daab3adca31841bf8d58b877bc2a24616cd5278227e4fc10de9b5,retained
cnews:1983,1983,娱乐,f6ff8e91044c1964f63a3df7808acb6ca8892b3589651541b4d8ae367a8bafeb,retained
cnews:1984,1984,娱乐,043c13d22b281f65862a429b598c881a4702dda0ba7ab65c94cf539d3f62ce79,retained
cnews:1985,1985,娱乐,d23c0c0923d8f386db1d51b8be982b10faa273fa732829c5f073e81cc6a3434d,retained
cnews:1986,1986,娱乐,162908d4ec07830df5636aec9c05b14b31cb8a66f3bb301e57010fecdd865733,retained
cnews:1987,1987,娱乐,9a28ce046d124f07e66ff79ea4732a51f6f51f2daccc12fc2ffdbf28d68d1d4c,retained
cnews:1988,1988,娱乐,58f0cc0ecdc24ca8ec95f1ed03b011f11b3d0c61461d606475870c2f58f05310,short
cnews:1989,1989,娱乐,9b55cf57ab6962cace36c87b8c7aedb2a87be24481b25a685d477242bf37d621,retained
cnews:1990,1990,娱乐,c03fdac64a23a097ced8ff7d0ec75ea3e3658953ce91167c3aa1d5c0098e502f,retained
cnews:1991,1991,娱乐,279cc63a21601c8dc0f14744fc9e2d160b62d99e735d32b018f30f2ca477cf1a,retained
cnews:1992,1992,娱乐,a5f9cb0345e6288bd6117d6374dea35ff1f4761212b9833124da3bd6b2f38a2e,retained
cnews:1993,1993,娱乐,bd8b5beeb57368d5613ffcebe2bdbffe0766739f6a5fef0bab6a89e78c3c7e9e,retained
cnews:1994,1994,娱乐,a4273d071ce7d13c629f422822261e2746faa629a0e4f0acdf8cdd3caaa1889d,retained
cnews:1995,1995,娱乐,f3576a56d55059648365040a2a54168e77607d537e14d92a9bf317bfc7918ea6,retained
cnews:1996,1996,娱乐,04d5d9a81857edaf4dbd36f81df5425d1ea93512a35adc439d9c13a9ad23cbff,retained
cnews:1997,1997,娱乐,4e244a80b20ae793e06040c2cbdb2a31d48ac844cbaa70d4a1d194dbde5737b5,retained
cnews:1998,1998,娱乐,61368909e43039d23259ac80cf92ac5b6a5f07a59d6797245200e98eb3309ebe,retained
cnews:1999,1999,娱乐,a9613469df7526f5d1bb1f4ea962a29e95a06f08147921f3fd90cda443dec748,retained
cnews:2000,2000,家居,abdc9b49172f224b90ff2efd05bf734d530dff736554804a0688c9e9c81b69ad,retained
cnews:2001,2001,家居,44f3361caf282b94e8d82abea565e65634dab893e7ec72e1c24f0be962d1c1cf,retained
cnews:2002,2002,家居,0ccbb546c14158c3cbc375ce5df22bfac8603f6e15e1f78adcb90dedbcd9c86a,retained
cnews:2003,2003,家居,75adf2c206b40f3cf4262c6a09637c80fb28d463e56946af6591a2f52f1890bb,retained
cnews:2004,2004,家居,05d76781b445bce1a8eec4308a99845eec76bbe42e060b18eb1f87e504953bd4,retained
cnews:2005,2005,家居,0d7794f1f2e03c3379999c40933d67793473efd5810c6da4d6cf001475dfb19f,retained
cnews:2006,2006,家居,586cfdd32c923b28e9d8cee668ef4e4adc8ca87fe45b8be05e5a5be45f6f8cb3,retained
cnews:2007,2007,家居,4e867fa0734b7fc9c17db0681a7e146528f4117d3df6af04bc58a62b50ef0b08,retained
cnews:2008,2008,家居,60f936d3d0810d2b5c43de1650f2c5dd1b1126d34a2d048d2623fccc0b772678,retained
cnews:2009,2009,家居,610c31776c9687c3e2a754ed3769463c3ce63feef8a62f255f9ddab94b3dfc2a,retained
cnews:2010,2010,家居,6c694549253f1873593f1e0ac2cf1bf7c1db33d6de087e3bc459b56185485bd3,retained
cnews:2011,2011,家居,f47e7fe4f559b7c09a7c67ae0cb24be182088bf521320eed8fc760f13941ebc3,retained
cnews:2012,2012,家居,966c839c59adc789445aa8aa81eeb0ace4a883402cf76ff503e247a756e34eea,retained
cnews:2013,2013,家居,e1a18d7702c708a8f8d764eb3f2ea4eae3a21d06689d4a4c965b9e5c7705843a,retained
cnews:2014,2014,家居,2a91d06c58ab6a7e04366ea370fc50a627829389966934018e3e389245e06c37,short
cnews:2015,2015,家居,2f0223b7f0a9521066732fc13f76bea12cd3e141c8a647134341d9d6d4a3f3c0,retained
cnews:2016,2016,家居,78da2111f927bf46b974f1d7185fbd699f7257854e53b307f07799a8a7d839f3,retained
cnews:2017,2017,家居,eb74ff79e25898368ad63599d96c047a3454edeb2280229638a3bcebcb9e7bce,retained
cnews:2018,2018,家居,07d4e6523632b9ea20edfee2536480dd1e2eb2815eb9a2d642c47568b7ac720c,retained
cnews:2019,2019,家居,2d681820228301b4e216dcc016439f92304660394c2b10a359b9d3c1d9c1b950,retained
cnews:2020,2020,家居,e5e6dfd199e04a65b600997c323bfc6296f4e07caeb44fdf8e0f845e07b26893,retained
cnews:2021,2021,家居,1d7d9e67849e0c23dced735f4f89f8245850fd403e420c72318578ef0b140c51,retained
cnews:2022,2022,家居,761ac42b130b7a7b89c90956108238bd2cf6aaa6242c5751bd163607fa1b7086,retained
cnews:2023,2023,家居,21b47de14798d1bc742a2ed5bdcc81c379418d44d52f7511ed7c11035c8ed61f,retained
cnews:2024,2024,家居,93ff1a5c3c3eada50f26ad9d1b4b44f79c89ba6f0a1be0722a7cad6318646745,retained
cnews:2025,2025,家居,343081dff7ca82acb6b4e48793fd820c4c41d5e21d7cfe3632e146879434c004,retained
cnews:2026,2026,家居,37d549c7a4b8fe06cb8ab2b4e42fab814eebb8d65c2c65841741ae79bbefa55f,retained
cnews:2027,2027,家居,34108323288862a84eb3c7f7ce27c8d221cd3d5e363d6a96c344cfeb9b8582f0,retained
cnews:2028,2028,家居,44a8bdbfa2a24a12e181b27151c6fef20b35011afcf36c6b121d33e2d38df836,retained
cnews:2029,2029,家居,26e77ab122db4f3e67d9b46de0da5150cf5747cb7cc2e72228fe793e4beaa6cb,retained
cnews:2030,2030,家居,f449c8c5596158a3c8fe0dbc44398b5e72cd665a141b8397345a8f1ab38878a3,retained
cnews:2031,2031,家居,da3d392702a1c2a890848567e547362aafe25ca3697100fb9f87e420bf5e9e88,short
cnews:2032,2032,家居,d2f8aead365d84716fe7d6b4d40590907a05d71114057b96d99f39a5d1bc1e89,retained
cnews:2033,2033,家居,3f78bc848e67b320d4248c7c96ce39ef64e64a0545c29cc72958ac29ffeca5d3,retained
cnews:2034,2034,家居,e30180293cdf7a2529f6278c28a41ad87c3767619faf177858a317d492887370,retained
cnews:2035,2035,家居,0aeb3c3ae300c154a6594f7ec8d3187c08deab3120e1d27276d1429569e2ad36,retained
cnews:2036,2036,家居,7b0b4edef82acf3ab10fc47b0bfe49d7662926ddaa6fb3abdaa51c97180547a6,retained
cnews:2037,2037,家居,b04581233032d1a17145c86d7c6a76b8cdd35b18e9f6deb1a0784daf4170df95,retained
cnews:2038,2038,家居,55ed4a8c4e1279a57bb96e1293f4429f151d005e265ba3717fe6c13a649338a1,retained
cnews:2039,2039,家居,a6e6cc6785d63c76cd3af97559bf83e03eeebc84063c4a45ebabb8a68afc7ba4,short
cnews:2040,2040,家居,9a1c6c41365bcae5378816d917d2f9a93f79e1adc84ead5a9c8402b6c9f721c5,short
cnews:2041,2041,家居,bf86ec196e0303aec6529d1b776261291a200f0ba31c0f17a642ce81ce4ee45b,short
cnews:2042,2042,家居,7ffae53dfffd4c3ff89899b165cd3005ac3f6b00eb494073da808a8755ad7e4b,short
cnews:2043,2043,家居,6c1ab457b766a5091ed8e4fb306491bd113e8f02130f8dd6f5895721104aacc6,short
cnews:2044,2044,家居,71f1cb264f2ba3488e15ef8a2850325f6efd6c1740bce823b5b7895eeec4faac,short
cnews:2045,2045,家居,c673ac38737b611089d7106448d31c63f52bca3870a2862ffefe8967c98536a4,short
cnews:2046,2046,家居,c8962edd5a2f5f93f6f491f6aa18545cbc268512b806428e4f34204f63bd12a0,short
cnews:2047,2047,家居,be6af2e8648594fba06ef07a00b51b90ceba56cd1bfa1c7653f7d3a0c57ab987,short
cnews:2048,2048,家居,4327a3d24a5ac426d24ea05e6cc6209a1ac56aa2281294b0adb3d79d52ec3284,short
cnews:2049,2049,家居,74bea369434a3011b8dd3fccde94bd09220538377ebf39be147d689ed1470048,retained
cnews:2050,2050,家居,b5d07a4bd2f24dd7b5420d3f65557c10c673e6862bd05e00ed1e36e183830e32,retained
cnews:2051,2051,家居,33f28141912612c5c3c39d2bdee1096cb4d6753a065db4926601507150aa601d,retained
cnews:2052,2052,家居,bc54e65571a63717aebeb77204ff860a85b8668bb92437d9b96aa46741408809,retained
cnews:2053,2053,家居,be8358b23c59eaf46c1cfe13928cc12a1da7ae0551c802541eebf04a08ee23e7,retained
cnews:2054,2054,家居,ec2869aed20fcb25241d9aaee66af515d9af94f0986283b6ef474700c5312dae,retained
cnews:2055,2055,家居,19b4033e03b5642031c348203d29eec7a499d81fc7e32b2359fa54d14f6f261e,retained
cnews:2056,2056,家居,1a9ebdcf90da1e19e387fca46854edf9a07c79b9c4f1174fe4ac3e9acb03bb37,retained
cnews:2057,2057,家居,94585a5425d39a4232e4d449bd49c02b8036516f9a2a564fbb0cb0bdb808fa62,retained
cnews:2058,2058,家居,8ff17762ad3ad9602256c77938f439cde3d1c58b898b6db351ddd6071dc8cda4,retained
cnews:2059,2059,家居,e271b55792f731adad6f8f13967ae0eb2e1383db97379fab40e6ee9c5632b7a8,retained
cnews:2060,2060,家居,2fb8c9528405af88977bfbd6d7d4fd199686d752b54e570c6e943730dc231053,retained
cnews:2061,2061,家居,4422264bbf97d628889d1bdd477296997f29d07a588a9996a2dbfd69c43dfea9,retained
cnews:2062,2062,家居,fef53aee429a9c76fa888675218603e898c8d775b6862af2de71fa13c411c72d,retained
cnews:2063,2063,家居,6f04bae0445297f626ef6832b5e844f0df409a627b33d66ea484c995dd16dd62,retained
cnews:2064,2064,家居,664205504fc6c52e66a372dc81563e4c10a10211bcbe33ca4f262f6969da2ea4,retained
cnews:2065,2065,家居,95dc13ffd924ad8421e9532bae062214018e2a59ec8a7a344fbc6ccb51a09b03,retained
cnews:2066,2066,家居,c89ed031f86518cef5f12ab7233836855f2088f2d540575d4a5914208013b50c,retained
cnews:2067,2067,家居,105b8d058869993213b8fd04fb26e2dd81f4e3e60efc792cafba9957d1259b62,retained
cnews:2068,2068,家居,5a382254ef961617fcdcef0c57344b73379184d6f27701d15eebf0f181ae9cca,retained
cnews:2069,2069,家居,efef93c9fcce0379f917181eb701c26b65e2b87470204b1341966a44dad081ea,retained
cnews:2070,2070,家居,571a999dde613ccd118b681539441693b4644ee7403b0e06a73541aea7b4cb16,retained
cnews:2071,2071,家居,2af514af4f28b610eec5dc642e75554c707e69d04b1f42780ed419693403c90e,retained
cnews:2072,2072,家居,d2027255643d2962d745d40a98705628217bb4636be07679f6d5fa6a7169d43c,short
cnews:2073,2073,家居,1ca0cb27f5aa5d2e3ede4f3f768824251a7099d9e8dacf9eed35ee2d18063bdf,retained
cnews:2074,2074,家居,18c85f95909d0ba4221cdcaed7a28f16dc6787f5c1b19bab8a844366ac8f9f01,retained
cnews:2075,2075,家居,c2f0edc6985bd15ac592013b668da79a24ec3986760c91803dc9b7f8961a91ff,retained
cnews:2076,2076,家居,b28c9c1811e4593084306de4796044e1c5c587ff20130e3a9601a9251554d668,retained
cnews:2077,2077,家居,98a1becf765d0b18ea3867123560451b3d672452c6d0b3a4c5f8f82e5025d3be,retained
cnews:2078,2078,家居,9e4984d8335e1ea4cac1d41332a2ab4db74339f70760e6815f8990eca018044c,retained
cnews:2079,2079,家居,7234e8b1c6e3c862674038824ed1d8d89e55ba42395c9a50cdf1bc4f17ad3e8e,retained
cnews:2080,2080,家居,0c02594e92d707485154246ea6e56585df2af699d47adae9fd38c46141fc999b,retained
cnews:2081,2081,家居,473bbd532d27315a0a57ecb6cb3d703dc535bbb132c0aad94cdfec6047a39d26,retained
cnews:2082,2082,家居,98f0af2f38478b0a59c5ccb1af08332bcaf8c55d7ebdd02a124aa0f3dbf39d38,retained
cnews:2083,2083,家居,cf4aacdd0c8551515b12aaee5935908f54fdea515d8522329cc1296dbf54a7e9,retained
cnews:2084,2084,家居,886a71a003180d7c4d52363b36368ac6705615cc7da8917af3ec1edc42dc3756,retained
cnews:2085,2085,家居,8f1edd7e2138b3c30a2a0bae53114b3ae0db42ef778d9ecbbc01cb5d28f1ffd1,retained
cnews:2086,2086,家居,f1f367a689c3cc38dea71fca777f56932479545c95a26ca6bbe70593e4e30c47,retained
cnews:2087,2087,家居,25418008d7e84dde4f2a02bfa7a5bc45ab47abcc94594e29a9186b0bdcb1b360,retained
cnews:2088,2088,家居,72dc74c97ac0af814645d7be423856797450018fb4a976eea606bf830ca97a0d,retained
cnews:2089,2089,家居,ca756e0fcc9f476088d6a1280f0aad2e2aad1f876852e3a8d6221e67f1f05692,retained
cnews:2090,2090,家居,9ca5f7720be59c64e8014e704aece14953d30c6e5d9d662c1d4fa61cfc437110,retained
cnews:2091,2091,家居,034576221e25398cf088ed108ed74a590e12a38b5ed2cfb67f01e8eed6503233,retained
cnews:2092,2092,家居,29def1a98e20ed7583cdc513187f3036ca2e002b76c4a4e9873652ec225ed8a5,retained
cnews:2093,2093,家居,40b25f4afb9cd278625ee6334f18ba08feb9c6c5a965474d86656589d8697a9c,retained
cnews:2094,2094,家居,16dcc586d97bbc3d4823a5d314d96e903afc46a440a777450259501bf5c0efc4,retained
cnews:2095,2095,家居,d265fd9b5e8b6bf8b3bd78cba0326c120778db276fd6ee3837ba0f76c59ea34a,retained
cnews:2096,2096,家居,6677675d1b6f4c9b7e915bea66605db9ee895a893b7593e385ba44ea810bf9c3,retained
cnews:2097,2097,家居,7fbe05ce741328332ac31a4922b6fb6414c2d4b762b20972d80b1a14f1d4f238,retained
cnews:2098,2098,家居,cadf2af53ad2b382c17a730bac8e2749264d5e98ec35a066678a0edb9b97565e,retained
cnews:2099,2099,家居,39427795d558d1d3dd74a471fbb2393c2cc91568a8dce1a7916aa6179f63c522,retained
cnews:2100,2100,家居,a490153fbf6fb7fc53566d7f27543c4f7289a9d1b1068a2c1c2dbc8cb913f8b6,retained
cnews:2101,2101,家居,f818368bdb54ef4093d54744240a9a1c3c6451a54bb9c48fbcdbb3c188894e90,retained
cnews:2102,2102,家居,2811dbb9c5d914f7ac81ee3e5d7b2c3cdb0a6e19e6b851cedd7be85f3d22c49b,retained
cnews:2103,2103,家居,1c1ad8c05e22715a9feee62790c02871a95cf3dd41438b4e9b660de8885d77b6,retained
cnews:2104,2104,家居,f9d66bddde2514f0fc9da611316b0d40636dae47e8484560df909226977fe6a2,retained
cnews:2105,2105,家居,02d6c24fa4fc1187dc5e01dcb979749399aff4e3fca45d99d46ea36aa31dcd37,retained
cnews:2106,2106,家居,62f43018c1f601be5b9cfb41e7d8c274d17ba7e3df5d7fe9e6fa0aff403cd6bf,retained
cnews:2107,2107,家居,ad922e72cae7fb2f0ccc13f35e6a4b7e29c2ecc97c4daec06986a1bbd6a5861d,retained
cnews:2108,2108,家居,13c7db5f5f466c845e86e80de0852c0d0d39b2ece7433bc4eedc69a24a10c6d4,retained
cnews:2109,2109,家居,66c79360fada0eee8077f45fe8cd5972a6b19395c09dad14e5ee3676a96e1663,retained
cnews:2110,2110,家居,e05e080990e74169f287e8595b65c7a63458d14d49a4654ac07a113bf77bd7bd,retained
cnews:2111,2111,家居,de7221102a10a7d8f5e0beba9336deaa0703629c42209543108816aa8d5f8e5a,retained
cnews:2112,2112,家居,5abc43f0da5725fb7e46fd62888a2e59844baf55e164e310a43b2a3960e60f9b,retained
cnews:2113,2113,家居,1bef0acc4bb3e7745ed4457ec5460f9a6bce99f71ec89245760b5a89f8c9a53b,retained
cnews:2114,2114,家居,3a73250334f10b6d0d791b1b214631fa20755d27d5df9ba970ddbbd5c04654cb,retained
cnews:2115,2115,家居,141c9ff2c0faa1f7a7f6560c110e82311d8c82a5f462678f8202439c5f6064a2,retained
cnews:2116,2116,家居,4bf049067ce25b9093257054617020b9491f339f7510a46eeb15db7d4f903d27,retained
cnews:2117,2117,家居,de5b4dc951a033626d2a303d79bcb11b35d645796785eaa5fdc8526707807d15,retained
cnews:2118,2118,家居,40212507ebe8457ce4fa7e224398e3bc65af7b1fbc39e014061f64da5fe4798a,retained
cnews:2119,2119,家居,061604ca8642ccebb94b359edb8e4e0464687988c4e9ec2b24ec71269a81375e,retained
cnews:2120,2120,家居,991558dc25454cd1e89808427675dc64b56af6e27f9b17568512ae01af6fa762,retained
cnews:2121,2121,家居,c7610fbf6a712135d82fd02728fcc642513b9d9dbe9397902a0b88114a0468ac,retained
cnews:2122,2122,家居,e2ba8bc1b909dda6255f9073aba03361edeb8d08410a790ba630e52f22ead209,retained
cnews:2123,2123,家居,b0588b473c72000c3e3ea2da2ee1483552f478d1acb6bab51b81c359bdfa6ee6,retained
cnews:2124,2124,家居,e18093da67d5604726bb5569496f22e3785b1fca2f560cc28c1b670c1052d296,retained
cnews:2125,2125,家居,3957315016b899103582be29f70030c1e577e86e14c4517594a6c10898aae893,retained
cnews:2126,2126,家居,828beb76bbdde684b3f8ec23f1b2c073c814dfb75f11ccd8a14b9b90a7be123f,retained
cnews:2127,2127,家居,d89a634033cb932745c59ec01f71ca62036cb0a775162df759bd75d675473240,retained
cnews:2128,2128,家居,12e8b17964755174639cd162981962111d03bd9caf7169bf50ded919dee93a34,retained
cnews:2129,2129,家居,f7988f60d230403f47372bd5c732ce9dc2de2fc6172066a56ff65df68a97bbd4,retained
cnews:2130,2130,家居,19d4d8da9f44a6d537c955365ee6ea356303d6274eab672cffc0f519f45b99ea,retained
cnews:2131,2131,家居,0afcf066e54cd5a8b0a3f91d4b2700dcaf04712b9fbb059ecf514cdf2f527c3b,retained
cnews:2132,2132,家居,972dad2bd2c031ce4678e712342093051ab37f07da797f67b617cd30d1fd09ef,retained
cnews:2133,2133,家居,9af93477119e67ad05e98216e9f88a92f1b4650088c7e56dd1a334fd98d992e5,retained
cnews:2134,2134,家居,3e9eafabee61c2a4e7935d49bd22dc23da4e0445d1f44311bfb812bdc2df0a9c,retained
cnews:2135,2135,家居,bef911ae3e357e3d2cb1cd39984ade3664692d0a1dc13cac8543e5e63452e809,retained
cnews:2136,2136,家居,68a5f9d18df4fef93eb59b235a5cc2c5bbc91189176dea2c11e90d1aad13b14d,retained
cnews:2137,2137,家居,5e0c4380588743bf27dacd54384e72d263645c2878a31a6a73a20086c7ea0259,retained
cnews:2138,2138,家居,a37d4853fb65219a0968023977377d558068b2716708885f7f132962ace64413,retained
cnews:2139,2139,家居,50869cb31ea7d4e50ca12ef92b3cd2e60b40542221379f2b47073fdc6f70b46b,retained
cnews:2140,2140,家居,a1c12fd0027e62b2b3136b4832dc768a8dacada9022de139be39a01aff2550c7,retained
cnews:2141,2141,家居,3d4b9e47c7386312318ab4d8c928c91f22eec8f596fdfafdeab8291b8ace5ff2,retained
cnews:2142,2142,家居,5ba4939d1993fe0e5d7f280f28dc34898153a3141295d645ff8339a0ca42aff7,retained
cnews:2143,2143,家居,8fdff4d03a146ac42eefa3a1b0ad63a7b3bfcd4ab1c976db9684ca846a77c67e,retained
cnews:2144,2144,家居,b6aec58d4034f6db8e41fea1f164bad28f39797307117a88aae64faa80f97b56,retained
cnews:2145,2145,家居,c527c3a1ed6b79d525de1aa8a2f4f04639d78af4b6fdbe8a0bf1610c137ea326,retained
cnews:2146,2146,家居,75c66216bd0053bca0d8244c9d9bea0e6f98efb885a9d7fee40a7e67042275d7,retained
cnews:2147,2147,家居,0dd6baa6b75f13b5b7cad5ee1567b4a9317deb01df1b7bdd33012c3cb5bb544b,retained
cnews:2148,2148,家居,6b86ccc6edd4bf5f468f90be2fea0d5fcf6c8cd8cbbb53f5d82afec918fab00e,retained
cnews:2149,2149,家居,da22f67805b982eaf0c0d27210b16a8c1354bd71d5de39df422a5f812c81b833,retained
cnews:2150,2150,家居,66354542b9e087266e92e444ecdaf1594856b0a607bbd493b47c54918071afc0,retained
cnews:2151,2151,家居,e3355086c2ee3d4a2a3d282108df03723c4693db2347ebb00de0d55d164fa6c5,retained
cnews:2152,2152,家居,0b7b83ab997ecd781cbb5a15654533283a102fdc1895c8ca64ec2b4c5875839f,retained
cnews:2153,2153,家居,dea05c85a1d08ab7a72a2cde0de02706e800a757ca9db416762802f819e4fbe3,retained
cnews:2154,2154,家居,213d67577dcdc237daba14fb5377d43676d0d4a5353e624e8536ba6a433fb961,retained
cnews:2155,2155,家居,a152d2a1919f1e747d450f316c895591994bbecb6da567a6a284f34c2387a966,retained
cnews:2156,2156,家居,d6d959680b12cbc421abed6d8aaf64cbadd9bcd7e2b0aea65960d4d68b7d8d97,retained
cnews:2157,2157,家居,717542f40648fbe7a15eab1253cd27ca575784cabd0035a5d9eb90a0d980e4eb,retained
cnews:2158,2158,家居,418b369ddb4a7c717e54018034fb24a83e3a1bc7f01c80e7c67f420879623a03,retained
cnews:2159,2159,家居,ab613ff0f97ea4e1eaf2a6c5814d71414f97f415441aa2ed945f05f494e3ab74,retained
cnews:2160,2160,家居,5024b46ec3f855cdd656cd2a32a614fa52a004878c6d33456c8deb5be8f1cfdc,retained
cnews:2161,2161,家居,6c221578bd4af4ec7609840613a5ad563afbe7f7a144ba1a89a5477fb60958ab,retained
cnews:2162,2162,家居,172a165fb6361f8cee8bfd2d26f36fb45306dd2446c1fe57086d72adaec7aa47,retained
cnews:2163,2163,家居,ae134bac08178873d90c13c4ff1ed060658c9e338e45d9bea695e4a0e355f865,retained
cnews:2164,2164,家居,84c2b0d8eeaeeb1ecb36644d01d506940be43458044dc94dbc7873eda4341fa7,retained
cnews:2165,2165,家居,a6c46ef1c7f1ada181c794a17b0b5146870dc4dc47efba2eecd5ab1a8e8b3766,retained
cnews:2166,2166,家居,e860741ee893520e9fbf2188e3f7c10ca559a3e663cbfd6de2d6e4d2b2b62131,retained
cnews:2167,2167,家居,ea66e23a3350b9c9023d0b35e65e85cb30c7851b8a0a9135626811b010c7c654,retained
cnews:2168,2168,家居,5ae8873071b9ffdb828acc6b23117d1a8d8847c245620fd4831304610dd767dd,retained
cnews:2169,2169,家居,d328a887e28e82417a9a6ea2eb577e8eddf856b6e1952824de2bf70eff7f202f,retained
cnews:2170,2170,家居,51cce000be583c6783f79a5dde37ac4925a7dfadfcc6ac299ebb179d5eeeca6f,retained
cnews:2171,2171,家居,2e4a743b5906fa85f4172cdd197c59c886cfcb898c783ea32d51e914d6b75432,short
cnews:2172,2172,家居,d1a241a8644038101a9bd836f2468192bcea45ef4efa8c0873c802ee2dab87e6,retained
cnews:2173,2173,家居,dc7b73b259cb51f63daca55cb41491c4f559119e2b8f1e61b1641720222bebe6,retained
cnews:2174,2174,家居,99776e097c34f0fb4bd41a0e3cfc590a6465dc2ed1a056d98a5242583a548dad,retained
cnews:2175,2175,家居,b6aebff41725ccaa94b845fa15910b5c942a12d84c738c88e676823af14cf521,retained
cnews:2176,2176,家居,dc306410484adadd07b37c54670a293dcefa114329f30585c0df99df769a9c0f,retained
cnews:2177,2177,家居,de67cd8b7bc2a0908e941cfc3a65bfff99d6ec840da228f7afba2e7e4e39e6aa,retained
cnews:2178,2178,家居,1af890b1d54284965e0b2ff94961037040f3b9e60eebffd064013557754be75b,retained
cnews:2179,2179,家居,7bebd9a25e4a6edba05d17ae11a493e80d7e8bf8de533d8fd2fc2fb5db1ce3d5,retained
cnews:2180,2180,家居,02be97d48659f2ef3f216862cf9954e38c8adc2c6750343d9979262d659051b1,retained
cnews:2181,2181,家居,ed435a9acab8b3b875d45f77c4c8df69248eee38bd3a871482f16ac8534fb8a7,retained
cnews:2182,2182,家居,b0acc9790f9765c9fb4131f631f304bb5ef4e2cb8b4abe497a5976c34524b867,retained
cnews:2183,2183,家居,f792a76be61b65ede7f94b82717a320cfe4bd58ad8650e7898e25c3d470b7379,retained
cnews:2184,2184,家居,75f64fabab79d5dfe49983fee6a44e7df561746178e9edf7395d364c73cd2f93,retained
cnews:2185,2185,家居,19b528ab4cac0c1ae5a30a1deb3636cd34bde6241347f58f44361914902f8519,retained
cnews:2186,2186,家居,23c2baf33ac6b2833f0b6d0af2e5d8d7c0720232515f450e5ada76e2ecfeca42,retained
cnews:2187,2187,家居,4748d81329e5dbd38206a2d66d1396427b082e1cd90a70f1b51e83e092c5b3c9,retained
cnews:2188,2188,家居,d9da2b7462f49c13af99f3b652501e4ef8cd6e417cd90d0c015b2e51522a34a6,retained
cnews:2189,2189,家居,0ff4a5b260f34a5ace04ae8b564b0251736caae4021897c16662a7a6add9e193,retained
cnews:2190,2190,家居,585c1a9a58c6e4eb5dd48606c8686b79be06dde4d064218614df0a2d7557652d,retained
cnews:2191,2191,家居,1773373728fd8038d04dc5c6a16d4dbe8ba15e80c713fd00dab0e9ac5a8546a5,retained
cnews:2192,2192,家居,3db1d10df9d03fae5c911d3c7cd924f022546da90416b68089de77bb9aeb732a,retained
cnews:2193,2193,家居,a2318e8a4bd8610b7327e2434a6c7d144b68bad255f379ae16dd320de5bd0dc8,retained
cnews:2194,2194,家居,00d6970bb0965ee49a0e5432bc3560fe4894ef7fa0a3ca74865ad5224f2cc1ea,retained
cnews:2195,2195,家居,a29e89987b938c352f92b2633a1bdaced8ef9d9619bf3ebf94781ace070ea545,retained
cnews:2196,2196,家居,4f4583d7705be7864e9159a2efd956e5a0bfe306d55c4d7f8b8517ef98bf1db5,retained
cnews:2197,2197,家居,bbbf2c8b0a3500224f0684e53c9e6f85fe548738858047c505dfa0248130df7a,retained
cnews:2198,2198,家居,c7d68ed2c248d92980973b5dbe8228242a5e35a149e49009aebfc3cd8d3f53aa,retained
cnews:2199,2199,家居,711084995207947bd4342488d7e325ac7fad759404411ebcc5520f2a7e2c168c,retained
cnews:2200,2200,家居,d870c8faad55fa18d46646f5c7d9f03c45572756371bafb8a3682285ff4edc73,retained
cnews:2201,2201,家居,221b9bad1ad2a1f10c12570e1bc6cb517fecc8e764f0178d015ddc7bbec3901d,retained
cnews:2202,2202,家居,334ed7adf992df79a6b221090dc63f3e7830833c4512f4886b1af28799f01ee4,retained
cnews:2203,2203,家居,35454f750e63cac4d1a4101ab04bbb85968aabeb89c31d1fd7c68e425ef78e81,retained
cnews:2204,2204,家居,7113283ccbe51e0d3a5e4de27958a61641220bc991d8eebfbb052f109b7f52d6,retained
cnews:2205,2205,家居,c8b0c1521320b25a48cf45abbc8b46c23aeff1fe9f4c1ceec622870a1dc1d320,retained
cnews:2206,2206,家居,51945c5b12bc7a2e82fa04aa4753108f0b214677b0176fea56d1971c50368451,retained
cnews:2207,2207,家居,1420c25164f69d041cf940ed3835970d7207f79b05cb18ec2e1099baaec0a374,retained
cnews:2208,2208,家居,73563338c6d1d71f30564a6985776283dda7c1cbd001a8f4e737d4791539607d,retained
cnews:2209,2209,家居,89e03c3a222b6d7a45b836a0c0923679204dd3c51e8a817d5fc94115476266fb,retained
cnews:2210,2210,家居,4b699254859bf2b23fd50ee7868bb37ef68fe0c1ac87a8510cbd0a8176473d10,retained
cnews:2211,2211,家居,2e7549f5a9bad52714b5654cec0e8d032ed5491b5bfcc28019000d333ba62e0b,retained
cnews:2212,2212,家居,569542f710175256bb0ea5939a265295b5c4db787532480365f6e9dc796f2a09,retained
cnews:2213,2213,家居,23354fb28d13369b1600fffbf04c0d10c9f8c5cdda60bdc717a48b31b8885d4e,retained
cnews:2214,2214,家居,f9e302f2974cf6904e2a8bfbcec925b321ea42ecb93719585cfaaf8802d1f7e2,retained
cnews:2215,2215,家居,f5a5e05991eac93ed6f85004ba5805f2e8a817b64dc3e22096726d6210c39a18,retained
cnews:2216,2216,家居,84ca5c86dbcd6ec12529a6b350bea3ba28f5d0b49cbb06c04a56fb9fa99c5daa,retained
cnews:2217,2217,家居,96441c1c16f51c317ba24456fdb6cacdae47711708c411504202e8759dcc1349,retained
cnews:2218,2218,家居,944cafcadcc1fd1c161f16ed03ae0f63558dfec82f6c0341214149f7023b2536,retained
cnews:2219,2219,家居,17ce52019fcb655bac00edc44185f9d7a060d3b607c3785f10ec9da3cc43b144,retained
cnews:2220,2220,家居,123d970494d96665392cb03b2dc64731569d92bdef6efd9443fa6af047fd028e,retained
cnews:2221,2221,家居,fda81d973660a49750c8b966fa78ce45dd920c46d197e4abc85d3c5496dd8e05,retained
cnews:2222,2222,家居,b6253df9def929b95b1c68aaf2bb5e7bc73c3fc566791f8e93020498206024e4,retained
cnews:2223,2223,家居,c76c6a03c4b24234d1168b87b3f980b88e2497ee7591f37c5dc0e37866f9dd2d,retained
cnews:2224,2224,家居,2feb7a3ed6e3efb23a4324841db93145431945e3abc6ef38e4b7c6c2d827d708,retained
cnews:2225,2225,家居,94291bf9ad9b8d736065b0b0b8f9a0b92df0e7cf7140f2f73cd8f48738dffa9f,retained
cnews:2226,2226,家居,d390521d65741697e2be036df0aba7ac8cebf0b2125b42659dc3cda535437257,short
cnews:2227,2227,家居,d14e5d571c4d0c097149f90e5775932ff56b83e5d58d7b87f24e618780b40b78,retained
cnews:2228,2228,家居,3f23e460e026a5619388b950de7f5acdd3fe5bf5116c91c8b6ab161063a2dd46,retained
cnews:2229,2229,家居,3d49a8190ff8abb6648cb2e48939d9ed2e58ea61db88069f91c01de7604ad0ed,retained
cnews:2230,2230,家居,598f49aea10fc5b2ef9e105a712b10caac4e9650fc38fc2c6081b98ac0d06bea,retained
cnews:2231,2231,家居,4b91604d557fd71bff32020f9d2fe442ec8654d5a79605860ea5d36e725f4317,retained
cnews:2232,2232,家居,d3673b5e5293a9cbb8a80696f959b7d0845aa590d359aeaa66db99fc1a1003fa,retained
cnews:2233,2233,家居,7b43e54de165a08df42d4f77db1dccd9e27313686f954ba48a090d5d7cd4f26b,retained
cnews:2234,2234,家居,18076becb33c05aadc4bf91100a04dcd8f13da8352d3b8b4628488ff183b3479,retained
cnews:2235,2235,家居,df842bfa22774fda65a4972b925581ac8675d5b06d02fa4ee8ba1d9499f61be8,retained
cnews:2236,2236,家居,2ab7fb7f2d22b32ae4ee8d1172589039796ca5d77887f3fd19a2f156170db1bb,retained
cnews:2237,2237,家居,bf335fe2e347c52b2d6c02da2acfe05ea055b851bfa05840e8d826d47c38c475,retained
cnews:2238,2238,家居,f54551f0af3574dc86750227b22d58f99d8ee46cccd5b145cde12dcd5bb3b77e,retained
cnews:2239,2239,家居,cd5bd790af366a0c0b74a5a6c3bc23ef9980aac064db3df5cd4979e898fce030,retained
cnews:2240,2240,家居,513ad824fbd2c2048e0aeaebf885cfa00b49645e275c1e764dda3b95bc6d749b,retained
cnews:2241,2241,家居,17190889a356cd6b9c27832bc0f534ce9262506d7e41696580f78403b5c13bf9,retained
cnews:2242,2242,家居,6a21f560a0ccb42036854604dbe711e143b8ccaaba71d64244476fe82a9cf70b,retained
cnews:2243,2243,家居,b1bb5e53339584df05ac52cccee258038eaa3bcb65a6ea773f66bc75163d4cea,retained
cnews:2244,2244,家居,30b29ffa764e1e8fc51637bebf9c13d44b21ad9f11bc527dd816fe47d459a8ba,retained
cnews:2245,2245,家居,0b1161a60859ebfe0011c3774638d3aba2d5ad52e4c34fcaa5310c7616a6855b,retained
cnews:2246,2246,家居,ef326e502c9fad050873b2a02f5a130a7c9ed1789895e9383282ae4e43ba7a7a,retained
cnews:2247,2247,家居,3dbfdd1065081706845580d588fa566463ce338898c3312a336797c4074f6272,retained
cnews:2248,2248,家居,67c5d80e777772bb317cbb5cda17d34c2939f034764beec0d37720ea3e3b06a6,retained
cnews:2249,2249,家居,97e2653ebe13477f4cbe3f39cdfc9b7b90a022086be64977034aeee670f6ad1b,retained
cnews:2250,2250,家居,52d757178b8ec21feb3d9106c368135cabe0c8ac89cca051a146f1396f7f5465,retained
cnews:2251,2251,家居,518c402af5421e4d51d1571bb0f052caeee92637e63627fa714a114f33c5274c,retained
cnews:2252,2252,家居,37c20b21d744ec1ac370420ede055f62c4c3cfb325c924b4ee1bf690a40d2ac2,retained
cnews:2253,2253,家居,e5ad8dd61fab6682bc0a3bd0597d4bceb3d795dcb0909f919faa9e5c5e461ef0,retained
cnews:2254,2254,家居,226a71d601c2ac0b4b3b5a030d2b735affbf3f5bb67259fd6887c29012a39c5b,retained
cnews:2255,2255,家居,ceb056db922c2186b59c984dc2fd7347cdd36d3d6915e3510ac7c4c9c7cd7c01,retained
cnews:2256,2256,家居,69140ea9dd94f28ae76fce3c16904b711d8402066c9b20d567f9d7740cb9084d,retained
cnews:2257,2257,家居,ed864c5f58ac17d94ef87e95d18a70e686a5f4a68af03cba767e46650e27253c,retained
cnews:2258,2258,家居,4113e6ae572472979cc6b67212e74e2fadf8ee896c9c2322b47b59e03777035c,retained
cnews:2259,2259,家居,0fedd129476dce3547b6b3fdc8af4dab15503a04b88d30c90f6f3a86eb807637,retained
cnews:2260,2260,家居,63312223ad265396db1fe118c45d02c2b4a97e8d4415ff6ec4a41bd83b641859,retained
cnews:2261,2261,家居,700f157862465255689f35aa0a0b89960d5f904d6b2370914edf3ecfff9b64c8,retained
cnews:2262,2262,家居,244e991b51638181c9d3a8ab4b8008a52989148ba8587ad2f967de5f3f69d33e,retained
cnews:2263,2263,家居,a88d8adef8d42a8cf63b5b459471e50aac9fd323eb978b58da681064c6da57b4,retained
cnews:2264,2264,家居,2606fca8fd1794c3e0a050cc96ea783ab8b5dcfb48d7313838d7b168ef61fc18,retained
cnews:2265,2265,家居,475182a7211732a1a2c44207d82ddbd70d78f743f002d4652166ce01fd0a0acb,retained
cnews:2266,2266,家居,a4262a03140f4827c3964674a9b8e3e18c2f9a66238dad41d01938e17279d656,retained
cnews:2267,2267,家居,90ed435a61f36859e121a54b39d7d2f297f1f11350f5e5f3a711340834ecdb80,retained
cnews:2268,2268,家居,3f1f7deeb1a60b862e81d23058189fe53dc1eb35224d393a4cf8dd95e449d441,retained
cnews:2269,2269,家居,aac9118d692e0406c3341c3bc892441acaa38287bb919b10eb4253327bbe429a,retained
cnews:2270,2270,家居,1779030c78d85ffcdd9606d0a7b47e4e2a5d0cf212c4e88bc77b05634911b451,retained
cnews:2271,2271,家居,bf1c6df473f4a0fe47d2550ebb3ec5c526375d46c2493cd56e7060b68b7ae318,retained
cnews:2272,2272,家居,46019cde142d7c01ff5a662817cfe283e6150534e5fa50651e6e875cca339d85,retained
cnews:2273,2273,家居,f626d0273b2b5435b1346bc0b74a9cf7f6446c2d213793ee7a5043e6c204b483,retained
cnews:2274,2274,家居,e5214bed346212d0ca8a455fca36a61ac201e322a51fddb5e902af3e2c34862d,retained
cnews:2275,2275,家居,a58de1d6597da9ac471ef29434e8f27bca5ad2bb61c4bf02a67352ff172cba7f,retained
cnews:2276,2276,家居,386180ff0b4ee9326d7b2b7de37b22c96555175b2d758069e541575ff2cc22a9,retained
cnews:2277,2277,家居,7f56abe4d8dd9e470913c56ca6ce428b359d7b469f400ff475da3e2659f921db,retained
cnews:2278,2278,家居,a042957c7d012cb87a66c95af20ef90748764e7edf1c32845e491f4d1fca0de8,retained
cnews:2279,2279,家居,1de684b20b4e39bc9d3a22dab0d14f2989342ec28c9815d35071e3c64a1bc6e9,retained
cnews:2280,2280,家居,e4b58fd92996584314f371c9bad6ba11b01dcbf3ba0105bf58fb39f22d79734b,retained
cnews:2281,2281,家居,6226efcd2173e09b23314b1fbf5d5cb1482cd8021d5d830b640c8f2dbde46a65,retained
cnews:2282,2282,家居,4d17f5224dc1db729111b56dd02534473091094d7044894536e318bf3f01ff02,retained
cnews:2283,2283,家居,53710f9a68dd32ec1ce18c5c3fe31980557c7500ef422f4df747ac42dd599845,retained
cnews:2284,2284,家居,5bae711bba7e9f0eeaafcd4b6ee14cdd9d90dd9bb6906578fbe473d436e951c5,retained
cnews:2285,2285,家居,e4f2b1dbcf5e38b22ceae36a66ad06ffcd8952ab0e8cee66d0e2db56b015fcef,retained
cnews:2286,2286,家居,228927bd57868459fd71e882de98a297ab98343f4c205a0ed0312e190ee1bca2,retained
cnews:2287,2287,家居,72012b50b14c77413abcd692d1a8b659b7d3847965b4ebbfd27651cb10a6eedc,retained
cnews:2288,2288,家居,341d995630870ece9816c2cd401df2e700ea5fbb63e7f92a505eae24f7f042a7,retained
cnews:2289,2289,家居,20e221e14d0b9acd9a359079067d9a6a7cbdcc9865a7344771ada6e4f9e9c325,retained
cnews:2290,2290,家居,03bc1318f7a2c9e9b80173afd9c32f0c35472886632a90dae84df2c2bcc15c22,retained
cnews:2291,2291,家居,c9a70f34c38e2031ad6dbf0c3952b85b507d69f372f6c7a36e226a9d75960eb1,retained
cnews:2292,2292,家居,98cab1d78ef7882d3d1d2cc57504848f37e22e1f50e4bbabfc88101e11e5e231,retained
cnews:2293,2293,家居,ef2820d412eac4078ccd15d52e7bdb92c0007b8bee1225c95b9a1c4789fdc2ac,retained
cnews:2294,2294,家居,5a7dedf26539574dfc3f7212bccf6bccdf1eaa4bc1259c05cf5aa64253bfc922,retained
cnews:2295,2295,家居,9612b0c7e6a24e8dce48fa91fd609fe0eb2bfafd25de14d01567b3c070c7e4ed,retained
cnews:2296,2296,家居,8d8cb63b051a2cb8994c6e705cc964dbc2b74b484edb101dc921e8d23a825822,retained
cnews:2297,2297,家居,dccdd903b3745db64a5ed080a8b35d11727c6f72c6b402636e7eea21d99254e5,retained
cnews:2298,2298,家居,81d9f389deffc9d1254b38b8d6eb2a566aef75911fd69d4a0614d52470aff7d2,retained
cnews:2299,2299,家居,15544ffe296d1154ec109744c384ad7e8a1416dc41befd0c2e1cb178afd58303,retained
cnews:2300,2300,家居,5c9be7e57daf0dc8eff8089c54a8ae4b64565f4d43607eb58c225643c2190737,retained
cnews:2301,2301,家居,812d120db6fef0e67e18e5017896dac7ad42a7482d54898f00b9cfbfadb02fe6,retained
cnews:2302,2302,家居,d4135a0d573ea9f9d3718ca6038c052d6b8c19d85834f8a74f57f0b945d46cda,retained
cnews:2303,2303,家居,116d01a8e913845477a806e9fee7170e47345e1b21274e0f820da957df2a641a,retained
cnews:2304,2304,家居,ece9cc53b61b9a064381d5b727bc5cff58bf618b2581a2f933cac781bb389fc3,retained
cnews:2305,2305,家居,3480791eb3352d6eda8a26c58ad44f577966cedfc086d77b0f5ff77c223c9ce6,retained
cnews:2306,2306,家居,9bcfbf81484af8df4379b0b85a9076c2a07e79705cb79ec51d7395c3032a4936,retained
cnews:2307,2307,家居,40cec09e44909d1bb0c83404041d455cb71f0f186a4d7c4532b3e2d3b0e0fbf0,retained
cnews:2308,2308,家居,9f74eb8ef7d0dc2579aa0c8eac244dbc7b46f672cc6f2341b7c2401ced1f1413,retained
cnews:2309,2309,家居,eecbbe9bad9c0690cb848eeeecd155c9d3af789b37f5a8d3ec4ebd99f987557b,retained
cnews:2310,2310,家居,5bb40d5716b6dff319813c65cac6fe73d654e888e0c04e2c21668b563b0be6c6,retained
cnews:2311,2311,家居,f3201e1a014783ede9efc41bcdab77177d0c01cdac5cebdafd23ded259b73439,retained
cnews:2312,2312,家居,dfa89cd7e7641bb0d5b99a2c6a84ee5875c4c03280b71a93654cd57af71ae852,retained
cnews:2313,2313,家居,8f3ffcf14c314246f2f8d088ee181104ae8d0dc4ffba85727500af4f8c2ee653,retained
cnews:2314,2314,家居,ddc363ec010c292d3ddfdd1330cbde1c0e795160ac7d41a8a96270adbcdec126,retained
cnews:2315,2315,家居,327c6f6a58e44d768db9bc82fbe3171a016cc2f70ade9e5ac89812c0798f5c76,retained
cnews:2316,2316,家居,bd5e8a43984907983358560029b86ee90f1668c8c2f8c46dee1af2b6ccea625e,retained
cnews:2317,2317,家居,a80706d1dd8c0106e87181917c223f66a10db4b744f7a49ad0c0aa5627e9d51c,retained
cnews:2318,2318,家居,6b0a22479a54868fd66bc1db6045b61d56360ba6782d9e333b40616a6ea6ca3a,retained
cnews:2319,2319,家居,1f1842373de32cd0f7d5b7abb88acb11678c070b8ba72167ca8963d9a19c2445,retained
cnews:2320,2320,家居,70f96df6d1f3b7d04b977b6ea162d43306c0e41e80bd6e5d4085a6e933110b46,retained
cnews:2321,2321,家居,5efa7734e2673c8c0d24acf01c6c52e7d20407675e718584c2dd936864abd908,retained
cnews:2322,2322,家居,79a0c27c9a0b33b31774520e637f71e4edf34b1dfdfdef170af2ba87295a8682,retained
cnews:2323,2323,家居,4c2fcd746534825b98b1a9a4cef34d712456eaee92a01beb0a96c237a6b78ce9,retained
cnews:2324,2324,家居,c9d3ad9233584cdc5fef8ae8b71db6af3ee4ff7a32c08ccdd75330ac0285a7ee,retained
cnews:2325,2325,家居,bef52a07998d19377d871fdd104ce7f20edfd4bd77142e68e08670302ceb6d1f,retained
cnews:2326,2326,家居,4f9d14ff09c181625cea7936d16bde712ede426121d4201fb8ae4552354a372f,retained
cnews:2327,2327,家居,6b0dcdff7f69f2b35f671fda654d5684265fcffd197234095994d0c546c4f794,retained
cnews:2328,2328,家居,9edcc8fb7bc04c459a86ed1f66b5bf4cb2edbf518b2bb778a34f601bf3b1b953,retained
cnews:2329,2329,家居,a52d07ec5f227963ebbc29075b38f5106040c9506ca92e0685716843b43e31a7,retained
cnews:2330,2330,家居,7c38afd69bc9a23e72f370d34f42e6bba88959a0825e2f0b4ff67ce77416ab39,retained
cnews:2331,2331,家居,761aa5bbc599e6b8f222e773081be9e11c6efd691d7c0ca738438fefe98ba326,retained
cnews:2332,2332,家居,e3ec8a6bc598687010060b5dd64a9a5d446435562a3c44a4f04d0996afd4e033,retained
cnews:2333,2333,家居,e8547f47a9bceac93fc0aff656437b7c7cb8900f6876ce55e4cb44e9c0daf645,retained
cnews:2334,2334,家居,14293d99a2c31c887eabb3ba2a46df985dae96834fdc78bc8d3e7bf295484b14,retained
cnews:2335,2335,家居,80e96534ab7c3159a69625cdf9f2ec32c6c819c9d42ab2f86f376f210c46c7d4,retained
cnews:2336,2336,家居,379bafeab6bac572decfc1fd8958895836653867ebccbf2e07d8b165c1ddab4c,retained
cnews:2337,2337,家居,9b4e41db6f081bae4b82cc93eb019a537d1dabcd903b4bfc42cdd121a5a81f1b,retained
cnews:2338,2338,家居,667ec4d8bc57876e982bf420adf9059a16376bf01291daa30f242b1b7a2ed755,retained
cnews:2339,2339,家居,ca7c7329b6f2a16f69c026f925bf53f2ad3fc999b45a12bd82ff0195f9a09916,retained
cnews:2340,2340,家居,d559976a0c18af99ba1c9e1b3a73b6121db728f89482cc2d26b721951f0f0b50,retained
cnews:2341,2341,家居,f32ae1d948a16dd8d974dbe6816c092b244ef0f1fc811cb451a2c01895881e72,retained
cnews:2342,2342,家居,1b2618964eba94b4ca15ff97cfd9166a0c53f85def8fcae2f569b4f9b4e5e00c,retained
cnews:2343,2343,家居,b9d0594c3b456936ef4e0e163a8459c2fa7404f44068cf7d1e9e2212121799e4,retained
cnews:2344,2344,家居,2fe65d68bb3a01500544a4e0758c023756b5d6cb674cdf783829d5403073b5e5,retained
cnews:2345,2345,家居,b1fe453fba854bcfe2f84bc9358e460092b869f71c967dd3344be06a278e6573,retained
cnews:2346,2346,家居,caa2cbcbb56890a8274801ac5fb42b1be8da47fefd1615b0e9d25600ca1ffab7,retained
cnews:2347,2347,家居,8b36e9920fc3cc338b6c6e953c5316e43b873a4c3891c6fb85d069daa93869a9,retained
cnews:2348,2348,家居,0c2860343c5f4be72867a5b6301c2907296002fa9e54bf19c8cde5231eff16c0,retained
cnews:2349,2349,家居,bedb17279809650e895a376f212db7e94a075a10a32caee46225f971f08e12a3,retained
cnews:2350,2350,家居,ad0880459fce367d89d2a1e3bec96244b56eb62af4ab01344b4923a3fcaf4620,retained
cnews:2351,2351,家居,fe0409aa1cd7c223c90d681f66499235356c2f36c87b6884a884673a0567408d,retained
cnews:2352,2352,家居,3d2076cc5f5cedccb5255e7446a4cc27005d51abc3c3b1bf6546716e5bda5efc,retained
cnews:2353,2353,家居,78469c94a4439882f7fc11eed5863471adc31b6778b51c14c056c699235f7bd8,retained
cnews:2354,2354,家居,c2f8d247da8fc8c0266c93f94b00e258501b0abb6617e7a61a828afdf0b65bdb,retained
cnews:2355,2355,家居,7082b44fec1e39d065f0c72a561d426c29c1a79dd2db249b5004974c2599f9f5,retained
cnews:2356,2356,家居,7312298a631b579dff840d6e079609b6704939abb72c2d2e5c280d7f827e622a,retained
cnews:2357,2357,家居,55eb312428ae8c9533594d23de7181171d5924f5327fbdee5cbf3b602c528110,retained
cnews:2358,2358,家居,b2797cf2063f8272bd1afa28d9a1d7655f4d9ab8d2a5a4e4b4c5e4d0cb03fd61,retained
cnews:2359,2359,家居,2573f6bfb737e86b83b62fc94bca8a551a33c11ff0168ef98ad943f546560053,retained
cnews:2360,2360,家居,4ed91edb89f2eb56f0bf7b38b1f4cc7f56eec2ad4530aa5dfe5ac4f35dd19759,retained
cnews:2361,2361,家居,1bae8b4dc5c245138b5df3dd7bdbb0d844ec4f1a82aa2718c4269fc18ca83312,retained
cnews:2362,2362,家居,a74d267949591520d56cddf16f34a18a1d61eddcbc81b75f77b94039d47335b4,retained
cnews:2363,2363,家居,366a43c487e06007fd3a06a25bf946591f132cf066e40b61c2dc3ef5e3f6b06e,retained
cnews:2364,2364,家居,366a43c487e06007fd3a06a25bf946591f132cf066e40b61c2dc3ef5e3f6b06e,duplicate
cnews:2365,2365,家居,327a02cbd54cdb404415205c3f6aa04c453216cd1a95f6c158ad1e013fca9474,retained
cnews:2366,2366,家居,f58a55e219ce7786f040d0d261941e9fa5cc001d8d5f83fbb67a8df34f8e230c,retained
cnews:2367,2367,家居,3401cec3e01ac176ab735e428e5f99e7a734694ca0c0b7c51482765718c642b2,retained
cnews:2368,2368,家居,94dacb39f766f068fbbbbc679e554a310b1710fe416ef4878196572a87ce572a,retained
cnews:2369,2369,家居,4b87c17a10d8fc3d5744b4de72c7bb4f649df0ab87af00a11be3eccf1b1ed9d9,retained
cnews:2370,2370,家居,1cac1ad77b899a76b80d49d3ae3971b3c08b8f6f2c2e71228036804dd55fe719,retained
cnews:2371,2371,家居,70d93da32423d3dad288843fd663afcefddd031721808d9b272ea5be5662e9ce,retained
cnews:2372,2372,家居,e6cef802c591e6a7c31ad933987065b146438d6c1f7514c210ff1fa228220dfc,retained
cnews:2373,2373,家居,db92da78f4a03863486c37718a645c4fc8e83ed510d911df5ca287485922e9ea,retained
cnews:2374,2374,家居,a2ba48da37bfdc628877112b217fcd7e3bf7e6b536e4db329d0b8b04981fede7,retained
cnews:2375,2375,家居,b10ae614a5a626db38d7be9dc2ec13f2ef376df2b8adeab6a74f256514388a5e,retained
cnews:2376,2376,家居,cb4ac14f5af5d3db0ad0441f68575b1667cd1164536779a7aa597bb2e94b84c6,retained
cnews:2377,2377,家居,1afb43571d6e69f0a776eeaf4841c75dea96b2fadb6bbb2eb3f6536e8c6d876d,retained
cnews:2378,2378,家居,3205075ca8bf5348cfd5164f1134bcae50e70de96ab8bcea957e368f197fb2b0,retained
cnews:2379,2379,家居,3601840e92344bedc365fa7d82db6184ef5438c8c0afa84b04cccf476b94604f,retained
cnews:2380,2380,家居,05dd695d6769a7c085aca84acb095f23c9ae41180fd640178eb242909f0989a1,retained
cnews:2381,2381,家居,3bd39fef2abd6620ee1acfaebf5a345c811da8170d4ffd43672c7da84db333a2,retained
cnews:2382,2382,家居,777fd0c8483bb583b59000162497fa74126fe2d8f736ed4904151e67b3be1e50,retained
cnews:2383,2383,家居,a488be4f8cbb6c14506828826b2cef5deab36f3220a3742a231044928bfd4255,retained
cnews:2384,2384,家居,13968018e048f4daa94648ca93b8b4d7cb152ccc005f4478e988c0642c4e2dc1,retained
cnews:2385,2385,家居,ded20c7a815d89e0b1e43c4f4056d262ccaf536c8583dc5b28d1fad5903db114,retained
cnews:2386,2386,家居,98fa2b077f11e896f99b0fbd25f7131864004b3e45bbe331c3a08e2b7820685d,retained
cnews:2387,2387,家居,eed9fca04cb2cfd1e3dd1a42530529f0241d589d9670a992ae3ea9b2ada88002,retained
cnews:2388,2388,家居,47b16242884e5377f23604f52b4eee8f5424ef5e77640ea2bcebb743852ca786,retained
cnews:2389,2389,家居,0b17b482ed78ce6e312aa7f632a9ef8373b0e5c72c68e95ab2dc6de9cb1b1524,retained
cnews:2390,2390,家居,9ae396ccc1681a524f3144665a2becac16210be183d39f9f4263e97db0be6633,retained
cnews:2391,2391,家居,e9de37f72f80e96fc48f1baea3f8f0aea5c76440cfd7138a9ee33ae60d993a63,retained
cnews:2392,2392,家居,cd2a7ed87e700b97ca023e4d1483bc22accbda14ab76d487cbb5d45319d035ab,retained
cnews:2393,2393,家居,ab71ef56360e28616838ec18d46cbb0e58d18779c4118be9d1cdb6963af11b2d,retained
cnews:2394,2394,家居,9a46b94f9d0a325ccd626f77b901611cb923d211d147282b3e8bb9d1deb4a039,retained
cnews:2395,2395,家居,ad8d7fc8e4354dc37e91e1e3a47715a6425ae0f72a929fe0252c955932d23477,retained
cnews:2396,2396,家居,4e43b8e57754d388dfe519751d353200f64337dd34d3a50a51fbc4f61f12159d,retained
cnews:2397,2397,家居,23be6c984205727eaa7c8e9958bdfb50a0257dc574ff5013868a25790c061a26,retained
cnews:2398,2398,家居,64fd22f3ef49d506ea56f313913e506b564cbc9cc90c9b50ccba0e6d71177505,retained
cnews:2399,2399,家居,af9314b11a66b648970f150d41bc0a2a2b158479c5cb275f160363e7bb5a10f5,retained
cnews:2400,2400,家居,3b467d1abb773fc811853ca9c8a1e65c510bdba55589080e1b432ed10996e0d5,retained
cnews:2401,2401,家居,3e496cf49ead241e04206ee21776b478d6fa617aab6b4cc64e2a56cd0f286656,retained
cnews:2402,2402,家居,93848a7b18d8fc3dedf4e7e4f1da380215289f121cdc9adfdc8361f76290b210,retained
cnews:2403,2403,家居,078ff173276ba107d6af73fead8e5d8ae367ca3ac23744f3737b6e2cc8a3cdd7,retained
cnews:2404,2404,家居,440931be0473e42d2053f8ddbee816f1fd81fc7b72e05f268ae37b7354fca216,retained
cnews:2405,2405,家居,a5b93586a72ea6c8b4e9270d70fa83814c0b14d62c8f0122e5bc579c7e8f31a5,retained
cnews:2406,2406,家居,e407f12fe1c5ce17731098f15e80876e185083659160d4c0fa137e11ef7d0549,retained
cnews:2407,2407,家居,1b32e93d7c33aff946864e74aff6a11600dbb6c732b452ae4b1426ee113d7e2e,retained
cnews:2408,2408,家居,8c0afd860be133b62c6b6a23beedd8ea08f8601937061861c0aa928cf68d7d4b,retained
cnews:2409,2409,家居,76a4d263bb1fa3b799df9d18c189eb7fe483ab1365cecfd46c36d640f8b3e131,retained
cnews:2410,2410,家居,cc20cb4fd5fce3a2b9d433f6b13b914a9c125d10ba88d529c34a41c3fae6ecda,retained
cnews:2411,2411,家居,7fefbb42a47c056323a074282acf7813eb7074150b982281e4b557c2eaffe244,retained
cnews:2412,2412,家居,4c2f060421c7ea45b8a205ea52485b258e4a11dc38f5250d32983f7b4297a496,retained
cnews:2413,2413,家居,0faee2bfa942dd764c54beda95c51dab4d4f53091d604f42b100ac3d7dc31bf8,retained
cnews:2414,2414,家居,8081a7db16078b560d15fd5f8db4ba6913f421590f5ba1df86875e030c965404,retained
cnews:2415,2415,家居,5fdce6f398a959bd7ed6c2480be2a46468f338fe5197ec684d0b7eea2727ae8d,retained
cnews:2416,2416,家居,569d4e9dd0bd60ecce2705c6acff1fdf0cb5d76651f37b52a87c4741e5f3b0b7,retained
cnews:2417,2417,家居,eae5ef40ab7e984a7ab37f8be1ea51ff822b0bc72a4f3aedf80baf8ce8e977ab,retained
cnews:2418,2418,家居,86a98a6d181f6e082096e5a24fd277c46217da21c952ce5a4b29ec0c93400dee,retained
cnews:2419,2419,家居,5080a768b981862aa03fcf7a0cc6aca7991a87684b89ceeba36a9c8475fd665e,retained
cnews:2420,2420,家居,d38d48131b0da46a2a8b99bb96f03221eefc0458ee36d2b1f3c2ca03e0601771,retained
cnews:2421,2421,家居,b03f422bc6400957b7b10bc9281f7b2ac8cb863e79f659df97b3dd5d34891275,retained
cnews:2422,2422,家居,78c25ae45e38c138cab290321f2dca074bb846d2b32c18401360fa4beea2c8da,retained
cnews:2423,2423,家居,a8b733652a8de226510794428f7125d1920e2f002e6bd3cd33c8f9b71275e3a4,retained
cnews:2424,2424,家居,15b7df599731652d502b4dd21209d43c0754134e0ac303b1219e036a4d37ac88,retained
cnews:2425,2425,家居,21951eb3899750801382b006978ed9c458c1cd058b9c453e6b2c19888a3bdae7,retained
cnews:2426,2426,家居,b09d288a3a21dd3b2bdd1a9eba98660ac844fe5751125cd9c41a95ccd8007195,retained
cnews:2427,2427,家居,dc6f8410de87705fb49c8e502e82806de7b043838ed772cea2dba8886ea6b785,retained
cnews:2428,2428,家居,7320056b1a8e12c1700fbb568d6ba2b1f198ca80a5361297c0201dd5a6786215,retained
cnews:2429,2429,家居,55ea4ac7486e7ad5adad566f5af43ab70854d0c08341802a08d17144e37de719,retained
cnews:2430,2430,家居,2e69873ce43df7c7827115fbad87e626553380246cf08f7a132bcdd602e4a544,retained
cnews:2431,2431,家居,1a826e163907cb5acb01566193f8105be47c5f3fa84d7faeabff618ebbf54270,retained
cnews:2432,2432,家居,be3f32cf501028aa54f0f009935dfa90c36d3d9582706f0aab5dc5f035118c56,retained
cnews:2433,2433,家居,3ee9b1463dbb9a09bcafa8bf84ff25992863c2234185873afe89de6a77744b0c,retained
cnews:2434,2434,家居,0ce7195c7d3ba9a7c456dce7150ece377331f96ea3d6db9a809abbcb626a9c95,retained
cnews:2435,2435,家居,847c6bf16000b44abdf39f889ce141f3fe3100de186d72b459eae87e4cd1f240,retained
cnews:2436,2436,家居,1ce71029d2ad5fb5e15c7072e80118172a1d3252bd3a69c6240d95f24001e73a,retained
cnews:2437,2437,家居,d3e5bd70d5b6d576eab87cf33494306c6f3e3ab113f63b38de45e42685c86c71,retained
cnews:2438,2438,家居,0a114d02d17b6fe9dd4e5fe769565aef56304be40de86d0bdf9c6c667639abd2,retained
cnews:2439,2439,家居,239ee0df57923bcb35d023b1a0cefab13a79a04a84a0d3c35dc52893a1c11991,retained
cnews:2440,2440,家居,52a525562aa011adef6788144a611575953e58099f431c7ca22580516f67d110,retained
cnews:2441,2441,家居,15719a454cda03ee30dcff8abe1297fa67490fd288cb527dd96cccb1d7de239b,retained
cnews:2442,2442,家居,bd8c7045473d5091e1b827fa7b80a252ad42686624670656717e90ab7914e2b9,retained
cnews:2443,2443,家居,52149d3c2bc6f932020f8e144c2e4fed1858c98c4af0d8fa8deebfaf62f99c05,retained
cnews:2444,2444,家居,14ebf4fbba6e0f7507f842a048a0b8cbc0e5459eabc3dd531f995e5527ed6a2d,retained
cnews:2445,2445,家居,a939c3d1cc6ebc7f3b1e7eed336970b5997370a7cfab5f0e9740aa189242001f,retained
cnews:2446,2446,家居,433d777e259d09207b25e9dfb0607001e51602ead3b46c596eca3e8247f6d1a8,retained
cnews:2447,2447,家居,9084dc8f630c883174f95c2470efda03a165850840def91a0cd78f9e679cc366,retained
cnews:2448,2448,家居,ff9a25f05e8fe81c2c588d0e3afffdf5ef7e650df6f6cb53667a2a047b044f1a,retained
cnews:2449,2449,家居,780b1b1bf193fac5a827e10ac285fbd3f27af31b5f299bc03b6bee4f8f637987,retained
cnews:2450,2450,家居,aa0a83836dea0262fe39dc64ce2f5edfb5204146e1c9f11d3315f434be597462,retained
cnews:2451,2451,家居,9f4c94f23d6a2efeed2cf708e7ff3241bff3cf6b87f519367919cbcda4e7c696,retained
cnews:2452,2452,家居,bcc0da08fbaaeb52b82f75f074be2cf7d718605adafaf343580f252562791e52,retained
cnews:2453,2453,家居,08e7886c361bfa8753495afae2b874de6f7ec284d1e6094795b5a2387678746f,retained
cnews:2454,2454,家居,97fde74b3f3c2686e0f21a13967cb9378dd87d2aba09f59c0fcc426ada449afe,retained
cnews:2455,2455,家居,100df6a3a5be8b102381ccaccc35e27bc764659e6702aab55eebb3f232a7ae83,retained
cnews:2456,2456,家居,70826d9aa50ed288b0a0e5dba69f32037fbae4809ef6790f584b409aec908e9c,retained
cnews:2457,2457,家居,2e74a746931d0b3fe6234d3d46891e64459210920e40aa5051d5c1f4b6132853,retained
cnews:2458,2458,家居,dd0adf5103f07240fe554ce766ac40c49d6f3f6c52e7b6e5fdc7fac12168e40b,retained
cnews:2459,2459,家居,e3c854d72cfa9c2df2c850bb18d192b97375782ab8c92675d5584f97143a556c,retained
cnews:2460,2460,家居,de6f1aa4c733f9ed902d9186804ed54270deb20d57349183136d59ef057b6085,retained
cnews:2461,2461,家居,cb75cf0925cb62211baea9e3ec19e3b9f8843e88c072d55220d3d3c446a016a3,retained
cnews:2462,2462,家居,8e21e09cd4cb66782df1b74a429e95549766fc1db7eb7a4ff59af68256af006f,retained
cnews:2463,2463,家居,cf3d5ff9fb8d57033ba52115d25fe744e99f01416dfc4c2dae906aa972753e88,retained
cnews:2464,2464,家居,728db048282eb4ba5240360dd9bdeec15292f9b6c6c2fd50d41499e88b860a40,retained
cnews:2465,2465,家居,0733b57603831d0bc0081033bc6dbd26dd23f5917b0c31d3beaf5556dc74fd1c,retained
cnews:2466,2466,家居,7461025a2c2cd70c5d1447eca3335ec12cc8465881d84c7268a06da275ec784e,retained
cnews:2467,2467,家居,4beab57a4f9e930595e90a9e419fd8d370b10ed767b8bfba44208bf9eef05c27,retained
cnews:2468,2468,家居,5e87f5e14633f4496f31212ae1314838e3ac747251cf6359a8f2b8756943a736,retained
cnews:2469,2469,家居,971ccc0a391d35428b34011fb65769f163d245eea67c8c537905d590407ac2dd,retained
cnews:2470,2470,家居,d4cd9e579e9c36bd4be4a5e5da00b6bd4cbff123d22578f051ab22c820f89583,retained
cnews:2471,2471,家居,6f3212454af38b6b8d83981703a408467538ed490c5315e33bee44f96e54d5e5,retained
cnews:2472,2472,家居,ef265aa0caf17d687a1cb7038e2546fb234056121bc0b2986b333912e79e7989,retained
cnews:2473,2473,家居,333ae1ac2fb844c1f1497cc989c63f1e9e7399438245a8c25e162321ce271add,retained
cnews:2474,2474,家居,1736e26d3f50d8ae7fa775b3dfd9d0d3ba60a4f79c8f93bfd52e2471b83bd47e,retained
cnews:2475,2475,家居,0312bb00eb1b21d9ad803a34e0edf0e7ea047efbd32a91d266266bfa4a377d63,retained
cnews:2476,2476,家居,c5cf0eebbebfd9013dc129ec6c6d4a8e7e32402bc6bd803f9ec91c2800df5d6d,retained
cnews:2477,2477,家居,0b644f7f95016fbc7bf2f6d157ebbafa5163ac3b30f347aadc2b7d4f2781cd13,retained
cnews:2478,2478,家居,4500cf36e8eb578a6f3b08ab6d7ae343947f8f18b312bd92647532b4a5cbdbff,retained
cnews:2479,2479,家居,193482fdacdf2dcf0deea51763bd60962e7021049ec6d264118c6d8369e2ec4a,retained
cnews:2480,2480,家居,83233628f6a46b244816bddfc99a2632507a008ddaa8590528d79940ca96a106,retained
cnews:2481,2481,家居,8c9e1e93843a33bac2325bfb52972e341c064eb99f26b64b377ea55c0807e4e9,retained
cnews:2482,2482,家居,542650268e108f918218dbe465b06499dc463a0a9a9320fbbe46cb656f0ecd65,retained
cnews:2483,2483,家居,4866e6ce064626cb0c913cf0a2dd265187bc9814a31744e9c5c53e702a13befc,retained
cnews:2484,2484,家居,98424a7844a6b1ef3928b95da0c350101fdb8fd1d20fdd57cf455b10c1676f29,short
cnews:2485,2485,家居,593e0cf57dbc0d2eac4f6adf2a8d078fec90a6213543cd9d5b841c6dfde0380e,retained
cnews:2486,2486,家居,8d1f39462a32f8cb521d1f2d8c87876dbc024c0b657ee35bcdac97c12d8100e8,retained
cnews:2487,2487,家居,6d94b7db6668cef613825e7eff46d0d79426772a3118a9a4e9f3e2f9739fb8e2,retained
cnews:2488,2488,家居,9eab0757385fe06a6f0013b10fb8025413b9e73d811763ade5eb5d1606eb2b92,retained
cnews:2489,2489,家居,f1e89e58db2fdf0270fa34e1a5e74fab2fe77fef57b6a182e3970798c318e7f9,retained
cnews:2490,2490,家居,a0c1a272c47bc401b8a0c8c4cb8ef81173ac14e99ebac52ac97e5ed211e809c5,retained
cnews:2491,2491,家居,149e1898859394a0850dbbc6121a83c1fab864d9d6f178b1a85dd9308eb018e9,retained
cnews:2492,2492,家居,3cf3cc5f3ba7eb32eccc87086c4e61a6cfe803b121c69013b4ece4b3a54c9af1,retained
cnews:2493,2493,家居,d168bc222b93c258d7b1ced7c9211dc606fa1dd17baa554afb8d8a8ee9c026dc,retained
cnews:2494,2494,家居,586fdd52b8890ec388678bf200b52b3d348938a30146acd6891ea337075c043a,retained
cnews:2495,2495,家居,c120878b49985e4d11c86e2104f05a449375eb6d89978f915e3c6df2a56f4b88,retained
cnews:2496,2496,家居,65df5f36e75d151ff4956c24c1f1abe04121accd2b757b779cd3c9ea8c5b13a2,retained
cnews:2497,2497,家居,46379618459db445fcbb2a28a63835b328ea62ec87093921c35625112963d95f,retained
cnews:2498,2498,家居,d9dde590c57e3622f62f4df39687c469cb42e58808c6d5dad1da2b66360fa431,retained
cnews:2499,2499,家居,60e63f6ba9a22482a31652413831b3c9e282fe100617c40963ddc4b570237c3a,retained
cnews:2500,2500,家居,704b8bba2be79212ad1f21ad1014b455d5bcea48387f591bfac2e27b0eea0ee4,retained
cnews:2501,2501,家居,e75d47ec3df6c428f7510fa46368af48480aabcc9be02aae5c26be56e3ed9739,retained
cnews:2502,2502,家居,045f324e42670817125bb7fae1e40e9ddd6425d8da1ba318e832185d3d0fe509,retained
cnews:2503,2503,家居,ee67cfa44786a7fd579718e9dda58fa70ca2b189b62018c4c2effefeb99df768,retained
cnews:2504,2504,家居,753742949d4c2909a1aeacc6f58040fb748f05c65ac8738af450f0f587abe1a2,retained
cnews:2505,2505,家居,502a86e077cd503db7bbd17f84b08f3a4f67aa5296b349347f09969df8ac5506,retained
cnews:2506,2506,家居,1a0ba61b511bbf408343c44445665c33f5403a1ec7996f5d11a310c27cfe431b,retained
cnews:2507,2507,家居,5172c02678976dd1f79969537ed4b34adc0f650b429849e2b06a9e23fc74973f,retained
cnews:2508,2508,家居,fa49b1fb0ea0b8330b71bcd33349038d7be76d1375cce807884e3c01fd6972f1,retained
cnews:2509,2509,家居,5407e25431d0b38d29e2a999a96873d3682ddfa851c5f33cc9a1762acac120f0,retained
cnews:2510,2510,家居,e016b96813d856b95d09bdc0ad3d8757823fad8b540056854d707bff7791d432,retained
cnews:2511,2511,家居,9f5c31cd6415fa740d8d82d56e3c0af6fac0d40856fd7886c5abea1df0640ef7,retained
cnews:2512,2512,家居,7da7dd3e9d3c0e1a9691d7e2c90fa9f6ec748a636c5f601843ffa1d1fdade3b5,retained
cnews:2513,2513,家居,449d5aaa1bc1da0265c0f50bdea77fed4cb393d8ea916d9046576805c79b682b,retained
cnews:2514,2514,家居,e02216ca4fb8cb4111078b05e3390b607ad651a7ac22260608ac04c68d57c800,retained
cnews:2515,2515,家居,56b93fdf9e6372619ad81536e446211be7fb3e8fc50b50509d56405583b468de,retained
cnews:2516,2516,家居,ba0385a95a6e169a40a7e4bffd10311372c6ebb6b26458ec4520880b57a1188e,retained
cnews:2517,2517,家居,5216f936dacae811036860553dd067120f1a8b575c30dfe786eea5b0454f8555,retained
cnews:2518,2518,家居,2e4d3a722aa693c04ab0f9c8be7c17f8fd2758917319831d493f9bff78d616ff,retained
cnews:2519,2519,家居,504c493ce51249ba3bb9d84b24ad59bfe4dd68d370cb926532bf1a19461d75a9,retained
cnews:2520,2520,家居,cff09975cf618cd7b4e80ee1693068408a08c72a178fe7d03daf9fd9f5afec96,retained
cnews:2521,2521,家居,2cea54be53cccb6aeee99dc0776440ef955ef2e9d88405074c590d21ef885940,retained
cnews:2522,2522,家居,d3b1df94723397db0573be8fc74ab62fd3638cc3a974709df78c86e3fc00402e,retained
cnews:2523,2523,家居,d1572afdb87c206523f900cd894278413b5189f924716a74f13246f59e5b0d80,retained
cnews:2524,2524,家居,506eebe77b1987effe4309338f7ad1a39ff447bc1188325eb15d561120ee0972,retained
cnews:2525,2525,家居,ac7790dff6f9697034f34bf282097a3a1c1763620a2c3471a0e6a36345733146,retained
cnews:2526,2526,家居,024f61fd5f81f116cad0fa36dc50c4f6674391e7b9d80d832911d09997c302ac,retained
cnews:2527,2527,家居,0f526b1bb5beba9ed573811ad5c6d4cf50f20ea1cd9cd121c5b063999715cbe9,retained
cnews:2528,2528,家居,cfafe340d61046697c2030a4e40375812b4114428843558838399b36b3647e11,retained
cnews:2529,2529,家居,30582fb667b030df7c5748dff6b8dc3c2203e62ae0dcb2234c6d36e8e2b278fe,retained
cnews:2530,2530,家居,e569de4bfb1489ec4014cc2f0caa9b96d64124938201eb75889cf34db6f484c0,retained
cnews:2531,2531,家居,cc9e6ade782677bb8a79d96bcf9f09c837249bdecc1bab52a70b908ba552ee7a,retained
cnews:2532,2532,家居,2593bbcdfdf32d4cc40886552ef3af3ce1224aef9dc52db58a11f6f1cfdeeceb,retained
cnews:2533,2533,家居,4fcacbfea55be0bc2af71da4681cb3065814fb2dfbc987907754046007607acf,retained
cnews:2534,2534,家居,1c61d4103d38c41e2f35c42e6057007cddf2c825b6544d2c703bc426c35ba534,retained
cnews:2535,2535,家居,1368792bf10c98ea5e4aa49b1401194445abef3f17910a110fa9c1c886e593b7,retained
cnews:2536,2536,家居,a9d997bca6b323008d0e83336cb8eb326eded3f2853d7f8e5c6d43858922f824,retained
cnews:2537,2537,家居,ea1d4a883806bd70f25f20fc6b408bc8f3cbd78e5346514f1bee64fd6755f4e0,retained
cnews:2538,2538,家居,0cd242f486358bdd2cd6f2a71ac68e1bd55bf777ebc378b0428e0156b632c416,retained
cnews:2539,2539,家居,0f3ef9364535d82b8f1ffd6ca34c9bdab28335ef8091eee6de307c1fdf3c0dd3,retained
cnews:2540,2540,家居,a2b1baaabab1e97d89b6c9147f8f3195650d52e85fc23d0bc063ba7bc16a4d16,retained
cnews:2541,2541,家居,d8b69583785d72c43403ba26b96a8fcc82d19a3579fb7e2db5d4c38f3aded3e5,retained
cnews:2542,2542,家居,ca1733078eb3c17e465aad88138183f0c9c2092cfaa1a02f4aabebfd8ea58536,retained
cnews:2543,2543,家居,f4ed3766953f16040c7f385e8b890b80a1ce3c3728530241c919f913ca6561dc,retained
cnews:2544,2544,家居,58078f5fcfc95b32eeb141f82e307b52e6f17941cb0057967728384da0399939,retained
cnews:2545,2545,家居,8aad2dfeb447a14f38502bda5ab4e11dfbf2939220b597b18b53c81c10782e3a,retained
cnews:2546,2546,家居,7e83f6e3c8a834e54003a614b2186004750349d993ce1ae9a8343c21da55032e,retained
cnews:2547,2547,家居,ee0a1c2eea25ddf1a3fdec39515386e014bc08f98055c27802e16494d608c0c4,retained
cnews:2548,2548,家居,8e9c37dbee21e8b1d159aeb9c0cf8ff67228e2b9705f87105ca41c38699ea0b0,retained
cnews:2549,2549,家居,63d1b4cc2a90da5e8daa1fd21a2385e7e14086bca0ecc4471575748c3ded0feb,retained
cnews:2550,2550,家居,183945d193ecda2edaeb9aab2d4781c830e2cdda67077b1c06ac6788cc71f781,retained
cnews:2551,2551,家居,609f3645013a9bfd88def7d77b3913b30362ba8f63b63b00ba3b43145cfe1822,retained
cnews:2552,2552,家居,ae4e72e4fb3ab32585e880b9df1a9a89ec892932375587550abf083bcde76952,retained
cnews:2553,2553,家居,7be8e4965d8d3bd303c48d603ba6ea92e16427fb0bfccf97e83389f7e49bc89d,retained
cnews:2554,2554,家居,3e1f7bc3ce9b95b8006f09a72aec577df2aef9862ccd7b3f952d9cf83b00687f,retained
cnews:2555,2555,家居,0cf173ddb4a60132996869bdafbc02d4e20e41304ed29ddd53f70e29ba603cae,retained
cnews:2556,2556,家居,f689d5399b5c3df57be7b526c32a74586b2f67930d1c83d7b5463c84e358c3be,retained
cnews:2557,2557,家居,a0c8a90ab87f2def77b2f592de532c352810176f47ad1173b9950c2248538e64,retained
cnews:2558,2558,家居,87b2bb127d3b6f66ce7cad4bc7edc7d434f54944101eb273c5d4b750f1e01362,retained
cnews:2559,2559,家居,322cf3fb6e14150b30472ca6f673fc27bcb4d89c6f52cb655bab6634bca816ae,retained
cnews:2560,2560,家居,c18acdc07411a16bb4ba08db4d9dfa4cf5a3bf95992dba54ef9244685f16a6e1,retained
cnews:2561,2561,家居,8c79af44edfe0530eb010b6f097ef668201fbb3b14e999f418dc0d02721775ca,retained
cnews:2562,2562,家居,4c0824d9c81bdc76769e61c1f1a281bfede333c3794eb0568d1e41a49487cb77,retained
cnews:2563,2563,家居,58afe1a6ad20a917322bcf8a95533b5473070a230f90d0d1120222eb990fdf37,retained
cnews:2564,2564,家居,9da275bfd1f4cff9c29d4ebbf50fabedbd261d018ab68ef4e34edd897b7e10d8,retained
cnews:2565,2565,家居,9832c464c1d9ae5a8ba8f5c90f61f806ce0f043955cf09a005bb91437ee6e5e0,retained
cnews:2566,2566,家居,2e04983fbbdc25bea4ec279ed3e4710ec443ccf78fbde4857ce068c7820a8f17,retained
cnews:2567,2567,家居,8e64be4c7dee4e519dd5c24aada749ea68c6baa92f3f7a68243101f412b48ddc,retained
cnews:2568,2568,家居,2f65a12e677f8d590d8ff2f975ae234e53f74bdc063c6317c7c73b6094c0b383,retained
cnews:2569,2569,家居,eb9de92856e362a9f3501aeba931c476624157fe69aa9c2df3d0c7a9c0f4a82c,retained
cnews:2570,2570,家居,0695f1a18f797a05b2b07dd71271d064cc7f7ae496e91ee16830160783ff2b9e,retained
cnews:2571,2571,家居,bdb3e0917112f33260a12b6461664a6755e10d4a68bc736fab2c1dcf6faa5fdb,retained
cnews:2572,2572,家居,75ffd5c447b19ab50fa1dc944723d23dca3e3548406e09a551348ba892b573eb,retained
cnews:2573,2573,家居,ecb25db0ed1f42c9522631506768fb8b07118546f9753a579e8a3cd0a12bb5b5,retained
cnews:2574,2574,家居,bcf3409897c4a2700dfdda18ceb5ee164ce2b4310cad946661151b0baef82ce6,retained
cnews:2575,2575,家居,6f0236128792dec3187d0a01849d67a9db18b01726c5072c58da0efb88627018,retained
cnews:2576,2576,家居,ed2f01a986772a0a29d963e1d57978d82ba15fdc8c337077af02de03f30b9c75,retained
cnews:2577,2577,家居,754a22e5ab9fe019da924ac3033712e4b08b4e5e921e85020142e83d164935f5,retained
cnews:2578,2578,家居,528821c864c2dad87df2462c730dd8ef691a1fb92cc4c9b0c66f60fdde91cdac,retained
cnews:2579,2579,家居,0ecb9369247d9e6ac729e0e533c5590e92a1ddb5dd55e6c9e79014b6476168f7,retained
cnews:2580,2580,家居,805c253325265f61c351822c408296d7c5fd01adad3d84907375c31ce5031f4c,retained
cnews:2581,2581,家居,0c8859986d49b51e0b465d5cab2a6299928dc5535ecbd6b5f730cba70ba0fe9f,retained
cnews:2582,2582,家居,7e36c9253f775f12bca1817d11a398b3d6a8247817047d3f71bfd44e981a579c,retained
cnews:2583,2583,家居,98c74062dca4a7d632cf6c1d28ace5a2d9cfd167ec09760c6d7fd6514d5d63d9,retained
cnews:2584,2584,家居,ee1e32cb76ce71650b334cc2f613378c324f4c2d8b27772ef57bbb3c1f7a6286,retained
cnews:2585,2585,家居,d91222bc03d88d9574a3b0909835296cc5c8993797a8472662d0861a2a2a5762,retained
cnews:2586,2586,家居,1228db7b709ed8bfba648a61689284179b3e1d270ca6542b296c99ce09e1483a,retained
cnews:2587,2587,家居,7f582819640bf36e9b61fe64d8f6a64d560795bf05bb738e76b7a998ee463744,retained
cnews:2588,2588,家居,98780b7d42c56ab3a7c201a77795f1db56e30958c9518bf5466ef5208558b266,retained
cnews:2589,2589,家居,fe39525c9e1c4a27348d4829bec49cbb8cf62dc097242f70b71f9aacd69d883f,retained
cnews:2590,2590,家居,0c3fa0769cee45eff5a93d9cd142c4a9a81e2101a6c66cd4705b8da56785d53e,retained
cnews:2591,2591,家居,4e53cc80823d888a4597758d2361da62e181ad51ee82ea4311d8d44d13a39c18,retained
cnews:2592,2592,家居,706967ff37b73b42478ecd7ac50c50654f8b91201bc8d973531bd023084eacde,retained
cnews:2593,2593,家居,ebc8dedc97711fcd0b7189a001faeda0b111d14564d4285be92f99e381788d26,retained
cnews:2594,2594,家居,902044f21262a4d4700d4c8c07415ba897f0a6a22965f7417fb875e28355aa61,retained
cnews:2595,2595,家居,8a3eddf1c0867bd36f28fbe4993d6f688cde3a85f93b951d9612daed88afcc7b,retained
cnews:2596,2596,家居,02d2d401aeaa63e0a4a3c4f901fbc7dfae95b736bbbeff65d5a785367c0d1a17,retained
cnews:2597,2597,家居,9d072f9b53418f4010928d048f33355136e471eef3af8f96ea1ea5fcf9d64755,retained
cnews:2598,2598,家居,c3418ddc641dc44577eccd76f2a6ebbc47f9739fced049f4a8b896a24ccfac45,retained
cnews:2599,2599,家居,45922208e84cae15e4b883ed77f699923c6b901b508fd31f226b58f165476b15,retained
cnews:2600,2600,家居,4f0258c553117b92d229f180e05058ccd178e1a95428b538cbc01b2d5e1d79e7,retained
cnews:2601,2601,家居,41e810c65787d46e097a8c564868839ee2b51065d52dec4710801e2dc52f08e9,retained
cnews:2602,2602,家居,fac6bcf8ecca5ec0db62af5211dfd41762dc0eae416ef7db5205dfba6a3990b6,retained
cnews:2603,2603,家居,68b524c1f9429c40909ce801a6ce6b23b65b241446dae388419527c1092efac2,retained
cnews:2604,2604,家居,aeca2e23d0efd48f4155785752b0962c1a9804ce07db0f651b55fa4475e3b503,retained
cnews:2605,2605,家居,168c019293a1001ec4d1b67dc5f2933712ccb6b4be5428ff3809de89f9fc1878,retained
cnews:2606,2606,家居,a6e8f69d09457e5ccf9c20c2591c8c4560e5c52afb4a3aa2ebcb065a6f64c535,retained
cnews:2607,2607,家居,8afb4f26b29f19ea99544f8d0ef165e86d614ac02d6548f92c9dd00a0bcc9c4d,retained
cnews:2608,2608,家居,fddddff0c669d904a2a1e8245f9800710044b76faff4c19c490103f8466159b3,retained
cnews:2609,2609,家居,5925eb8f8c7c071f966f0b3210a51e6ca1c2b73ffbbb2d83188efff5146f5ed3,retained
cnews:2610,2610,家居,4f6311a1f17cca86071feb8b127518b08c05faf4d146742a54bea3a5d6c8680d,retained
cnews:2611,2611,家居,438c2a862fce91a45be2dbd363f523d59363fc1e0db70c65b06568486558fc99,retained
cnews:2612,2612,家居,10a95f1afa5846c8557ac14fabd818400e0e722476574c23c39948af78958518,retained
cnews:2613,2613,家居,fbbaa761b80ad49ef4dce2e3eba307e7f7dc3b3d12716f0a0c777ccb11c7d237,retained
cnews:2614,2614,家居,1f099cf0cc84133ccb7e071c9284132242ac07f38b19c6f1d0c1ee9cef451dec,retained
cnews:2615,2615,家居,362fb19149ed0271815feb1f8fc6d903f16478164d80311252edef854f9ab166,retained
cnews:2616,2616,家居,8a47e1eb95f04ebd7c7c42ba57a2c89bed9e5f8eb58cad767dd39c5fc4493f4e,retained
cnews:2617,2617,家居,f1ea87e3540bf83d65f967f6e1a4a605f32615cbccb0af677d33b75c7e7b42c5,retained
cnews:2618,2618,家居,b7bb4625c56999d140f0640f9b31bf464eb58f0417a9663b5f50311ad64f6704,retained
cnews:2619,2619,家居,9be68df93502568474c9b21dbda58470507d1d4574f7a258e5ae717d8a4a0a14,retained
cnews:2620,2620,家居,8f29e910fdd8b5a547365a100e4c5e11a6f8958a6010c17b2aeab4f980e3e97f,retained
cnews:2621,2621,家居,cd189f7b7788b9d80fa0c010df098b347f8c3707bc43e0a11fe3286eb390b0b2,retained
cnews:2622,2622,家居,71e4edf7e4903b2563d0dff4ff2db634b452bd682edce92c2ae084f2a1f3dc70,retained
cnews:2623,2623,家居,231927b52b3577b5f0ed9df9f39f9d2fc5bde02317554d3ca22b5c9b01beb48e,retained
cnews:2624,2624,家居,e58573a60e72c47047ff1e9b430323e15170ed2cd99074364440a004beb20314,retained
cnews:2625,2625,家居,0f7b574d9bc4d533dbc22271dc000c543f14edefd68acf244fcf52757445215a,retained
cnews:2626,2626,家居,3b0abd1f6723470b287e3effb3e050efba1939bd2812fc521844ab129e2b4beb,retained
cnews:2627,2627,家居,afbb03f8edcb26cee56c97ccfa9bceb424b7af0060dca67f688a57f5daccfbba,retained
cnews:2628,2628,家居,3ad5fee7761dcb6595af73a5b82830be4c85754cc1fb28fd8f4fdf8789517e4f,retained
cnews:2629,2629,家居,ac5e63a2360ff476f00fb15ce2dd6f3c1272c63d78055505f3ee3a318ad218f2,retained
cnews:2630,2630,家居,e3f27b0d0d67a1a80ae204052f5d5e770ed68ef861f30e8585155c085faa2c3a,retained
cnews:2631,2631,家居,b33c5980ecdff99c37fc2277fa18991c1b2e92a69834983d701f1f4d035e04d0,retained
cnews:2632,2632,家居,d2f49a5c882e41831b0cbc9f8ec50154e72723f2133e65baa4ba9d87da62f872,retained
cnews:2633,2633,家居,fe855b80936ebf18b1eaf8f1cc557907fae936efd1016a9ef382b19545de5ee9,retained
cnews:2634,2634,家居,f5a535fee987c31497eb2a4a725a49c2b7b212db321e081b02767fafc43c12b9,retained
cnews:2635,2635,家居,00a2a76e8636ad157db4a52abc694686961559772a1c57e075eb2069670d0985,retained
cnews:2636,2636,家居,0b8115d5f0d54a79d9857fb333f5289bbfd44ee52fc34a97d52220b571352e23,retained
cnews:2637,2637,家居,8543a8b27aa1ba81b4e8d461a1f2b66e40f902f986c45c7ec76f71420d209d2a,retained
cnews:2638,2638,家居,a51fed781fa5526e321a64fde634106ae50cce4b140327c4ac20a181bd9930f3,retained
cnews:2639,2639,家居,4aa507f687dd7844688b097def8c5c41fc646b65ba59ca729b2c4c476759aebc,retained
cnews:2640,2640,家居,dc31f111326952fad02bfd92211847290274ae356a81e2164de0ca8e9de65fd3,retained
cnews:2641,2641,家居,a758c2672ddaf102af49bae5caed06f37fe3750ce7934f124067c9835564f2bb,retained
cnews:2642,2642,家居,7dc8a6a247f4e7d118ffebf7de353129bc57fbf79c595866d3a159aed5e37a30,retained
cnews:2643,2643,家居,5e43efbe8a937b22fef00e91b04f0e1b94e8f483ec2655cd25e6a0dda434930e,retained
cnews:2644,2644,家居,31ecf68327f3b6882bf34531ecbb455f61fed56b142f008ce8ab1a724ecfaf14,retained
cnews:2645,2645,家居,2f5b2cfef15b25d451bb3e2c02edaec1ce2e92b6212af4a32f98c56c7fd85b58,retained
cnews:2646,2646,家居,75b417efd0d9af0442245a3f911b8d9a0159fca4b48e90cda3bd5c426f2cf874,short
cnews:2647,2647,家居,4f813087da33fe5058b3458bdb5d86d3417d5e27867d1de3114b1c882730c4c5,retained
cnews:2648,2648,家居,597d1ab10b0d13adc1d61052f4f924ebf185bf056320790173039fecce8ccfcc,retained
cnews:2649,2649,家居,da83e732b80a2e98089256282be4b5a13117c5bc76d0b248abfb4f766d2de287,retained
cnews:2650,2650,家居,9141dbac305d74643d905b42fde5f3df153f36752ba011ec9cde564fb587ef0f,retained
cnews:2651,2651,家居,565d446911427eabb8fe80a619079579c49573ff22e534f324c70b300d9300d8,short
cnews:2652,2652,家居,b57074b38027d038f3cd3c2105272e06363607be6f2c37b7004209cb0be20a7d,retained
cnews:2653,2653,家居,0dce8f906b730218f314c41deebecb65633dc7e31231a0ef7112c65d27925e39,retained
cnews:2654,2654,家居,f04ed94bf259b2d9f5f8db24e4c6c79485ace29c5d9eb1aaeea20f8472f308d0,retained
cnews:2655,2655,家居,a3de3a662cce379153defdc200e9e35290773d41136c975a9077bd5352601ad7,retained
cnews:2656,2656,家居,066038637c31e5f541f5c1bba280de87702070b0a55a7a56eaf8bdb0124d5588,retained
cnews:2657,2657,家居,f2c2eb6efa5d38a23ecfbfe17e80bcde3dd33297314382de230d31e0f61e976f,retained
cnews:2658,2658,家居,d0e07465e215cef3bceec6f0a9858a5c0e6f282861c095367ce2a7cded449266,retained
cnews:2659,2659,家居,dbc2fb96e008cddab6057b828b42bf98371334c46938bf0b79ddc02eead96edc,retained
cnews:2660,2660,家居,d25f0390f8252b18db2b4e69cddba2cc68707f486c9443d2398a988961f23b31,retained
cnews:2661,2661,家居,26936a30a6409bbebc4cf9f989edaeadc081df0633e23a8c737eb9c0b841b309,retained
cnews:2662,2662,家居,356f552e51fbd7b0c456fee7c1ae5f212c02bf89aeac41e69eaad637d59ef8f4,retained
cnews:2663,2663,家居,c31f2a85d24fcdfea8eb7c2756b25d348dbf0e6ab70364bac2befff627c07d0f,retained
cnews:2664,2664,家居,c113b131e94070fa623c3953e780db30d8b2cc2a30231f6b24cb7092d999d774,retained
cnews:2665,2665,家居,6293e8a6de61e4904c38a63342102d02b114d5ef59768f0d52ed15fe600c771a,retained
cnews:2666,2666,家居,c833d2041082f285ac0288e71d62bd60c81c69ca4c9307b1484c42497b4364b2,retained
cnews:2667,2667,家居,0d23db19f97729e31110647bbd7275bc8edd582df8b823ee6e449aa93e56b589,retained
cnews:2668,2668,家居,2ce3bbf64d91cc9f0da6ad5f760190fdae0d81b8f42d51ad40ab36433186b3ec,retained
cnews:2669,2669,家居,19bbd7c14452e72117ba3d7c238ee045d4f5586d0d73a82ddd0654b7c349becc,retained
cnews:2670,2670,家居,e42d4f0480910ad87d12aa775fc71550e97b3aa454a0d4d14b5b78a1cec461ed,retained
cnews:2671,2671,家居,deffb4837ad433d6da6d040c5c5709eb4f611579fdb460441247eac939d6b7c0,retained
cnews:2672,2672,家居,dfa462e986e2c6e2282243eb01f750e7a545932bd4c6cf73d51350e614938bcd,retained
cnews:2673,2673,家居,0c5ec4ffcae191b1f576724f97af91c8587cfc60075f1daf823cdb9209e4681d,retained
cnews:2674,2674,家居,b1a73deb0f6b5a26b2c5536e826f22450bd709b5f7a7cd128661a30b05c70973,short
cnews:2675,2675,家居,0085ffa0e25ad66abe351912147a8c56b83aa13b9f16dd2578939980d0b4ec71,short
cnews:2676,2676,家居,04f7b04977c2893f9ea337fa1611e14e13c095da0731b6e314fe442bee277c53,retained
cnews:2677,2677,家居,19ea93db78c814ac4263952823161db0ebb2891ce3fcf42c2797a09cfe41ab6e,retained
cnews:2678,2678,家居,a016f5fb9c0305a49a105520bb9864980a7ebcf094fac1c538c56379a54de5f3,retained
cnews:2679,2679,家居,7d38080264254db72c8466ddcf454e52c04e82f228db9818d2d9d7fa3a790790,retained
cnews:2680,2680,家居,507cd33a556fffec5740918ef03c115f8ba39b375f4828ad6d908e2496693e85,retained
cnews:2681,2681,家居,d314ead627323a2fa70e501d8998ee7c88acbdf4082177eee68b647c2928d7a0,retained
cnews:2682,2682,家居,969a4ff35dbb0e3243ecaf7ef41c03b3b51120f2d33f98cd3fef48797f49d102,retained
cnews:2683,2683,家居,cc8ab195efd8d6258e0de1a44e511dde5ce24d0a1d8058de50768eca4d1f3c90,retained
cnews:2684,2684,家居,c71570786df1b979e54efc18da9bb2bc8b33a96d3edcad2c0bded7041c5aae45,retained
cnews:2685,2685,家居,79894f2fcd3ef41a9c6c23fb4f33286549c600bea6a66d9091685bdde1ea30fc,retained
cnews:2686,2686,家居,5b0fee2380636b818606ffd700a4764f67bf4b09f4571ecd99bbfde0ca767fe6,retained
cnews:2687,2687,家居,91e0b5089bf469dab09fd56a77c435f148706090039a83f92f43a171bf5a16af,short
cnews:2688,2688,家居,b34a2f32f001f44eaab8bdc6fabca5b6d22d35d07e8d5a2b7b93c931ebce21c4,retained
cnews:2689,2689,家居,284a6587ae3c37ac24452ead3a6bbe5c31a5771106806088a0d656f74712914e,short
cnews:2690,2690,家居,adbab20a8ee21a2ac09bf60b2f535da73da5b47533003b0cf60541ee40840d84,short
cnews:2691,2691,家居,fd8fa1bb637e23c9f2523d6f3396be54af9d2375a75ab896edff278c2469f72e,retained
cnews:2692,2692,家居,c7d722a13deb9e476df85211fba2f0a08b8fea7a7b0e459ff2f40479e95aadfd,retained
cnews:2693,2693,家居,180c9399a3db59dc2a0ea529b676f54d5b0f506b1a7b75c8d5506d400f9b30e2,retained
cnews:2694,2694,家居,01d06a3270f23d0bf10c1cbcffefec31dc864dbef1c60e94c4fbf5e7b8c129b4,short
cnews:2695,2695,家居,dff17fb5a4e0a4e360d2c4127eaeabd9e69f60b19d3ffcb3d00d52cc83dc2f9f,retained
cnews:2696,2696,家居,e86a9c064de35a8da86d59591ab04cb6c2c6974e029f2f2977488189cd394a45,retained
cnews:2697,2697,家居,8b9bf7956a386eb74fe5e8fba930392fa1fffe03a3810d7661e82ca7d70a067f,retained
cnews:2698,2698,家居,53dfda993fd494b741d741b43b5291a64bf742d5730c73282f29ed6b191c1bba,retained
cnews:2699,2699,家居,7cd6112fad386bcb783f6aae64202913122e7264f2aa186bc057220781875afb,retained
cnews:2700,2700,家居,0037cdff87c63d86f8aee74e9b4df2037e759bc8737ebab8699bb5111cbf2a26,retained
cnews:2701,2701,家居,e9b125d1d1feec2b20e29c30da98441b7a9743573dd9c383dcfbc8e384ed3a97,retained
cnews:2702,2702,家居,ba9860601db91b1b3d05d09ac1a26e12b38ba6504b6bb8b14e5a58732382461b,retained
cnews:2703,2703,家居,ca392db3010e9797f7febd71038a8fd98d33e182b35aa5d108ba1b7726f130f6,retained
cnews:2704,2704,家居,7c3689edd39db7e34ab34eea4d93df818e0433ee2ccc40564827d82782011e0b,retained
cnews:2705,2705,家居,abd054d032a21efcddf69d589efd0ffe17fe3734798e11a12d2ccfbdcf2f9621,retained
cnews:2706,2706,家居,3670738ebd9b218e538874fe44f33a099b6693edd649166fbd4fe825d139a7fa,retained
cnews:2707,2707,家居,80355da92811ad159a456192ce451a5c6daf5c19eb5810798606fcf72eb46cc5,retained
cnews:2708,2708,家居,cfe4c960eaa673b13472fc269337d64f8c6b1ccd3c85000ccca7afc00cd4bc2b,retained
cnews:2709,2709,家居,abff2e912a6b6ad4c71e93cad2c63c0c095dde4d4269f2fe852534e431262fb0,retained
cnews:2710,2710,家居,f8a59a944d686c7e4d1d5b514ba1e9860ca9aeb27c2abbb3e4e05cc77bf5b335,retained
cnews:2711,2711,家居,db7a04afecf3a9697b6d891c4b501484d53054ba51e72eaf1498a653c993381e,retained
cnews:2712,2712,家居,9f7d056e43c21c45029ead16ef41977391cb127dd242c391dc7ef92149aaf186,retained
cnews:2713,2713,家居,41346aeec382a21bf477f0c8e73b71c4793bbce99a0ffba10aae045d11cb7cc6,retained
cnews:2714,2714,家居,f976085da54e0105d3c464300d6d1e91dc1a4c3d84334e178b72a751ea1c2442,retained
cnews:2715,2715,家居,efc49bdd5b3336cbd31ae2804bbf2188820355840873b6f23fac20b55814f166,retained
cnews:2716,2716,家居,c43ccb70870faa540b66295695a7888ac4ea4412ddb451a178af6f5eb091ffe8,retained
cnews:2717,2717,家居,1467188182ef7959122952d6a4d1ef2adca88a4a7f06c7dfcd4606da3d1288fe,retained
cnews:2718,2718,家居,781a7286b1c24b1bfec035241e6722bf45e29d93cf2ce4892e0c7c3ecec14682,retained
cnews:2719,2719,家居,b7f2789977bf8584a05b4c33e7da75361ee7c2779860010c8c4d323310ef3c6a,retained
cnews:2720,2720,家居,f5b581808122199776f51777dd1d02266a338727b47f4d427e219b4549edc971,retained
cnews:2721,2721,家居,d3720dfa71eb9a91a447c7b14bed755929fa1084b2714f94723f9c7ff6025e8c,retained
cnews:2722,2722,家居,c29831eaf4fdfbbc7da1970c464885429a9a479f0c4b985b486d4242fdceb6aa,retained
cnews:2723,2723,家居,fd35d5bfd9d7aae01709b63deeeef63ca50c0198aafdeaab8572e116ac8a22ea,retained
cnews:2724,2724,家居,3659c4c60e68c4701cca3d0787ccb101fe2127c6c036c6f8e6b3248aaefefe03,retained
cnews:2725,2725,家居,d33f9a1c082102cd6f6b93dab584e1b3b02f896dac66db71e113bc3d4338ebd7,retained
cnews:2726,2726,家居,f089bd22fa1ec1fbda368c702da45505e7274a2b147aa7a1c208326d3d317f4a,retained
cnews:2727,2727,家居,e703c0b28e22027cd2c89169771b92edc99e1c1621087a5e887cf35e16fa46e0,retained
cnews:2728,2728,家居,ac770eb47d80e15f6b78e3883a203af41f647ab5cc3d7b270dde80a9e8685339,retained
cnews:2729,2729,家居,6d8b6643826e9be596fab31c1338aa1eaa9a3dabce942e183a9e7d52d25e64a9,retained
cnews:2730,2730,家居,390d3f0ac5cda72e99dbb38ad880d98bf4b9757626d693c777b3bb08b1960c87,retained
cnews:2731,2731,家居,2bbd2517fc90a5693c53a98e5a65034a69fee4993e1773d0d612f2a3e2324bc9,retained
cnews:2732,2732,家居,37f161cdb8f27685072e5eabd9456949639af0ccea7c9712d4baa96d97d891da,retained
cnews:2733,2733,家居,1e7e0f1664987444479fedc5056c412e8d650e657325f3caa0cbc6d3ef1561dd,retained
cnews:2734,2734,家居,a0d7f63b523268390aa9dd7d88df9c1d6ebe0295777857992aadf7e93b1054dc,retained
cnews:2735,2735,家居,f1bc80d89806beeeabd491c145249d6e102f16456e5a32009cc70eecc697cab0,retained
cnews:2736,2736,家居,d9d4f920f2896afd9a71549c1f98fba6f975900c557b073ceea49bfbcac828db,retained
cnews:2737,2737,家居,01a56b55c7b3fc426333d982d001afd16051fb17c1c8cc91724faad90df973ae,retained
cnews:2738,2738,家居,f7cbdb752ea5a722c45279a353d64fae07ab16bfdb5eb95b7c2cf81e726c3479,retained
cnews:2739,2739,家居,00cf3cc5b09944e684b85d19de48a9d8d05820aa774132259b1497b5d823d499,retained
cnews:2740,2740,家居,85e29eb07bdf21108ff24d07ca391d105983fbe95bec5111301d6b83a734e056,retained
cnews:2741,2741,家居,453c6d7e2a3902bd4f4be14b4a67956dfdebbe8247edef364cc1adaed7f123ce,retained
cnews:2742,2742,家居,7c076ff1a883cd31a32dd0cec51f06a58392a6c39fd85aa92c5b71370ddb2ad7,retained
cnews:2743,2743,家居,e0c4053a125eb956c587ef8bc9759967389d56e668362765adf0c6ba917c2977,retained
cnews:2744,2744,家居,312d61489dcfd78f88e5f920c2b15d3b21c53973f76c2f54228916ca96c1bdfc,retained
cnews:2745,2745,家居,cd9780a2f3bf77fd8ce809ff784b39797cdf59fb785fcae12cb8bcd77f9ad9e2,retained
cnews:2746,2746,家居,b0268a3f252a955296af23f915ecf3ba8dd9b41dc0983e4e83061f174688a8c0,retained
cnews:2747,2747,家居,55d0ce6e179e84221097639f1f53fe4e8804a6189374caefa67ac0fc030f4e6a,retained
cnews:2748,2748,家居,64bedca0aa418b946e0f3c7a77280b6b820970766318d8796d704433bbb9884c,retained
cnews:2749,2749,家居,9dc0212dd235c6578ac2956b046474a41f9bbdc858cd5e627ba237fb0f25a5d2,retained
cnews:2750,2750,家居,8123bbd0834368594b362f8ef21acb3bdf3dc16ef670bb2c10128c42ddbbb7b4,retained
cnews:2751,2751,家居,3f4ab68d62a8c45e8fc3839b3671dc77351ce2a41c8b3a00e40c611730088dc9,retained
cnews:2752,2752,家居,05663a0ab9b5ace9dccf72caf2f709892fb86774d1d24cb93a2ceb0cf12957ec,retained
cnews:2753,2753,家居,869ec1301059df62b4196c8ddd7e112a71114406b9cbb6911482c63c51263f86,retained
cnews:2754,2754,家居,bd42e2f0c9f70c315b7bb83246abb501cdf67ee2c9b36d9595bd9859e2eb9a78,retained
cnews:2755,2755,家居,224d576de04699d8cef67451538a00be89091698775528f5139d7d4b195d29fd,retained
cnews:2756,2756,家居,2e04ed4f38b0a2beed8820af6350f5a22985a0acb4f2c227e8a3aff6a685602e,retained
cnews:2757,2757,家居,a7f1f68fe6ea1a7e0ef011f6f8edf95f4d777bb6a4a258cc42465adc4b7980b0,retained
cnews:2758,2758,家居,070bef055d411db0d84579dcfd7a34dabe1a2e2c2655dbd9907ea9c1529bde5f,retained
cnews:2759,2759,家居,ccf9b5f41c71efe0cf23ce08046ef3493da8d8886c7621ed11ecdb83b5aeb771,retained
cnews:2760,2760,家居,d3fd70b8f08bb1548fd75b202bcdf0b66c92d0f4d8d204d3db27902774dfd067,retained
cnews:2761,2761,家居,fd07b77471e596180069a9f1da5edb8b2360be30f0cecce198e32bcc0b39baa4,retained
cnews:2762,2762,家居,77fd0a67320250aeb9343bbcba26674673d5610209676e75468ed75964edaae1,retained
cnews:2763,2763,家居,68cc6bbdca7c0401b9338dd91df3e958c14366115c340c66d14e89069dd0bf57,retained
cnews:2764,2764,家居,f797c917f661ade2648d21e08cde96976b9c4dd72da3a62b2cba98fd3ed5f432,retained
cnews:2765,2765,家居,c37a8f9dcb09c82a69f3479115882f96aa697528083a0e73d92bddca9f9acd52,retained
cnews:2766,2766,家居,9d515ee4c0c713d20af2515ab9af6282b078d71c1f13cefda8a4cfe6004c8437,retained
cnews:2767,2767,家居,491b4c30fe313498e3e2f7e3a72bd213b68b867981cf6f9b6833c5741c5b10b8,retained
cnews:2768,2768,家居,40c4d22ccc94da579a8c15dc67fc1ae738c1bb40440f5853960cbede60c06aff,retained
cnews:2769,2769,家居,73491572c9eb8fcdca331f45569ce422891d9cf80af5557b48b7d11bfead62f7,retained
cnews:2770,2770,家居,ecd2a9aaace92beb161d4c3846a14923745556661f89e4c980dbfa512e2fe2d2,retained
cnews:2771,2771,家居,06a9887518ad4f72f4680da97ce7465eb01e7a9158e8aa735e15fa753817e6b5,retained
cnews:2772,2772,家居,8a409ff041514a5bafce7fafe63488b20f304a00304f0f4e2af150a32829219d,retained
cnews:2773,2773,家居,a21b07a812c70cdb65669b0539f1c10380fe00e9c8efadab36590c1b64d7d132,retained
cnews:2774,2774,家居,9b8aa06128aec863ff4fb6a889f00cacb06a4d9209f7120d25f59edc5c9a234b,retained
cnews:2775,2775,家居,78e9c46b212a32bb3e94bc563bbe0f4d03aff166cb67ae4bf4e47816b8698edd,retained
cnews:2776,2776,家居,2f52da742acf189ef3882fb5395c8c2545125a742d5529afb92c2ab9d651b347,retained
cnews:2777,2777,家居,db18305e73449679a1adb5729fd9243526f5b16040dc5926e4e79dd48b8c26df,retained
cnews:2778,2778,家居,5aff110eefcaf9f0afa7c11b7fd55d4a6c538158aad3674a28b8526f4c196713,retained
cnews:2779,2779,家居,140efab57f69ce5992ce762bc92f50ce4db6faa67cd3fe7dd1608812527fadf7,retained
cnews:2780,2780,家居,30a3cfbb13cffecba3025e7c2a7f3006e4f5d35d7f40a732f7a25912e1ce3ed0,short
cnews:2781,2781,家居,50b73d788b670589d48ca44a96cdcbe660da198684954d380ece1895e83f8233,retained
cnews:2782,2782,家居,e152de2a787d656df999300fc21a172553285d779d30a737210910346f2bb04e,retained
cnews:2783,2783,家居,d00058b102378318d51a3db2c25cd091f6388c751bc65d124c0773a554dc318e,retained
cnews:2784,2784,家居,52d6e03f287e707a680bbcd847e1eaccb48abfb06791cb2b80754987c5dbd588,retained
cnews:2785,2785,家居,fcc0ee6fc2a902e368a1b503aebcf01801a376d118ca717fb380a8c6c5b644dd,retained
cnews:2786,2786,家居,5e77595702ed1f767981a18315198f681aa87b30e3f9b4c7bc572b81ead60ab7,retained
cnews:2787,2787,家居,62324315bc4bf8420ec8d8f280371a6c40bdebb640fe6eb057fe1bed0a119d00,retained
cnews:2788,2788,家居,efb4ffb3e90f247186a3e51e7e535a3e240650f14b349f2d58b6979bb80a6d35,retained
cnews:2789,2789,家居,6732e53a81f0078052a344ffd8300b6485b0667af63ae1dbf8cb699fea62f152,retained
cnews:2790,2790,家居,b28bbab6db672e58df8b5ccd6f216237fba92e7ab1cef8abc0a84ed8253dda8a,retained
cnews:2791,2791,家居,762130bc84443d18811da63ae8493732313e875aa709a4fa3ff46395d56b6f8f,retained
cnews:2792,2792,家居,7d89fc68eba167454f43101decfdb2f39f468fe6c0981cda0714188ca96d75b2,retained
cnews:2793,2793,家居,5724577fcb679b9e73de5d7959267dedd566fb7d1e6bcfa589414e51f930735c,retained
cnews:2794,2794,家居,08a12fb85e065b098fdf3b48820b02275f27cfe3619bd9ef307c7540325c3335,retained
cnews:2795,2795,家居,1e937e05fe29cf990d86f8cd44a381f36c901ab6ebdb2fa7ce0b9cd117c812c4,retained
cnews:2796,2796,家居,461125b60ede6550ce3825d5c41312c7dc4bc50d93b9c850a3205c0120ed1921,retained
cnews:2797,2797,家居,bf2275db9e7545355a2f1fa7abad80e609e4561088a0870a2684bb952a934b0d,short
cnews:2798,2798,家居,24773d6cabf297a367bab27668834a208c5935b693cc0f9d9412925d8cc74468,retained
cnews:2799,2799,家居,a2b291f0ecb5fee84a2ec078df0b11ab64a8fe1b1aec9f96140b124d2ce9a9f3,retained
cnews:2800,2800,家居,82753646075cf0ac2c74738b530419d5636712055b246497bfe9caf1bbe07cf1,retained
cnews:2801,2801,家居,c6ce19f10cc454e7eca134c99d1edd64ad7187ed3f697b5840b612e43e4896d8,retained
cnews:2802,2802,家居,572c1d3571042bdccc8f5a2aeff692bf28461865cc05052089e201ff88102da2,retained
cnews:2803,2803,家居,a92667ece3eaedc39747dc427a82e30fc4c9d41c633304d413c23eadd1ddb671,retained
cnews:2804,2804,家居,093401a7e0b8f38fc327d6045463053a78179086295b57660b24485228c31fe2,retained
cnews:2805,2805,家居,20e93feead3660e86d7927b73458a07417e94db8edb18770528b851796b35fe5,retained
cnews:2806,2806,家居,29ea321e6e6b08930b87f0bc806562d6dac65d849159c65e107cca8284ff6e50,retained
cnews:2807,2807,家居,a857b6d66a232083a11ac3e005906902b05126c834ba62eae598cabdb29a3177,retained
cnews:2808,2808,家居,f83cabbc8b44b899a10f027372c10e4ec80da9085f23a6925b0b859a58e15cf2,retained
cnews:2809,2809,家居,57a34a2e116aa1d94bbb322902e4e5e9c27579da1d5e3bee6a18cc3a396b2d31,retained
cnews:2810,2810,家居,57d5ce78072a715e532ef503701f1e7572787d26849bda6c0ea0fcd257365593,retained
cnews:2811,2811,家居,d7f81a1d392c63a2ec02e542660f64addc31bd579a7bfe1cbbb42af8746b7517,retained
cnews:2812,2812,家居,50d1ebb85c042dbe889881de94b0cae0a3ac1a95a1cc7622166e0449b56e4cab,retained
cnews:2813,2813,家居,c5f6815721da071d23150b7ccc9d30c65e8b7691278a8033ecf35cbe8b105adf,retained
cnews:2814,2814,家居,825d8e5e55a09ab6a43f8a9acd5f4bdf6ff0b2468c3395f6815f28dd76af0fe6,retained
cnews:2815,2815,家居,283ce23df0dce343a02990c42b05abe3a239e14770115d88bbfa78b157409c4b,retained
cnews:2816,2816,家居,0cf16abb0d0c3e074cf34a832049d1ebe6e2650e1d69228fe21b792be47018a5,retained
cnews:2817,2817,家居,572b98e0d8c2b7ed1e4a36a4ff40f3940cc1d9f346ec272917d4f8ab530467d8,retained
cnews:2818,2818,家居,666a39af4dd170829967b713dde6fc284e1bd463f58092516c505f97b4f73fdc,short
cnews:2819,2819,家居,4bd151928fa630f104de795064416f47cb491e7269dca76d2e37d380473a36b7,short
cnews:2820,2820,家居,6a1102ab4695443abbdcc22d6db5f212c778f737664052281d09c848f9afd30f,retained
cnews:2821,2821,家居,f1f3b3258e6037c4a29cfff39295c029a1ae814c44c014fd88ea9ed3aba36622,retained
cnews:2822,2822,家居,67605a045ed376483c4b910bba7db504dc0aae3c66adb659d44eac6684cfc9ad,retained
cnews:2823,2823,家居,788664e43c4a77df8692a15adc38c12f503309fbb37e297980d5ce4cf9329e03,retained
cnews:2824,2824,家居,c61dabf03c3372be30a19b700df083dcedc11decb20c723ccb8f8df2c4beb54d,retained
cnews:2825,2825,家居,12c5cdbf3d5c4de9083ce0b418e0c7371dcd488a6b02525c531ff096317ee4f0,retained
cnews:2826,2826,家居,f8c22b94d5465ba1e96ea14a2c2d105920a3359a9bf484c24c84bdb475002227,retained
cnews:2827,2827,家居,299ad677335d6c1384ef9386713a6958b1d3a6b65cc53347db9250f863386eb3,retained
cnews:2828,2828,家居,ab478baa4557e89631b6d4ffb4544a4602bb02edd035cd5611bcd8662e28912b,retained
cnews:2829,2829,家居,7246e26ddd0227429c06cf1c33c70d37b0e12f47c12ab5fa613e252985f3d34f,retained
cnews:2830,2830,家居,d6bde9fd63892d1e868c15783559b18326429ba197f4d22d4f535fd3e5120a39,retained
cnews:2831,2831,家居,f3a101d5a19024f32cfa244990fb57f9f575f0e61b0f7f0837abd4270957703d,retained
cnews:2832,2832,家居,f6624e09642ea44c78b3b9c4f3029377ad413eb1aa6808c02ef919b736b0c4ac,retained
cnews:2833,2833,家居,6f596c00188e02acbbaabffb28d0105e11f116feab48bb26fe97b0d11de5c433,retained
cnews:2834,2834,家居,29a724052f84289095c3f86bd1311a313b748f734820efc9b68673025b5395e0,retained
cnews:2835,2835,家居,7a4f9eab8992cd03e5b95a7f2269b514524bbc6b107ff927b6c3be3ef6844475,retained
cnews:2836,2836,家居,ee54f51481e9e881034b35e314a8b5656ed3af725bbef922bd22770e0337c851,retained
cnews:2837,2837,家居,0cacea1cb61f28c02d31d59b2f15153f566ec2503030c5a080523970ca4e0625,retained
cnews:2838,2838,家居,cff61bf2eaed74aa9517bf0f5a2daa3cafacd609f0d8516a4325be40fa05b04a,retained
cnews:2839,2839,家居,c4145a171a883942ff2f4c3bfeb8d861bf0f071108d7ffa5712dc104d7b90bc6,retained
cnews:2840,2840,家居,6f4968c486455617ca6b89943f861f54eba8bc212784ed464fd37533b0a1d98c,retained
cnews:2841,2841,家居,7c7c2c09fe25f6f598d39661c01a1a7deed11b9db71cef46a8852c59f4a95843,retained
cnews:2842,2842,家居,c5f5b2a21e4d38eb307613114917c794483037cad4606a1529eb620a4591e20a,retained
cnews:2843,2843,家居,8e2d16b69a50b4d11d19ccc30bcf18c5c9ec117316fb7c62d8e571fd79370cde,retained
cnews:2844,2844,家居,e4a20e9458d68cb37084bfbcb7df7848257f10ad95e793a0a81c4547045b9890,retained
cnews:2845,2845,家居,9c7f64c924c9907951e347d16ffafdead92b3d82b68d5edab7ac5a35ab4d0ab8,retained
cnews:2846,2846,家居,46778d44904b3acb5ba6934a772614d98d915bbe00d62d17444127c6767cbc37,retained
cnews:2847,2847,家居,370cd730522e76782203a851c1c4785736721438f52f0e433f78ab7652103daa,retained
cnews:2848,2848,家居,11e3321ac7535653827e29721c83862393dcc732140a16cde146dc90e5a857dc,retained
cnews:2849,2849,家居,e239d6dffc094f5e1477e45a023f7e240129fa93c41b7a4101a32fc68ebed766,retained
cnews:2850,2850,家居,be2196af6bf534cec3a883d352bfc27d1e37971228a670dfc45cba2c2c30f676,retained
cnews:2851,2851,家居,19634a70706125c378be8f08a0e6db523b0b0f559cc459a2af308916e9f99daa,retained
cnews:2852,2852,家居,7f29bdf9245cd7c011631066b137da91edc5ea8b88b0d754d92e69bd6477c69d,retained
cnews:2853,2853,家居,e868c7eb39500a4195df1748306fc106c69290d484ba8f6a8d05d9b1de9e4bdc,retained
cnews:2854,2854,家居,022947febc099740c4f8de6509d9a779c4c34b79e1dea610b429902b279f791f,retained
cnews:2855,2855,家居,7706a16e4a84adbec8ac32b850012d3b7ef40dc62ed35d9c998dc39136b3abee,retained
cnews:2856,2856,家居,f0c293c51eedac25b5eeb14fd0f64e4b6bed1f6a19db247853f3049e4fe7003e,retained
cnews:2857,2857,家居,8934c003c338f9cd550c3f686899221c22a98c2d706e373d36627bb254deaa38,retained
cnews:2858,2858,家居,de803687473a8a4f0808cddafd697fda10f56e73c8bbd2c171e4d4280ea7f612,retained
cnews:2859,2859,家居,37e6bb0f9068109b1a3e730bde9c8f83993ed083008192209e0f69f3400e6933,retained
cnews:2860,2860,家居,2ed5e1b914377a63bac3a341e47f91f2d93df59a85b88d5fabd9864031896d41,retained
cnews:2861,2861,家居,71c73453c6fca0a51d86bf36248cd93fd1c9a00ff5fb889edf08f9b7a538e094,retained
cnews:2862,2862,家居,fd40c9273694ad2a1bf4562243d664c7f604756d5bf8cc89da892f233702af4e,retained
cnews:2863,2863,家居,674d5a0d05fc73b118636b04557d202549d215cb679fc5ea68feee3af0a9e112,retained
cnews:2864,2864,家居,f9c00be0cc65507d2966f2c93d73f8123c47a53e43ab9bf3123911df9d52bfea,retained
cnews:2865,2865,家居,d1fe05a7dd48fa289a7a2a05503782b6eda6edb388674147100a9ee7ee40205a,retained
cnews:2866,2866,家居,b88d5d5236cc8373f16bb0b1a4407e78b7556b2ba8bf077bcc4b557e6c3476f6,retained
cnews:2867,2867,家居,98f0ad031e9702947448b1a70615180f4787c2e5a14e9df4550fdfe8d51178f4,retained
cnews:2868,2868,家居,b2b17a4718b41f3b3f0baafb5ff35b09d4d0315f1ffbae6c6bb420191debd8e0,retained
cnews:2869,2869,家居,d54a0a5bdcbdc6faae85710c503ca9a1b9cfaa29e808af3b254d59a850117834,retained
cnews:2870,2870,家居,8762f10eb9497e389ff2fee0a8b4555c24e31726d5bf5a1fe21bf481d97262d7,retained
cnews:2871,2871,家居,7c2735e8c59c8cbceec8c9c5b988ef78cccb7761d31d734a452a98983e1f1296,retained
cnews:2872,2872,家居,b23798a02bd6999ffac7cf36573bd1a40f4fd16608a1dddbc7624b35860b8544,retained
cnews:2873,2873,家居,fdcb204d8ae535c010923744a0da913e2024f1ed06835e9a2469cb9c768eae85,retained
cnews:2874,2874,家居,e27a5bf2a2c848750d4461461415d307a2274f145b1c9a72dbe7dec5116331f5,retained
cnews:2875,2875,家居,5f8972bc5d41a2f7998771d8ca13e7aa400fb36f0cefbde2bfd52ba085c269ec,retained
cnews:2876,2876,家居,f2c52753c8b1aa69d48771f443ed956f1dba3851d8caf0ede537cc1547c20505,retained
cnews:2877,2877,家居,fcfe8b474194bd960772a41304b75f3ec8471dcf710ea518b7a6e753f586875c,retained
cnews:2878,2878,家居,bf40f6b0bccd4a4395aa26175a174806ce42faf9ed9137ca70b24b643d6e120f,retained
cnews:2879,2879,家居,5455754bdfcbf679397eeba3f754f7ea8683f0af1332f063bdf32a82dd4e89cc,short
cnews:2880,2880,家居,4091f68225e7bc19c8d2b3b46dbf81ae0daa1aad8d34012e06c4bcc048d458dc,retained
cnews:2881,2881,家居,eb66c5da2c6c90d80b353753b3a1f69f4212d3c7a037b376622cb0362ddaa322,retained
cnews:2882,2882,家居,c2eaaab3ab7b2f273ae23c66328527031b27e1f4b26b895d3e72b244094c3bbd,retained
cnews:2883,2883,家居,9e8ba9c06391ea2bd4aae34844a8805415815aa68237e1b7fe05ecf85c320822,retained
cnews:2884,2884,家居,113b6ace8f6b8a70e3e414b918199f3cc12e12f1bd08648047dc8bb7c1b946fc,retained
cnews:2885,2885,家居,3153357f637b929c80985ee483c47bf77595b2f5d9cb11ab124ad97865b342a9,retained
cnews:2886,2886,家居,cac0f1748b0d42a3d70a1ef97e7b59924d8a399c3f9f0cc5d66c9df9808c39a2,retained
cnews:2887,2887,家居,4a35b8391f7881341db65166c255412669ce4aec3d14ad1f933a37de6a7ab130,retained
cnews:2888,2888,家居,47df655b532fa53447503ebb84d5139a45a889cda3dd3d84ea1c757ebe2dc236,retained
cnews:2889,2889,家居,cbc2159ce399a8646463931753819e1ada1a7f4ea5532be55aa13bc5d5b4d52d,retained
cnews:2890,2890,家居,cae041e93b395ee1f22b0f0484a9f67fb8421e8fa89f62b4cc0e372ea066b0ff,retained
cnews:2891,2891,家居,1d85f2ac4cd0064245e613c132c8b2d9cdf3b2752208815174b11c5363220857,retained
cnews:2892,2892,家居,f703d1f7cf7a5c8ced588b0be9b2b67851b4c2874d74805cc7821653d731f0dd,retained
cnews:2893,2893,家居,04d648062301b41fdd0fc77271275394806ff69a059487f6380b58a4ff200a6f,retained
cnews:2894,2894,家居,4360c1884fc1d2c67886eb08488147019c2f89b56ede34cdfb55c4f50695f420,retained
cnews:2895,2895,家居,f2b0294f112c1e0c1c116c98303c31ba8cf6fecf6432ec24fb29d744e994f3e3,retained
cnews:2896,2896,家居,3ffb83c5fb4595555575288150a237a9d6c78e67569aee8c32ad7312f46e14e6,retained
cnews:2897,2897,家居,63e9d996166515c2fc02fc57be4a4a801d0fdef753cf5804a90571d0704a21bd,retained
cnews:2898,2898,家居,786f9242eec25c3da46107c9aceaf15ccb7be96e74982d0956519e60e3bacb2f,retained
cnews:2899,2899,家居,0bc02e87ffe2db1024031586dd2a77bba1a8d417e2b5f9ef7b1395c1b2dd78fc,retained
cnews:2900,2900,家居,8cf93cdcc3312e5d27d9f164a469f5b46f6e81f8428ba04488d8e8868f141172,retained
cnews:2901,2901,家居,4249d0dc0bf416d033150eb45a4aecfc4517800d43faf973c99ed869777f8a29,retained
cnews:2902,2902,家居,2e0fc9a97cccebb00764bcad206ba04e040b7c6be77f4f457a22f8dd2c447f23,retained
cnews:2903,2903,家居,2644ed09c2dc061bfadd62640d34a3694976e0cbdd8aedec719c4693d42826a5,retained
cnews:2904,2904,家居,738ceef42f8437ebb13c004f8eb2f3fbc1a4158bacfa4475d134466139e45962,retained
cnews:2905,2905,家居,8da07e3b40f8150964626c865a6714dcba603243e7d9052384b949c5b57ddbd6,retained
cnews:2906,2906,家居,642ff79141ee1455a196e489375ae407ee823c3680b38e0cf626b301455706a1,retained
cnews:2907,2907,家居,5ce4053154132df402ba78243a71257befc0fb0484ad206e2b35494850ba95d6,retained
cnews:2908,2908,家居,94c7d7df2d42c87f91bc515d95d3eb1a6ff9cd25c12093133a00f0582eb5515f,retained
cnews:2909,2909,家居,0b33e92dfb48f81007f626529dc8fa788a6d9155c53c901fd4944780ce781d1d,retained
cnews:2910,2910,家居,113e80e24105dcfa44dd63408df0a7e924791380d70af360eb04d34a2504ff42,retained
cnews:2911,2911,家居,979b9fe10e495d1a4edd422e4b91ccb1f88786cb62f29bed43b32472fd08a9ac,retained
cnews:2912,2912,家居,25e4aa03c14863bbc6d5baaa9e1b0d46d0b2467e8bfb8429f9b7ff6decae34d0,retained
cnews:2913,2913,家居,c478b4b452cee5ee12fe7f18262e479dbf07bdd2c0f0fae4a823151a6f9bc813,retained
cnews:2914,2914,家居,369f979b8b553df7439b52d5c62f2ed1eea35a3ce2099b013ac2154dcfa554f1,retained
cnews:2915,2915,家居,3ad7b8db7be8a2577e1d1428e8e818619562c90de6ba2ace8bad25d306e25787,retained
cnews:2916,2916,家居,00c1533fc3a42241a1181aa9eb34fc2499a312e3949fd07c6ba92d41e04140cd,short
cnews:2917,2917,家居,c1e8409dccac4b45fea35bd958ba6a7da3c32b59fbbdaac7a0bf2690e19a15dc,short
cnews:2918,2918,家居,30d4b5ddc94fbe9e08a00e0e0d4a99f1202dbbe3d6545a821eb1971cb54df5a5,short
cnews:2919,2919,家居,7cd37186104b7144ba4de83b24428102612d30a59013c72aea36e4bc16d47d24,short
cnews:2920,2920,家居,b11ac92ff870e08f1726e2610ca8a98fd1a50591c9979f2d7ead910fabf02e15,short
cnews:2921,2921,家居,61149e6fae3a28710d45c02d51afce6d064ae6551fd24e9c570381f5ac4c5591,short
cnews:2922,2922,家居,e34dfce05b1e35136377865540ee473c11702102d48f9add7ab7e327939201af,retained
cnews:2923,2923,家居,ef0d428f6d2f071ca1fdf9d6304363bda4f6bc84b700cdbb723e52cc49a433b4,retained
cnews:2924,2924,家居,39284cacfc16728d6d1de16eca77079f20a306588147583eaf62fdc69a769f0b,retained
cnews:2925,2925,家居,78bd8c70109d71acc500ebcfd40b1243572d6e84998e6c0289fee8d4eb2be85b,retained
cnews:2926,2926,家居,dc395486f8873cd675685c102638fdd083a40fee02f496fba867a32a6cc97510,retained
cnews:2927,2927,家居,99bd9718a52d9c332abb07798e1f544c063b76bb1a409f6065b73fe0a0481c10,retained
cnews:2928,2928,家居,caec235076a7a39129346f9a12c429cea5c079cc627437689dc8b907640e3c11,retained
cnews:2929,2929,家居,1d2d83add0e4c39f1fc2ba60f99bdfd6ccc9e925c1035e56aed0124bd2c2592e,retained
cnews:2930,2930,家居,c872aa50980a07756fc1e571f52ac5d179926d1bd886074113f1f206aafefee2,retained
cnews:2931,2931,家居,9aefd366f0b735f6b35dbc7ed570c5a0f2354284d68e6413fccc4aca660b44bd,retained
cnews:2932,2932,家居,7dc209c514b504f5317692daa41d7c31eac8926b8e645111c46f12e7deae1611,retained
cnews:2933,2933,家居,76b56c977460387dd79265ee72da546357ddaee185b8473d156381cd73c411a6,retained
cnews:2934,2934,家居,aa548d2c8571e8d5fa7d05487d603759f950f7f7de3a96c3459efe4e149d7111,retained
cnews:2935,2935,家居,b3a8715382420c3cd4664a5df6e614e129fb911ea9456140c20a6257c8060572,retained
cnews:2936,2936,家居,ea2914d989067584ab581660b7abf4bcf59805e9181cfc3427fbdecf41fa7de8,retained
cnews:2937,2937,家居,aa73aa11ba663f7f346f11a5100f3e247e0dcc5fe130aa2baa3c834172d738fd,retained
cnews:2938,2938,家居,f9b173a68f20692a5b23928a947b9b4d4763d43ae27c4c6436515f5adbcff2fd,retained
cnews:2939,2939,家居,4dc6e5623b7f227b5dc0d21eb41743c74252fc3be6bce4724cbdc7d8de7f3c7d,retained
cnews:2940,2940,家居,385f1fc2673d94bf1813736e6f289fd14b9c10ab4696647b2654ca0eb18a61a1,retained
cnews:2941,2941,家居,8467bcd0c2a0ad3a7c1c8e2314feae498bf5a453d72eb9bb43ba8537677b86ad,retained
cnews:2942,2942,家居,72ce1fa04327a65cf396b1edc08f9b4a7591112d615ec070ad57e7e984eb2fec,retained
cnews:2943,2943,家居,1c6aa1bbe96faf1e1e9cba74a4491841898aeb0b2e63f328f4806a9c414b3158,retained
cnews:2944,2944,家居,74a25fccf615bd648864151064289dddef9d7f6f1dbaf5b70fd365b07669b676,retained
cnews:2945,2945,家居,fe65187923fae78fc6f59520e394cb979394b5ac1d9b0d063826f56954925fd6,retained
cnews:2946,2946,家居,75c56de5f53fd25eadd96f558d60805b24e55650233bbef5ced355cd381d5778,retained
cnews:2947,2947,家居,53b2f3ee85bbc6c2e56ed33d29bad754d5d944bb57a1e62da9275e8a3d9c8047,retained
cnews:2948,2948,家居,78943af9159840a042ffed6a9034b8fe5ada264a3be46e8464db00d095b108df,retained
cnews:2949,2949,家居,9a930581af58d11c89d14b1c724d2a1c1a269a0cd7339a701a23081659dca2f4,retained
cnews:2950,2950,家居,12b3ee800f6ee2e94c90062610acefcb3fec3632276a61ef094317ad837dc0ab,retained
cnews:2951,2951,家居,a48664474feaf79d4fb8753cbf396b1a8b2dbc45a2e8a775b7af6e79f90f9fc9,retained
cnews:2952,2952,家居,89583d3a64a318276c638740b6325258016decc40c8a4bafdacf9170be517e13,retained
cnews:2953,2953,家居,cba64e57c679d6dfee1ff0ac4c1eb2e52da6e24db40ab2e113c5dfaa3bc1c8e6,retained
cnews:2954,2954,家居,e7f51efcb0dfe611dc25f76ea36dda80445bb25215a7ca71095ec710a8c57f39,retained
cnews:2955,2955,家居,53a0902b87ec9741ba270e75b7c892143551b68e3ce5f0f67133733ff4703a02,retained
cnews:2956,2956,家居,a710477f8d741e2caa7158c623855055ff0d7582aa8a6c5cf986207429f9bede,retained
cnews:2957,2957,家居,6ad65e6574926c6f646b4be488490b9faf24c2bebaa4a340a3f917fa118e6cac,retained
cnews:2958,2958,家居,7401a5ad53d87cb5442dd027ea9581334c16b14b1954c5eb775dd941180d3e0b,retained
cnews:2959,2959,家居,7fed5db2f3445eedf472ebd26ab1f0ebc06a51e7edfcf9467ac950ff2ffe779e,retained
cnews:2960,2960,家居,9dbdd8998c51eb4dea4c9bcc7b6f31464f1141f2eeb38d560b10196235652cf9,retained
cnews:2961,2961,家居,8fe8fd08e6e40b25bc189f85a3e644ff35611e1f48095b42fc8ee1c6d4c60e57,retained
cnews:2962,2962,家居,ae286477654822e68fc6bb1e592aaaaa3ac3066a1438c879ed04e7fa33cab3b3,retained
cnews:2963,2963,家居,bd818ef7cb83ba32048522b84eb9066ccc762fdd5d09551ff2f021c434fb84cd,retained
cnews:2964,2964,家居,6211316b101961f7e2b3ce9c2bf1272d4a280857eeb50fb990ed0b4bd99e2a13,short
cnews:2965,2965,家居,dbaad976deaf7cdd4bc1de0567807e786ee48b821b8ff320052fcfe29512cf5b,retained
cnews:2966,2966,家居,15858f1ea039b23cb09bb88f247f1dcafbfbf31070c700371577c66f2ec70853,retained
cnews:2967,2967,家居,29e3e8aeaba32df5baeefe1d8f3fd92129f2cae2f2279958eaab802eda4386a4,retained
cnews:2968,2968,家居,59d96090789a2e9e512f0707c1464a87db3ebb1d0edc7112772f5896bd7c2c2d,retained
cnews:2969,2969,家居,43ac3d2fdb5c7003b820c684cc1cf646c5ac772b5f9b9b0ca8169c8a5dcfea36,retained
cnews:2970,2970,家居,2bc1af99319e3a900fcdb45132ff52129d484df50f2eefc3cff6a0c9186c1243,retained
cnews:2971,2971,家居,ea93d32c0e8bd1936deead9879494386c1f3631d48d9f08fcb2d8e65deee009b,retained
cnews:2972,2972,家居,5510fe1fa71b9f6c14b8ef8e0368067a6c21f3ba63a22e798892389a52eb2c12,retained
cnews:2973,2973,家居,a89f75a40947a6ba3e6bd8f342f3999e426a741009cb0790a100ae73bb96b308,retained
cnews:2974,2974,家居,4ea7fdd8fac2dd95bb34c00d8d90fa64ce585cde6d3ff84e7a6aa082f3229730,retained
cnews:2975,2975,家居,a376b3df6a2937f9f2dc3434933bc3a97a682c2d49954adb21e75599db7d8fd1,retained
cnews:2976,2976,家居,2eb166b1608ad34ab9c68729bc0ee44536a837511a88f11b723e909032dc4a16,retained
cnews:2977,2977,家居,54acd7e96ddb8716fdb1a160400088f388442060f2dc130a51ef5ce4e0fb7cd0,retained
cnews:2978,2978,家居,a4301c990178ce47117aebe870284eec9bc415bac147da480d6171eabdf78f59,retained
cnews:2979,2979,家居,80116fb8f5bc607dc174f4798abf64251909b868d747c94d4f45eaa1a7f19f7f,retained
cnews:2980,2980,家居,66341d08314d0037579cfff1a8c1e8a9bd14990a7e6b49c4298a139be8fd7b21,retained
cnews:2981,2981,家居,4d707d2da705ddb4e5d5512bd6d09d424554bab842f207e0fef6df84ed3481a7,retained
cnews:2982,2982,家居,5213f2a8b528d411b04f928af4f31aaa3dd366f5e050ec7035d50b5977a08d0b,retained
cnews:2983,2983,家居,fa4968e98c8ebd6269c65a0e2b6c3cd8f9b127d9f834784d9a473474b7ac753a,retained
cnews:2984,2984,家居,d733fbc29ee2695a60145accfe88cd6667c063fba0dc560ae70ce36af05fa5ae,retained
cnews:2985,2985,家居,d113907ef13291ceacd5bd0bae5446a56a8684ca57921a8d9d12ddef44114b19,retained
cnews:2986,2986,家居,e91e2b56d384af5604a8b251b8dd1263e9f867e8604d637de6e6926c1d1a3d3b,retained
cnews:2987,2987,家居,df05134bf4012bfc2838f872f51f4584b450189aee0aacb5de0ec103f8b750c5,retained
cnews:2988,2988,家居,a163065c2e50e2aa03ccfbcc17313c4d8506aa655498c45095403481ab69b903,retained
cnews:2989,2989,家居,fd62dcc762ebb1fe37dce55df0192b71b073384066cea220c197302cdadfaf4e,retained
cnews:2990,2990,家居,f9680982b8b186f8e092e53c89c2e7a044b05a96786a0b98bafa38e6d15f2557,retained
cnews:2991,2991,家居,522eb83d485ef9c0179e261c5afcbe8d95edd78373266600d21e9e8948565721,retained
cnews:2992,2992,家居,62ba371d853b66bc14d48cf5a35f54e4c197f1f1c51ad30654e2aff9dd3e6755,retained
cnews:2993,2993,家居,279f6ab9aa4b0bb408ddab948569ea4ae8f91ca900e777a7d9c3f0961dcfe76e,retained
cnews:2994,2994,家居,8052a545475f4c3c5bfb9cd547a0a5ac67e6fb4add923a9f7a356a91c4ab8656,retained
cnews:2995,2995,家居,6c1697f90285cef7113503eb2dcbbda8fcd33bccb7d641858ac00cd5bda31d3d,retained
cnews:2996,2996,家居,0a74bef47829cf83968927ffd31db26195358c913bcf3479097ebc53a93a8b2d,retained
cnews:2997,2997,家居,21d3ea0c85d98c4d4ca7a02537aca6aed5593255f46ac2e990ab6d45d7f514b3,retained
cnews:2998,2998,家居,e63b4bd6587a92da523717f8402d81846de48b5dd4926a00b2d37d764df9b344,retained
cnews:2999,2999,家居,c8465cf021ad5ec8e592cef24a0baa6027a783041a9552877e427991529d62c9,retained
cnews:3000,3000,房产,762962993d926051b876d18d61a850518586c4022a38520f80eda52861e119f2,retained
cnews:3001,3001,房产,a6fa3f3af602fac1d20bf5f2c81ecd595c2f3c0e810a6c82163887ba0340d482,retained
cnews:3002,3002,房产,770e7dbca8f1de83ccfcfe5cc00e4f43b38bf31eba404aa144b7743e0c127e1b,retained
cnews:3003,3003,房产,ce9983b4b3c6795e2ba802fffc9178e8e45d7c71e796c70b4820713adf1d6963,retained
cnews:3004,3004,房产,339274aab3cb7c59222a4fb22a9a1b9c299de899640e3c09b717c7c6f5891ee6,retained
cnews:3005,3005,房产,b9038b111ec6f4b33b809c1cad5b2bf3166f2515ed4efcc99a5c7ac364f320eb,retained
cnews:3006,3006,房产,d71d6d6dcb9b756c7dfb2ad8f6599e0b350becdc49c69f4ff719b4fd6eeb72fb,retained
cnews:3007,3007,房产,b9c2f4163eabecdb2713962a4e17a1a99119142b6618d0a873043c0bb907314b,retained
cnews:3008,3008,房产,5252b6fa42e69134128ba241cd7b0741b02c76bc7a6266c8c2a6bffddda628cc,retained
cnews:3009,3009,房产,ddc2bdbc9ac00f5246d6d69bcc00baf8558a1daf3e854c72fbed70d7f7896d46,retained
cnews:3010,3010,房产,b319351d1b8afe4ce39c834d69d76816969eeb45c4898acf47a5621b68dded5f,retained
cnews:3011,3011,房产,819160142ad8be72839b090b43053c7ca3d1ab13a5955a524e33f76b36f3b3bb,retained
cnews:3012,3012,房产,adb5d1f91237847a6001985a9ba6ac3f5bf40414e0575aa0d902d92cf2632ac7,retained
cnews:3013,3013,房产,8ce613bccab786994b6490caada06185bc97ab89af1887c2c9973c6124e223e8,retained
cnews:3014,3014,房产,10ca9f06ca5d43e99ddee0018e0e500407d1701dce6165f60cd83ca7e24da493,retained
cnews:3015,3015,房产,4a74f1c2fc0b2ee44b570c7a9186b568ff317aecdd6198370bcb3932860b5c95,retained
cnews:3016,3016,房产,7189a9979e729bc66a1c1e59e9427e7fc381673f23b8d227a7592abe3d3fa3ad,retained
cnews:3017,3017,房产,dddd2e10f32bc9ab9741aab0c9f63fd742c96451b7f5c95d7151ebbcefc24367,retained
cnews:3018,3018,房产,70e86c34356e7c30c7b94fa3c3bd51eb86331136475590bbeb0610e51a76c5b4,retained
cnews:3019,3019,房产,54a5a1d766b5bf8387612155ce2b5bb7cf41d2011d6ef1e25280b95a6f0f5482,retained
cnews:3020,3020,房产,e736c35101671c76f86a068ade133add98c914fae44ceb11f3654436cb606ccb,retained
cnews:3021,3021,房产,ca9ade6265db504b3b90570d4f4d456187bac8fcaf40b6dda6e8741f4c2264dd,retained
cnews:3022,3022,房产,019d38bddcdc72522b14a25c4c0d533e8911932042eb36e192e2dd95d76393c0,retained
cnews:3023,3023,房产,660b601a7aca121f820b67c7c8452a5ede6c5ac5470ea19f3f755ddd71409d5a,retained
cnews:3024,3024,房产,4a0fd0cee2a21fb82aa4f636157090328533963c4f816d11e650479a95770ed6,retained
cnews:3025,3025,房产,e3d842b044c2db78e1285c92e4ef63edd4517ee11416e379a71ce52ff6e31229,retained
cnews:3026,3026,房产,0ec37f97d1a14889d647d1889c0800e8ea4de92aca956bca1bf38523bce43190,retained
cnews:3027,3027,房产,616c814be095039f74ba6116fed231b716d84610fe375ed2294879bd194bd6d9,retained
cnews:3028,3028,房产,028027852555e78e4c6a9e9947327f25864b3901634a8fa885ed0d9cf5ce5e47,retained
cnews:3029,3029,房产,2ef13646b5855fcd04447e1e05738e72ae761b589fab947b47ba33c9dac10622,retained
cnews:3030,3030,房产,819a40953d972d947fd6a740b4e0da27da36968e00bee2e3c406c3b2d07a84ae,retained
cnews:3031,3031,房产,9add8554f701274a27c4dbd08e436ec71432ae7cd96116d59b84930aba01210e,retained
cnews:3032,3032,房产,17b3e4f67f6656880e92c4b1fac1f0d3b0e1ce519b049247f5af9897b8e6ec4a,retained
cnews:3033,3033,房产,1fbbcebc74ca35ef7634b2357d297fedf5ed4d8604e9f7e5501b940f4b342668,retained
cnews:3034,3034,房产,2ed363797925d78581608df3c4d54b353b0588144f1885fa1488e280e1cfcae0,retained
cnews:3035,3035,房产,67831467b3e9f8b5669f880b1e3e4971655fca801455df2a5f876fa1bd63833f,retained
cnews:3036,3036,房产,a98d0857bcd92f720e5f9eecb5a065014dc61c0c17d9c6d0276212ce6763eead,retained
cnews:3037,3037,房产,d0f1695a95c8a537cb0661dc7e07b462b3aff3f8aa572867db92d64827066978,retained
cnews:3038,3038,房产,06e3724ba10fdd0e3f20bc7f190df3a0b93cf8f1fc6b9d10a8fafc10ded61f0b,retained
cnews:3039,3039,房产,3faaa2a667c813dc66592a3018b07f9c8c121dd7a429428d337d9e093916fa0a,retained
cnews:3040,3040,房产,7be52465d3f4709e1a219d8026ad8df0140e40d197d00d35e54009562f6f6abf,retained
cnews:3041,3041,房产,1d12d4584a21967d0a760f591505deb146f49688e9a92f25635c92b96519af77,retained
cnews:3042,3042,房产,82feb6d8bf20180cc765b8ba4b0f7432c434798ee559885cd4f9a00e659f29b5,retained
cnews:3043,3043,房产,5604e5c4a9ca55c0c0811273b60295f28ace32bef70e83d33b2009ed4d4d3d52,retained
cnews:3044,3044,房产,5a02527d4ceb4f225d176c0b040bfe99f9686b40f86810dd6f34169b1e2516dd,retained
cnews:3045,3045,房产,cac217b2e784510f76770a5741c2a948faa1c47f58731e32b1573b577bca0c89,retained
cnews:3046,3046,房产,b39768c494992dbf8439404af0b7e7df80582f78c57a5dc81b144c80a9a8a960,retained
cnews:3047,3047,房产,0adb334ca48309f47650cddae1ed5dd4995f0a847c3afebfcdf64218645f9bba,retained
cnews:3048,3048,房产,9c3786137feceb058de683d772c6e58f659bcd6ccae238cef4fd9cff3dc92b6b,retained
cnews:3049,3049,房产,661dcdf3bece1599429eb69ef3957427b7a41292841ac5b5897643fff932206c,retained
cnews:3050,3050,房产,030118e92b66c4ba26eafb1d1877b4231713d11b32ac16cd71b0bf3032e064bf,retained
cnews:3051,3051,房产,d215073de3558c2e61120ecf2f141119221bbafb2ff41d80cc1aed25c0ed5db0,retained
cnews:3052,3052,房产,3da44e7ad924ffb069c5c2cacd0b60afeb7a5f823a39132f74a6d9cc2e14af6b,retained
cnews:3053,3053,房产,8dc703d394b270f31cf87039c5d6630fc2591a78e117f617f703a0ff48507e51,retained
cnews:3054,3054,房产,dbdccb8244b875e58c56688e008a9ece62cc61e0ccdb97b870b03a77e0463fab,retained
cnews:3055,3055,房产,634fe991450643b04d77a12a631416308ebf7a2d5f8cd7d0dadcf054be007986,retained
cnews:3056,3056,房产,fe78a963f17a4665cc01db2612beebed2a234d75d79d802d805b751f441f6190,retained
cnews:3057,3057,房产,734a93b148e603fcd8509e0c0f92b6abc78b7f9369ed79faf72984d5c90e3fe8,retained
cnews:3058,3058,房产,5ecb4dd1c8d4fde99f2a2005115d284ae44bf84fc0ca0a77f1bbda50704c0d20,retained
cnews:3059,3059,房产,9fd3ee18b4c9b531a14b1f737837bdde05e3b5b88afebf3cd9f8d56005c9e15a,retained
cnews:3060,3060,房产,92b0bf4890b0fd5f76a5086afa903e0de08dedbea38d0d0966848bb49cf7c0e4,retained
cnews:3061,3061,房产,8283df854c571a0a2d3ff21801c8ebeaf86b2ddc42dc0a9147cf293658cabc0e,retained
cnews:3062,3062,房产,d90c0b179ac735a25c7da830783d12a766a163bee581b6e1ed351ee74910b9bc,retained
cnews:3063,3063,房产,beb28482fa6b0932080adb7f7da9dce9bbdaf6f60fe1926d45cc732248318c5a,retained
cnews:3064,3064,房产,5636ec231f513145a3966f12dd71e255da8ac44812037c83e669c302a525aa5c,retained
cnews:3065,3065,房产,315b8d564498e56a87464c78446ad971d3555fbe8d2d047b2fb7e91e996da6fd,retained
cnews:3066,3066,房产,bfdd37a9125d815ec4845bb6c6688f40d20105b917204f484b5cab916f9e63ed,retained
cnews:3067,3067,房产,e9fbc0c76815aa1f2957e5dc1c118e12fd1f46c32e3108a4614eaa5123c7531c,retained
cnews:3068,3068,房产,504b6564ceba7cf1a3186372bcdca3970ab3bd637ad436952b7fbcacb4dacb25,retained
cnews:3069,3069,房产,ede42dddea25d64beff133f3ea60c943742fe4795ff60ffc487859b371b1c34f,retained
cnews:3070,3070,房产,1ba571c8c7833a1f53bdc66865a929ec1234fe33fd4ae7807c78bd320f732751,retained
cnews:3071,3071,房产,38518c1ff971f672acdc3056dbf18e671114a65f214b451e8643374558ec0fde,retained
cnews:3072,3072,房产,c7bc8dd669015ee4b98d3e9a9fe3ca7b0949924fb758e534814155ea1a13044b,retained
cnews:3073,3073,房产,da8275a42adc57e32f30f429b97016ab2b06a1fa83e5316476cb1cd9350e5502,retained
cnews:3074,3074,房产,0f4e0edb539b2f9788da0c0e4a3ff5f36805342285bcbb479ae5f64ccade19e1,short
cnews:3075,3075,房产,adfd8838bcaf3fc60f4c0073b9eee1e042ab27d8418508462cc59aa89fca8cb6,retained
cnews:3076,3076,房产,f243f77c32a54a0572ca0e79f413a8e2c621ac509abc91726810f3d51c40d8fd,retained
cnews:3077,3077,房产,20931e2993e2bef7595b299ed21a374abe3dd838f1adf4e175d37ad768602007,retained
cnews:3078,3078,房产,8366ff4b3fe6946b9fd9cf4af23e3a271de3841dbb27cfecdd1599054f976768,retained
cnews:3079,3079,房产,6056a76fb914eeed6b0a9985b964846f6c6162794cdd5363e2487bc08b3cb018,retained
cnews:3080,3080,房产,fed3c813970a2ab879e66d8e641f26341f16f970d41e8e52038d407cfcf8ab60,retained
cnews:3081,3081,房产,1a197673c7bae66c6bc022368cb2ce375a4eca55e184debcbdf68ed734562814,retained
cnews:3082,3082,房产,85c7c8afa31cf02d9aeb2312e3a3673cd78e3fbfe0b955e87700b9226ee97364,retained
cnews:3083,3083,房产,5d3114168b13b978a1ab15cda0912d2a6b9895b67e4d2f921a090a9f545b4e20,retained
cnews:3084,3084,房产,eaebdc1cd3a7634f9cd963d15212be6366330fb5054a2eef4b40f5524a6f4832,retained
cnews:3085,3085,房产,450da327ae8c5b97e0fc602c2acfa54b49ccd72ea5b7155d9015dc4185a8bb80,retained
cnews:3086,3086,房产,008512f493642c28bc875bfa2a77fc982c709c1560495f5128b85cd24c179eb7,retained
cnews:3087,3087,房产,403ca7214b6ab260e904fb6fb442aeb1d55affc7905e31ab394b3e2feb8c9592,retained
cnews:3088,3088,房产,03ed19983b05488c4e61ae209d31417f863e8d9b056b5cebf35f1e1a114a15c8,retained
cnews:3089,3089,房产,8e7cc70e7cb7007a3a0709bc1dba1e7875f2beafa76a06ddd74abdca5b595353,retained
cnews:3090,3090,房产,8e1e7cf13d3ec3950ed06f92ff8edd0a47ae36e35557ee5568eee964a8e92aed,retained
cnews:3091,3091,房产,d0ebf6bc7c500f5fba874d020a34ac27c03d89502b6bcaf9bc0135f8a2957ff8,retained
cnews:3092,3092,房产,29d6ebb0af7be4097132349fbe98719baf76c45b9f56db610ebc9d14e9214771,retained
cnews:3093,3093,房产,5de1ff11ccfd181b7e0e17bb855ea4ee2caf1623df638b3ce00a96b2ce102739,retained
cnews:3094,3094,房产,4185998b9c07e31887940d6d0cbc9653948eab29b2c2f1e08a318b7fd4ae22b8,retained
cnews:3095,3095,房产,d10cefdc359539227971cbbba3ee60cf3c42a80517f564e1794a64236759249b,retained
cnews:3096,3096,房产,ec809f288159e772740578c7a16a41a0dba463dd3811d9e78ac37d841a16c180,retained
cnews:3097,3097,房产,c00999267f74f4960ae7d98f17103e0783946d61e443b5bd1a04156ad5b60f24,retained
cnews:3098,3098,房产,96cad50feaf52f626ae3453983015707a6b6ed1aa61c162c0ad5e7fa5cebc8b4,retained
cnews:3099,3099,房产,a7a61537c1229def96c85ca2c77fa3451555c7cd9477ea5fcbd3932ae7555e93,retained
cnews:3100,3100,房产,95d2d7deb1c41647dc698cb2a7c5bce6bc64816c98a17e394d75838399f25789,retained
cnews:3101,3101,房产,1113f52ee79327a4bd98646221d139920d5562ac4b84878f0dddcbfdaa79b26d,retained
cnews:3102,3102,房产,c40a76a376db844fd5416396c26bd5283c26f76a1099803adf7bac8214eb8627,retained
cnews:3103,3103,房产,4659c9e433c7fd70e2f9c084185d323eb603a43bcf19a4bb49f05f7cacdb75de,retained
cnews:3104,3104,房产,c52b411605c573a62e1881dfbb350cbed9bd4d606538aca6741dbb1d572a50b0,retained
cnews:3105,3105,房产,3de8caf2329539d40f21b552a47a1f7b469981e726c645053e155d95621bd1e5,retained
cnews:3106,3106,房产,949a25bc400d90db652099c52175ed3e62097146cdb927d2d5cfed2de8b1bc6c,retained
cnews:3107,3107,房产,6ffd4a1096f1c696f45e714df0fa1f369643c1ba98cf608469e93d11954491ab,retained
cnews:3108,3108,房产,9c6c161aa88c5c715e047942ba0ebea89fb94451ee2306e0b306f30b74470776,retained
cnews:3109,3109,房产,d79e186bb12bff2eab6ebbcaf3dab9176b8db901bd18e033b25d901827498f98,retained
cnews:3110,3110,房产,b8e34cb12941850378dca7788ab56598d6b1c681b0d4b743d1d88ab85cc3abe9,retained
cnews:3111,3111,房产,ece92a3fdf3b07c9d13674d2c61fd6d42889f8a6e18ec935e4e61574039a9b9c,retained
cnews:3112,3112,房产,9eb9c02f1fcf7e64de9720d47f62753e558afa94168c454d599e50127a21e5b9,retained
cnews:3113,3113,房产,e4cd3a01dde1da52e1977a5bb155ec17dab36e2fff463588d2fc881e2dd7c55e,retained
cnews:3114,3114,房产,cbb2dc2501b22270d096abf7bedf7f07cc366a3468e6a91d28f615970356673b,retained
cnews:3115,3115,房产,6a2e8bcce63fc3bb942621dc9e04ffe9181f550420af23c17656f512da70205e,retained
cnews:3116,3116,房产,4a1c6dfb9e44d61ea61c969ebb2b4b4a0789011fcd12bf0e977365bd24dbac1d,retained
cnews:3117,3117,房产,ebeca86df79756629f2128f87d55b807953128cfd054915eb872726eee4951bb,retained
cnews:3118,3118,房产,b296831c08278f3d7788083874d17e3424ff265af6a247627da0875baa1fc226,retained
cnews:3119,3119,房产,15d71bff84fbf40bd57aa90dca6b57f7271402a0fb35be26e37d2432a26fe478,retained
cnews:3120,3120,房产,9a8c7264018311536699c957681da8fb8a273db184c46fc18e263f0d05691457,retained
cnews:3121,3121,房产,3ee496a9cafcceac09f13047e4522d42204da69fff7bb2c3a8cac30fd794a594,retained
cnews:3122,3122,房产,c8a8af328f1481f7b1d4ffabe4f9f12502e6ce53f7e1505be4bd9c04dba5bc81,retained
cnews:3123,3123,房产,de854d617754140096608dbeb1fed1ddf8f51e716c80a455cd6fddb86ed3be2b,retained
cnews:3124,3124,房产,e1cd7bfb5ef34dc21294874fac7319461ccf9e3d4bb26c1a023e69851f9e98d8,retained
cnews:3125,3125,房产,77a7ccd9701d3ab8d1736891911f69f9cd55ac67dbffecf111f7a8e64fa55319,retained
cnews:3126,3126,房产,00ae8efd021267bb61d18d24e127a0ff02f07f56206f93c929c98a0677e801b7,retained
cnews:3127,3127,房产,cb01af9c43c91a1320cf1a38dae192f8143a28e1cc3e71a1004f28f8ad3b4b26,retained
cnews:3128,3128,房产,0afa87709b8e63fcce3598ef043cee441fdb2f4fc4f2079ab8058d30a054c0ba,retained
cnews:3129,3129,房产,24fd679a5506312b1f41c45e5fffb3a34bcf05e1ee90c43347e554fbcf8bfa1f,retained
cnews:3130,3130,房产,cf54f57118b09f3d82ffc4f93e14f54f7fa122f4f3919c596e38420c26fa0716,retained
cnews:3131,3131,房产,8d61e216a6ee329238e8c226325eb02c6e272cddcaf60944777f61359c85f064,retained
cnews:3132,3132,房产,7a38754468adad15601aa2177945a9c5efa1f2c9147513f44043ab678c26e94f,retained
cnews:3133,3133,房产,2be5b687560a8305f00b45382cff4aa1e6ba21771df32d29129afd682208677b,retained
cnews:3134,3134,房产,e1a0eec0987f2c1ebc79330894f50e5d63eed7fb588ad7f54ef2d6d738cbc1ab,retained
cnews:3135,3135,房产,01f3a5745eeb826ddf827f15bcc86039ea2a07d9c4cc795f841436b3c5e22ab8,retained
cnews:3136,3136,房产,05cd05a2c8a35758d204dab6ffa4fdc9a61a7f576d521d8875da5a8e92e4c3ce,retained
cnews:3137,3137,房产,4fb7e64c8ee412d312d366c90feae806890f43c980f0fe17346662f4b0f1ec00,retained
cnews:3138,3138,房产,0b12e928bcdf0c9fc3edb6a3dab84b97f1b346b5a460dd4e279aa0488a6a59ed,retained
cnews:3139,3139,房产,0258a3d61fd5f79924b572d2e3b7add860c5f944b529391f71a8d07cc835376d,retained
cnews:3140,3140,房产,4710f851e798d57ad413a25b43fd0712218692a8e7b996a43580dc1eb5d31811,retained
cnews:3141,3141,房产,d663765ade61e754acca7d7736e0bf7a6d1d7b65e51c602d883aa674739bd680,retained
cnews:3142,3142,房产,bf937a02b44643c3fb7afb22bbe7899433f606cd1d4e90be1bbe3850803d1f5b,retained
cnews:3143,3143,房产,e5eb67ade931a0d518d8b3e10934ef3e87818eafd83fdd6dcddae9c77a3572b6,retained
cnews:3144,3144,房产,10a45d56066c7c83a64d15803a486dd09545798d272f4e6fd22a50c199475f37,retained
cnews:3145,3145,房产,065cc76c21b64e8306c81ce2b47f084afc3faebf6ebb82d1e5ebc632c54f8e28,retained
cnews:3146,3146,房产,5c8398b5e2477d9a773a465ef6ac3b976ac9ba0b8d2252ceb9b208b0df2c9309,retained
cnews:3147,3147,房产,9292644bdbf763de28f35a9b3a8a10d16bc0e88e2f9bf3ea40ea793c074f6c2b,retained
cnews:3148,3148,房产,cad2d5e989f01ceeed8eacc334c776b588f1e88c25d89f9ffd078b2335fb2911,retained
cnews:3149,3149,房产,60d90497b5d589a57e73b9124525fc02a43026255dc17a14ab7ec9ac2927c198,retained
cnews:3150,3150,房产,a30c66acdae253430c575b9aa75b31b8eefbf42fd1652c0a4dc9af377abfe4d6,short
cnews:3151,3151,房产,d3d538119119a2d222331565274946a63c0ce3d83e05b89a9088964879c8e524,retained
cnews:3152,3152,房产,42322e4919781808937467d5bea7920bc2a2169c359e2679b6660246d09cfa9d,retained
cnews:3153,3153,房产,2a9cebfe12fbeacd573189dddc43bd068e127a6da3348746c2ec0ddbf515ebb2,retained
cnews:3154,3154,房产,1d04e09023c3b2efca72bb39f574e8fc1df8c44e702460471046369fe3c8ab10,retained
cnews:3155,3155,房产,5dad184845fb5c62fb04ab890e342a28f7b653438d4ddd6a8ed1b4853ec80fde,retained
cnews:3156,3156,房产,063e39369ac307e5853b7fbf7cfab7b449bbae7041a644824565ff39a850b129,retained
cnews:3157,3157,房产,1d268946e8425b13bf9564748ca8a023f79d5452e52183c53a9f6b3d5c4fe7f3,retained
cnews:3158,3158,房产,77776d2288c307509caf1a144b1c0fc3934090f9e0a890021029393857504054,retained
cnews:3159,3159,房产,50b2ed9ae7c08ec2ce7d6b3e1dded312c94c8e079c50c8a1de21dd69309996ff,retained
cnews:3160,3160,房产,9df4221380625b74871712c7ee8f7987e035dbd37a3c831ae529e990f9432384,retained
cnews:3161,3161,房产,1c5c586fa37e2b398fe897011d73cdcf6786a14bd93dae54670dc5b56e34de94,retained
cnews:3162,3162,房产,a1286c0ad19376060bf421378403a4519fc1c08a6d744be9dbaf1b5b6ce058cc,retained
cnews:3163,3163,房产,4810f67bf7a77b1417a0e14c6f1111c7eeec8346d0b5718fcaf725871a1a2fb2,retained
cnews:3164,3164,房产,c849a4e43e881883287413ba2c5b4aaea824e655662f59c55e8377a64f95e475,retained
cnews:3165,3165,房产,66f4744a11503b751dbc02ba6b716217e894f875981b6614dfb033810132bb85,retained
cnews:3166,3166,房产,dba947b646563d6ffe8db5505745128b9ddc62c23acde9c5a9da5b48d2d3a56a,retained
cnews:3167,3167,房产,d4566454b331ae64f361f36223930510fc8dafc875a5d765e0761a2e4783ea77,retained
cnews:3168,3168,房产,dc2920c4a12846be1e434d9a830da04ea3e651a18ca2a53f5e150f862f4f9dbc,retained
cnews:3169,3169,房产,80317142eeab428a615647ccfaa26e048d5a168dea67e1f557419da1562b8a57,retained
cnews:3170,3170,房产,ccf221cff576bb3d19315efb557a2e397eebe0d741f814e611f948863a7008a3,retained
cnews:3171,3171,房产,175f9dbd908b07df821eec10f51a38d0cc01eaf398d737e03fb5ca394ba7f9a6,retained
cnews:3172,3172,房产,acc354b2a72b4b77592693a18a949cbceb84a7bb37075cb19a52717d33d21fad,retained
cnews:3173,3173,房产,18f810d13632b0830b1677ad7f483f7f98fc15e33c76c339a00998f81e12dec2,retained
cnews:3174,3174,房产,059609b44939773cd10d0aeaa68d3724e2439675ace659e1af64acd2386998f8,retained
cnews:3175,3175,房产,f7e85dae52ef4828aa769a8c3f29fd6c121aacfbc0294916ea2595699ec093ad,retained
cnews:3176,3176,房产,9c270e94f3dec24c457e3a4ae9e74af0efd84a14fa4ec2de451a66cfcde3677d,retained
cnews:3177,3177,房产,b08dd3af0bb5e3578cf54aa9375b3024a272f38650f65df8dbb1eadfe53a2ca8,retained
cnews:3178,3178,房产,c6e4396bf392810eeb003f371c52c21b9e48bf74b5a5a2de1ea0614d6e37332f,retained
cnews:3179,3179,房产,0159a6c829da7250d5e1bd3f314f3336386c4e257532e5da9814201c94ce6a28,retained
cnews:3180,3180,房产,4cddfb936f7a8a0c32748e1adc75dc0f2c3d8d807cf16d8dac7c0784c31dd3d9,retained
cnews:3181,3181,房产,f969ef98242872be9b5ec2686fff3526f156c93942af5ded57cc5c0233233438,retained
cnews:3182,3182,房产,bc33a234bd53aad852f0246d361cd7c634efb468aef6918dc62757aa795c135a,retained
cnews:3183,3183,房产,fa4531a33a7fe8246e2838dc1bcc8a9af303794701f84f71b867a1d19859af25,retained
cnews:3184,3184,房产,eb918dc9811de7874f5477272b1600457b30067bf80e072b6fd5e61ae403e7d5,retained
cnews:3185,3185,房产,4147b136dfb9230496b60bf5e1832704fcc1419da3fb2687d3e7318783f425df,retained
cnews:3186,3186,房产,3b065bbbef18dbe2013ab96b8f70569feed95e4568f98183255a3894c12255c3,retained
cnews:3187,3187,房产,299dacb0a1c77fa191e01578eaa59fe0356bbf6f97afed40d376cbdbf8088a56,retained
cnews:3188,3188,房产,bf215ff060cd732127f7d1c540b239d39c79060f6899bdfca742f7f50f90dbce,retained
cnews:3189,3189,房产,017d26f8270a2c5c372ab68bc9948031fbac7078d6e96220dd1d17adb96c6c91,retained
cnews:3190,3190,房产,4e6f110aaf0d88facc08cc25a0722b7569c3ea00fc9254bd670012a4d0ad9458,retained
cnews:3191,3191,房产,7e2781dcc226d8ba4cbd4175a2a93ae14fd389488388190f0351dc92e05737cc,retained
cnews:3192,3192,房产,d225418e2367dce5118af0f858b209c40fc091f8f1f5442222b36a6211a383ee,retained
cnews:3193,3193,房产,85022033c6bc604c5f83cc5892317ce5de3ec51e31bd45aa4eb6b272ff64b402,retained
cnews:3194,3194,房产,196f7800aac3f9a702d1387ba167f6bdef863e3dcc994edc44cc080400ac5215,retained
cnews:3195,3195,房产,91e01375b1ba0db15ccdffaa2b101781ff963069f68519997022605a9f434859,retained
cnews:3196,3196,房产,0368d75481b8c12b504cd7603c630387b5edc9d56dfcc81d9887c898006acef3,retained
cnews:3197,3197,房产,942397f2605de1dd4046c68307db1818850322924711e4aa350383bb6de71e2c,retained
cnews:3198,3198,房产,4503a9794b552c1f899103069eb1df289467a5cfb4ad1e7ccc30c55281101c94,retained
cnews:3199,3199,房产,f6f12a5576c7b27645ddc7c81602259438815ff39cefa6e009139dacec2ffa2b,retained
cnews:3200,3200,房产,f6f10b34c2750851eb439a25f94a23ad2d2c92ba54998e5287d73cf8d698c60c,retained
cnews:3201,3201,房产,8b191fb0d9696b06ba9349561f44b3a37ff5bc6707504650f84a0f5cdfff5735,retained
cnews:3202,3202,房产,e657c8c8c8095ea03a1a7fee2fd8216dd31802bdc9a10d6a87e11ecf9e8a8d24,retained
cnews:3203,3203,房产,1315d02c2a263346c574d2dcd757a5db724a161eec2024c71fdf4ff724dbd820,retained
cnews:3204,3204,房产,2595d694c41060e13964bbf7faf2b2a61df683a0c932d4ea8172fa0f3fb753db,retained
cnews:3205,3205,房产,059e7fdb1fe4a7aa167aeabd4c56e12197e4fd4daae6b21b6e3a44b152abd2a8,retained
cnews:3206,3206,房产,30d62e26ac8607e20acd3f25bf5a9d16e9c25cd95677f97a7b51c3a311faa676,retained
cnews:3207,3207,房产,991c6abe20b52cb08a93b4b89319404126dc43d918c90b0b9f58ea936bb31df4,retained
cnews:3208,3208,房产,41017fcc115ae5f7ed334a9c8c82e2b27cabf79b21ade7bbb38d4b81c1200c69,retained
cnews:3209,3209,房产,6d9721a96e8d2bb217b893ab963c521b9104968daac3d5b0e47e73b9b6dbe381,retained
cnews:3210,3210,房产,4a98834824a48a9440f78a34e6794b7998bd3c657a0483605f4ef63ec94e4550,retained
cnews:3211,3211,房产,0c143dbb995c3dedcd5c6e6dbaff5f662c4dff9d53446dd670fee12725e14f77,short
cnews:3212,3212,房产,7c4fad58c48a9d381833904c291eba05cb514da1c1ec417634e559a8a0def80f,retained
cnews:3213,3213,房产,6680f1cb2dc66eb5e2b0bb99da79aa32c5b2ab8409595e8c855402fd92f6b069,retained
cnews:3214,3214,房产,70b4b9c087eb8dea4404bacab90d9b66ca04fbf59c26ea41edbae5c4a2dd2e2f,retained
cnews:3215,3215,房产,0a9a3ad9f98b49aac43fb52de363acf97a45e31ca6dc378983bc7323477bbf03,retained
cnews:3216,3216,房产,8cd5fce055dd56c36e74c26f6cab096f52c7cf3740d036ab8422fd8d3ee904fc,retained
cnews:3217,3217,房产,87cdf0c6e4fab10d136fdada34f8dd217ff2d4d7bfad94e392a2221d11d96d43,retained
cnews:3218,3218,房产,b912208a30bb9f11918a040d064a0113698155980591725d5930d6c67a7572b6,retained
cnews:3219,3219,房产,99eb563ecc71e38e217ae28ebeac9acd7eefc9618a333e1e240acb2366af4e71,retained
cnews:3220,3220,房产,720090a5ff9b54d798c615744916a7170c8e46692d6c4b74f6dfb28f74bf9610,retained
cnews:3221,3221,房产,ed5d28a488122f77d1efdb46503c7323cfc4683e5e0435decc58eb2014be88ea,retained
cnews:3222,3222,房产,7314379102c6a4f5ab50ae0b2f8dbfe97b03459b5bc4fad8b72c54125271d24c,retained
cnews:3223,3223,房产,993c8fcbef392ac27a025640556fc579c81a966abef43bbe16cb17afd55afbf5,retained
cnews:3224,3224,房产,1e3ba74df2a9d22ef3dcdb7af8dbce5cde31d0d95a45517bae862ff23ca47217,retained
cnews:3225,3225,房产,aec7c73189cc44ebc7734c8ce5ddcbf08e2e6e93e553020b8e928909a4dfb715,retained
cnews:3226,3226,房产,b22f2a1443f52fc8e6c6c3caf8f7e78e6175475cb4e1b57478daa9c6b85bffd2,retained
cnews:3227,3227,房产,3d6a50c9f620ae4a587b54329e45d064a07b0f3cd212db2cf2a4e8d9de9f2cb4,retained
cnews:3228,3228,房产,82f6113c7e2daa46473f923db6da6664617e1b7854d62293f60275091aac4211,retained
cnews:3229,3229,房产,41a19bad8cfbc4368de9e2623a412b30e246652c566b56e3370aac5267220256,retained
cnews:3230,3230,房产,eb0aaf264d8304ad5aef831b152f2b3cd11ba355bdcebfe2515335080b6ecec8,retained
cnews:3231,3231,房产,361ff6b177e343bbae94fd3dafbb45d4ed05b1e3a84c2425cf035db53bc1cb91,retained
cnews:3232,3232,房产,dc7f7dfe678dbfb47d8b29e9dbd3558720bb21cec88e914b60cc31f0c6338788,retained
cnews:3233,3233,房产,a5cbc61144e7e01ef64137b525f5d22a93ca618444f8c15737afced0c3c56cf1,retained
cnews:3234,3234,房产,5ec7946b9911e23ab8c2fd9d9a66ceee90ae4dce2594e3b64820879db1307030,retained
cnews:3235,3235,房产,f1794370d425e272c1507105abf6c75409f4ee2599814c8202c3133abccbf2e2,retained
cnews:3236,3236,房产,e6f5d42430c0809a17452dc931bb29a412157d3525b394d8110f843baa2fdb85,retained
cnews:3237,3237,房产,08491bc60ba59ebe5516762ad1e6330fe2040de7bfab7051b7a1b968c76abf83,retained
cnews:3238,3238,房产,2ae4c41d5854dde0a33288c1ff099d4beb729aaa66c99e166b4c87663540db02,retained
cnews:3239,3239,房产,99a494e2ae62594e77ef0e1c2471698fc9146b41fe09e6c4ad043e6593c14cee,retained
cnews:3240,3240,房产,62ad6e08db646d47230d994c20b19fe8dad0a052ba9d36bdbc327f50cffc7e4d,retained
cnews:3241,3241,房产,b58ecbbbc46c1191979f45b6ac92e6cf94fc8caf56162119732c43035b00ab41,retained
cnews:3242,3242,房产,15276c961525a466e08fc8816bb1b5b78fcc25654b5671ddb671120b816ab1c6,retained
cnews:3243,3243,房产,08650957874a9993c86b84611f431e24a4591aac9b2b14bb9c95799af00b5c58,retained
cnews:3244,3244,房产,242cf6acfca4cf112698c947c7c7d02bf1740c66cc21f664c555d8489b511fb0,retained
cnews:3245,3245,房产,d1df6c946fe6dd7480039f72b4a862ebc2a2f7b06c3c9a0a50f00be4f8bd096a,retained
cnews:3246,3246,房产,5357a87f2bf92d7f427269c6135420eb1f6c386eca58f7f20587c3fecada3fb3,retained
cnews:3247,3247,房产,a004167865cbeca04ceea70302cbeb2e4d353cee5faac25e175be846ebf25fbe,retained
cnews:3248,3248,房产,7e8575a852ba973dd6e2115940dec37fe51b1e37dfe5c499f12cbd3137e1d950,retained
cnews:3249,3249,房产,5c2c559b2cf0af138d13389267e6c66c6aff845d2bb3db00e6bf288e8599bc30,retained
cnews:3250,3250,房产,996eb5febac6c695a0d8d714291e755d57b6acf54d14b54dd5d7e7c979099966,retained
cnews:3251,3251,房产,4a84d563e591388788c9c32797a9d9b9d611aa95e73d96312fc7ceae1ec11958,retained
cnews:3252,3252,房产,0d9f724cdb5ce30620bec62d4c5483e9f0ddc20e3729ce638885891af0f6e468,retained
cnews:3253,3253,房产,98f032acb22d1029c18c3d36245634c1faf0f5baf24f33cda7dcb496e1c2c8e6,retained
cnews:3254,3254,房产,d3ac82bbbffb78dc836b4fa08f49eeee34fc94338e6bd18e5b21538ffa86db6a,retained
cnews:3255,3255,房产,e8f7bd5d36d44c2a0e55501afd5c2cb953ac0acbacbcb6424422c034cde676f3,retained
cnews:3256,3256,房产,5872ac9cbdaf7727cab798927161ff1accf482f88adbd74a148395f55c93494b,retained
cnews:3257,3257,房产,ac4a2cd422591c20b1c3b3cfbdb8fa3a8d1a005497e54272fcc7da79810bbed6,retained
cnews:3258,3258,房产,06414087c8d3f73f2da21cc9ba8521aab220d82797f43e5cadeb2275e33c39e6,retained
cnews:3259,3259,房产,91eaf4c55f0361293e14eecd0b0209ef6ad55490e4ba2ca2ca32dbc95b5c634e,retained
cnews:3260,3260,房产,ddaca4f997b78d9cce37faea43c8e074be45e0b467f020a8e0b90bfeab478066,retained
cnews:3261,3261,房产,ab9850729683cad5e00cea6fbc2506ec3fb77e41441dd5a59b0db84ab1b7c6a6,retained
cnews:3262,3262,房产,1f379d8232a21dba40568728226a01182636abc2af2206c6c5b6e7ebb641c6a2,retained
cnews:3263,3263,房产,ed4012221bf30e3e21d7e3be66abe4e7b057724c8f75696617a604d2c781b565,retained
cnews:3264,3264,房产,652762049c50baa004c6ac4802f6588cd0298f07ab5c4977cb853c0e3b888dfa,retained
cnews:3265,3265,房产,0c68ffba466fde3340467d1c81248e741f8cebc7d4fcd406fd6b110c1221fb8a,retained
cnews:3266,3266,房产,5267c90f589b9ae01d3075913b771ac32d5910be6afeb539d75148dd347d6459,retained
cnews:3267,3267,房产,213cd960c69e306be391c62c0e052f7bdc0a6327372743f065894fdc5d8641fa,retained
cnews:3268,3268,房产,7eb882d920d165ff6a7a6dee746dbae72b1c943cabc9b4bd32a6f9a8becc34f6,retained
cnews:3269,3269,房产,5b166ebe3511dfd2b179cb55e18852173de5668f9fd2df5dd06489aaf4d8263b,retained
cnews:3270,3270,房产,8da27f837195ba5a2a1b2198194f98773e8d82773e55bf6470fa16f4c53c105f,retained
cnews:3271,3271,房产,e3a00c7bd0a38a62b5415e23458e07f9c92737acf3b439b66dcc373a6210c639,retained
cnews:3272,3272,房产,c4d91fe20216bed7d002dca5d2ac75284fd37effb03aa21a88dae1e566755b42,retained
cnews:3273,3273,房产,a99dd9d872a2b55a0b124d5c5d16a7ff13da54c5f414562e18609fb146af3716,retained
cnews:3274,3274,房产,a4cdd3fd53aa4ab33b6b40eca3f9bd4e9c72e6180b8156a9733d5810bec30bd7,retained
cnews:3275,3275,房产,6e5d3983748a4d208e0ce05697ca7ae319a7f7f65e6b8442835aac878774b027,retained
cnews:3276,3276,房产,5f420dd9a14139d9688309ec9e27f7d2eaf087c84824361d1863a4e99b8b959c,retained
cnews:3277,3277,房产,9f6de5480cbfea6858c87fc795e548be4b4a4337a2b20b3a91a4e2d5ed7ff349,retained
cnews:3278,3278,房产,07917adfb2583d959752fe86580cb4cb6236fdc43391a98bd97cb6990fdeac91,retained
cnews:3279,3279,房产,83f16dd5a6e2cccdf1ac5a36892ea5a5d2be41a138b338630763a7561af4ad67,retained
cnews:3280,3280,房产,116b7ec72c35057c6cb97e46ff9743f1d52a5bb65b704ab87a45d2986f30a63c,retained
cnews:3281,3281,房产,6fa1744c8dd172f28619e4db2160a15b71b393846a3c3bcf3761907753630525,retained
cnews:3282,3282,房产,8373eca2a55f58af0ee3aa91ff08048710b1ef02329bd2efcf8db458068f30a3,retained
cnews:3283,3283,房产,46eda3ef101bee68cd98ce5806edbb50bc5697310df86a70207a092234a2f751,retained
cnews:3284,3284,房产,fbcffcca91af33697673e97e00f134af6d9579ae522496c13fbc371ed108690a,retained
cnews:3285,3285,房产,bac7c31f74ce03c9e611589c8f15e7649e8790ddeb420ddd9730d8df40ad8ffd,retained
cnews:3286,3286,房产,d674f16a7955730c1800fcc46dd78a363c19f9d088b8efee6b42d4b175d56afa,retained
cnews:3287,3287,房产,ed333a70fd984692d4f55c2b8f2680724d95a9a542f2c9c5a98646a56a5d45cf,retained
cnews:3288,3288,房产,3023cebc26035debe48159c9ba549f66b851ff20f26368c1cc97ec76d4c8350f,retained
cnews:3289,3289,房产,8e4895866b08263561b4cad5ad0a14d3b7066c55d21e88bce2f96421d71b1800,retained
cnews:3290,3290,房产,6eea3f4b26a0fafad22a91b5c141f192f73656ca3235973ce0818c78278aec70,retained
cnews:3291,3291,房产,919f5c46049184d57692372165cafb6d311f09068503d15d6372815752d01f38,retained
cnews:3292,3292,房产,1855ddd35ff391c98de390050b0ab0ff22ad71fef2b0bd87abdcf0e1a23bf4c9,retained
cnews:3293,3293,房产,b36c222787746957a62448dec8075b42f68dc56568cb2efa7cf06f5d6b7e498f,retained
cnews:3294,3294,房产,23f65763f9d52371bdad5434e20af1bc6ebdd0dfc2745b7e53a8c76811e2cd44,retained
cnews:3295,3295,房产,a71b4b6f50a4d7adced333f7d9a473c943c28e7132ba1f6b33be7d9f8ca22cf2,retained
cnews:3296,3296,房产,1de2afb573bfda57a493fca1ca28ed48410c1a76959d482757f3e06837324561,retained
cnews:3297,3297,房产,a007970e396230e4c140618c20dfc5b1568144cfb4bc9d562b052124d1a1a395,retained
cnews:3298,3298,房产,e98e6542d2ae6f9a3eedcf7840946fb8eaabdb1b1a2a696c9a9600bcf8d80784,retained
cnews:3299,3299,房产,9318f346e84684f95f73b821f20cc6819e4f54b06dd9b4300a343d5ea2260177,retained
cnews:3300,3300,房产,dc32aecc5669be558c3caf99de20ab3e3b870c804ecc6fb035096abeac973a2a,retained
cnews:3301,3301,房产,e111a4e329f88662f58481af3fc701d9ec022706cea5a35e19c65118939898c4,retained
cnews:3302,3302,房产,ca483f34c6d06b20e0e9149448a659033790b018e7194ad76461f6c197fa42c6,retained
cnews:3303,3303,房产,6b682a3e0ba3e04f7cea0b01243577a954648ad6720e1419a4f6c889401a1861,retained
cnews:3304,3304,房产,53bdf8dc79206396846d341a17269d863d300f745a482bab721a174f826853be,retained
cnews:3305,3305,房产,f3d8d6d6522675ec44de942efe24c12ae405ce109a728efb2d5b3c767e1e7ed4,retained
cnews:3306,3306,房产,75af4e93261d5da1d905c85e9603105e44633118376aa69598aa7d332701db63,retained
cnews:3307,3307,房产,51b9dfe48910321d7303fafb99b8b08b704d6d2b94c4e0d7086f1c6d8a1483df,retained
cnews:3308,3308,房产,f89fd67046b4db5d6cb9b2efaa6b615d837e9cdb9ba2fe6c92daac98a9aa7491,retained
cnews:3309,3309,房产,d57be7050133570c733b0bed7223ef072267e1fdc53d7451ace4c1130f80d918,retained
cnews:3310,3310,房产,da3ef4862b822662d0636bdc2bc4c7ac885a2a559141a920744cb6701d421cac,retained
cnews:3311,3311,房产,739b610a126e0b2f4b9208a2f2162cd873389893875ba2683abe140837c530fc,retained
cnews:3312,3312,房产,97a51d016a656d714b2aaa73948c4271c655646f8349ac5ac147050a8eb4e266,retained
cnews:3313,3313,房产,b9273da923a5fe6a9588f9989343bd347993c36442fce1ab755f6d69c3a8b083,retained
cnews:3314,3314,房产,52e772d64cf294ec92b7b3a6dad7e9ec8a48be76a16f26b9386f98f39a5dffe1,retained
cnews:3315,3315,房产,fdb96de3e487a7b8e719a05ed59ad1dd22e7f9581586a433961f09e3b60cd556,retained
cnews:3316,3316,房产,5ea67cddb5a1547f410a4e6fd895a3945c593f6390a9898b0026c23ae38cdf96,retained
cnews:3317,3317,房产,80e9ad8ce8108d7919f6ba166991379a9138ab4d2d5d16d3f804f610e9578ebf,retained
cnews:3318,3318,房产,56c93c0190ee18c02a3b1bdeaec99222834612db8dd91926c69bfbaab2b37a41,retained
cnews:3319,3319,房产,ee0719fc002efd89f0c2def28a8bc34c390881a65551f46092c2e32e2fd05742,retained
cnews:3320,3320,房产,70d2d6b97431bb8c59752db911375c379c6427ffd339124126ec587adef533d2,retained
cnews:3321,3321,房产,0dd6fb07932511764d790365f589b7b3807a23689257f39838a0b885c063540b,retained
cnews:3322,3322,房产,56179c809e312d4546c1304729d3ec87072b0f08a0ea34852d1562def0504e93,retained
cnews:3323,3323,房产,298e0f088fa4d068e7b12d2206899c1cabcd72d1f75fb474e03b41785893f054,retained
cnews:3324,3324,房产,2730c9722485456b7ed653c6b18802d4dbcf86a86bad0b2c873b9879811ff951,retained
cnews:3325,3325,房产,cecb638d96ffdbe360196c963b3215fb547e3980f181079d9db04fd58a692501,retained
cnews:3326,3326,房产,15aaf0921df5b587f79d8448dc57ba64ea7b66c2cdbbe4d0a04a8bfdbcd4d168,retained
cnews:3327,3327,房产,b4e840333e337e28284dbe48f68cce65c997898169d5a37afa5d76b17107eac8,retained
cnews:3328,3328,房产,a69ce04a9f58a1c307de19411ff06fd5ee7547b853d02a418c46f8f3b2464ef2,retained
cnews:3329,3329,房产,34ef97e374c0d853b10656f444ec4f613e8f72b513f282de8f7c45903abfacb2,retained
cnews:3330,3330,房产,4dadb9bc8ea3c27f28e4881c7eacee56b481ed662a3a23ce939f14b27ae425f6,retained
cnews:3331,3331,房产,ef5c19919f7eeb3eaef6c4d60f38d76c2a8375d2ff5e581f07b0bcb3e4755c99,retained
cnews:3332,3332,房产,0f58054a328c8fb89b28e14659dd2c9a68c2a53a079461e1d428b4a8029c346d,retained
cnews:3333,3333,房产,604ec1be44541f849c0f6fc993c81e65bc52b25ea90b0a695704349f53dbd966,retained
cnews:3334,3334,房产,4b9f743d9048e794bd184764f66010b23d2cd958fd366e2112a47cbaf50a276b,retained
cnews:3335,3335,房产,7b27247dea523801c3b8e6bea931156793d7731f3ac1a3584078128f984d0be3,retained
cnews:3336,3336,房产,e5524bfc059dd50d448f7cc6b438a1fc23249854cde1b9ad79d3a6b887522090,retained
cnews:3337,3337,房产,5310b90277f0cc1f2924359cf4ef3bcd6e7ac78d6df77a70b10fadcdfed2d6b3,retained
cnews:3338,3338,房产,452535b052b526b323f991734d1571d7ef4a5d446a62b8c25fda6cc80e2345b0,retained
cnews:3339,3339,房产,827935e7a42f99fca7bb277ca963cd1352b41b718474cd0a70abd9d22f7a57c7,retained
cnews:3340,3340,房产,d7c61d4dff151be3fef9442d0f4e0c6872a6fb789e1f6260c53792490b917143,retained
cnews:3341,3341,房产,cf75f30b62d65ffd088dc09689f84c4b4b1c53e515c4f41415aebc43642569bf,retained
cnews:3342,3342,房产,9d16cb8cc87f1c21536a033229d34a0cad7a5157436f0907eef5fbc06647daec,retained
cnews:3343,3343,房产,1ee884e1bc0659083a7a32117eb1a6ec99c911f9a9d16a5ebec169bd5a4298b1,retained
cnews:3344,3344,房产,d5ad35bf10964d490d8717da2ff9138380be32f89fdcf59ca039dcfecfaa4d04,retained
cnews:3345,3345,房产,f01ae9f4d626ebb76706a5781b6f4244cff84fa2144dc0e13ec260269597b80d,retained
cnews:3346,3346,房产,f58e8923c75e928863dc0900d7be2a6df781aca0dc7cd3a0a809b2b74a142bce,retained
cnews:3347,3347,房产,68671e5235dbd9a60c607dec6e3790c2940ea98c91122d3cd0447619e3a144ed,retained
cnews:3348,3348,房产,7a433684e0689e76b28b209a0b5dd1a9fb545e507f00f9a5ce6a01efa5400c76,retained
cnews:3349,3349,房产,48d37a71445bf2bcee1475f23faabe5700213259bd0ba2c4eaaa23ca3d211c7a,retained
cnews:3350,3350,房产,d6d4dd78f85a4cc8aa59dedc60447999710bfda7f01509203fba4e5f430877ab,retained
cnews:3351,3351,房产,95273dab57b79ab2b95828b8bfc3a0df06815ed38b4155588890dc960790364d,retained
cnews:3352,3352,房产,d90f2c8c4c82ef7c38d5d73bb39d185f3a7ab852b5a9bdf914230efe40b52253,retained
cnews:3353,3353,房产,b6b8d7be4224591e312dce13c6fb31783482d0023706707b70fd8b889c2c7ec5,retained
cnews:3354,3354,房产,16982f3d5b8a3943ab9f32a0d3e4cc3c172360cb5d6e17704b9943f3ac67c6c5,retained
cnews:3355,3355,房产,1d63d7bfb0f4f8d0fdcba3547def3a3a15a83b480950824acca3ddcdc61b2806,retained
cnews:3356,3356,房产,1f3d38a8874a73d81a203d6fbb381503bb80a6347b4823fa5199876b7cdbed8f,retained
cnews:3357,3357,房产,6776aff90c2bb51098927946ef24452cfd010dfac580bfaec5b4eefa90f2dda1,retained
cnews:3358,3358,房产,bd97351e4fc833a77949f585babc5c66a9a8d4bf1acc8f89e6d1517764366ff0,retained
cnews:3359,3359,房产,9b862a0ca5ee0b6bb542749651562b956be7e6c9f832c618d8196b69e69e5302,retained
cnews:3360,3360,房产,f5b7cfa304b98322644ca709b4edd437535979febb595b3772f877b03320990e,retained
cnews:3361,3361,房产,7e99bf029d700dfb75c40f794d86d4f7cc2432afb8d4ec331d88710f758485e1,retained
cnews:3362,3362,房产,50af3fc240c70f08dd7783d05a4736ad8b23c80ce693c562d8f0539a0fe17bc2,retained
cnews:3363,3363,房产,d29791ddf6c1981f49adb43c6cb2bde4a39145668ec00cd88cccc6885cab19d0,retained
cnews:3364,3364,房产,d4d69d7e3aec916b9bc87ed1ef11bf4dca69ceb07a7fcb633fe07b2bc5eb171f,retained
cnews:3365,3365,房产,be30613f117205b2ffea3d975426b0dbc9dad3a37870e93ddd3d3b9b7c41cd0f,retained
cnews:3366,3366,房产,5fe1929c9dd07a7cb054a0b7bef2d5a94fbabb065a77dade94f1e3348996d322,retained
cnews:3367,3367,房产,62ad0966d5d3260b3b7775687299219eb2d7d5338b0d5447c7fd14ab0b1cccf6,retained
cnews:3368,3368,房产,d2346509973bf652c63d18775585a7388c317f24ca63eecb3ed677e48d22c1fe,retained
cnews:3369,3369,房产,b7deb6eb786cce464a954fa5083d8d17558f092011d0d3507d2713305604836b,retained
cnews:3370,3370,房产,7dd11f8073c9b49f939dd449f4a19fda23151db90e206eeb1a073e1be515d685,retained
cnews:3371,3371,房产,39df39e31b55dc9afaf002abe487bd5bf10dbe705a4ec8fb6f747c5c03aacf68,retained
cnews:3372,3372,房产,96f45c98a422a805cfa20d28e69c1576aec184e154639358c82df4fc356b70c1,retained
cnews:3373,3373,房产,135327c21e962156b5db5c80408cc93eafbeb70242674da04d20c604595635d7,retained
cnews:3374,3374,房产,e267f9752680a776c0e1853474bae90169eaa80c40773283fb5ec35784bc9161,retained
cnews:3375,3375,房产,fc8c21419b6568b1ab215c53a4eef3a1130c3b20c29b0629f26ae91d25c57ae2,retained
cnews:3376,3376,房产,50d64ef72a1c2ee80319d68acfd99d11b2fb0a3b6e5595d590c6f5b3c9b76eec,retained
cnews:3377,3377,房产,d909282926b4f5b433c2e2e6ae3043cd6807369445cf52405de09ff1e5d52e28,retained
cnews:3378,3378,房产,747658381df73539e10dc2b67ca662bd9ae616267cde84b8bc38814a7b0446f1,retained
cnews:3379,3379,房产,4d8b741daaf4acf2787e645f02b87a0c20c965249f22073c2d17171201e49734,retained
cnews:3380,3380,房产,24e3e8502b8271714ce81a401e88c8573d9191b8a87a87489f3620fc58b69785,retained
cnews:3381,3381,房产,7c3b80bf061d22eb26ab200673abea7611cf7ccacb9432f2a3bc3d7305795594,retained
cnews:3382,3382,房产,38abbec3d930a727faf62b1d626d54242a6e40f3e7f0bd2c6cbe9688bfb4ba6c,retained
cnews:3383,3383,房产,a1452504172987a39e9858d9d1fff8bcad2f4e0668d82a35c5a2c589ce7a8fa3,retained
cnews:3384,3384,房产,009a2013f971f98297b2bd0456c85611f741e820a894bf52f5e1ccb5f7286fc2,retained
cnews:3385,3385,房产,64cd6e5d281684fd77bb278ccf384df5c2b6ba261c7cc237206a333db807c652,retained
cnews:3386,3386,房产,7d07a221589a06377ffbaf66056944d59b8a176a741f2f7a7951c2b61cbd0c62,retained
cnews:3387,3387,房产,7f5af183dc1c882beb33545141f87fdd4ca34372aad4d70d82fbe4b72f91ac7d,retained
cnews:3388,3388,房产,5074f5c1b3f7064ec503a60ed7e09843f73b434a4c2a29a8a10e374b5fbd76ec,retained
cnews:3389,3389,房产,154c7793d308e6ed0a974fdc2b3209eb33285d872e4c5ed5ccd621c25ecff3bc,retained
cnews:3390,3390,房产,e2ff89660ce7ebd6280db42277ab7dbecea778920aa1421bce8ca134b8256973,retained
cnews:3391,3391,房产,349365fd57e8642fb869766ed3b0846c25fd15e50416ddffbe7338d413e4da33,retained
cnews:3392,3392,房产,f5461c6533e1d914eb52cff404edf17aa23829e9bf7820490c0034a4b4982de5,retained
cnews:3393,3393,房产,549fe8c66521706d1fde8fbca525dc3e4311dbbdb1d8284e197f0a26a2c18765,retained
cnews:3394,3394,房产,b625db97beeff2de975e1ad34bf34bc4df260aa1d0e7a054402abb73b954b933,retained
cnews:3395,3395,房产,f6351295dff3f3e971311671cf848a91096f1f74142203abb15f0807b4442a69,retained
cnews:3396,3396,房产,7a63a52e9bf6ddb9e8e633f9a854a3e289a9ead4dab012b11180ed1723f0b9ca,retained
cnews:3397,3397,房产,a754dc3f295fccf2447d19bd5aefff617ed163f4684d297a4c6c1aacc3a42b1a,retained
cnews:3398,3398,房产,95ad285694999f8e847221c729ff27c8c3b3483cd44ae562234758984e3603e0,retained
cnews:3399,3399,房产,48575bd1b54b2b1bb46a3936b1e11f70e0d24666b3de4b5f3e48dca1269344ee,retained
cnews:3400,3400,房产,32eedbd5e09122f351c6f4c01b2eff73c076ae6d1f34da2412537958054e3f56,retained
cnews:3401,3401,房产,ce95360045661daa5bdfd7baddf6b582d0c8e5ed8a7523425d22184c19b5e85a,retained
cnews:3402,3402,房产,9edf8dd0f5f1fabdee52846633be3c13dac17edc4a4205a3cd8e2d2c24aef9f4,retained
cnews:3403,3403,房产,997061f87306ec9efdf773713bd4658148ff312372be49189257f7b700eb00d6,retained
cnews:3404,3404,房产,e040566d4888b5cb4497d18eb1d8457678a8bb5374939d29f8e3a336271cee8e,retained
cnews:3405,3405,房产,04b3c90fb17bdb7530d769fab457298b318650028237b0027c4d630ea3dcb0d4,retained
cnews:3406,3406,房产,7fa6f9a64e9faad31f4ea5163d440fe7a7608cb00f45cee9726f2cef9f46095f,retained
cnews:3407,3407,房产,2270edb9f7cfbf01b639f757e7f9cd937282b7dd29fa8c04950cb57d22e4ca7c,retained
cnews:3408,3408,房产,8fff59e51c2fa4f568948e5d2eb17e9581d41c662e8e5a3cb4a658c0698de568,retained
cnews:3409,3409,房产,e473d952859e2dd36511c69de18982eb19c9c6b82a1f8011709b748af162152a,retained
cnews:3410,3410,房产,6bf14860d3784d27571302f10f658be7c15b8f24645f5cf1f37f442c9e02d40c,retained
cnews:3411,3411,房产,4bcd65d7c9b0bc7de44fd3d0a3d12933f7a076c97e35440d184b2580003e039c,retained
cnews:3412,3412,房产,6be42605875caa846bdb14ff7fb44358be18d65845db2ed7f16de2aa291c9537,retained
cnews:3413,3413,房产,25df64ebbd53e18ea697b2af38d27ed164ffb3286fba6c9bef1495aa8e9b928e,retained
cnews:3414,3414,房产,ae3be525e75ad428c8c1de47d84d39141221f59446b6f184029dbd09944c0098,retained
cnews:3415,3415,房产,f602250f3ee0318f405a550cd964f6012cb067c09615ed319ffeae22d25afe8e,retained
cnews:3416,3416,房产,c20ebf30bc2c89fc0fc099719700789dd8bcf19516eda19bd8e3a67580746b47,retained
cnews:3417,3417,房产,24850d6123e82e28b792c1d3455abc9208ca5fdef2809c6c3744402e6e551c58,retained
cnews:3418,3418,房产,6cff0b85cbce688e06f6f97fc6e95c01ec02ac9be47bf00411c3f814aa9656e8,retained
cnews:3419,3419,房产,9106098b62fedb375950881ceadf22a6a004b269f92d539d558eb86f5871dc26,retained
cnews:3420,3420,房产,28460c68df3c6cc536d52672ab5138ca7209ad92c920729b49c2756bc4961fd0,retained
cnews:3421,3421,房产,b29ff50056cb03a8eb9d27db50f4b30f0c8b3aaed7d53d5191835fed17a373a6,retained
cnews:3422,3422,房产,83d312a3c5ff8a4efab05a3a63d9af2a80b930119b193303500ee4e81d367936,retained
cnews:3423,3423,房产,9889e7cf2a98745d86408694e0e024363043741cdb54a22800c8376fab7fab1f,retained
cnews:3424,3424,房产,6f5711a570f30c11689b529b91c87ee7b27f591f0cd5c63e117ba460dbc95a03,retained
cnews:3425,3425,房产,94be3e8e0dfb0f5e7e55aa4a602116dc64940f1e48049f5a14604249bc8a4698,retained
cnews:3426,3426,房产,b3540fddf7f8ba6c80750c7acb36e6fbcdbafa04c03c9fa85a36b5bb5c0f7ff8,retained
cnews:3427,3427,房产,af153ad93c6e453a39a47d5e21c746a1b4db8f7233c3b7532dfe654ab37af80a,retained
cnews:3428,3428,房产,aae26763d82bb65ec6a567e14f9f85b420eee0e88e86943b5c25efe1adb82b0d,retained
cnews:3429,3429,房产,6adc5ed3668d3cee9777b360fc552550e6aa25fe1eec40e55dd282abb15c595e,retained
cnews:3430,3430,房产,c52e6189532463b33f1010cb8a014bf19024316c835cbaa65e1dc9a0b2d70429,retained
cnews:3431,3431,房产,e61316f836ed165c14ae64e655dba74ac3a9874d90af70ee21bc8bcc98033fc5,retained
cnews:3432,3432,房产,23696174493388376855f2b7fe0d66128b0426c6c080ebcd167c0a70cb94646f,retained
cnews:3433,3433,房产,cbd9fc185fc29571ccc81ab2c592b6a2816d3097e08f9664e24d51257ad1705e,retained
cnews:3434,3434,房产,84600a9e9b11faef671d799e5a1a2c87d7b7ef78dd27d4c6db019d67879f614b,retained
cnews:3435,3435,房产,ddb82156ee29c10866e95e63239c2ec79e40641de84e2609fe5d018874978594,retained
cnews:3436,3436,房产,669908ba1e0502a968535f4a376c22088328ffb76187cdcc8195d00ee1188128,retained
cnews:3437,3437,房产,8cf4cecf4a1586217ec7b0cfe1ea193c6689412bd279e55e59ecaa171afdb0e6,retained
cnews:3438,3438,房产,7af9622750c63cf16f62037cdb03ced7e693387cc8267dc8976aed8a88d0186f,retained
cnews:3439,3439,房产,93433a47b6c04ab857a60287992cc79cf51c454ccc4b04c8105f0521878a40ea,retained
cnews:3440,3440,房产,3ca7f64ec60c84e76774757cc605699e1d32e98220ba3f459672e2bc0ddebe10,retained
cnews:3441,3441,房产,e383585e99e1d2d88640c1cfc0526defffd98db9eba249fa9bd36fc8dc61cdc9,retained
cnews:3442,3442,房产,eb7c6c902cddf6fc4d793595a85fb351c92c1c3b54886fe9286f12c02f89b633,retained
cnews:3443,3443,房产,baf3f86a5a112ca4a741a422739be28165e97f580da7d360acd277ce13c93680,retained
cnews:3444,3444,房产,ab0021355419d470c9895086cb1cbb0101fdd2711785009702f8bbfdf47188d9,retained
cnews:3445,3445,房产,a88fa484007b63e5a28aaa4f5e7db970631ae506902b0a8f504c3e959e8c110c,retained
cnews:3446,3446,房产,54eacd1a45e88369f82c1166387ad1424a921267c8c4fa82953c6a67fc4b2abd,retained
cnews:3447,3447,房产,96acb7a3dc6fdb19f4101b73ea1d02fe6c98ebc2a34178604b9dc9bbf9390612,retained
cnews:3448,3448,房产,d9e83212ed2511165ed74a41db9bd8eddb803279ed2af8d0a5e5dbb3679f0dfe,retained
cnews:3449,3449,房产,49dd892998a56bd3615cdff20aa3f70fdcac9496be313c98f56504e11d0ea86c,retained
cnews:3450,3450,房产,621006b04aa81d89670e1acfa065006a1268b8c1eb5cfae181a83b56de2af570,retained
cnews:3451,3451,房产,b3861316d4626bf6049bce28e7a2120eef3f0b3efa6072706ad7d66c15ca3ece,retained
cnews:3452,3452,房产,18c804d860f22ce05b44a2d1e6e480978dc36262bee534c739aebbed10d8f8be,short
cnews:3453,3453,房产,0be2218831517f76f86ea10dcc8fc5abf0e16b5e7ecf65a597f5aaf733523747,retained
cnews:3454,3454,房产,a17cee6a26ab7dacaa2033fff9bb6cde8eea79b616aacf6985568b425e6d6c05,retained
cnews:3455,3455,房产,5221455519f509164915f35ae7f978254f619fd132a88337cb3a62969173a6c1,retained
cnews:3456,3456,房产,5af02cee4aab45f8b3c13579dfa2d425606ab76e0619c29ab6608d356b3526c2,retained
cnews:3457,3457,房产,0583a1596ddeeea2dbeaa8a25f02563d446e0a753d4cd5c1d66f66451692b767,retained
cnews:3458,3458,房产,60a74a2b519e87aa760c03646c22e18ee8cf737f925eb8a78a67e5ec8cf33a5f,retained
cnews:3459,3459,房产,b76f1bfb44030fdb33202c01e6a00e8c94d9f580c66d687f04f6834bad4728f1,retained
cnews:3460,3460,房产,0a68595e298fa02d228004488180b513bc5b5080dfcad22c3536d6c1745e9356,retained
cnews:3461,3461,房产,564dc5c621447a96ee6e4e454ea7418e30859291834336fbe17974129ad40074,retained
cnews:3462,3462,房产,2678f7288268fd97ce2c7d956589d3c65f74c85ce876950bbb67d82bf260c4f0,retained
cnews:3463,3463,房产,0eb8fcdcf0e5ce6c8e500f6832672232e176bd26dbbe27a6a5d3397919eb2db6,retained
cnews:3464,3464,房产,4a402c0ac4971e90c875cea161faffe80a9082b854378d30d6a5ff145f93b867,retained
cnews:3465,3465,房产,50fe00369647cd471a65742dd51493da66bbcf39f48a1b16e9e0bba8c6fa1b87,retained
cnews:3466,3466,房产,e79bef12cab03e05b59159de5e4b8de1e1d22ffd8154a2e52289339cbe114c2c,retained
cnews:3467,3467,房产,a2c0340ddcc729f4a7f7afc3141029cf2736ff258473a1e9065cde9bc40fd5d5,retained
cnews:3468,3468,房产,94a8c791c33ab94d34254ed83083192a48a1dd9ef68969c97c6120c4cdaea2d7,retained
cnews:3469,3469,房产,b945aee38636aa1d221ce9349897f855332755eb29080bab7a31a7d09968af18,retained
cnews:3470,3470,房产,0286e80ee3e305724d7b82bff92053e33a8bf55ea39acb6accc842514ceeb552,retained
cnews:3471,3471,房产,4647a556e083c716ad660fa0d339cd7a180604ed2553e8518fa1717b8928b7f5,retained
cnews:3472,3472,房产,c2b4efac92d298da49a97fad828775c9cb4beeba2ee73fca1bbce649ef62991c,retained
cnews:3473,3473,房产,78e40673eee75bb32d4168c66105291066517c2d66323a4d438ece9d7239ac51,retained
cnews:3474,3474,房产,f307c5a75700431b1d1baadd044768fcb21e0504b28be70ae03f03be20a57a69,retained
cnews:3475,3475,房产,b8dccb51f9fd6cfabe0d5ae2c926647be3ac2f9ddecd3a7a2599dde6d73262e3,retained
cnews:3476,3476,房产,7d6856305af2218e5bcac000f07f3c19c29d21270ea301daea666d21af98f6d3,retained
cnews:3477,3477,房产,9501127d66c3ee688a63dabbdf5d1cbdaf8bb5fa1a738d209628dde6ee9fb6ac,retained
cnews:3478,3478,房产,b43d20e97a66562b1fe85ded4d5b1aa8e3b425f07a2a4751ac1480b9994e7cfa,retained
cnews:3479,3479,房产,e9524c8a04412ca5dd23c3ba5e31887e31f52c2ffc530dcd60c927199138f098,retained
cnews:3480,3480,房产,f68f9414b54c3842b8e78911a981cf5f1a7d47d23fb16340ddb99b437a4deb9a,retained
cnews:3481,3481,房产,31047256575fae35823d3886fae7dffc5c4a00925608f64806cbd70582aa6658,retained
cnews:3482,3482,房产,edac5a587d21373bdc3edf4c7519eeea8fc1d30608f189803aaded2285197986,retained
cnews:3483,3483,房产,09ffc9cb3d08bfea4c1e702ab1e89b3bbad7d35e9545a4e2fabff9129b1d8659,retained
cnews:3484,3484,房产,b490622001dad2b4547e13aefdbb0d58f27f1b321b17e72ed3202fa1916a4785,retained
cnews:3485,3485,房产,56b817fa1f7d8d3dfdf05830c66795613c56a0f82b2d494cede57fe86ea1610e,retained
cnews:3486,3486,房产,6fc078b2d77c8067cc86f13333fd4114a9ff06e359413550892981e53a34a3d9,retained
cnews:3487,3487,房产,0acdb8557bfb948598d278b22efb0b57d116669b861e0c51f348dc3b36e5a275,retained
cnews:3488,3488,房产,6b0aebad737991f9bdc564f2135e51e3220c99a8019470d4c60d68dc758400df,retained
cnews:3489,3489,房产,8c2024f72ceaf3889fe7e2615a36b4f49d67270690ea122e2341ecdeb4a58631,retained
cnews:3490,3490,房产,9e7b2d56a74d008c971d85ff6b1ee45e8d31e9669534c39a3729c9575d864ebe,retained
cnews:3491,3491,房产,f3fcd8d6c0890e0d2efca6fcc83a9c1635eeb50029b519c34374e4e82f9e7d3f,retained
cnews:3492,3492,房产,3f2006f36283d2015b1289a1f25c090ad5ab78bd7a6c2e2e7c9fd1f2e0c95928,retained
cnews:3493,3493,房产,bc03575274ef9f20e1579aeac26f5917c85855da887e855b07c6e3a880232936,retained
cnews:3494,3494,房产,882fc8ccc045cb7ae6c853eb996266ae3ec6aea65613a7b6a29ca461ef52786c,retained
cnews:3495,3495,房产,bffbeb4a93c4aaa984ba02ddd7d2190d7a5a26a55446d3b12cfbb8bc179cca59,retained
cnews:3496,3496,房产,33061ecec515577fa4904b8797ab9adfc2c15f74b88fd87236f41355efe23c0a,retained
cnews:3497,3497,房产,728c56b51c85f08f52a84eb2af9e16335f8d4899707fcf2d5585d67f6d66091b,retained
cnews:3498,3498,房产,044918587b820a1f942bf435ce999f00b67f664e4150083c060eb0863b2d5409,retained
cnews:3499,3499,房产,be7c0e0180adca18956b0e5eb6d109b7cb758605e95887f8f1b9720817d4fc16,retained
cnews:3500,3500,房产,88aed34fbf89fdd2ab6520f2476932e3900616f6256c1d15ec9a064535cb211d,retained
cnews:3501,3501,房产,d95ccd43411c7f6807e6bf9c94d4c085f3ae8805da9fb7235a873ce4d71b7fc2,retained
cnews:3502,3502,房产,f74702be9c42ef02347613685bbeb9ac817cc1290a6d3e5cb531dfaf15d41712,retained
cnews:3503,3503,房产,c7053a675073f1438990d3c326d17704dec517649dc4a7239d0b7b6f096424f9,retained
cnews:3504,3504,房产,50de69dc24e4a6543f53c85686942a0d1dbc0ea3ac7916e40a4eec82439289a9,retained
cnews:3505,3505,房产,624d055dc89ed27e31b590833da5c0b8e7cfaaf67c4d59d526818c83091cd694,retained
cnews:3506,3506,房产,47771e54d696771163ed91537c264242133d6d4da18f6838c41b65fcb618d549,retained
cnews:3507,3507,房产,8ec26fd0d45b2ea804bba70940ffeff622de297ea424bfeee10c4b97ecc250b6,retained
cnews:3508,3508,房产,57b22af233570fb9ed435e72bd6053cafc7bead429ebef44ccbea78dfb111ab7,retained
cnews:3509,3509,房产,fa9776be09d9415e42c687b856b3fd6a52ae9916b7c3853deeddf817a3f7a6c0,retained
cnews:3510,3510,房产,4071b60edbec034cbbb824195d17a2ff655e4bec9557d4fad38e3176fd45a4fa,retained
cnews:3511,3511,房产,893f9d3056b16b1e811fef590f162178937833150caefb0f1ca7897e850fd165,retained
cnews:3512,3512,房产,9b79db318c037f25f5fbbc2b171deabf076ff1ae324ecd42783aec503c8aad7a,retained
cnews:3513,3513,房产,cc2392b911808f4c20175be281a1a5243630228932deda44de62e2c9a010b6f3,retained
cnews:3514,3514,房产,45332bc1fa2d71ca010e7f7998959ae81402610e7ec74ec3058473f3510b8e4c,retained
cnews:3515,3515,房产,3ff6fda00c8f499371d5f54a21c657c60fb8056d4353f607c94ceadeebdc8870,retained
cnews:3516,3516,房产,c3267571740c6bd8b7de65f4f3ef1fe15c233e7d0a3c8640a0118fb53cce6a71,retained
cnews:3517,3517,房产,5c9608c59d34d2743ec66e7f405ae3aff9fa881c57394a9e2541f0c0021bf8ce,retained
cnews:3518,3518,房产,8eea7183586c6030a529f52b9668304ea07dc26cfa3b3ab6fd5fd784c8e476b1,retained
cnews:3519,3519,房产,9240a5909b3404a58572cfd5421cb1d76f6dd9d20f25f6b53769095af704d4b3,retained
cnews:3520,3520,房产,f472f98e80cdd299abba399fb407a63e1d891d59a3975ad20f34930f19f2fe26,retained
cnews:3521,3521,房产,5e214900052ad11a13ef11b5ea1f8334ea804e13037d0f8b2e96ad21785e9dcb,retained
cnews:3522,3522,房产,a7b545561146e777dc5295542b6ad8b80285cddb75f5b7fb7acf1d66c1738686,retained
cnews:3523,3523,房产,c331da5fd3ddad967f3b454e971191a7509de3d6fdf81bb3a41dda8a6c16e412,retained
cnews:3524,3524,房产,234bcbadb4dc1c28bf950deb793d79a4e9996980ad93474c8fc949c786170f3b,retained
cnews:3525,3525,房产,289abb2610f53c749bfa6665958b47c2caac296b9b0e8cabc1fbfb9730f2c8f4,retained
cnews:3526,3526,房产,7f3ed42131b35e0488ae9860bbd90c4c9b3323932dc280a614808a9260f1a45b,retained
cnews:3527,3527,房产,27fbd168c3d2c8d0791bb5ed75947978ceb9fb59c9fa43d97d6884c68c4286c4,retained
cnews:3528,3528,房产,66c1fbf788091621596c01ae20d99d6fac219ad0a67b25335a45d68483f4c374,retained
cnews:3529,3529,房产,5d3a487b8c5d3297eab0103a70d42e252fd5b75b5d8ecb7828fc01f5da0e70b7,retained
cnews:3530,3530,房产,14c4c7160d4dbddb8e5aab1d6b540b2ad59334917fb29ccca6fdb2bbfe3298bc,retained
cnews:3531,3531,房产,db7b98c411d64479657ad237dd0e1b7a8a9de209ff2e3404806682f0b538fa9c,retained
cnews:3532,3532,房产,c34a2b106a8fc37ff2399271ad536ae20f71f8b2b32f1e9ef2bdb245667eeb42,retained
cnews:3533,3533,房产,be39562f8e5aea884bd2dd39fbfa7f0fb488d93c30afe7084c24387f0b5c538a,retained
cnews:3534,3534,房产,f60fa7e2a6a75d4f9d4cad5c86c52bc32a8f7ea0b536a904be99817c39faf5bd,retained
cnews:3535,3535,房产,7476d76f0798871b887dfeda9e10a28de836eb0444fb4a75ca37928c58d4db70,retained
cnews:3536,3536,房产,dac353713c31c382fd42a45e6f1bcda1e6f8d9c0fd124995b37188b08787f09b,retained
cnews:3537,3537,房产,1addca0567187a4d71e53c7b8dd216f26497fd1097f7702189ddb7615c175112,retained
cnews:3538,3538,房产,19b7377e9201cfd97d57e05d8ba8cd4ad7d54be432161c3afc5139b409194988,retained
cnews:3539,3539,房产,997bdd6e458c20a19011a0f73d401a71e395b8f37d7bfc996b1fa5818352876f,retained
cnews:3540,3540,房产,6b66c1a9abff866d6dc6bdd5ed42009fc30bf85017e69969ddeb40f8dc8e2908,retained
cnews:3541,3541,房产,77960b4e2029360d608b73eb8f670d9d8d3314d7024d09c17729797fefd14eab,retained
cnews:3542,3542,房产,2b2a80cf7ffb62b43e8600c5b48c4b31206563bc0fa928366d8d16a3fbedbaa3,retained
cnews:3543,3543,房产,3030c657e104c7c3981a0ed4c0f956663c204332cf79b2000df99713e445c8d6,retained
cnews:3544,3544,房产,6bd2a8885e31b21e400b40568526e575648a683ade0e2e08244d85d6219d75e7,retained
cnews:3545,3545,房产,c6d828d1aaf71cfb30948810ae505c6f5b1b36f6b6fd118f69ad632938704894,retained
cnews:3546,3546,房产,610ba7f3d79239f7cc113830e8e48fc0d6d9e973915661f4ee99493fbc605d17,retained
cnews:3547,3547,房产,9d749793fa1f628992ecf73a97c3bd43ea8582c844d084e42865f61fa0133992,retained
cnews:3548,3548,房产,b0d49a45b3a4e80f6b73475797d642791f51667e0fd696540e3756f3042eccc9,retained
cnews:3549,3549,房产,748770422dc429a34c228da163455284658ac41a3d2f12a33a0d35bcfcac972c,retained
cnews:3550,3550,房产,00da4e553676208cf5b14891879cceaec70dc1bbf6289b18cf02ea0bfe011a9b,retained
cnews:3551,3551,房产,f907ca38593059be67a62bfecc16b33415bf51865e0063005e47681a1bf7f989,retained
cnews:3552,3552,房产,5a129147063268841f3d7d31467f10e514d01e5349689924a495c9c57d074143,retained
cnews:3553,3553,房产,9011ff632c36e580dbfa641997e2432af8a8224d7c07890f177611b9bb413f84,retained
cnews:3554,3554,房产,7af8f3f1ed8ed4726d42092e5e91a9163c3795d43e12ac5e82eb1bc1fb1fd186,retained
cnews:3555,3555,房产,1c0d0dd54fe50c19c76ea6b417e1674b91e804c7a8890b7c69d4fa66c40a58b4,retained
cnews:3556,3556,房产,aa5a894b4e2851ea5ca98678ab59023c81692c62669e5f90f954cd102c348429,retained
cnews:3557,3557,房产,a9f0affa11cf841508468b364468d4cb391668089310ff6302c9cd15146b02c0,retained
cnews:3558,3558,房产,e77a4d3c63b1fc23d29efc28bbb413c32bc90f05985ac64051a3c73518b978a5,retained
cnews:3559,3559,房产,74280b744257714b2d3d3dd416cd152a7c00d979ac420767637091db93be53bc,retained
cnews:3560,3560,房产,d9886baf3f0313b96f4e8dd775a4461f56e65b3859ba31c3a64a60e0dcd5140f,retained
cnews:3561,3561,房产,5dd72d01dd610e775c410edad87e82c49f8824231202b3a0a5585e8252e53c51,retained
cnews:3562,3562,房产,dc4a8303ee88f408cd60d4f42eb651cbb75207c724e1f7a6f4136a310ae893e9,retained
cnews:3563,3563,房产,e39c52a8a85eadabebf6cfdb65f0d6561b044514ec9e545a6464377f78fd0edd,retained
cnews:3564,3564,房产,99cde579b389ab241a117409ed8a4630200a0c66e097f7224a770246b6543846,retained
cnews:3565,3565,房产,eca2c27311cc60f7f5f1f78a9093c0784e739d9478210e6cd1951cb760283999,retained
cnews:3566,3566,房产,716448d8bc298a98641626af27d46d706f3be088d0e01dbb396535e661fd77e3,retained
cnews:3567,3567,房产,c7c0898a0df97d355d378e5f3c74b28f5360fc9f39150d568b50457edd1a3d22,retained
cnews:3568,3568,房产,83c15371be90587445822ceb032b72ff4be6b4279e2315519c17b1bc3a528f4a,retained
cnews:3569,3569,房产,e04544c8ad18b8b8f21d2f28eb034a03e01e9460e795080e245f388819c938c4,retained
cnews:3570,3570,房产,335029e9d3ca044b68d6fe636afa3bef9b06523925cee82d61fefad5124f8428,retained
cnews:3571,3571,房产,a470b2d3a85581921b1a38b3828dbe605ce9b9b8a0c8c7b8061a0f2f604c92cb,retained
cnews:3572,3572,房产,5c1fbaf8236d673e743df5a2e8bae099821f1d77a7f3e06817cd659eb2b1aa11,retained
cnews:3573,3573,房产,8d1a1c3c9510523d4000489881cf1dc1f155e7c96ed108799d5bc11adf3663d0,retained
cnews:3574,3574,房产,670d57827f6a9cb43547f3de30077255737387093eeebe26bdae5e64bb518152,retained
cnews:3575,3575,房产,9748eb99b33d9aa0c2027e79eaecfe7bc46ea02e1cb2a4c7f4da7b4c4e7a274c,retained
cnews:3576,3576,房产,248b3a4ba9bd87bebc740d6abf685739fc8ed69ff77ea59dfa835a3017e98109,retained
cnews:3577,3577,房产,40e10e1c9da38dc2db2c28fadaa8c99205fb3a6f94dd7635516e57e65d1684fb,retained
cnews:3578,3578,房产,7dff6da0ded45f3db46598be77c098d1e2159ec5d221806b5f5cb6d674374f5d,retained
cnews:3579,3579,房产,1593b3623c9f4520c79c25a1c92b3bdebe572d04d39a2f27ebb343ef5df855ae,retained
cnews:3580,3580,房产,49fe55e07c73e92c49226fdfb5d77401207580fd0de1a7ef992a4e733416d24e,retained
cnews:3581,3581,房产,f7770657b7ee9b9a9f14b3caf42a708b81e8f74b89bda611b026a6466bb3a77f,retained
cnews:3582,3582,房产,77ac052db795f959c026996cd13dc044decb02566186f4ae988bfeba8d903a59,retained
cnews:3583,3583,房产,1d11d5637c4fea4b0891d435b22767a43ab08f1f2eb091d7f7249a54fe958f9c,retained
cnews:3584,3584,房产,ae621561cfb36a67e2612a0880b9d95cbd0a0f022d92a10514864ccffb19364a,retained
cnews:3585,3585,房产,682630b425007fffa6eda1834e07766f9b7cad37ee9a04c71b44e90f681cc8c4,retained
cnews:3586,3586,房产,c5f2eaa49f02162a75b5372511d8af0c962747491d8ffc0a92b972207ac67cea,retained
cnews:3587,3587,房产,fd71161dc2990cbfdcdf8cd6e9ae9578c4b64a154c4dd5b42fc3342b7e92f4dd,retained
cnews:3588,3588,房产,8a0d63ccea7dfeb7cd7fcc3cc4a7dfb284d8ea8b2717f0068b179c5665b6e947,retained
cnews:3589,3589,房产,e948966afb9a755d480df0d54148070a4aea200fd50b9b0c64bee2120c0f90dd,retained
cnews:3590,3590,房产,f524e732aa06f5c5518974217260501b577be97bd6d4e8c450d47cadf5079a4e,retained
cnews:3591,3591,房产,bd0e5c40f78a9227b86b470bc2b32eab7029f07ffdca5455f00db40d3be27067,retained
cnews:3592,3592,房产,ff91d73ba4c07fff1316cae92ca1c09ab826fb29be5e3b05c80fe4709245cf81,retained
cnews:3593,3593,房产,27a756d0cb914c161ff74c9ca15d687d34e8f79c1e1235f34b0825b71c999132,retained
cnews:3594,3594,房产,bc279faf94664e528e2d78545b43379255b88d8e56c64483de7ef6f0df96ffc2,retained
cnews:3595,3595,房产,bee8f6947c47a210bd75f4081187bc21c04b84c9658132f2196e64780ed359c4,retained
cnews:3596,3596,房产,83aab668057a62e135c6edaf6031a7020e6e7132d4c3b554ead8720358c0e653,retained
cnews:3597,3597,房产,ebfcc8e64e0932bb3a190f57577f0e624467c397a118cecb53ab59fec36b3d29,retained
cnews:3598,3598,房产,a33443a4fefbd4e9d950eba89b81e04d5eeb6d0fbf0f052cd8d86314b748a5ec,retained
cnews:3599,3599,房产,5d2b744faed0aa85cd98df655f39cbd30fb51084e1b917022cedc8575e9ed086,retained
cnews:3600,3600,房产,7645694fe51b97a847bccd74dc0903e8c7e201b735d600df48cc2a4f60ce935e,retained
cnews:3601,3601,房产,7026b06c0c71aa24663fd2520808352a6a395c8b5f9b254f18f1a340e70dea0a,retained
cnews:3602,3602,房产,7dac9855e579b5285466da5c3144ac942173b4b5b77e948943bc5c3437544139,retained
cnews:3603,3603,房产,233bd066a15445a2b79f93977030dbf964ba5220efa70eb898d01d8bd4fe377c,retained
cnews:3604,3604,房产,d0a4a815ce9f4b7ce97635658d4683ae8c7d620e7bfd18272eb6cf35b6e4b73e,retained
cnews:3605,3605,房产,bea077bc48b330db3de396f20040b12ad0b7cc532d5991b2e4b0f33d5eeee981,retained
cnews:3606,3606,房产,f1eb698c7474f6665023f9d8dd993380738672d9bd98ca6da56bd68ff18d4940,retained
cnews:3607,3607,房产,d1e44ed8378b8619187be60f670f503162eee73ecfcaeda051d5a0ffcbf0c1ea,retained
cnews:3608,3608,房产,db61c070354bc429979a94f68b702c213576474e294f3c6dd202ebb3f3ed882c,retained
cnews:3609,3609,房产,70c94a85f13eb65f170b4d08fc6edef129197b4efddb71de2cca7ffe6d2a6f9f,retained
cnews:3610,3610,房产,5f1ede446579d9f2b8c88c0f25c1484cc5b66b0e615753538a0e08ddf9960c31,retained
cnews:3611,3611,房产,86ca05839c84729a3da2e376b6d11fabe88ba453032a82f7814afcbe6beeaffd,retained
cnews:3612,3612,房产,86ec4357a70f8169470a0e41d66271c11bf49278556540a774d8ce09ea72560a,retained
cnews:3613,3613,房产,b2ab9f0831e7f06a0c41a97a1891da31ed5ba4d96d87bd22797bbdc97f54bea1,retained
cnews:3614,3614,房产,bc6a2b7741adc81af54a4b452dc82a2e93ea2550e1dae3f2d997dbbcd0efecdb,retained
cnews:3615,3615,房产,a80fcca9611a7c0436cc408c0c9dca41de7c864256f35be4c3c499e10f50eeae,retained
cnews:3616,3616,房产,366adadbb699dc71fbb0c2dc026f20c103e92a490dcac6ef7294d912e743e2ee,retained
cnews:3617,3617,房产,b0b64aace614f4f8fe2590e0802ff74fb37ba3f903fcfc485577a676377f07c7,retained
cnews:3618,3618,房产,09f49b7fc630a50c78fb35b8347f7b5338a11f98b30ef265ce8a7f6115be08c4,retained
cnews:3619,3619,房产,ae017fed4a9e5683a54aa247afe40a01be733ab46ba31e50911ef08c9fb374f6,retained
cnews:3620,3620,房产,2b30116e89c6616b773b3d2627899f2c5711a2cca26ab44acdd87586e556bce5,retained
cnews:3621,3621,房产,8fa52d55a91918db72014106e9c08171fb799777151d2efe5262d1d03f0b5d4e,retained
cnews:3622,3622,房产,8e5406b73ef7d07477365de6f853d130e18ecebba5c0ea06e8fad5e170bd8399,retained
cnews:3623,3623,房产,7809a798f2ccbba3f0afc72622cb9b82a4d43c56d57aa558fbfe5f3b36e4bbf3,retained
cnews:3624,3624,房产,56323222fcdc0f0bba264ca1307a2d7f6859d1ce29ed8512068c4d77c164dafd,retained
cnews:3625,3625,房产,27bda54aaec1bd3101506d25b8350328d32309444a8cb04743d3c865e92c189d,retained
cnews:3626,3626,房产,3a652e3a370e4184f318ac8b98aa138f196d3c0e9741c90e81e1b1ad84f3344b,retained
cnews:3627,3627,房产,1d151ba914f13a7d64e1f6219f850ba70994553844f871eb74748ff7d32f7652,retained
cnews:3628,3628,房产,2943922453f390f572547049026df6c3f190b18f6e38a739a533402eab08aa86,retained
cnews:3629,3629,房产,adebd3f53e779950e9e54eadf49000bb948489755108f43318c3b4d965bcecda,retained
cnews:3630,3630,房产,d13ff647c74fc56f7024c3cbefff71c243f44bab5a24f1a38e2778dbbe8615c4,retained
cnews:3631,3631,房产,0ec61b99ac99844b7d0d496b5f5e5280ad454b5fe475753b2701292878d367c5,retained
cnews:3632,3632,房产,83cfd99795b73b6e18bebd4c74b3ca43278ea602d1208ef464f2108efab897a7,retained
cnews:3633,3633,房产,b657cd6a81188bc179dd6377b3789bd67f32666e8fe5cc23c94e8e0b28676374,retained
cnews:3634,3634,房产,69b48136ed7b1340fce759e213e71bbb89affa0f2ca9d1c152854005ba002325,retained
cnews:3635,3635,房产,03386ec668f37b2f58558c4fc8f85760bef1be3c7aa568a27e6b973c40c1cc0b,retained
cnews:3636,3636,房产,f06dbe2e47903de0ccc8de632b194acc61eef937e9b34c45009162623f355ab9,retained
cnews:3637,3637,房产,defffe9bcfe80de1ee5fdb0a439985bdd4ec3cc0a73e4b276ae357438c4c06fe,retained
cnews:3638,3638,房产,3e1c6da3d9b5cf9798b568c302175c2e94f622bc1591ce65dd04c4ecab1f114a,short
cnews:3639,3639,房产,c457dd79dec7d2973115c02238f731a8f32ed1fa22fd6949363008fb4d2c7b47,short
cnews:3640,3640,房产,1d92b0fd1c21613f86f5b271df8217d0f44abbc482793ca0d360a82becdd1cc1,short
cnews:3641,3641,房产,3f5b02b624f4b7ba7e5af8bb17e36915cc61527ab3d7250a1b7d6a2a76c1c3bd,retained
cnews:3642,3642,房产,993799a7c0066876149dc1980d3cc678b03c2ca792bf8b1ff613cb9342d0a1ae,short
cnews:3643,3643,房产,2846d4667eb08c7971851470d30fbcac875425cc0425a6c25053baf85d38e761,retained
cnews:3644,3644,房产,b3c6ee06a6705bb688758d86c5b4e4f895446c6f58abde0655f3e3337b280a68,retained
cnews:3645,3645,房产,183b22cb63d7218c2584c6f910fd225b774a0ee5b4949568ca2758a46ac287d4,retained
cnews:3646,3646,房产,458eb649fbda36204178df4d3a823155e88cba04ad98ac2aa294e04d90270c1f,retained
cnews:3647,3647,房产,8ebecc5397534064cddeb10e3deb8cd9741e1bbe9409aedcd315d66193b7930e,retained
cnews:3648,3648,房产,6f8ee58958a3d12a8d3d6a41150f546a2f822678454c9df9fca16888768752ad,retained
cnews:3649,3649,房产,556fafe74848bd625e3f4e935d4df4afbd49485f26a6985caef6e095355dc914,retained
cnews:3650,3650,房产,816893fdc1c63774936ee6d0d037259cde898ada88da8fe8130e243893020f16,short
cnews:3651,3651,房产,46351b6c416d7bec82850943412e8ad6669758f640677733dc092981bafc20ba,retained
cnews:3652,3652,房产,192d8a1e2b4f738bce892106de8490c1b29ed9e8c54bc95c800fefd706fe8bfa,retained
cnews:3653,3653,房产,8f9f5a99a84bb4aa1370408d6171e8f52ee066d5bff766e125b5ed04f7e33b39,retained
cnews:3654,3654,房产,6a793e6139d45d33c2880bebb6ef60eeeab6f4af5afe69fda68848bfade04005,retained
cnews:3655,3655,房产,353727b1ca063de586576b271bb9dd2ef846d1e98cee8c66c390e20d0df7f33a,retained
cnews:3656,3656,房产,8f0021f1d0b81b3625890bb5d65bf7259411730f48a58115b9b92a2304cd6015,retained
cnews:3657,3657,房产,4e3acd1c40a84a12328c895e5675551474265e95a9229e1e8bcfb3f3566e17f0,retained
cnews:3658,3658,房产,aabaf97df37fc12f4e394df9c067dfc2d43fa49fac616c25699951637c1e15f7,retained
cnews:3659,3659,房产,3535d2cd74254dbb5ab25ffe786923ea3d884576bf4bfc9cd8095f819e70a888,retained
cnews:3660,3660,房产,92f65a4da164fa1e8388f766072c69af8bef8f12d9d1addb33eb201e088a7a25,retained
cnews:3661,3661,房产,27e5424f2d61ed0c6eb17fb8875d557bae329f54550647cde0fd004633fb8001,retained
cnews:3662,3662,房产,1cef277a53d3774197dce25be0bc4d3cd101825cc008625c9e331cb78981923f,retained
cnews:3663,3663,房产,f8680b8c03ca0acfc89862be2f75dce20fa3433c0a53967ec41fc8961e9e1339,retained
cnews:3664,3664,房产,dfb44f4b793de9990f00d433ae6f05239a6419266b12c840da192f81591a57ef,retained
cnews:3665,3665,房产,5402ab0972f922d9cb458083eccb48650fc2373d80f6b8e5430a817c74b303c9,retained
cnews:3666,3666,房产,feb7a986b37b94dd46b53ea437e614b1efa2972f793c92bc0a12ef3fe122e317,retained
cnews:3667,3667,房产,ef770219890df4919790ed8b26f185dfebafe6b71f3aaf9afd1bed4a43a71010,retained
cnews:3668,3668,房产,e1089d1ef2619a692deb98d29c47fcf7bfe8dc178327432c91d55186f3bd766b,retained
cnews:3669,3669,房产,40c26fc33aed81a759ef516f1d7a966f472db843d9fc3be7df48dc5db0206577,retained
cnews:3670,3670,房产,460a5563efdb9d147bde56c1d949c9ffb88db357bdb2d4c901a175e5a53bc7d5,retained
cnews:3671,3671,房产,51dd08c4ed541c326f7075a65b7b6bb94a945a42aa2b92c4bf05e930cd781707,retained
cnews:3672,3672,房产,342fe64c97a4678d853f637a4e3985d2e0969fef474fd72b79a8dc819cc46409,retained
cnews:3673,3673,房产,57c70f095007c7df36760631d79b8b3c34b693e7f9826d6787bc844f7a6b2b2e,retained
cnews:3674,3674,房产,25c9ecedd8bd9144635eda6ff963265788762394102873f93158b3fdf657190f,retained
cnews:3675,3675,房产,3b02f8fc18414eb68f1090f2d75e6291dd8ef9f4d52481ce26061ee11d0be4fd,retained
cnews:3676,3676,房产,4e0bcd9e80bbfe3b0f90fdd168e6d98c7cefa6bb91727cf1f564059a33a6ad01,retained
cnews:3677,3677,房产,bc0cb10146c255cb0031a3633cb7e88635f1e713f44b130e8c080eb678689634,retained
cnews:3678,3678,房产,175e0ad5f1486d0d4beed717b55a6f5c5a1f4df9d2779535cbcd780286ddb263,retained
cnews:3679,3679,房产,11066bb5aebd086cae7de57368c087b7343cfc0cd0f3726d9eaa2d6ae9828bc7,retained
cnews:3680,3680,房产,a170bf128156cad00360d23d259ae81d8f8b85c1e5e4762fb21ead224362ed50,retained
cnews:3681,3681,房产,3793d6f26d3f0949727ad331f438c871112ca4b01f07de311a3508fb53f9e00d,retained
cnews:3682,3682,房产,eb0a98d693251a11d8bf21fed4c982d8eae084eb69fba5a0d0e11c274fff5642,retained
cnews:3683,3683,房产,24cae4d7d3bca08376ab2dbd57c1a3a4c9df5cdf981efa88ed3ca13a9dfebc26,retained
cnews:3684,3684,房产,e5cfa49dc4faa3e453fc527f2e087bdf9355bf3cd2d52f2f6fbc48fe3ec11bf5,retained
cnews:3685,3685,房产,f1ad5589f68022fcdf910fb1bd6c9f39bc03131f92a23ab184e5e094d36502d0,retained
cnews:3686,3686,房产,9d141ce280c1f7a572926c327e64b7e9e1924bf26b3b05326243772422026771,retained
cnews:3687,3687,房产,5e29487e2891fa5f0106bbe3133a1298abc1dec01f13909916f4bdfc5fd31975,retained
cnews:3688,3688,房产,386eb12bfd80d3b37402a04986103cf1b4474d8ea3ccbf15be451680c807f543,retained
cnews:3689,3689,房产,153692b175941d44ae2287e73f67311e537bd22c1c81e90d1b1bb541467a6f8b,retained
cnews:3690,3690,房产,4ecef121e140ae756f686cb4cd91308ecb83a561fe5c5b31915fd8828f393a39,retained
cnews:3691,3691,房产,3f60eb52f56cc958cb5560d1066fb0a62390bdf33717433bfb557b13cc7bd59e,retained
cnews:3692,3692,房产,b3d63c133cb8ff5e2768f6c9971ee5e43d319c1d463131e5aa1f402b027a1ab3,retained
cnews:3693,3693,房产,e894b95819b121f127ec08efc20ec135ae662091fc9763786296d74af3b2e4fe,retained
cnews:3694,3694,房产,979126c6b05faf20754400cc99380b666681c4e5ebf0ca3938acad6c53ded953,retained
cnews:3695,3695,房产,2ac40edbf1087b9402668d91a8169a4de3c3d3b5b86657a0b11e47251ac23298,retained
cnews:3696,3696,房产,3b1ab65f0a37dbf940057ae2a346fe76e395a0815af09661295ac66a2b310b01,retained
cnews:3697,3697,房产,ff0bb732d7c08b8175817d10e3790745dfd4b965a81afe41ca9c7d06de88f21a,short
cnews:3698,3698,房产,876be4b2a3555675c5a9de45afdeef9eb9be014b984036e9910a198e35ccd586,retained
cnews:3699,3699,房产,9d29ae39abe6be6b5c3349d3cc16ae22e95502f27feda5879d270be3ee91afb9,retained
cnews:3700,3700,房产,3da864d2de5bb27a19b62d23f64bc6358ab79ff762bc7013567b34882fd13e44,retained
cnews:3701,3701,房产,3da3dc847638fbd5d704f4a22f1a19728a4415b8b385b5ecd7cbe40c401b6aec,retained
cnews:3702,3702,房产,9c67a5135997c122ffe5794b43b0bb33e10c15d0e45bf40f9c9679b6c08d2f82,retained
cnews:3703,3703,房产,88b551b05efb5f3e0848e5aa5b7cd753e3da3d66eeebf742177285c3c18e59da,retained
cnews:3704,3704,房产,153ffb76944c7a5cd8427000f73a9595f42dcf73a5bedc75930240a1204e83b5,retained
cnews:3705,3705,房产,1f7c7e0c9b3b1ca2a4d5deb4e28f546a8bf60c505a5fc0c1a61b60812b661104,retained
cnews:3706,3706,房产,646d7d7818859821e7c7173effd105a77804cab96ff0ec7040a696d2aa2b5795,retained
cnews:3707,3707,房产,d961d6b41aefb3dc107df1479fb65cf1f6c82b280f3d23148d5c400a2d0960f8,retained
cnews:3708,3708,房产,b8415fb7331c52676258224d478ac0bc86675028d61277ec38d1ac5eb2c8887f,retained
cnews:3709,3709,房产,847163fdfebadfe58cbcd6e0421c6169516c044fbe264be2e360ee617bfaf233,retained
cnews:3710,3710,房产,5e71b04e22959c8bd688617961bd4f5dda2258ed20fe9e0b0af23714728b80e2,retained
cnews:3711,3711,房产,ff8121967526269eaaf1a9ad0e108adbbdd42db299fc653691df090676bc27a8,retained
cnews:3712,3712,房产,a46bba4ecd891d6d8f783398b4a5b79b1f26f47dc46be5ce85ec7d0a27707175,retained
cnews:3713,3713,房产,9ac6c222b4b173c0a188fe62e92c54692440876ba9cb1f60e94894e4dfe836a8,retained
cnews:3714,3714,房产,527e0784cfe37b1539de78fa1d93204819a9aedb2d7115b62d4769559da0877f,retained
cnews:3715,3715,房产,2ba11f94ae8ba0d18695cc923854f2d596e3d241fda893c9ae998d124d851749,retained
cnews:3716,3716,房产,0b213452da089ef23d5f0c71ea7bfb85593f358f3b889fd0da86b4d79c8000ec,retained
cnews:3717,3717,房产,4eb2d2a64124d5a433f4a01b6bec229679b9fe7e03bf649a725648ee30204531,retained
cnews:3718,3718,房产,57138e635a1a692244dd0faebc1c8db72916475d56af2cce36acc2e179ebda18,retained
cnews:3719,3719,房产,4e23501df719b3e59609f3ef7dbe796ef3b204668e6f460d753564e76a3f8899,retained
cnews:3720,3720,房产,b3c4c1498d279eee383133de5853a6b25a421d6d89ad6859c91dd9930750da62,retained
cnews:3721,3721,房产,44d421895e1d0d1309d02a040413cda84abe8cafc936c4f35eabd82c51189581,retained
cnews:3722,3722,房产,3f071353fe276b6a2c36209b2a103b04e888082cf2de02b190ee4bb418760b4c,retained
cnews:3723,3723,房产,f24ec55c352edf06204b3db118284501d873d1a61f4c41b338b3db24646a5f15,retained
cnews:3724,3724,房产,104d535b4672831d6e1fcae3e3f6f7138a9e517ab217a4a384f589e84608c7da,retained
cnews:3725,3725,房产,5c20ab6b3851c1171eeda493ae342f97eb3760078a47761b24009b127cacaba7,retained
cnews:3726,3726,房产,dcd5f5c6a0c6cb21851ab20388fba662c16ef3d2cb13483b4b263b7b5ada9072,retained
cnews:3727,3727,房产,c3a32ff78aed85a7cabef3183d4b0a22067bcb7293fafe9fc9ae62c57a19ea6f,retained
cnews:3728,3728,房产,c48895e2590cbfa247b5961bab07bc0d31fa4904ac082d8426e1ae92f705ca29,retained
cnews:3729,3729,房产,7851235f1f586058c4f52be23fe04d1297e05beb678a48bbd85d7d6c2c2f279e,retained
cnews:3730,3730,房产,3786af50b878283f53461f8345e9ddb9d5ab4c1ed02f18e1bdf98db6f6f17976,retained
cnews:3731,3731,房产,3d63515bb8eb1342c0a0037ffdedb61add0c5135d331f6b09c1ac1fecbad0516,retained
cnews:3732,3732,房产,a0ce3c0d44f42f6dd5a5eadd9e7124f9fd22c3ace1658903f57f40ee5621f976,retained
cnews:3733,3733,房产,60b1018f7dd2bd1626979e110a6b57eddcf4622a2f4d957f2c417e6df6bf1623,retained
cnews:3734,3734,房产,f141ae1de4cef5e444760604c84d564f7773190224e0202d391a9c6a626a8185,retained
cnews:3735,3735,房产,85b6b8aefc935309f5cd99c53a75a96921b975c17d8bbd7f3b96961d03b230da,retained
cnews:3736,3736,房产,003dff78b76efb2a9cc6933630554fbce0979df5f4256101e909eeade9adc6b2,retained
cnews:3737,3737,房产,de41d31b893898e2617a2e6c45c10855f26b3001f5a9044576ca7dd1d9a1b158,retained
cnews:3738,3738,房产,ca9c5affac19e729733e5d1d05086555bd8caa53a587199660ccfe8d5fc845c6,retained
cnews:3739,3739,房产,d1d4dcb51bb015db3d62020b0f7fbbc9ddc6044328702a3b2d0390e816063543,retained
cnews:3740,3740,房产,10af16357765f7dc2f716aea2c04a77fb72b3f2c85d6db87ff4bf8943914be7e,retained
cnews:3741,3741,房产,c42cc1aeb173a6300b5bc7aada23c44d1dc8e87fcd2ae4cc3dd7de1100cc80d1,retained
cnews:3742,3742,房产,2a917d6bc60650a75981d56ec4d1bf6a11e829ab4d0dffb4940ea796a8cbf581,retained
cnews:3743,3743,房产,7d7bd8207c7d18dd4edf268da0daf69ec0422a412272852c01d73769943e32f4,retained
cnews:3744,3744,房产,edb13469a61104a9b05d0e66fa40b46c226e0e9285989f409d0341e10f925592,retained
cnews:3745,3745,房产,516521758666703b49b915d964cd0e52daaf7680185db01176e01311acaafa55,retained
cnews:3746,3746,房产,b559f03f925bcf648c1f71dfc53d3f6279bdc38f2e587898821322b69ffe40c0,retained
cnews:3747,3747,房产,1057fb1c75e9814a4e14bb64737f0622da137e56157d279168a3049ccce66ff7,retained
cnews:3748,3748,房产,1f2c221c2f6d0c8a48a10496a5cc154f6c7fc2c96d92cdbe2bd461f621c0a9ed,retained
cnews:3749,3749,房产,62fd51dcc33d05b5cd01b0cd9beb14256763b9eac72c205ee3474372416fea57,retained
cnews:3750,3750,房产,2cc95ce3694f7bd3666c0ad04f19133da3c5d2dcb6f68f1dfdaaf9d455509b52,retained
cnews:3751,3751,房产,04acd9bc7c83364168c4fb9a41e842ede707f3beaa2cb64eac210119129ed762,retained
cnews:3752,3752,房产,54dad439db01a4757ab945ff868c8058ff6edc701e7d7acc806943ee23703ce1,retained
cnews:3753,3753,房产,ea5e7fd95e0771ef3b2326e0e5c8fe72ffa9abd352c10500653e991ef09a19f7,retained
cnews:3754,3754,房产,efea720783c14666d840f591cf9e4778a681deababf287ee2532996bc6727c13,retained
cnews:3755,3755,房产,82ac57a15b475a1c35f58d0d89930609b2d50720e511f51b8d61799cd48adfbd,retained
cnews:3756,3756,房产,942335962dd3b5b63a7b33a9deb29ffd3b4cfbd1627fd35189293a63fe2d83f5,retained
cnews:3757,3757,房产,da0941def3c0484ece407053b2fe69af6883be89479fbe662afe63f5071a6e02,retained
cnews:3758,3758,房产,2c9f56e569e740e9c345a4e7e69f1ac851cf96307ec0e318d3fcad4b3dd99d95,retained
cnews:3759,3759,房产,ab3753c818e1f777ba49b449676fc57ddd9727f46ab4f40aae4cef8c5fcdf870,retained
cnews:3760,3760,房产,29341abc9f17370363dc606761ec9833f8a279c2e12d23ad30b05fbdc013c915,retained
cnews:3761,3761,房产,ed3fd544cf9230f84ba505798a7f37d2a02217403485137f38748a6595004349,retained
cnews:3762,3762,房产,b8d68ca1d3da847c7b23b2a673a8f8b5c619eff4163e6be24417904a980c9bf1,retained
cnews:3763,3763,房产,32f0ffb6aa2d0bb5f02788bd63721fc7a994b581ce94e373865d60bf1758db7f,retained
cnews:3764,3764,房产,882a6dd84f89591dee4a2d27cd70ce4ad58bd567f92e1117731c732270246294,retained
cnews:3765,3765,房产,9e980fe124d7fa6bf396bab52ca8ba9d688da265e4273bdee4c877e1d57d72c7,retained
cnews:3766,3766,房产,de06b21bd2f1b4758964ab585370839c9def6619a93c0c57f741c91822ef8acd,retained
cnews:3767,3767,房产,53dd5785a7e925108f93bf721c4e35c799c1ff839087533479ec0a80e1864484,retained
cnews:3768,3768,房产,057f0156005ff42a425a346bd0b301f7b85e74518acedcfde1a41d157cb407f5,retained
cnews:3769,3769,房产,dbe5a3b5bdcf60d04cb67606b69438ff8a0ad352747e4913ca95041069799950,retained
cnews:3770,3770,房产,3bf8b8007ce9eec4cc1cf013c4a4934f3fd5d4a79cf7b769b0424d41e21633fb,retained
cnews:3771,3771,房产,de734da6bbe39144c31cbdc19686bcf5cb10b2dc6bd4af5638f3a874ac7458c6,retained
cnews:3772,3772,房产,446c8e226723fe27fdacf6d3ac5bf49dd24f5309c7a997e183ec95874d3f4d14,retained
cnews:3773,3773,房产,ee905df631daba3513dab672f3abfd0c4548d2e113da0aec068fa7e488ddc4f9,retained
cnews:3774,3774,房产,fef2137ee3df75dc8310ec88a39706c41b69a1498cf01be8fb2f5b88bcfd2979,retained
cnews:3775,3775,房产,9f7f10a2ab06f36b8165e118c716d82ec765d4f79ba6afa282d1c8c7486c3ac3,retained
cnews:3776,3776,房产,084e97f6843aca74d2664799daad0d6719db7404d27a9a16b6ebef6a09dcdb5a,retained
cnews:3777,3777,房产,f223f7ce363750e64de0aa298f65c9241e698375565c6016467965b6b84814b8,retained
cnews:3778,3778,房产,bd58e70afb5210c2d73cd1926e8642ce9df93383ea7016a23014ae8206b80d40,retained
cnews:3779,3779,房产,6a65a413b7448578ea436760c7f01b97d4b2444adb8962ed6af42dbbf5395e4c,retained
cnews:3780,3780,房产,79c94c3c0866e6ded6906040f6f4f170899cdd429af0725100a26e2cbff62338,retained
cnews:3781,3781,房产,a9f1e3d59459a63e2ea67f453c98d784f02ee40db46f786c7945ba3701a643a9,retained
cnews:3782,3782,房产,b229c2e719c8835b1a61411ea9d440a596c6e02a946f3be01117c72f65e5a914,retained
cnews:3783,3783,房产,2bc4c7c26d402cd8e8f2d94df1d4761db6d36f804d9a67121b7efbaa8cb746e4,retained
cnews:3784,3784,房产,22d8754c8bcc74de6b936067e4adf14b30266c72d0fb85187a16dad844f5df96,retained
cnews:3785,3785,房产,c470f901f2dd0110ca70f51f80f98f8e71c0517dbe8de2f960dc42e1b5ccde50,retained
cnews:3786,3786,房产,ae249cc356bb9f93c91f39bcca9276c4b3d5140c3e96d0c680b261b08655ad93,retained
cnews:3787,3787,房产,bbb9b3fc03879d91b5eb1c43255d40047e6f676ec12fc5b616f4af937cf99d65,retained
cnews:3788,3788,房产,e0fdc43dfb94784cc03a180e556bf7d678d1c461ab8b0f27988c6b1a7ae11261,retained
cnews:3789,3789,房产,9cb65488df09ba86c19c94b19620f430636931d24050f4bf714ce028d3bdcdea,retained
cnews:3790,3790,房产,21131fd7dc034767d3caed37bd7c133b4a07d9c624187615b26e834e18814888,retained
cnews:3791,3791,房产,0502fe5d648f4eaa7b1ea7bafe441aeccc05b3913837f9957d515f1f4874d617,retained
cnews:3792,3792,房产,a85625353f88ebbef4e0fa76dbf483548ac917a1fbeeae6c7f095afc872b2e01,retained
cnews:3793,3793,房产,f4a9ae980b8a12c4c9951270d29ca67d0f090cd401e46939ca60c85cb6452583,retained
cnews:3794,3794,房产,3e03e581df67b8cdc69eb2ab09671cdf72452ae94e8d4bbd2918ca12bcc5500e,retained
cnews:3795,3795,房产,0982d873cff5994fd2423414792f125de9749d130e266f5d8a8648b45716fe02,retained
cnews:3796,3796,房产,fa52ad0c5482e6aa0123da0263aa3139f5389f07f348b1a464cd638017e7f82f,retained
cnews:3797,3797,房产,0a710557c8b3445096dc6558de197865633a85e0eef6f0204ce53d11b773d34d,retained
cnews:3798,3798,房产,348bd3c46c8dda8ca41af5e7ed2e1548b76171a90a4313850e277a1e10236891,retained
cnews:3799,3799,房产,68ce32de86224ee650e7f6e9587edc93690226f5126e385b76918782dd721792,retained
cnews:3800,3800,房产,2d19e8cd2b6d7a97cf1489c28e4d1215d3739411cfae9bcd5235924dd3c6c4ce,retained
cnews:3801,3801,房产,6a9963681f7f864107b0a43712e19f40549fe091cc889866bf8487ae01ed557e,retained
cnews:3802,3802,房产,35c68d87c5de2e64cb981e4f893e70928864f10d60efe8f2fde5f48f9a812ef4,retained
cnews:3803,3803,房产,8619f898b499658ab833ca628034bcd97d53cc1f05f39223fe6107bdfc89cbc3,retained
cnews:3804,3804,房产,b611193da4daf7a12a714764db478c7468fc3276524be9bb6687c4c0323a99b2,retained
cnews:3805,3805,房产,5920bed186c22af98c0ad39a122a651109d1ee6145ee8c258e6d882425996702,retained
cnews:3806,3806,房产,943632b984a5c561eb2b50b85cc68835aca838625decf9c1f298e1edf4d1aa07,retained
cnews:3807,3807,房产,68ce32de86224ee650e7f6e9587edc93690226f5126e385b76918782dd721792,duplicate
cnews:3808,3808,房产,edf4045220e84513552338f5da84689ebc3860527ccef3d0f7c735111f1b7972,retained
cnews:3809,3809,房产,e3c075d6720286ab53ca76d9ed7ae429372b9ceec70f7cabfee86f60dcdb7e5f,retained
cnews:3810,3810,房产,488cad6c909fd79c66abb38d2dce464f1450474b12a41765fac03ea03b44d24f,retained
cnews:3811,3811,房产,73b66b0d9d00d4fb693c85b0f7281db10beb6b8985ab411e567df377d2ab5028,retained
cnews:3812,3812,房产,1cdde5f6a36d02cb82a5cd6264eed5f8baf24812b2a699f84d6e20c434b0d420,retained
cnews:3813,3813,房产,4977a488b44a217ffbf16b0b62cc229e4acafd30f43e7f8c4baaf84339e40363,retained
cnews:3814,3814,房产,3f71b4c43b658027bb599e9b0bb07ae3152f291860a50226de14d9eb1b4bced1,retained
cnews:3815,3815,房产,22967473b35499297de9c66bb07ad563142455bb54542c49f519c3b2eb0b7da4,retained
cnews:3816,3816,房产,1ff02d6d30253fb6032449f398b2c0ec9ffefe6fb53d1ae7de04c9d4bb1099a1,retained
cnews:3817,3817,房产,fec2315921f87e5bc2b3f3b67944b9e1009c555f41883a95550dbe85947abed8,retained
cnews:3818,3818,房产,021f9932b24c3339bfcc8b2c1ab98f5f55319fc59bf36b6358ca226c0cd69c48,retained
cnews:3819,3819,房产,31e15d18efe486d6cd62ca2189b2c9d8475a1d09b6523c03726ccb7203021902,retained
cnews:3820,3820,房产,c4382eaa1fef8a71c323dc5a9ce431fe45f2ef1344ae008027f0ac6cc6d305bd,retained
cnews:3821,3821,房产,fcdef01b9c2d64f801dc6544e63eebcd00fd1b9154afb9bab3879726e7601059,retained
cnews:3822,3822,房产,30c9bd164743f88c82ea0a894c2e1e40e83ab72399d3e5bec1093425d226bfdd,retained
cnews:3823,3823,房产,be233cc43d88575a8deccd0b342c37d866bd241c7a6df92c13df088194860f1f,retained
cnews:3824,3824,房产,8bfd9f0be468873bb630b6880b4de17fc30858c5c457fdbc4579369d79de9ead,retained
cnews:3825,3825,房产,6f83ec0263ffcb3c6c336f50993a58b50f491c66c5db70591aff17ce7d5eae34,retained
cnews:3826,3826,房产,181cdc0fde9bf954f743c5039dd3e4385c12458f503c523012a83495da897117,retained
cnews:3827,3827,房产,0cd91e6b2fd9a4ca97a26eea9f739ec3ba588eb402955553785dc108665579ef,retained
cnews:3828,3828,房产,8ac1f7c725822cbe7dc697dcb04542116d883233c25b5feb4e94319b7dd4a1fd,retained
cnews:3829,3829,房产,b6f969c99689056da2b7f1d1604af37a2fc6a1d1ef810851dfcfc1026bf69cdf,retained
cnews:3830,3830,房产,5fda87941c679182d31b80001ac82b380afc07c9dc042d85fa968649ae4b8541,retained
cnews:3831,3831,房产,cea187a5e712a2cd3f95f25f03903a552388b1e70869b43fed1a4af4345ed054,retained
cnews:3832,3832,房产,d898941b9ba1fecb0f890b041b1c210054fddf7befcfcbf8b4e565985a3d80ca,retained
cnews:3833,3833,房产,47fd8a5ab32cedb0dce9680addf90f8a7e23eecfb68b8a0f254dc7b29415e235,retained
cnews:3834,3834,房产,469b0906a0a80b4d0f935c2749d81bf48c25bdc945a3a4af92fc36ae5ce6709d,retained
cnews:3835,3835,房产,f93ee25c0d6d64dfb465cd2d748982ba9598be7deb856ba108881cef94c3307f,retained
cnews:3836,3836,房产,877252a5120a28cf4c64651eb06a891122b9f9b213f6d953d7ca0e5c415f95bf,retained
cnews:3837,3837,房产,be75ad4fb9af0ef364579cf227d69a214cadc37618b1c852e91005010ca84066,retained
cnews:3838,3838,房产,a1a81b084b2c7a48b2b1008d8a625c76ed11c48498752a6f5057cf400063fc96,retained
cnews:3839,3839,房产,12a27c1c5d2b1f64f7e0d8b8b4a49a4b9bd7abc512458fe6f5c78a756f5d1b0b,retained
cnews:3840,3840,房产,39e8b59faa55c045b252702f734ee313905229b6cb557cd2cb217af58636d711,retained
cnews:3841,3841,房产,8657a1edb55148507c81cf4e4d2776fe426f3fbc493113c88a71f4371048213d,retained
cnews:3842,3842,房产,56e3e26c08f0581f2d798f7ba013bbfde8c8fd36abfbf21cdf8b67ad1147af72,retained
cnews:3843,3843,房产,6408618f0a7d58192e21492976a80f3ee0351d6d2947bc9ff3bcb8f554f91da5,retained
cnews:3844,3844,房产,8bb6ba4106ecf284b0ad997f239c9c74a9fb2e6caadb12a3a0419894e2d95024,retained
cnews:3845,3845,房产,15b9c4032db47b2f01d6b8c90a16bc9ffe1d65d9b7c41df8e4bef3609e17669f,retained
cnews:3846,3846,房产,a6705535658681e3cba92a8bc41ea6f13f47db24fa82a16d3f4eab9b770b8ec4,retained
cnews:3847,3847,房产,93876279ddee0066e5acdd3622ad2ed0a52ff1d1bae84c511dda0547fc102999,retained
cnews:3848,3848,房产,3ad0c6105e034457789aa2b1bc9d9a37c050389b3e992ffedb21469f355a96fa,retained
cnews:3849,3849,房产,073b8c201ba5a4a12ee56a733c3357d9b19c363ff4662e216f92c45507c5a9b6,retained
cnews:3850,3850,房产,d1bc02f4f230e032361ab96d708374bd83c1b49200d981a60f7eb1d67b4c6acb,retained
cnews:3851,3851,房产,0bc716df47110b5f4c80aca8bade20421954cdb2c04a0549a080e9221bb13382,retained
cnews:3852,3852,房产,5266136f78a2ade2046769c503598cd95893cfd1f73beea1f0bc81dea708e83c,retained
cnews:3853,3853,房产,0cf62c0999155c1d04690f41f1fe056f8116ef95766be673cb5f911a5efc9569,retained
cnews:3854,3854,房产,ab875e1ae31620353e861667edad6da699e9a7ee0c300a840ec32e0cc24b3675,retained
cnews:3855,3855,房产,583a3727ffa62582531edab4d9e4e83b08c8601f05f48fda04b31f99678bc71d,retained
cnews:3856,3856,房产,eebeee169d8ec2df5ae3542c36c0171d66d12946314c59ffc5f833af54f88c11,retained
cnews:3857,3857,房产,bec0d044f289102c8ca579a0bd8dd5cc6fb69abdf98ea4107ff6097cd86555b2,retained
cnews:3858,3858,房产,32ecdb2f545b04c73a3d5ddee3503804764ed13907460e1f39fa697e3299dcc6,retained
cnews:3859,3859,房产,72be4b32a8750c0b12e65c0ca2727fa567ca1d7b99d449bda250c500be5a7356,retained
cnews:3860,3860,房产,07c8aea885c18bd42359656c36514e742948808d0a62497e435ca74cdd46bd1c,retained
cnews:3861,3861,房产,48afb70b7897d849e451c25b9abeabd839e23baa99ce572fedf30384230fc4f2,retained
cnews:3862,3862,房产,b6503964248f96b06b534e2f2c9e16b8b1407a678c62b9ddb9573a37d2294a5b,retained
cnews:3863,3863,房产,d4c9aad532be0b7245b8a88f02a82c34e0b218a64b2f0ebc8f36e907638fa00b,retained
cnews:3864,3864,房产,99448816c55ae7c688a056596794ff3b2b1a8887344c23e620403cae69b4877a,retained
cnews:3865,3865,房产,6a87497965791f29d838bc8fd364e07370b068ca2bcf9f85cf9c5c31312fb332,retained
cnews:3866,3866,房产,57c6a7d73d1c8bc5a521f4f1f4017c47843f19d2cb6c0eb13298010218b4fc18,retained
cnews:3867,3867,房产,8a655f72c45366e2305d8e7df8e1ee0e862db00bc348d841a3cdc6899e1c9950,retained
cnews:3868,3868,房产,9fbbcd14a8abfe0e7c39091d322d866417bcc2f3e91de22b9c339ca7983586cf,retained
cnews:3869,3869,房产,616f315f8d54834838ffdeec53bf67751a856d3f55193017df644b2b0e8f7ddf,retained
cnews:3870,3870,房产,7c24c2c17328f16b543b7f8ebcd0eda6a208f09ced7a9c32065446c73d5d8c67,retained
cnews:3871,3871,房产,765e2fa7c4169b034b0e62c45aba71e1cd969075fb3da621ebd86eddecbdec84,retained
cnews:3872,3872,房产,31c6ad130fcc15b7090c5270fe96a3a7eed311d84a3b2b5bd43bbf4f36d5c246,retained
cnews:3873,3873,房产,c9d6279b43c744ed8060fbb7466f6ad00bc7026f253981cb797377af13a680ea,retained
cnews:3874,3874,房产,f8a5b36d1efb6e29c101f33fe5127ffccfaafa06f996d4542b6dd3f4f5a62f7b,retained
cnews:3875,3875,房产,d0c1ae5eb409954a2dc27ce3955d1d563d53aeb09317024fe84d1e67df075b35,retained
cnews:3876,3876,房产,68bb49c403b9caca21ff5253550ee12f9a72bc237d105daed92d83cc59c5e074,retained
cnews:3877,3877,房产,b668109b337f764855458183704f18000cbe390c110caad7e76a75680d38bb26,retained
cnews:3878,3878,房产,fa1d3dee0dcd9f44c1a2d3c8e5c0dfd8a6829093e191336fdf1b1e8c6daddba0,retained
cnews:3879,3879,房产,f73a84120ec924b998cc6e91daf5cc373d21ba152dbcc60676bcc425b91e580e,retained
cnews:3880,3880,房产,6819d8e8eb0c76e1e18863458a1f46cc141babc72739bddfe8582d0fea21177f,retained
cnews:3881,3881,房产,71e95d339696993f75ab1d58b46ad3e1f81f7edaa0496ecdd27b9c55f315bef6,retained
cnews:3882,3882,房产,91d2d3de93240f152abba5ed42be9388941516a6f99bdfb3493a856c3a487cf1,retained
cnews:3883,3883,房产,615f6c395f236b6d560f5c66135ab8a07e63760fb572581eee2def015e4d0958,retained
cnews:3884,3884,房产,1dd71c2f5a3f0f6c76fd7c36c798ac4e45ba85706944164c7afb589a0375b3bb,retained
cnews:3885,3885,房产,effdf77ce93a99d5a6c125bbda0bcc7ac49f89fa5688b4df82be336adbb5ac51,retained
cnews:3886,3886,房产,767df13f582d07631549348dd67427a488b93ac4f5561c2a7b23e528daf1f19d,retained
cnews:3887,3887,房产,a7bf362b79f01b789754a24d4809d05430ac551f22b2e93a9d1676708a7366f5,retained
cnews:3888,3888,房产,b666c845d116eb3adc772fe6ed33be39946b6e4ca3c68ed4a8ec1f544e173429,retained
cnews:3889,3889,房产,51b7a06776b01a7ce8a5f4b21bac2555eec57abc242b154fcc807ce1185c5aff,retained
cnews:3890,3890,房产,3488234572d3a315c561f5ed623ab970b84f45969bb44fac04ce540f0a15d2d3,retained
cnews:3891,3891,房产,880548208780b18a07bcce6217840c4c8474d3da0243f923155d181bace218e1,retained
cnews:3892,3892,房产,9a0f43350370c7c55367b0b98e173ea809c3558c092cc3dc8245b88c0676975b,retained
cnews:3893,3893,房产,b792ffcd8795549e13e0fac1cf8e1a66abbf70e3416e697839e226cf290c2c42,retained
cnews:3894,3894,房产,0ec9d70c0192df51047d5a24167dc4c2767d578fd575f2da7fef2dcb6f0be644,retained
cnews:3895,3895,房产,5380151a69f18c9707315b6d37b64a75dbac4ce4999984c7f5dc2c4412ada959,retained
cnews:3896,3896,房产,0d8522037020ed171bf6e08606bacdb37d40c756beccbb5109a0706efaea378a,retained
cnews:3897,3897,房产,f4616f75a6cf9a1497f04fce00e5f7587acaa90e3e88f4a615ad167a8e5e71f7,retained
cnews:3898,3898,房产,83540e350c8089c8c1fd30e83571ff29cddb5cf2f4e034a80f178e5e1ee1e390,retained
cnews:3899,3899,房产,68f9e229bb382377af18096770292d4cb66b0742e274da54adff1e6c55d5693c,retained
cnews:3900,3900,房产,84d5e442ae062cd8c4e3f7b7e1d3eb7ec7a7fe5d63b1602618e557427f29e4c9,retained
cnews:3901,3901,房产,7cfbeba7d8c27daa5d6888135d45447dd94dcd7e9305de0be3697098c1b88233,retained
cnews:3902,3902,房产,8dc4e46fc6da55a1a5d850bd404fac5d35a0a55e11405d79b926abde0ad14e72,retained
cnews:3903,3903,房产,74ae028658d527830dde06fd5b576d2af6a63ea4aadadc311bd11fa887c3ed03,short
cnews:3904,3904,房产,8eade8ddc05b23e4f1aeea54c08825636279886c1815d47f02249991e21018fe,retained
cnews:3905,3905,房产,c9fedc18eca96686a08c8adf4b3006e39d09c0e90c5868e8afea39d0e6635978,retained
cnews:3906,3906,房产,c2a72bd246c0b37ac75aa6acafaa3c38aa32accc7df3c728dca0f238d2df1cb0,retained
cnews:3907,3907,房产,21a1d3ce91eb9ba755f847466c9d46e658bc848e55456ef835cb935d700b4df4,retained
cnews:3908,3908,房产,611a43461fb26c250b422317a0438a2ecb397d0701010414449f481037a143bd,retained
cnews:3909,3909,房产,3cc909c85ac77c82c53c0c89fb45046bd1e9c1b3cd08c9a5e8b934caac862b7a,retained
cnews:3910,3910,房产,1af31ac2793aac527df2dfe74cd2fea38a76ed6612fbff00d30421fd35040340,retained
cnews:3911,3911,房产,c51de4360e545d0473086bc4f49a9077217cb743701cd36a60e7d561c5f579da,retained
cnews:3912,3912,房产,63a816e04ff1ff3cc3e0ddcaf5a94850a79e32c07b2064556fa89a828fa36984,retained
cnews:3913,3913,房产,6d38a6242e3951e3740404de6fe1e46b01491823d58394f817278a03573d31d2,retained
cnews:3914,3914,房产,251484e25c3579f7f58d1683b35112dba1a7bde1aa2ad89e91f83620ddd23913,retained
cnews:3915,3915,房产,94325b431a1439ce1cd181e3524ddcf89d852add979bf1e5577c24987867a818,retained
cnews:3916,3916,房产,5600193f659eb91fc78585f79cacd2fa0a023e0e98903c584f064b3068c4c2b2,retained
cnews:3917,3917,房产,381392edff33b3edec5a9ee43fd5032e4c413dae13c960b12ba109a035bd42bb,retained
cnews:3918,3918,房产,5965300f2f248ca20fcd4728ecf0d5ed691afc55fbaef824ce67ce8ad3a47c12,retained
cnews:3919,3919,房产,c2bef9e4f1f74ec37b84a85375ae4b3a1348c21ca401bebd37194849d8326da6,retained
cnews:3920,3920,房产,b222f5b6a75b11718b321da23f6a2025b33c35b2fa1cf562d828c526bc605ef1,retained
cnews:3921,3921,房产,30035614f9f2b23f234b7410ddd8fc504b3a02329c63b5985d9dce26a1cfd0b5,retained
cnews:3922,3922,房产,77709cdc2502502885150fdf34f7ac73dfcbf96babaebb1ecc99437c36310198,retained
cnews:3923,3923,房产,cf59f5e2bbebfd437da0528f12fc243acbec092c735f4b3cc76d365d3f20091b,retained
cnews:3924,3924,房产,54178097c8cf153b15d01ad417629c32a2d5c24649f0313803b4376c0128bdc4,retained
cnews:3925,3925,房产,234b1b2c567c2bdb2b50e282ea5827b7cdf880abc48dd5f141c967a7c48972c9,retained
cnews:3926,3926,房产,6083211bb555f34f70c284fd82419ae70fa69063c34d3b2bc2033f4a66c6958d,retained
cnews:3927,3927,房产,7d0ca3e538bf52e89cd7d7abc99ce1474c95bda3f2e6994f51e6f40ed6cadda5,retained
cnews:3928,3928,房产,75171221e7964595db9ce8e7ba2cc7ed9db8b57b759066ad7276e7887bf9a16d,retained
cnews:3929,3929,房产,1fc8338e66aec41f1977a0339287dfae27dbfef8ec2bbd63148c3986ef277bba,retained
cnews:3930,3930,房产,fe8e6c57f955a74764ac651d61527b03e2c9ca90630e334190601fedcbdd250f,retained
cnews:3931,3931,房产,09c24e2627a5d9a47ef2c54bfac510e110e12d49339940a9884490ee788396fc,retained
cnews:3932,3932,房产,4f03da9e55bbedbe67c23f00e813c98f199c88beda983e1394176361ee460f70,retained
cnews:3933,3933,房产,75f839d7287e0f0efbb455d2d1773920c52e5fc8b8865782b44232a36b9aebca,retained
cnews:3934,3934,房产,cff181815a118b8d839ccbeee528361dd781ebf749729c6b8b13815823e900bd,retained
cnews:3935,3935,房产,ad8452d1c602bc67013fb54846f3d88b99916753e7c8bcb36d5d1878a1cc8e13,retained
cnews:3936,3936,房产,e09f9ad30f7a14495bf07f0c9455aeae5fce524878b15f7b871f6ee5635c32b9,retained
cnews:3937,3937,房产,e6f999782466396dd763de6430ea3128fdac47e61da1097918f568ae7cd400f0,retained
cnews:3938,3938,房产,ba033efc7833bcd51dd5b05fdd0e1a878b138a45d41762ba8bac9d0db825fafb,retained
cnews:3939,3939,房产,5701cd34ab442bf13771965c1e11faed4159c0a1678416ed776bf5e5abe7b60e,retained
cnews:3940,3940,房产,f49bc672b7cce7e08a11fc288be3262d1950e53583a883ebbd45150661850c74,retained
cnews:3941,3941,房产,1a285d12e66cb4ea4de7e589e5b14a2fc631f33230616cf0a387f82442c46a7d,retained
cnews:3942,3942,房产,a80de92caf8778c8b933f2fbc9b8044933cfb83aebf2b94e0e3c1781217e784d,retained
cnews:3943,3943,房产,0a26e064a7a8d9efd726c76294cf166ec80140718edb8a05b50d8b23956041e0,retained
cnews:3944,3944,房产,2aaea8465387e05ef3fcbae1c0a0b131084381cf26a88af7cb1c3f601a5c72b5,retained
cnews:3945,3945,房产,691aba934727f2db4070bdec956b65d034cd1f8f131f100dac4f9367ff39ff38,retained
cnews:3946,3946,房产,aecb8b155b527289105bcfcc11b3d1630496aec95f60acdb16b42dddb2c6f765,retained
cnews:3947,3947,房产,0fa1bb161458d605442886ef0bf18ad0a8b7c66157d507434703f001fff58a3d,retained
cnews:3948,3948,房产,2183ef09ee54c3ed10012e58a8e392f7b040b60ae8f53a86d206be6571417738,retained
cnews:3949,3949,房产,ea96a5ed00edd50fa35eb638f1e874cd4f811190c45e296f240172afd1f9fdff,retained
cnews:3950,3950,房产,3ea192744522caa4f6096a7f1618ca69b67e8da7cac85fd30c53ea377fd06a3a,retained
cnews:3951,3951,房产,a6c96ab329f0dbf1892291673cfcde4206885607ac3cc9d20db059aa1beb3202,retained
cnews:3952,3952,房产,679e06d2e8e4590e478232b052ba1cb55709b38f1ff64b6ae3de827eb2189de0,retained
cnews:3953,3953,房产,b8dfdbfec433a07cbd557a507fa64ae9c9a103cd4e93a8e6ef110e30d04172e9,retained
cnews:3954,3954,房产,243c2f9f806d10c58818d18138df14192a706288201ccb9a04707a5a3d22ac42,retained
cnews:3955,3955,房产,3e35fd019852655ca65b4873fb963e12844993cb99b02a7492608be4a5c2e2e9,retained
cnews:3956,3956,房产,7fbe61bd524a5dec530fd4391b09ee4e62f6f181094e9d4badba339a0e95b887,retained
cnews:3957,3957,房产,f2f4a3feab8096737961d0d991252058a585c2e2aa2341fa046780c4f500e0dc,retained
cnews:3958,3958,房产,04491ae55ab37aaf12f8f1afa3db1698d0920d5802a9fc61d50d8f077f16ecdf,retained
cnews:3959,3959,房产,10b7b57543c53ff5c5875998dbeb5c88324e20c93141e4cb84a3509324cae23c,retained
cnews:3960,3960,房产,68a118c27995bf0d830989a8e3502c879ae5a4f9e3ec458c0babb18867da3679,retained
cnews:3961,3961,房产,5a42c29b5ec7af2150289b4677b5df32997aba92e19cf1db879ee96ecf31fadc,retained
cnews:3962,3962,房产,d6cbf505b9c6619234312319f1cca40a1b25839aa0b11096e3fa9e9726e71f00,retained
cnews:3963,3963,房产,0a58c2dc3cd30518ae688f2ded55a36bb73cdb74f4bbcc0e07be3e7ee459ff47,retained
cnews:3964,3964,房产,98f6164ee5daff398be746880db156f4b13f36dec463a7b9358ab5bcc839c0f4,retained
cnews:3965,3965,房产,b9069d37244f26b2d54ee92b1bb8b499e52dd4ce27f1dc8707513d8d3a31162e,retained
cnews:3966,3966,房产,0eda958fd5d636e2c18dd923f5bf4d3bb65cc4dd3d6140c00b6b5e2a70d2a57e,retained
cnews:3967,3967,房产,03c7b69ebf3b4dff20b2fd22e7d11153652d074936da1084e6d56c1faf3c5fb8,retained
cnews:3968,3968,房产,dfea4502402cea948aae4829621a871d828289c262c6441f5e62e729d728f1e4,retained
cnews:3969,3969,房产,850586e6a4961c6a79790496a4c8891ccc86e01d8d5adc33a1a2e071e2da9511,retained
cnews:3970,3970,房产,7a51c836ce3c9af90b8784609a70a42bccbf5100d6cb279a71d8a38a4cc483f9,retained
cnews:3971,3971,房产,f6cf4ff6d26d603c5c217f15faa94b68a2753d7b8dfcfddbbfb03233116e6d54,retained
cnews:3972,3972,房产,cd49f539449f67d1e1691676fc654774bf1ec08ce2e7f15a252df45e20091cc3,retained
cnews:3973,3973,房产,e01201647267a0e9a8754863efe44583361b948ee8ad639d6321337389cb6690,retained
cnews:3974,3974,房产,a63cb7b73eef5a7aa039096d4df403bb40a5323bb8d3cc794f5437db07f684b0,retained
cnews:3975,3975,房产,e134aeb4244b0682ab63cfd7fac5117c4d67ba56262a751e4283f484a7228918,short
cnews:3976,3976,房产,4b24cbd668dd5b505a472183d096d80057a48c65de29d182d57211575c778050,short
cnews:3977,3977,房产,3ab7548906f227030d6a49ba6ef4ca14ecff43989c152d10fdcf22f6ccdec5d1,retained
cnews:3978,3978,房产,3e253ef37af530be6d32062eade7bbd0f2620ea263b037a6b4df52972c6a83dc,retained
cnews:3979,3979,房产,1ecbf22ff5e6ada7c046061947a8cec09175cb648d909a1e3d52a84c44aea954,retained
cnews:3980,3980,房产,4557c53b4c086142b327f8ed5f3c620675f537d17608692350e3e7eee2d28cd7,retained
cnews:3981,3981,房产,93d7e63b82a8ddd217b177be0d119756a49a50f770d0d32af28dbee88e3cc36f,retained
cnews:3982,3982,房产,f43ab8dfa869db2dd6cc4efc205d5daac92f7556b79679c474ad1f44a23c8a30,retained
cnews:3983,3983,房产,9a752061e5ca494c505c9b6b8f0ebed2ca18bad0c2cbba4af13af729fea1e23f,retained
cnews:3984,3984,房产,935703f54d66b97a3d51ad4166e5722060958471c5bb556b898242f57c125a0a,retained
cnews:3985,3985,房产,1abc4d1010e9649b1f6be6a757ff573d4db10653f161f239aab51a9312553de7,retained
cnews:3986,3986,房产,da659a35d301f1f43fd5f74572ddc236724429b3c7f7a7bf75957a9f70f40382,retained
cnews:3987,3987,房产,9d09f0550e432a11a0b2a590be8d82ad9c7131bb5015ce36d2b175e5383ac86a,retained
cnews:3988,3988,房产,984966453f50fa913f521b0f4f35da20b4d9ed89d9f4c4813097de3e3a15d74f,retained
cnews:3989,3989,房产,db3dfc585ef16be6ef608c2178a6a07eb14e602c38b81dafe1e20157e341b1ad,retained
cnews:3990,3990,房产,a344bb678779640886d9946b950ed42ad4c7450663d81080b105e2e099979ade,retained
cnews:3991,3991,房产,e24338b0f3aa6b0bea8d2e71f9b2085098c43992361c75f9b241d3f29553fc5b,retained
cnews:3992,3992,房产,060fda7ebb9b8724a0d111228156f58dc576a2094b9128c76408f36fd1fa71da,retained
cnews:3993,3993,房产,400a9a5ccd9e34d79b629a2c3b079a7dc5ce42d1f07152c1004d358c3b1e6acb,retained
cnews:3994,3994,房产,d9d287435a88f578345f5043245b5c30db6ae94ad12fa68efa8aa69632467610,retained
cnews:3995,3995,房产,a6f3c5a19378ae21297dc8a705184d8627b16c2034bf04703a8618327a63774f,retained
cnews:3996,3996,房产,df9912e49de10911338e13c22495ef8cff7434013fd58b79d7e4fb2c18a040bd,retained
cnews:3997,3997,房产,1e4be455bba7a487ab356666bea92c95a28c9d365bc57a0724efc13b5a466719,retained
cnews:3998,3998,房产,73435605dbc7f000c1448c7a1b7aade178c6a7765c25858fdf76778633564989,retained
cnews:3999,3999,房产,4d4d3fc7b7b5237fe30385f2057dfb7023aac1c3ef1e84a8e95cc67be1398b17,retained
cnews:4000,4000,教育,29463fec7abcea5e04a5d8933c3453a33b33f42b342747dfcbdff3d8f3ab5287,retained
cnews:4001,4001,教育,21c253b81db2da80dde83f98a630e047315f8cf7a5b74a707bdec032610ae60c,retained
cnews:4002,4002,教育,bcbf68d2745cf0fdd0bae527e5da99ff89e4a739d6cf783244777510c7450711,retained
cnews:4003,4003,教育,328ae6331245c63115af178d32c937a037ab6cfcf288417d6cbde18c4d8bf39a,retained
cnews:4004,4004,教育,eef4b8dfbf9b6e4a5bd79f652dee7c1ac62ae80b97b58423dead210bff9c1143,retained
cnews:4005,4005,教育,1a3cf1d0f8fc570ccc8893521fd861a489bce1b3bc1210ade8dae4cd696efbab,retained
cnews:4006,4006,教育,3b6924f9bd530dcd4ba7f9cdb62943d72fb56d59bce62626e3e8dd5c31195142,retained
cnews:4007,4007,教育,92c5a4ab31de9273b1d88d647844add1d02b10d53bd2ee670c6911e55815c8e0,retained
cnews:4008,4008,教育,71c984788c017c8065b76cf9732414948c3a5d5fe0a54acd6502edabfaf2aeaa,retained
cnews:4009,4009,教育,00a021d94141d5c7b82f0cc0ba744f93aa4787955c01d1cb6dbbb672f886ac70,retained
cnews:4010,4010,教育,0f806f8cb2e1655fc8f61923a966bcb39ee38dc4df13af6e55c1c1a852c98607,retained
cnews:4011,4011,教育,423c5a3acfbbdecd862db41f178fe4ce4b95fbe59d9f1f3e52164ed96f55156b,retained
cnews:4012,4012,教育,04d476b8ad680afd629c652691caed5820cfff1d20cd7f3c5b3427dff873f8f2,retained
cnews:4013,4013,教育,e54b86f645b3b99377d735cfb0f5576f17a02d0d30e60ea7dd12fcf46d5d16eb,retained
cnews:4014,4014,教育,c8bdd49baa628707798d94aa31f73f3876b261484c3befcff09044c0b406a6bc,retained
cnews:4015,4015,教育,400cc7238bfb546d79bcceea4622c0f92cdadcc27eed3eee829fe4a16bda2c5c,retained
cnews:4016,4016,教育,ddd2f01dde230403016fa8c58e158479417122c053cf543199a39c9fc6a3e632,retained
cnews:4017,4017,教育,2d1bec15918c91904630a9fe5fa6a72e325c4d3655e0f8e0ed76738cce3d0f2f,retained
cnews:4018,4018,教育,53f392099e57800779474e84ca6d07bccd7a7cc2ee5c94c7afcbde27aa95a719,retained
cnews:4019,4019,教育,51c9e15098b2069baf35300693ba9ab2c7fd4c6a409eedd87e1739866352c49f,retained
cnews:4020,4020,教育,e7c4bb1ef576b2b0441ea5a956fcef2ce6cd2d856de2b298b74c885245a12692,retained
cnews:4021,4021,教育,b837de857b613151d1908df39a5dee47884b39c69d57fdaf27f597a71e66644a,retained
cnews:4022,4022,教育,8df0b159fede7a7dac70b6bc82128f2ad12237cb037ad8e51e2b02cd699db2cc,retained
cnews:4023,4023,教育,37c436925f814e8e0fc4e9393ea3d63eb9ed8441742f7a2e2061685a6f24a988,retained
cnews:4024,4024,教育,656a78755c1e777f4a26c2e1d822a64d8647824d5775fdf3d1544815ea2a7452,retained
cnews:4025,4025,教育,90bb4730d3a8cbd75ad6522611ada95524753bcbf4562a6a8f74d52ae1a6c686,retained
cnews:4026,4026,教育,7e9a240d57539a2391ebe2550816b526b2c70983d462d70cb1936ffac69e0721,retained
cnews:4027,4027,教育,2ee0c9c38aa0f71b29e82be1a815fe4d14f2bfc3e42d1badf8b88141f4b796ad,retained
cnews:4028,4028,教育,ecc2285e02698c63d9f7debf9eed16768f893cd6391d76960744358034bc4fe6,retained
cnews:4029,4029,教育,0a9163ef7278e1bcd918182d0e9ab5c77c841ec50a7552c4f1384ce129025fff,retained
cnews:4030,4030,教育,5ebbb8908d75ac26f866740152a010ed4335880aab3802c632c8e75462bd840f,retained
cnews:4031,4031,教育,f492ab78495cd7cf8a654aced972333ab12a7865d09d2956275df3d2f6ec32ae,retained
cnews:4032,4032,教育,3c7826224a31503b850106178bc3a138d8efe597c17e479574b8394c4e042267,retained
cnews:4033,4033,教育,21d179f4a3c2866ba5724009018d31c09d07b36dbd5a1e202998c7fd67647905,retained
cnews:4034,4034,教育,f7c6a82346680f79eb764b3af37afbd99b39b4fef884dc6dc75a2d786e675172,retained
cnews:4035,4035,教育,acab16a1988116b95d20317bdf594f1218aefade7edcdd3a14bc8d2cd8c99594,retained
cnews:4036,4036,教育,83b0009632a5f4355d29abaa8981b95291232f9d4afea1b7ce8595ce89413512,retained
cnews:4037,4037,教育,06e973301a53671c1f47dbf76960a4672cc91cb60d6f7b5cc22a044458ab79bb,retained
cnews:4038,4038,教育,cbdd0a81f3b3429f26b6853c2d53614f61602919cc8b6abb00048e9f17333094,retained
cnews:4039,4039,教育,741b62f1b3470c9889ea443716524e43c6808a9e465ca0cf9ea8346397133ab3,retained
cnews:4040,4040,教育,4d5a4fb44122b3fe74796461b49671ec3666a376a3b2eb763ec4ac950d7743e9,retained
cnews:4041,4041,教育,4faaa407ea5132c9b58dec56de196e0dabd90aaebd1c0415f5c90d85af35fff1,retained
cnews:4042,4042,教育,99a02735bc204cd1c29c9d6d83253096b8944ce8d20da3659f5d4ab43345b639,retained
cnews:4043,4043,教育,beda4c5e9dacde69974cec19d3d96340b2f338ae4470dbe9006a36cbc98f0fa8,retained
cnews:4044,4044,教育,26710b2adff5a2d0575a61244023a9d89298c213e364a1abe4d29d5a591e3e76,retained
cnews:4045,4045,教育,6f892843fadf4022556577ebea840b24e32b64a30c44ff07c613974384965292,retained
cnews:4046,4046,教育,e54e0979dd263dc525ffcd4a5ca60752ec84c5aff0d0a91556ccd984d1584deb,retained
cnews:4047,4047,教育,06893da3a6b5c680300f50b73d67d7a013e0824dac628af3ff6a996b1ea86d45,retained
cnews:4048,4048,教育,57825dce254a198e0b6aa7ea3d3adada01f4629f63dfccdcbf2d9e677ad1ec00,retained
cnews:4049,4049,教育,f59220bd217df13ae13538d436a24052b67b326a16ae503d0c89ab806fea04e0,retained
cnews:4050,4050,教育,5874891aece412c414f154e873b5ee527d7ea9686166c22ce0c841c719de3291,retained
cnews:4051,4051,教育,d149700bfe402e2296053eb764c3e75efe5df135313bdb9877bdee5266ca6e0d,retained
cnews:4052,4052,教育,3ffafb892dc13aac037547a8799bee7413ec642aaec76c4fd0664c7e2715271c,retained
cnews:4053,4053,教育,3193e9df0f708145e5671f0c7d3b79b7bf3e157dfaa218470e989bb0e3e06cdf,retained
cnews:4054,4054,教育,d21af27e14c11b7befb245553bb7fecd1307ec497bec271ee72b61c443b971aa,retained
cnews:4055,4055,教育,fb4289c0f7c580319ce2f99ff405e0928bdc78465227a21b1e238674071822cb,retained
cnews:4056,4056,教育,d401719115b0bc17f790cf66802059ed48753eb0f65a56f057e44f4c89a1bf12,retained
cnews:4057,4057,教育,3a5280f5d5334f7d3c5b301585485fda723cca41f63a661d8c4e3a7ec98cbe12,retained
cnews:4058,4058,教育,eb008ea68710fee9e72ad726833633725c86f63ed60490b8f6de4fc01c94e17a,retained
cnews:4059,4059,教育,db85d9dfe699037082ef6931832363c6107d7c0ea6e5ad1b5a7f0a5a2f402f2e,retained
cnews:4060,4060,教育,da71024a324929cee8b46274d42efeb9af9afa6417f5acd1cbfce7818df63fc0,retained
cnews:4061,4061,教育,0508ec9c23b309ded861ee397cd3acc7a72b94f704261a9e3734785f348752ca,retained
cnews:4062,4062,教育,6233b805d24ed8555c0addbaf9cad6aef63f414436f25fe8852b4765ae054097,retained
cnews:4063,4063,教育,71524e518ec03fd87a04a4f58f1648abfe94161fff402f463aeef207209f88ed,retained
cnews:4064,4064,教育,cc3ae9917874215bfb5455d2df28d5f8f4a806d68e1d128c9f329eab1f9cca2b,retained
cnews:4065,4065,教育,a6b39684a79a2c1edcfa972eaebdeda897b842971d7307b813d44e351d8ac507,retained
cnews:4066,4066,教育,9beb4f26ec7265018e5e8ab39fa369ef9b1d2ea2647dfda790f41cd5043dc044,retained
cnews:4067,4067,教育,cb3cde033acfd50ded2e3c16a1bc23802e61ebc56e2c5b745c06610a1ec66bc8,retained
cnews:4068,4068,教育,534017a3e1b257e64123c8de66dc9dddbd723e8c4dfe014144410d88e6e023a9,retained
cnews:4069,4069,教育,f29cbc3d7b8b4919c2690ae802687eabca9b51e8ae8ceefdbb19d5dc1b19a507,retained
cnews:4070,4070,教育,c03b9662dc0ba359210723164138dcb52a5c94db8733dbb793dd4a567f47c9c4,retained
cnews:4071,4071,教育,f73ac32355890319b028aa1cb6f42ac59994c0c850fc2c582de1455da1b727fa,retained
cnews:4072,4072,教育,3b0c039aa33275efff922a7d7689c37c5d5bc26cee11c72e16bcf471ad639304,retained
cnews:4073,4073,教育,0d3753e45ea83d0007afc2a53eee428d0e1e46bd9a10d1497d7219b3fa143d1a,retained
cnews:4074,4074,教育,e51e6722689e2308b08594963498d01f716e16c1984b7bd17442d7eb4ba288c9,retained
cnews:4075,4075,教育,6dd6eea9e69554b82fdc0a52fb23d3ef3643e14f107f7a7a92dbe47f16c39a80,retained
cnews:4076,4076,教育,72e7d782a5ef6a39276b7416ade631139752720317b4efeabb6b5f1f10bdf8e6,retained
cnews:4077,4077,教育,c76cd8c66c960b28d0a0f9bda5e721c7a53d587b808867d290aaad1673b69cbe,retained
cnews:4078,4078,教育,402c82b110e469c81679f6485b74aa3412262fc685d36f7c4598d4e911bd8c26,retained
cnews:4079,4079,教育,fb733076fdfd07f3eb6465539bab2d50618d4649342e9113cabd17b56174fd21,retained
cnews:4080,4080,教育,cde44191a9d7b514b21eaa527b7c03874fa2c6a887435b4361981aa8422a23fa,retained
cnews:4081,4081,教育,f7493bc3f5eea2e14ffd0d90e37224e8a27f3a854bc4f5f4aeffd1d2765f57fc,retained
cnews:4082,4082,教育,8224b21517eadd524998c0fe453f714b5af4412ac27e8912aab5e0178e1d8fd1,retained
cnews:4083,4083,教育,a96bb037aa67254dd3b52576dcf2a330b5820c99f5efdf312f28c182e70c8059,retained
cnews:4084,4084,教育,6bf55b8da58726da63997624a748e38880489aea98e61c23da4062996bf6e343,retained
cnews:4085,4085,教育,06afffc41e60c94139fe7bfdc84496206a0f2a4b27e80718abe7d2d8686eb5c9,retained
cnews:4086,4086,教育,03f75390264fc9cb9ee8d70a1561c8dab1c71b71f665af18ca94dc0828bc4e5f,retained
cnews:4087,4087,教育,8cef1f617cdd264324875572d0c5b92c5ea45d805d200d9eff9910e48670f192,retained
cnews:4088,4088,教育,9ebacdd512772a2042f8c959083684fff0e4e3c26ceff54bd312d54df082cc84,retained
cnews:4089,4089,教育,e4f223ca26592bec75907c6fa8653fe7cbd13230e35c9437794bb210af003c8e,retained
cnews:4090,4090,教育,ca92ee8367c6763276635dcb098dcd32ae5cfa689539fe0460c00bda7b5b3861,retained
cnews:4091,4091,教育,10e46d42b60426d25c61295742a3dba900cf972c753601faa4100cb7af3741a1,retained
cnews:4092,4092,教育,cd20d4496104974d475331146fd5760bcf8f40da7b00d1510b7b0251b218d78f,retained
cnews:4093,4093,教育,a0567a66cd00f7abc4d471b69bc213957fd5cd7c42eb6e289ba8179c0b0e55f9,retained
cnews:4094,4094,教育,cebd882e41965e682e5247a657a4edeb22daf3da8ce066e7e6a61a0564602eea,retained
cnews:4095,4095,教育,7a5a76762d6ebb0cbbfa12e04c84a998af9f44c9d7c9ee6c192604e7d2765ab1,retained
cnews:4096,4096,教育,871bf4ffda5afa6fcab2f4b65e4e21cf1a70b6989e983dd6cf26b0a5676949ff,retained
cnews:4097,4097,教育,fc1281e4a5e605640bdcbbb3a41038ac45cffefad94f114314d53f9ef571134c,retained
cnews:4098,4098,教育,24758a96fea4445062afc74db147787a289f7ce2c3632c71f32b8c48551a2e62,retained
cnews:4099,4099,教育,464d8694b5d4ed543fcc1bb5b4975a8fb31863e0ae569bdb594e9d99c9fd07e0,retained
cnews:4100,4100,教育,04097110f0817ade14e13be4923c6b1df7262c4c429cb2cbd5f27ea4003536de,retained
cnews:4101,4101,教育,019e7eabcff9b6f25a3f87a553c585a7a3fc0e85267f849bde24b2e022394aa5,retained
cnews:4102,4102,教育,67889a8aff1651e6b9698f424fa757d4577cb433ff2551badfa5c7f40ee36c2e,retained
cnews:4103,4103,教育,c921acff102aa5c397abb9cec4697512e42ca96551eab1a38c5c965b1ac61cad,retained
cnews:4104,4104,教育,cf3bb7985af65ad58c0a582578bc01114b1a3ec509838087b425ed79623acccf,retained
cnews:4105,4105,教育,4a3946591c0383190ea068e4b1737f8e7761725b2e5753af8c983a4c9e15d1fc,retained
cnews:4106,4106,教育,1d3ff23645764d51991efde35a3757ad32ea223bdf12960364a8721be5d6c2c0,retained
cnews:4107,4107,教育,fec4be38b0756e9962c9685ca1473e5005de60434a260e3ec2b4fe1ac6757ad9,retained
cnews:4108,4108,教育,25f7eff63a9b17e251a1edc6766794643fad7e1530bad9328a5c46927abfbfbd,retained
cnews:4109,4109,教育,117e12836605fce78d03859db66569da0cfe31a9cc88f0307fb1d3aae4ae0002,retained
cnews:4110,4110,教育,6b85c6a3582c01e16b1c0e2d7b287759765326d557e3b70edcfa25979260e795,retained
cnews:4111,4111,教育,5c1701ecc36797444cc3e93de13c411b31bc5fd7f5fa8e20587424c6f2572212,retained
cnews:4112,4112,教育,c8d71e2b78e4adb56acf54b1da93a1944320ba3a4c9f72ba3f9ae950ae6b4831,retained
cnews:4113,4113,教育,afa2f1d5529f900f9ff8e3f6bb88dd174cbb4cde5e60c6a3e6bef41b000250ef,retained
cnews:4114,4114,教育,51a88d7b6455d48a673fbc7103bb451c92a772ff711baff10126ad8a7935d93c,retained
cnews:4115,4115,教育,3568e6cf6db5acf38b31192e3a5ec85409e15740671b488c7f43d8d32283d876,retained
cnews:4116,4116,教育,b09db2e2da216646387274dd0be1dbcb7877d60bfd395c4308b9ed20c765d685,retained
cnews:4117,4117,教育,f1bac9761aab25241352c097d75b34c6c4f7fb8f753bc3b43d2ca5fbb38500c2,retained
cnews:4118,4118,教育,91e1e12cd746f972b7e75983893c2c8ee125b508cb70bf41b694e968cf58b89a,retained
cnews:4119,4119,教育,af4a76347b35f13372e020a720d2c253a7a0722bcfdad6b5aa8f4860662844d4,retained
cnews:4120,4120,教育,ad3db6db47ac2c892be304b61b76c00d8a04c38dadfa491cc0fffd03c8914b43,retained
cnews:4121,4121,教育,266eb3e604f9c98dd639f13cee9029a756267b392c4206dcd91cdc668a8754b9,retained
cnews:4122,4122,教育,8175fea7fa10038f4255a72296e2203cd5be00c432e8cfd8eca29b4e8b3f02bd,retained
cnews:4123,4123,教育,a443369d571234565c090324470766136458d440d4e75a5cb8641e983be957be,retained
cnews:4124,4124,教育,64dfe511af382bdd355f5c158c19c13bcaf0e113778f23034d2fc5d747beb56e,retained
cnews:4125,4125,教育,77a189cf0015511a2944d0e65f04642c34793969f7cdb3a025e500cf4644da8b,retained
cnews:4126,4126,教育,0aa4072a51058cc7af14a478e30561847dc773352dc12fc8ee02bb2fa2e3f59d,retained
cnews:4127,4127,教育,ee583a4cd2cd1287c9feab95ca28395fc2fec1367207586a567207e0a3587110,retained
cnews:4128,4128,教育,541d86d08a9ad4d3de1e3fa4bd44c6d33c9dff50c5181729deb1277764bdeeac,retained
cnews:4129,4129,教育,25e573facdb33d5bdc150cb455499d005b207dcf40fc2d40ea8975a94d8a32fe,retained
cnews:4130,4130,教育,860040497f041f766b6ca552367b2f7918281a58ea220eb4f01bd0d72be73421,retained
cnews:4131,4131,教育,c9b19e196d8f9a740efdaa126fb1a7b062f4b2ee2451cf88a30143c92823cb76,retained
cnews:4132,4132,教育,e8c8487d4626c227d5926dd97167b6aada3c0185407ebda169610ec032924aca,retained
cnews:4133,4133,教育,417abd077c739f289b63f4dc4a48a0e7c6f8c47df0616bd1d6e807a0047a4b2f,retained
cnews:4134,4134,教育,7bf4e6177e60f8f6465d8c7e207ba726badd5937134a1d711a43a1fb8b77dd48,retained
cnews:4135,4135,教育,06e727f0cb78deff4ff180ed325e7d2951867bf0b529454e158fe1ae4c72e160,retained
cnews:4136,4136,教育,92c796c2f258787ac3f786bf0009ed18502bcc97703c028c817986f5a5356db7,retained
cnews:4137,4137,教育,8b1714ad6f7554d019febe4f61da6dadd9dd3cbf22054ef0ae3fe5d106e99316,retained
cnews:4138,4138,教育,119ee17137858ddf5b7c6a3388097bdb4820fffb6fd5533ac75ee025788d101c,retained
cnews:4139,4139,教育,4e19502b401c6bea03f7ce4dbe27184d75c7582de154736273e70db1f12f10aa,retained
cnews:4140,4140,教育,1a1851e8e37d941f75e166239a9f286f7a47b97f7e802c43a2c9c95e6fd8ef0a,retained
cnews:4141,4141,教育,7377eb1a92f298e0230616acfc880de4f386951bc49d8e98b7fc834efef0adac,retained
cnews:4142,4142,教育,8003b045b0bab0fe2add287fa87f89df4d6ae63385741911047ccd26266e7c1e,retained
cnews:4143,4143,教育,06a020f78d72b93b4a517fba68429858ec8d9cba5c397c0297733d93be4f1662,retained
cnews:4144,4144,教育,a109dfcf59f62c515ff414209fc63910649695f8a9b886fd030528b0032b6258,retained
cnews:4145,4145,教育,a0b3fbfafd3a907ef34ba481d745c5d7366263bd93c0442a74a94bf31fc31cfa,retained
cnews:4146,4146,教育,8c3d9c188c362fe55137da56fc5a06ece2af128ab20fd838e4e4a7d90a7f02ec,retained
cnews:4147,4147,教育,b4dbad8412ae7934ae9cb5da11ed4fa6f4b41fe5557c410f2cb72fc3b21ce0a9,retained
cnews:4148,4148,教育,81322b4d453223b1720d665716d6ac8cebce38932e507b35befaf75b9ce2efbe,retained
cnews:4149,4149,教育,c55e7a22d30ac28e0f2f311f64a54bc9c7e988be5701fb6166085d8288cfaa0c,retained
cnews:4150,4150,教育,84fcdca449b552fd9a224aba8e907294b45e2c6e2a2d06e22695ca46c166fc54,retained
cnews:4151,4151,教育,a5f7448bda57102bd1423ebc76b31dd47fcb192b8c27e18ab798c22912bb31d7,retained
cnews:4152,4152,教育,141e68c9990dcdf53289a524162bcb329e4948886c2ea7c0d988ccdbde716431,retained
cnews:4153,4153,教育,4908a8d9a64be32fda4aacd40c2d08398c19764f6853b19d1392a76fcf1dfe21,retained
cnews:4154,4154,教育,dd5ee4e3b1c0040547ac63d2541912d22a34d8a92513706bcb7f68dce5920e34,retained
cnews:4155,4155,教育,0103260764f6455f1265a229bb9d0e20cfdb74df7da222bb5290528cf0436e35,retained
cnews:4156,4156,教育,43a898f24cc29854011755fc94b9531fb19ee1907ebb0dc13515b308f60f4188,retained
cnews:4157,4157,教育,8c5101632be52f291a65637a99cf9f5b0acd73bc79081f73ee78807866a04a73,retained
cnews:4158,4158,教育,a04fad65e2976d80182ecc61568d4a2b92817f85e18486661ab045653ec204fb,retained
cnews:4159,4159,教育,71b9e4d1b45b8d686512e3b1e4559400b7cf67f9f77074b208b7246ea5696ba8,retained
cnews:4160,4160,教育,06d096d214200f58b899c2c45bd66ddec367495e1d8a472e1ca185c2edaa03df,retained
cnews:4161,4161,教育,f8d8961e7bde6ea767b807af4410bc95d1d371da586b36d6199424f9f3b97336,retained
cnews:4162,4162,教育,58948749a37c07f02e8b3a0aa6918053af139e1e579098e1739ffa12a3fb4119,retained
cnews:4163,4163,教育,a56f7ff6cd1d807eb8f66e37994fd2ba792caae7e78c76e0ff1e24fefec237cc,retained
cnews:4164,4164,教育,3860b1c9bde9c6ebd429b165e085f87d170c55bf7ca3f597bef6182e7c0c3fa8,retained
cnews:4165,4165,教育,7334c480df32b8a77667c220e659a71873c0365b014d62640cbd647f2c350695,retained
cnews:4166,4166,教育,b8cf2a3bd5b583ee357da4a405741a34b68cd6eba6cccbbe51698b6211899198,retained
cnews:4167,4167,教育,c061edf2367cc60c22a5216dcfbe69a303f5acde76ffce9b36b2ad3cdeae18dd,retained
cnews:4168,4168,教育,b4bdc809608504b50ea315c218f8897d81c5c19b96aa11d622338c00f2d93004,retained
cnews:4169,4169,教育,ec0cd2c2e4f869d6bd11ffb40a17728387ce13d597d740ab481f81a1b5932847,retained
cnews:4170,4170,教育,a973c8657ba987a462645d567e848c9ccf53d5799c3a6318636e4544e6960836,retained
cnews:4171,4171,教育,2ba91c3963bd8fd7233ec8248d3088f161279840099c4ffb325e2b5be4704e19,retained
cnews:4172,4172,教育,0916ab53354b6dd5fbe227f3d3ab7909117492a27735465e3f739ab1fd7ba0e4,retained
cnews:4173,4173,教育,34d6491ad75bc896e80acb8a14a8ae1e9c604a157622e2724bdc4430ed74fa13,retained
cnews:4174,4174,教育,215dcfe5c047a19857918d612e5782b5dbda9a64fd628b4386db81448e59817a,retained
cnews:4175,4175,教育,3ea1b5d37a2f0cd3aefc2d64f3a37e422f96c45a5dca4e02cdd2bc6a45367085,retained
cnews:4176,4176,教育,adb378f4e6dedf424e9e9dfb35dbfbdcd56d5bc743386e70b1f2eb06235bf11a,retained
cnews:4177,4177,教育,6f0989d7df2a6a170bf0fdac3fc3ef3bf0eddb760b46cda3d865b40b8a60ea2a,retained
cnews:4178,4178,教育,5b9491fab0b44785c392a011096f271b58a22c5afe2205efd271a0ceba3cfa0d,retained
cnews:4179,4179,教育,55dfc007e64b82ae1163310d466abaf0b113b59ae78a63f37d77f2c27e454cc5,retained
cnews:4180,4180,教育,f9cd490cf1fc84300fa76660b10b474369b2ee884b02149fd625fe283b1313c1,retained
cnews:4181,4181,教育,4875c653659e7ec0cbcf95a73415a73299e29cf540198083d9f874f4f037875a,retained
cnews:4182,4182,教育,ceaf0057197bc9c1af7faaddb4b86bdf207e50a17bf729a4db06ec8363978b32,retained
cnews:4183,4183,教育,d242c22a0f80675faf796f65763eeee265b3979c0ceb61032bc08e1d515dad99,retained
cnews:4184,4184,教育,da0f8886fd1f467ea67ae90f29548b70b8babf765646ba73d09b8d4eaaf83204,retained
cnews:4185,4185,教育,bb6e5150917b9fda03230fc61a6c87d3e96b32fc5f9b3b53e371fb87e6920657,retained
cnews:4186,4186,教育,be9776c8e89bc1c683067c990cb0e13772e9f0bf323a8858744dd00f7742ab52,retained
cnews:4187,4187,教育,6814474f1be96355bad585d7306557b6f34cef6007276b24f63dffeeef156ef5,retained
cnews:4188,4188,教育,777e2ce88fbdc821ef1357ddcdb0a2f2d159cd3264f47775ab9c00074a3e9502,retained
cnews:4189,4189,教育,c73145a67f6136920316e04f1b8a4c42b85c33bed4118aca990f90cc5bedcac9,retained
cnews:4190,4190,教育,993ccb5445203b2cd6092cad6085d125dbefe7f7c67712f60d7ff70598cb5bf7,retained
cnews:4191,4191,教育,49f7b9fc6f69b16f4288819c3b73e79abfdf6ed6912a6cea653eb558f66f200d,retained
cnews:4192,4192,教育,045b87e0e66a116594ebb537883be3af0fbfebc581b4a433613ccf1ea24c18b9,retained
cnews:4193,4193,教育,7bbaae11494a26fb6199a714aa8744095de8d26c91b82ca0062223817a1731f0,retained
cnews:4194,4194,教育,26f967c9c2d3ccda6293fd7b3d35e58dbc8231cdee75eb93566f821c1e184ec7,retained
cnews:4195,4195,教育,d4439af1c12129aceb418994a6947d4b3182347fe0ca12068919a3e30cb084dd,retained
cnews:4196,4196,教育,7eaac23f815b40bd5320c00238e69d2b55b5617a54724bde39ecb05d334df452,retained
cnews:4197,4197,教育,2c85deb2656fc8bb06a6f23d9ebf9a9b8c86aa80510ddc4aab8661c4e4c9b043,retained
cnews:4198,4198,教育,9e4873839c79d40b5bfe49e1b00e28e5d1f14f439ab33af4345265cd5c8b1ad3,retained
cnews:4199,4199,教育,6d1a01740927495125bc9b51a63441da52a36eb060b936db5d46965c42e4e014,retained
cnews:4200,4200,教育,49870b66b4e9ef3a2ff5176a70e64dc15a61ff77f9b894a1448086868e1294ed,retained
cnews:4201,4201,教育,30137e05565352bec54b309bef55006a6a52ee956b0601afb02c0eb06eae0931,retained
cnews:4202,4202,教育,4c54d2c080861308f0d76ac96c4ce9f7e687798e30cca6f44a11e3a1e2390eca,retained
cnews:4203,4203,教育,32a043ea17f42c73d99e42d339ac3b48f10926342443a7d7c93f97254930e89d,retained
cnews:4204,4204,教育,8280adb6ce8d5b73346afadfbc9f577bb1fd1d93e6f438e8c52647705feb05c8,retained
cnews:4205,4205,教育,59b3570e021e5e6bb80f94363ae91378270576e02151856378825fc34d5ace69,retained
cnews:4206,4206,教育,911595c4292587855da30bdb42f39a7538fb2f9842074a83d908cdb3a60ba8b7,retained
cnews:4207,4207,教育,d1bb0715510a78c81c2aa2689ea819d49e758d5f4921220dd13b13b7b5fd57d0,retained
cnews:4208,4208,教育,bf65b5861895ddcd404c42de60e3cda2da1b4607e0c7380f5103f765f48a6d25,retained
cnews:4209,4209,教育,1caa491f7e465e5fefaea231e594aaf6b9208ce9ddb02a30c418388f0ba59be9,retained
cnews:4210,4210,教育,32258ab558086987457951067d9c6dc5cf8e640c7b099c58180b07ec05400863,retained
cnews:4211,4211,教育,e532694b68e30a4f01ef32552d9fa0e5a805dc03ef30b0519e8702d597482213,retained
cnews:4212,4212,教育,37e9c41c46002f47e842bdfed4971e15d941dff5215fb30c19f93efd5a0abb49,retained
cnews:4213,4213,教育,80b144df6a4ed6a62a2451f509c22ec4a125266ce659f81783e22519cc1f023c,retained
cnews:4214,4214,教育,651d19ebd0b900ad0f704797e43a398988985d2383f4ec46181fdfd598a0e65d,retained
cnews:4215,4215,教育,6d3065fef4fcef88889bd06ded47156f10285bfea44387fcb591a65b58045e98,retained
cnews:4216,4216,教育,a1cdb16a5f2bf4a827d72bfc69e5de4b1798bdb4178ad28150ecdd12ab51b1ae,retained
cnews:4217,4217,教育,0b6def31c075f098a316bb1a785b63d3194e287a935bac28122d5dde055f7783,retained
cnews:4218,4218,教育,660e3bd00c89b719592f27eaa0c7d3cbf65df78aaf5a28cc3b7165b3a5101c03,retained
cnews:4219,4219,教育,9e8d44de95e2d432c6f33b90fff2a62eca8494e01336e3e87312555a5fd5a751,retained
cnews:4220,4220,教育,a29ee03c1af9d31e76e0a2c1051b96c6674eacbedddd4a6f49ec5843a3de96a5,retained
cnews:4221,4221,教育,ad95213baa9910f34fb9065060b201bc5c7e520cc475e4abb410f8134bd5ec19,retained
cnews:4222,4222,教育,35d912fd620d382016ebada413c44de392d8d76f1e4fc5b4398e2ba00fdbce93,retained
cnews:4223,4223,教育,3a3d5e251f7c407629fa00555e25dc76d9e481f3abd59d1c9d19a880ca358faa,retained
cnews:4224,4224,教育,6f5ec1ceeec3a0c8b519893921c66149a12b0e714f5895cd4633670d36eccb55,retained
cnews:4225,4225,教育,dbbd514ea639d5ce6a5416bf66c5796bf38f981250ac153c60736bdeac928396,retained
cnews:4226,4226,教育,99b3a8745e1cda3a5dc390018eb194b07fa124fa9e2240776d54be2f838b5624,retained
cnews:4227,4227,教育,d2c8989698e38c517ea740037d60303ef7eb14df24d53dc016f2b10f425a6de2,retained
cnews:4228,4228,教育,732c2169d5069ad21f3423e5e2892c64d56f426952e55cf59030d628b76f67ec,retained
cnews:4229,4229,教育,a6825f24a876bafb69ca4bc739315bd2529149f77b8b7de859ce1f4620a466e7,retained
cnews:4230,4230,教育,7201987dc4868fe7a7f627e34c5eca8058bd999b194542d2c281164fa1d24a8a,retained
cnews:4231,4231,教育,6e23f6869984d491114b8dfd272eede4f04a2ab6b942e37bad08f608e7001201,retained
cnews:4232,4232,教育,c339153d8b540bbf1896ff1c23101cb9883029d6f4b424caa46f97741c9db47c,retained
cnews:4233,4233,教育,9a54bada6a42923c718e24b88c4480be1719566c16017deb0b6803eb0df52778,retained
cnews:4234,4234,教育,fc3620cfd5487a639254f1a252ab5129f6656e96e6fab2bc5c7f1fb9e04e700a,retained
cnews:4235,4235,教育,acfd1cfc364d5fe29cfd78cf6c8b02bef1247907656e3fc9db9726c7cd048304,retained
cnews:4236,4236,教育,c4e06191169eeb7476c531419856209cfab2819c20492f174f5e39efad6229d4,retained
cnews:4237,4237,教育,c882d96e70f17ccf2a84db07413a7594f0245c270e09d7cf492274b71fcc09e5,retained
cnews:4238,4238,教育,3b23e767491de43134ecfbd92ee1ee107af4b6a51ee431abf435f2544f367466,retained
cnews:4239,4239,教育,619f9795c08e670d3127d868ab841b3527f10b26f4507f9d69345fe15f8a6a60,retained
cnews:4240,4240,教育,1f18e80fabc04d7b58de45fff2bdae649cfabbfb1a8de205a6dd5f1db978129f,retained
cnews:4241,4241,教育,d686d23e6151428eab459da70e0216a7fb892e2ca9662737b0cf400aea8486d8,retained
cnews:4242,4242,教育,3859f01a6b99dc075da09da1d718b72cfed14df28b3c8be11f7039462ebd5751,retained
cnews:4243,4243,教育,cc0f9ef538abdc486b4981049b267be596d43b74b89dd38ff5fee5335f52cabb,retained
cnews:4244,4244,教育,43e6179c929ed6a1530fad2eb1b17677758dedb2bbc2ecf46a536e0a0f8de7e9,retained
cnews:4245,4245,教育,954903df2ef769a4465176bcc3167c6f3a92b12506f258594ceb686973c5a897,retained
cnews:4246,4246,教育,1a46fdd0efd644eed1338362febed648da66e1b194b377b2e04a07773b9b222c,retained
cnews:4247,4247,教育,8759e7753998b201546415c7ac6ced44238f7cd4a4a71b3a48064b79ee8b443f,retained
cnews:4248,4248,教育,c2c9d7fe15f37da5c2bc3275e38c96826e26f888527005021056e87e24460296,retained
cnews:4249,4249,教育,8a6f268e8dde8287cb0d6b8d7773a6922cae04cb927c125f2f30891c595c2f5e,retained
cnews:4250,4250,教育,d836d9b60c5c0992c7fb9f4648b97771c7476cc86eb133057f8f2f115542bafe,retained
cnews:4251,4251,教育,f6330bfe11a5bbbad96874c2e5dc13d49d84f0442893cc567cc626710dee8129,retained
cnews:4252,4252,教育,890fd96a153c378410e69ce5ae59fdc80669538ed565791fdfcc89a5c93fc6d1,retained
cnews:4253,4253,教育,056d2cd4252c724a5efe1e367f96a052e4ad5af08566a59cdd7ee0438677a9d0,retained
cnews:4254,4254,教育,7ba229ee8d7119b164d6c50b846e83351f3571b870089e242762d37e6d890877,retained
cnews:4255,4255,教育,a14bed768b45e1e71a119ce6f024ecda79ce5cb750c6e995fb790590119b3161,retained
cnews:4256,4256,教育,19a6535647792d3bc6a5d7bbd0890838035ca56c6119b7a0afed62b6f12c21e4,retained
cnews:4257,4257,教育,df4031b533fc20cec13fc40466549bcc790bc65b441e35474991cb1ebea2f86c,retained
cnews:4258,4258,教育,e54a4506ed0142a70d3376b4d2e7bbf290efba7426b812db1a874108d78903d2,retained
cnews:4259,4259,教育,7114c73397cf2ac4fa638a0748252e2fff4449d3cfb52f8d7b7a68f647335429,retained
cnews:4260,4260,教育,6aa7d2935cd2c3fdb7162c06358f444f232e7e0d299e7d5e5ebfbb81fb5fabce,retained
cnews:4261,4261,教育,c6a120e5eb0bb1f732bf267954b30333185b852c77c8eb4dfb771fb3f428d6e3,retained
cnews:4262,4262,教育,b0235d1a2bda1e1bb6a1bd6e8f0d8e4fb567992c4180b24bdce4a1e6b0f440f6,retained
cnews:4263,4263,教育,8191dabbd338da30b1b03d110cac1d04ab1e424d3270b90b4fb6963f9ac8025f,retained
cnews:4264,4264,教育,c29f225b76eea01ed702418b663f5bae940e24a7d7e4e7f5cf56fb03716ac928,retained
cnews:4265,4265,教育,7f0db56d5b16cdd924c14fd4ebc70ca3cf50497a6843c10932e393fe111ac861,retained
cnews:4266,4266,教育,efda5da5cec2f424b2af6979a838d94aad72cc6df791b42eb4ad6b895d9533f1,retained
cnews:4267,4267,教育,744c2dd19df0513f11d9e1ea83f1e7eca2c5af280c60f6993f6e2f36d476a82f,retained
cnews:4268,4268,教育,97532af7373f1d190e56ec0b93706991bae1ccfc6393f81ba635d143abf52766,retained
cnews:4269,4269,教育,393fb901b450881a29ab37c3b8cfcfa2789423f5d6810103969caf86618d7b96,retained
cnews:4270,4270,教育,8e4fe13f680736777ae6f49dfabb8d63b21364ad46ac4f956e48e9e1d43bc084,retained
cnews:4271,4271,教育,0462fa2c0cedd06fefcc97c1cf70edf204cc0e22efba05387dc1c49da201d840,retained
cnews:4272,4272,教育,a90fa36ea9705e1fb257eaca62ea852b6eb0280acf6d88bcd18e7558b98b2c57,retained
cnews:4273,4273,教育,190bfa2f0531d1743b935192771ac9fd89bf8f02c8871426e06430c84c20e8b0,retained
cnews:4274,4274,教育,51f9f297317c13e2a3899cb55da180c338d2d513deb12d8054b344e4711ddecc,short
cnews:4275,4275,教育,ced2d34f6f4d6dd25622fea721ef3ee5cb5d18dc3676d586fd67c68a9dda5bba,retained
cnews:4276,4276,教育,b448f6b7c87b728fcb96ab93eecfb79971643a27d2ad8cd8e9aee726ffa998e8,retained
cnews:4277,4277,教育,643bd0206c168dccd99e9af83999788426e027c23683adb819b04c317bb0ca95,retained
cnews:4278,4278,教育,727afc39f9b08dd789daa1af596c9bf62609df1424e0b73e66f922c6bf42ab63,retained
cnews:4279,4279,教育,8baaa420b126853a8d7b0184fcfcfe7a389ad6de99ebe67932f53900e49563f3,retained
cnews:4280,4280,教育,8f578f0b6728369e2bb07ffb81000652df7672b72760257e614ce875737c35d7,retained
cnews:4281,4281,教育,de390106cf0ed176ab08e7ae8a37e05e397538f192a9aebd202944ecca0fd114,retained
cnews:4282,4282,教育,e137420d40f306619397246fda3a872d8d11c2b5cc206f078e340bdac38f53c6,retained
cnews:4283,4283,教育,ac9d6c6b4ff05886026a44e5a6c7a295f2e22d71396819fe2541ff0bb8d03426,retained
cnews:4284,4284,教育,c4ede9518764ec8b3092b76b3f43d7441111e81d10cc656ee49763d6342ede33,retained
cnews:4285,4285,教育,2d5ec6b5af67bf90ffee20515a793dff2c81db5b6a1ef1d9670b55a8eee17091,retained
cnews:4286,4286,教育,aefc384b7a34929c9935a6249ae847d661fabc395f1ddbdca4e8b7315464d76f,retained
cnews:4287,4287,教育,bbfc6106cde9e2ad0eaf071597ff8426257442be9e44d23ff1a53161fad4fddd,retained
cnews:4288,4288,教育,d52e0b879ceafa280fcbfcf5179d709a00aaa16c2f6b678966cc10714e9782ba,retained
cnews:4289,4289,教育,8701ded4bd7ce8f9e0265c694175da5d0d947cc61eb7efc21135f2e0fa23f296,retained
cnews:4290,4290,教育,4b88365f3f9ce73fd42e4402950e3fc97565f7dd0303c7824e6481283fb16aa3,retained
cnews:4291,4291,教育,0459f2c8b31d6bb51b9d91ea7f927cbe5575fe6b3215ac35b27e02ff6ae4eb8d,retained
cnews:4292,4292,教育,f986552f7526ce943d820b7fb8c74050e501d8333a6f918b00b67480ecf620ab,retained
cnews:4293,4293,教育,f45d4da6dccd584958836c0c203b09ce6f29550599b6bee2b4a6824da13d1bd7,retained
cnews:4294,4294,教育,5384f566693a5e04afd1ec94b7d774ae366ab9ec02caa69aa54c244f505eb2e9,retained
cnews:4295,4295,教育,32ee7bf5fa2fde8f22add46a1f8634cf7557c2d70b52301d56c8b2f721d37236,retained
cnews:4296,4296,教育,7df0aebb3e4a2790056afd2de863a003a911c5c47e9bd1b623de56b65688be53,retained
cnews:4297,4297,教育,d7dcc56b4b92e93867ad8a30742879fec020853bdb2f1c77e794d3ac660ac131,retained
cnews:4298,4298,教育,f4c3ff18c49f96ab712b9d65f205642c11d90469826aaac3ddc98bd590f208d0,retained
cnews:4299,4299,教育,ebbd90e31dd6d2ec29f4a51845bb23beb6782134d6064643c11f6cdabbf58673,retained
cnews:4300,4300,教育,f529bc954b8236482d0963dd5a1131cd3faaad54c52deb0d11f8c1e2b729f2f1,retained
cnews:4301,4301,教育,30450388f3656ea19a041fcecd8f5636208afa47f60639c81d7ea29a56ebce9a,retained
cnews:4302,4302,教育,7a698b63a6ea5b610ac1f0a73ab8668ecb32e407e50bda3bce9bb1a653e84ed4,retained
cnews:4303,4303,教育,8b1e2982c118213c5998ffff56d290a2cf5e333eb506605c562826c99af7c7f1,retained
cnews:4304,4304,教育,c9ee26ba891e527549c624ff22fbea9d7cc669f08b68afe614c0fd454367e9e6,retained
cnews:4305,4305,教育,05ad6dd22c1404759abec4e913d34e240a82e6add1c22326e516004faf398f91,retained
cnews:4306,4306,教育,10928a0165f128dacd6537b85d699481d4a8286f73fcb8e88aeb5075e5106d59,retained
cnews:4307,4307,教育,def745554a278b2e65762bfe7527646fceac4fc3f4ff874a773a999d2674f8a0,retained
cnews:4308,4308,教育,9e4557e30783f6b4d9b83f42a20266932872d8e327db17fb4895a3f0740e047f,retained
cnews:4309,4309,教育,a85c4c0b0d76b78ad408a72b0fd06c0b796c0749a104e02e1606ee2b537d57b6,retained
cnews:4310,4310,教育,35f9cc56476f2575605a8a4e2e2a0aa2840b3770e152cb626ecc6d9455ef2c76,retained
cnews:4311,4311,教育,d8cc693d23adbd23daad10a3f50bfe8c337f1375982cb504e8128529c02fc303,retained
cnews:4312,4312,教育,eca95bcc56f375bd385981a526e8c18f714af0c454d2b94498a44159b8402e14,retained
cnews:4313,4313,教育,12ea473cd6ca4d945307c32787225662949f657863ba8cba8c9f088430ad3c28,retained
cnews:4314,4314,教育,1b8090543c8cc499b3f418146ca2e09fb95b663c238a89c491dcdc4ac538fae9,retained
cnews:4315,4315,教育,3f9242218e3edcf7cd2eac89410f238c175562efd861f81f293e44d2112eb96b,retained
cnews:4316,4316,教育,066eb4c7860b863fe3cbfb9402185c8af8b57c467b0d6f3d3b58c8fc26056fd5,retained
cnews:4317,4317,教育,bba70f1595db54e0d967c878a1e862c66f1ec04c016ca78521f2b0be32741a70,retained
cnews:4318,4318,教育,012b6bc7db2dc4c4e6517ce8a250956191d60d3b2e921f0d3cca6d09f1323cf3,retained
cnews:4319,4319,教育,bfeb858d17a0530bf2723d31ff9e08f98edc23a4f2497800033545fbbb6c1c69,retained
cnews:4320,4320,教育,7c2b5d7a2540ae22a148d11d4dcd0604985fed003f9e786257c04a288f290150,retained
cnews:4321,4321,教育,5ac14c89eadfcf00635b6a0f27428fa0631d304cae87b0bbe635d22cdd2a6e0d,retained
cnews:4322,4322,教育,c57f7ae4d44a379772ddbe782bdcc2b1a6396adb85719f8f44a41db2b9d07ffc,retained
cnews:4323,4323,教育,5b72055f93bc7a8f3142118fa1332e70798d5d57f91a8607b2a8c87897cd075b,retained
cnews:4324,4324,教育,5350c4787b4d60c4ddf0f2226e14985496fee7c8b8614216d4085da39ca6d321,retained
cnews:4325,4325,教育,321364a72dd40b626410c73618593b3783967c9ca5870e3a9bc951179c9a1184,retained
cnews:4326,4326,教育,95005c19be7f5a22398417d7a6c234a187ff48f7a2264f4f0ad797f507d19a5e,retained
cnews:4327,4327,教育,76a34551757cf5400248fa35b61576faa23a307b3e973c0fb29d1527c42e45c6,retained
cnews:4328,4328,教育,2962780e2dd2e4da37a853865cfd0000c1ab7de338f12107000ed15963214ef0,retained
cnews:4329,4329,教育,39b7ad4c8297dc41690831554ccae63940f84a4f98440857889b0900a61f0bbb,retained
cnews:4330,4330,教育,03aa55b53b5698d78a02013961227a3176ce6ac80a0c9d1cbf0560d82fc57376,retained
cnews:4331,4331,教育,0178d3ad3ce7f99ab6e1d6f358bfa5183de364d3134bc843ea73ebe33290280a,retained
cnews:4332,4332,教育,818ad82a7d291ec70b5e423ccc8e36b2d19eecbb75f0f9b4283365cb92b256fa,retained
cnews:4333,4333,教育,74a67e892a72fe63384483aebdc44a4dfdd21dee16d03d3c0e62520f5ad85bd5,retained
cnews:4334,4334,教育,b332483e783ed29071c71b5a2e6f4d99c801e4657300ed1dae0ec0319d3942da,retained
cnews:4335,4335,教育,4ca14e2d8692f8762b7a853cad973841d4519f96b50ac2fa8bf01aac53bc17e4,retained
cnews:4336,4336,教育,ba9351cdbc3adb49db47d82cf1b820cefee87f319d5321ca31143dfe7944719c,retained
cnews:4337,4337,教育,0fad592f254e4d82c0086a375fd42ef2eb403b7fe625bd9f7c17ef242644ca8e,retained
cnews:4338,4338,教育,12bdb02b49b1efe5c737d564593e7e64ca7a8d6361c92d0653e12035d3115c60,retained
cnews:4339,4339,教育,bcc8c8ba38f47caecff94bbafafcf5bd67b4fa3b5621624850ab17b61769bbe1,retained
cnews:4340,4340,教育,6b4466276e2bc13d0fb3cbc605e66623990467aee221f07b0ba9f57faa968ec3,retained
cnews:4341,4341,教育,9ade3e1000a28a52534d473915c2f23ce91866fec00534f116435f9b4d322e18,retained
cnews:4342,4342,教育,d2eafd07bedf9a9a964bc69e8b1d84206f0a91253199506de3b03319e9b74632,retained
cnews:4343,4343,教育,5707a7e225de23b32244ce9826424d663df39e4eb1a85a92b94edfcdb2625069,retained
cnews:4344,4344,教育,75974b0ef8bfdce0a17076356b509d687164ca28cf00af6d04e3a4c0dc4ec8a1,retained
cnews:4345,4345,教育,75444499591eeafa3665a04c76f627ffd47fb6fbcccbbd066d79f46e13fd2811,retained
cnews:4346,4346,教育,a1bdfdae577a62e703e0276314535fe8148253fc902afd57cc717491b8a40c12,retained
cnews:4347,4347,教育,c502504ea7e8e78a3ed93b34e8a7da3e729b443b1d5a7b6b2ee5fa95c36b1a2c,retained
cnews:4348,4348,教育,9512ff43dd6acecf8c6c7262d63120428f0064a80132afa96a66f485efe45018,retained
cnews:4349,4349,教育,085fbb336df4b00a7d504114e57eba55336fb14d7211d7cea4ed97619a8e803e,retained
cnews:4350,4350,教育,e9fa1960f8e22b9df9a3b38c9ef21399db8a128602d16b88c60b8468b593a8dd,retained
cnews:4351,4351,教育,cfb7a2d7e59aa9d950e29add5bdd256af130ca3ceec47f537cc6d9f454c30ef5,retained
cnews:4352,4352,教育,000f262294645d698a7a4866b485c26c463bf6b068f9048103332eee4c6a6e3a,retained
cnews:4353,4353,教育,35efa9042a8c96521e13fee3603e3720612d0becf91c265e92120b13fb96ff6b,retained
cnews:4354,4354,教育,8179a3b61eac1439b01107d4324004f1c9d26402bbac61c9e5a9cff9f364af41,retained
cnews:4355,4355,教育,c9d48d93c3248cc8614e0b750eaa700f3212fd77488dab779ca964d4cdc8f678,retained
cnews:4356,4356,教育,8910deae67e556401e21ac3b794ce83f258ce57c0b7d5eedb68afaebcd4c4fa6,retained
cnews:4357,4357,教育,dc93536604f19d65b2302e38b45397966f48488c41f87dff313edf0e53db1744,retained
cnews:4358,4358,教育,98a14ff4bca07c7347a9cf0098ea9a734c3acde0b3e21ce9977e77d2f553e629,retained
cnews:4359,4359,教育,546971b5ee2f6e2f42aa57b9ce130c32a633e0aa4ea93eb0efe50feec00476ab,retained
cnews:4360,4360,教育,ad399778ca2d1424c60dacd5d6f8628146b516141fff61c266ff74d4d3b5e71c,retained
cnews:4361,4361,教育,b084a098fdae1f9f8fdb176b5ec8a80843a2650c03c0f0a6eb92b89d64d48f82,retained
cnews:4362,4362,教育,b7287a6e264a79f015b17c9de31233fb3b2a881803c14120039cd9ba2e9f0d0c,retained
cnews:4363,4363,教育,685c2d80b048b9032fbd01ab29636e71e0c7c4f2bea8b03b9a7007c68e35d9e7,retained
cnews:4364,4364,教育,7200b6c88e676ce500601630c429df47ccdc1684efa70c0fe0f98be68acc67ee,retained
cnews:4365,4365,教育,7f7ce78ba16c85b5b644f377650a5f5a6ccea8194e755e38b7c2ddc66a21e21a,retained
cnews:4366,4366,教育,438aab4d7b9105b0fd5eac367ab36e4706b2f48cec067bb1965db5c2d0f7aabe,retained
cnews:4367,4367,教育,3a1a9c3473b81d8d383457c90399692fd64aa8ae773997fa1e172a64276e1086,retained
cnews:4368,4368,教育,29638477f81493bd05371f0dc3beb5a15d4e5c05d73e4beabad1bd3f57fb51f6,retained
cnews:4369,4369,教育,19a17b161789f9235743a5f03fa053e5d373e1520c25eca9b14e180ddd889a40,retained
cnews:4370,4370,教育,8a0b0e9845c975267289c760c872164efcd6f2fea9da7574965610614ec7581e,retained
cnews:4371,4371,教育,a7ddf0ca822e2958471f31a4ddee5ccd8e16cd649be54a2d894f79de171aded2,retained
cnews:4372,4372,教育,13faf01d02f4e55fcf66162400a406d70c173fc7a600827f399552b987714f6c,retained
cnews:4373,4373,教育,ac82b85f39ed8736a80d2c5bf730e7fa7ae11ebcd7d254e5cc41a8304b707e77,retained
cnews:4374,4374,教育,4249152c4f765b9792984e1e50e3c312789daa8826589eb1e105f8e0e274b2bd,retained
cnews:4375,4375,教育,b0dcb5d3aaca10537acf3a9d8ca6e420813dcda07d8808908f586c4d83744536,retained
cnews:4376,4376,教育,b7b354b656bc77a9d5cdb238b151f1f2cd5832800bcfc773a4b49fd600447489,retained
cnews:4377,4377,教育,9cafa3c77d1c56276227fe6ff1f90a699ad5415f0d713502ab3db002f6435c4d,retained
cnews:4378,4378,教育,765ba41357ceb6619e281a40003bd8236386627c1db7667f736e1a8c842fe81a,retained
cnews:4379,4379,教育,86f3d601991dc6333fc29b55f15164d5161a27667e686accb1ef53ea262a77cd,retained
cnews:4380,4380,教育,6ec7dc756d2f7874f2aea25c195b1bb8c138b65a19613d2832bdce8df6f97ff1,retained
cnews:4381,4381,教育,0164e64c50923a6a31b136d0992dbdafb42044f046de329d7c38f7b047df50de,retained
cnews:4382,4382,教育,9a37c5a70cbcabe7d998d41f9a25f51895cd7432be3a3433341689d3378f0145,retained
cnews:4383,4383,教育,b2167b47735bd09112a6c61cd16a50dcb6d36d2d37894e4a740e78ad47010715,retained
cnews:4384,4384,教育,7f6ac2c10680ce6baa7330eadfb20bef57d683c1c800b0a4e627aaff9747af2e,retained
cnews:4385,4385,教育,2834a00584df2b5d19f55007ccee1e9c2056a40ddd14ea5b6fac90ed8102e768,retained
cnews:4386,4386,教育,f9af7b08fa0f3e8fa52f2748cf445d8d9920eef689fab9b3c12e5bb7cbb45c8d,retained
cnews:4387,4387,教育,0dfc5750ea5bc6f20879c7d0ccaca401ed07caf7b448b4be818c8b5edda4cffe,retained
cnews:4388,4388,教育,74c7024c2a6eb7f18ea7f3bcd2a2a38ad23fa8eeedbc3ce8d5493febb788a002,retained
cnews:4389,4389,教育,17894cd7316d87debdc91dbbb0c3119faf4dab4821ec3651470aa078b81f4bb8,retained
cnews:4390,4390,教育,79abdf6e399db5d2a19078241e31f9942fd701c08700a6955641d71924a7da53,retained
cnews:4391,4391,教育,b134ea24f4dd78e2235c5540af6da2a480437defec9439e8529f78e042576eb7,retained
cnews:4392,4392,教育,25d0dc21a2910fb6be93ef8624f94180615007f6c9c396f53970f286ea153516,retained
cnews:4393,4393,教育,ee2ad1b07c4e7d6fc280765b9cb37c4c834b9239cb7d973a64a3e917ced0e4d0,retained
cnews:4394,4394,教育,36a9f7aa3a2b9677f53c7770935d295ebd36868576020b1fb1b0c4052548f2e1,retained
cnews:4395,4395,教育,858f17b243b250be1bb7857aef317d60b0e998e13cd53e171bc3ad8112c4d901,retained
cnews:4396,4396,教育,6ded699255cb2eed0ac3f8544bcad755d3e62414f761152da53b8ba6ae23226d,retained
cnews:4397,4397,教育,9b1454c7eafac39d3f1feff47ca8d97ca2b3193a38a33973254a328ff397149a,retained
cnews:4398,4398,教育,2c4134f9361f7009ad97503e168566fb5e2046ab377db0c85afbc5aa756ce3d4,retained
cnews:4399,4399,教育,97e2ccdd60d91284a12a70b8ed15df2ba11af8e841988b62506aa35673725e68,retained
cnews:4400,4400,教育,51635b00c31c5342bcfdf9dc80ba015dc0ceb9c59b5fc470633fe297662e367c,retained
cnews:4401,4401,教育,65b4288b47ca3e8e02efed6687d3f56b138b347d964fff740b215aeb2ede370d,retained
cnews:4402,4402,教育,0efafe340366f33873371323d096f0bd4ce5b1a70535c04ce5213a1c20f546f8,retained
cnews:4403,4403,教育,940575cb9c8f015d7d131384cab439728b9089c8c4397de17fcbc7235a938972,retained
cnews:4404,4404,教育,bba347abce2d8263f66d273fbcb5425a9123f564fd3ce5f82156d3034f80c4f6,retained
cnews:4405,4405,教育,af2998e1b945eed4e770824e0198988cc437e6c736e9d43a686383d63fb7b259,retained
cnews:4406,4406,教育,ac1b2cc511f077edab41f12f39991dc0c2c2842aadc1ee8c2e9e483b19be33a2,retained
cnews:4407,4407,教育,a8833cc667f810aa60decd94b46065a839923d4e5c94c21b38f9afe91c11cf6d,retained
cnews:4408,4408,教育,51e0b7fa5de319bbaa287427b3bba135d5a93ca0a4f44b4095b470a53e7afb69,retained
cnews:4409,4409,教育,6e21376f37b7c88cdc9d9dc483952110aecced6f1d00cbc0a7af777e92a60d59,retained
cnews:4410,4410,教育,525cba05309769caee61b249af96dec9d6a62e620e1aa6f8a101bc906b6a66be,retained
cnews:4411,4411,教育,971d8805297878585fd7d1472fe8e300b42eef9c9c93afbb3670eb60267e2b58,retained
cnews:4412,4412,教育,03c639815e2ebce104d59a2373ccc8ba3e68aca44ebf87664310ea4e8fd2d939,retained
cnews:4413,4413,教育,a17ef6e26f71863735a5b364d1ec897db8795fc099ad16ee2018355f82d32bac,retained
cnews:4414,4414,教育,df59e547579584e672ec4c3f33686746090b577d93e0976a4977bd47b148e261,retained
cnews:4415,4415,教育,22c1639a5c67afc99536b198ef2459fe67dbbd71cd8792582525edac52d67f78,retained
cnews:4416,4416,教育,09818cb50d8445f6a91e1c65a456e248533568573e039b25be9f54c9f9adfd8e,retained
cnews:4417,4417,教育,a10e9dd57992e8c27c133a20f483b4ef585fb3aee0596198a3f512579698e9ea,retained
cnews:4418,4418,教育,c3940a4a0bd2367280a66da5f0ab6846caaec8277f99e82167749d7773a4d782,retained
cnews:4419,4419,教育,b2812339cab08df290eaf1c88d240d01f5fa2acd2a2b821ebbaf104a7ae61571,retained
cnews:4420,4420,教育,fe6f6b7728cc75aa71245fe60dc9ac462eee23dd01f7b418107ca8c0d706e931,retained
cnews:4421,4421,教育,bddefa0644acd26ae9e2a88d6cebb255112d7d918faf246b3f27204a1124c268,retained
cnews:4422,4422,教育,7d88913fb6a0237b23eed81dc75697a95fd962bf5c11f221e20d76eedcc0fb7c,retained
cnews:4423,4423,教育,b3ea6bbb989090ba6e10e503e58ec00c0015b1e09045928bcbb803cccbbbb99e,retained
cnews:4424,4424,教育,768197831e3e1359a14f54073f51bdaf6b6c47fbf8fd3e4fd840c09319fc0efe,retained
cnews:4425,4425,教育,93ac9e7778f0c2321c35f2dd3aec9945a93c261a9914c31bed42af98b65fad16,retained
cnews:4426,4426,教育,d089cb0879f389ed4e39512022bb130dd5ed6f5c002d096ee4a05c68460e1454,retained
cnews:4427,4427,教育,50f7178c1405f08d6a30ff15b947b3093a6902da5e22607c85841b8daa0b0806,retained
cnews:4428,4428,教育,bcc37438ae186b174bfa57418718564cfded6098e6337360378a35ef513c3fa5,retained
cnews:4429,4429,教育,f6f72c00ed9dffc92ec2ff83ef88e6171f3baa2ad40e22ab2fe5bdadae481ebf,retained
cnews:4430,4430,教育,26f8da45bc7d1f6217b840c82aca5840979f788178e5d82e2ad3e5bf4a679f46,retained
cnews:4431,4431,教育,c7237869b5cdee8cfc0a435b6608e04073dcce2dbb5263fde37f7c8aebc5b93a,retained
cnews:4432,4432,教育,af91d8e4cf27bcc7a1eeb7c72fc5d09e7f14c7523466d8e6fd219090899f0ecf,retained
cnews:4433,4433,教育,f56c1481fd7a18aa8ab0ae438c16f6db75dd2d72ac49142180710f0b803c771b,retained
cnews:4434,4434,教育,2f82826472af2b32a0fc4c01a0fe82dc1dd4d4e99ad67e599388411c70a4a2a0,retained
cnews:4435,4435,教育,b911eed3c4c6baf75439f95847cb798cdf41d280896253ce3558b4f32d7668d7,retained
cnews:4436,4436,教育,c933122a1f9b80b49e7d2ea6f891f87eea0087019bc2386001034f11cbcb5240,retained
cnews:4437,4437,教育,018bb051888f03dc817f4cb457d07dab5e2c7325a9494858a0d0f90815145058,retained
cnews:4438,4438,教育,94f6d67591bb05ad1915765f25cfc4b9edad76b147aac1f05ef4d72c88034dbf,retained
cnews:4439,4439,教育,6bb419931741e82c9449c7aa1561f4cb73926479ccc4546ca4235b12653cf7d4,retained
cnews:4440,4440,教育,4bb2256b41dc8bcf6ab2353f5855d9fc67cb44aeca8e91a9f34d62b2be79a2d7,retained
cnews:4441,4441,教育,1190fd73c3760ebaa3d64c3bc35d479788de7bad52654dd1ed7a63c9e586459b,retained
cnews:4442,4442,教育,bef15131456762d8789155a49ece6cf3a2d6f1d5b2926e5ceb31c60c8ea4a293,retained
cnews:4443,4443,教育,0baa979279ff02442ade26a73231fb7443791c8b199dfec356dc036ff9d64534,retained
cnews:4444,4444,教育,b11fe88d2944f1f86002069ff98470cc8381e429f2239fb287b35017474a4d3e,retained
cnews:4445,4445,教育,7849792075126e5fd8fd97bcd331d12825a9d659a03366044bcca1a70cc953ed,retained
cnews:4446,4446,教育,7865a65c41ac6bfa188f5d2470a6a3a14e613a6e69005ca3178a666a2ce165cd,retained
cnews:4447,4447,教育,a1610e665e5cd75b61ccc97e194daffb4538166c019afc1d2b87b9a7febbd374,retained
cnews:4448,4448,教育,50ed6e2499a269561fbfc8d4402d7071c0d3a36612c1095cbaf71100c91c63cd,retained
cnews:4449,4449,教育,ef3b6de1e4e3dcb26948d04f542e0aebdfa83d108784a70b0455ea918f2fa135,retained
cnews:4450,4450,教育,f2d8fcff50a276045d8e884fdc8ac1d7a2040b3410bbd227d2b996740f5c4942,retained
cnews:4451,4451,教育,692925723811ea3dfe7954c259d23c8095571e824a980f0d51d53648858707cd,retained
cnews:4452,4452,教育,46efd1b1c50c6477b1cc77ee2b1a9513b5880dfb6d9c71a079ec7bc1f79dac3a,retained
cnews:4453,4453,教育,cc754ed6fe0ddc7cbe272081dfb0a60b79be920e678fc5a8959fbd17534ae3ee,retained
cnews:4454,4454,教育,c0ccc7cdf3011a5838d2e2e95826397acbe6be4729cb36d0a8707633abc62ee4,retained
cnews:4455,4455,教育,39241ead84c34b02be35a56826407d121f3d9d57b8f95be60423065b805db10a,retained
cnews:4456,4456,教育,fbc3527426b4c859641d3e43c0fa69e8a58cd7f46cdad21c6de7ca315ab2c405,retained
cnews:4457,4457,教育,dd047456c7f2cae0a51b6637d4ffd89ad4cccc6aed3d0a293a62289c28eddd65,retained
cnews:4458,4458,教育,b4f02d680970f543ec8a811fa0a529539d18bcf5aae9d7762d29c4d973869124,retained
cnews:4459,4459,教育,6a0034cc749b35e513672afbe27b47d60fe909ee20d4e0be7b584e464f4d8e58,retained
cnews:4460,4460,教育,32432db00afa34fcdef7f27bbb8fbb1a20b58fec8fbd2f9bc77c16c3e7d34d26,retained
cnews:4461,4461,教育,96892daf1434d9fcf418896befc3ed153718aac6e3335e0c7d090acd52ac82c8,retained
cnews:4462,4462,教育,ad0f476e78eec208385bcc1a32e9ffefd6dfff2c052ccefdff506e7c80f6921d,retained
cnews:4463,4463,教育,e5726c1c9a21bdc068ebdeac11a2aa0934e528cc9cc545e699d2bb9d62f06bbf,retained
cnews:4464,4464,教育,7c367ef7103bff9fbf1bad4ce7d97ca5eccfa99806e4329da66ce011b7bec75f,retained
cnews:4465,4465,教育,32874deb5fbacc6884ed87611310eb50a2ad3dba80dce642c578e115b1d12629,retained
cnews:4466,4466,教育,8fa707a4ffb9f13da9fc2a009fbd3e94e2271b27bb2e251cdea2cef1278865a7,retained
cnews:4467,4467,教育,ee552aaf61f7c4e37a9d6b63cd817676644771176c1155600f51e6f308dfb3a9,retained
cnews:4468,4468,教育,dcbe4a75c93b874cf73f44bbcc82bfc5dde7a802e87a2ca5a258cacb18bcf007,retained
cnews:4469,4469,教育,0337f2a49bacaddeaf3c8017ee31b0c84b6fdea5af763806ec734525455e48f8,retained
cnews:4470,4470,教育,a0e12eb006b5d01ba201f463fe643969d76ea0fd2698f6861eb8d17aef9100ea,retained
cnews:4471,4471,教育,4880cc4192bfa57b6a2eaa21001bce33115c81d521ab62cb45824c9235cb1ec6,retained
cnews:4472,4472,教育,fca450eab891fa31c97174f53f846f03dd321fca09c13d792a17b44dc446dcaf,retained
cnews:4473,4473,教育,e8db2b55c4c2eee75e10ff7adaf786d682a676ad25998a5c383e540c7e020f62,retained
cnews:4474,4474,教育,0d5846a3715860d335cbd058f41da6ba9bd15ca6500a78fbd91768f18bb30772,retained
cnews:4475,4475,教育,af00e0059257834e689e967c9ab896b68dec2087f4e48021089059f877eb022f,retained
cnews:4476,4476,教育,db5078e781b18dea3c1fbd6f82e02c89bfae0c1593ed1acabcdb9a1cf7461fff,retained
cnews:4477,4477,教育,234f7a14fd3b24346e3b4b996951aa80e465bb750ffd6a503ed4be85ab69136d,retained
cnews:4478,4478,教育,669eb65be9762cee4416fd8bb9b77c7f9b678c2cfa6adf820613c15ed07174c6,retained
cnews:4479,4479,教育,775b76842498ea19e4fa63d8f3f679d154773d1653b67554df9b7cc439801cb0,retained
cnews:4480,4480,教育,e5f0e022d4381f7b0274562b78a0006be02b179a45b0b6296fad546f19b285a7,retained
cnews:4481,4481,教育,f763c0d356eabd68ef5bf92ca55ef9b6246b0de37febaecd9d7c8bd4671f3a39,retained
cnews:4482,4482,教育,1699dd9ca896e26cb1f878e2fd5e4fbb26fb305534005bd3ab3761741570dbf9,retained
cnews:4483,4483,教育,2f01ec11e7bc04165e1a4dc3c3e6464164691d22ce9f1e7325905302bf4478d3,retained
cnews:4484,4484,教育,25df7d0e7075a378df8da3a2c0de28c36a87527f7004a8fff1451df321b50657,retained
cnews:4485,4485,教育,b2008bc8ce31ba0861e9023d5b654e9d363b21ba7f97c77b078a3ce044aaead2,retained
cnews:4486,4486,教育,f67a01407e97a4fb3b71a75103d98f5dfada68986bc5ad256f8ea6fc500627b3,retained
cnews:4487,4487,教育,fd1d21fd2f41e5cfd382fa69bde995400a5dc9813162be7db33fcc808706ef7e,retained
cnews:4488,4488,教育,dc7e03e06c8a6ab249ebbe725947e34226f82ca4ae1c40c7e26ce581724682ee,retained
cnews:4489,4489,教育,15811e32709c1995dbf780a2fe30131d1f0b3ea5252f57289033a722d9a290cc,retained
cnews:4490,4490,教育,75079f6a40588df6bceab19a0d2feaa163ddf484de8da0f3172d616d29f1b5cb,retained
cnews:4491,4491,教育,fd76545ee60df7be92b31e6810efb3155318d08f9b7272c7d6b7fc59c73a2ce1,retained
cnews:4492,4492,教育,b1f9f82b296a0106ce2bdda55200ef8fafdf1e8ce21a04b321e1218fae0876a8,retained
cnews:4493,4493,教育,329cbd1d5bfabf573cf796b0273437b6ebd2a0b484db7b20768f6282093a0703,retained
cnews:4494,4494,教育,3248b5e05054f4ff90ff84e4a2c8ed97068bd0beb69ee16153ce8b946582bbc0,retained
cnews:4495,4495,教育,c423ae9064a51510240b7c493d2fb9db230772ed690b467a482ce86c062c0941,retained
cnews:4496,4496,教育,9b783ef402370d5f28fed9c9a2d1a9ce630193a210892d52ae55161fa8898f3a,retained
cnews:4497,4497,教育,75ff467ddd8587f383ecddaf82a52add22297a8dd039db4af4889feed046de05,retained
cnews:4498,4498,教育,71ddadb6ed2a95d2789e19a30dafc55fb22ea29e2b60bec8b931ca9c959317c3,retained
cnews:4499,4499,教育,3d1ce8e1ef4a014c94262a77550de720693a243bb4b2c44d4f70966f1f246cf1,retained
cnews:4500,4500,教育,d43e6282c0a10e2fc24d607b9216f92a9e434355082f91f34ede5f03da4ed997,retained
cnews:4501,4501,教育,16d5384ea7ee3e19ad605a2e40a4c1165551f6724b0268cebd24d6fb7fb46a84,retained
cnews:4502,4502,教育,2801a0bebe6b0176b88807424f021986e5934a9bc5c83f0314a3436ca42105d9,retained
cnews:4503,4503,教育,e232c3d88ff82b942b70488707eaed56b246fee5add00d11d150e8ac23e0fd07,retained
cnews:4504,4504,教育,8f1a01c4eab80777f620e41bba0b49e1cba1e8eb081f4a830766512a3885d8ce,retained
cnews:4505,4505,教育,97bc5456a8e973e162f72c6a0404f0dfd11eb2f10303aa3f92c3c765e3599e93,retained
cnews:4506,4506,教育,96caf537bfdbbf5c66058b6ebd06dea1bfb61048138e8cb710ec86b8bd867115,retained
cnews:4507,4507,教育,c9dd8119798875540e90a4bd4b1abb03d9e80b63a87cf53b8797363d47b208f9,retained
cnews:4508,4508,教育,e9a873d29dc65181f66a2ec5ed33187b3dedcc50e8b8267d15be38ef892233b1,retained
cnews:4509,4509,教育,90fc82a54ef43183beaee2b2148182bf156d107dcfaf59b4db91faa7f3f75211,retained
cnews:4510,4510,教育,e9d03f22904af12902bb2b9e8499b71af39ec4621fbd63abeaa2bbca6908840e,retained
cnews:4511,4511,教育,edd37020422a3ab5290648c4ec7087dbe250effeccb66c224a229f2e80821e88,retained
cnews:4512,4512,教育,c438b72a934e79c2934ec207aab0330598bc8f2a18110033d5fc7fb5cd71fab2,retained
cnews:4513,4513,教育,9911e6cc5c08676f5d18b6a01d429c7326acd8a72b87da985a9bca34c6cc292e,retained
cnews:4514,4514,教育,ce95c43be3e482c26bd8987f08d9160c7af15c9b03a4d70f53e60183359499c6,retained
cnews:4515,4515,教育,177e5545e2b3cece4efbecd611aeeff7e5ea0e5f90610075a3930df2a3588cc3,retained
cnews:4516,4516,教育,e1e9a714f5c96ef3e82ef296125065ac02b6af27646364a38d501b4a68eb1f3c,retained
cnews:4517,4517,教育,73d62d79bd060239cf13fb76230762c0d222c0324895fb2f08560e4a2bbb3da1,retained
cnews:4518,4518,教育,307f36409ed59ee5ad11690ad5b6060a682eae55d38aff012b9d200040309e3d,retained
cnews:4519,4519,教育,2c30030d9ddcc8eae37f71dea9dfccc12113aa435994dd0f63bc768531b54715,retained
cnews:4520,4520,教育,6feff85823459c38375bd0eaa9d7925985a0c7242b3418440786b560d36ab01a,retained
cnews:4521,4521,教育,96fc9b7b7fe7590431bff1542b9421867196346be49fc7dc66ca288f80ba2594,retained
cnews:4522,4522,教育,e3bfa130bea79cd65425a76e65ff17f908cfd311fb472b3512a7863479730d32,retained
cnews:4523,4523,教育,ac7ad76c5d31bb4a6ec76b00a0761cf0750d73bd12a8898e8e163fde5caea0d2,retained
cnews:4524,4524,教育,4d91c3a6ae667c820255283a4203cb387705d296722f252ed7e55a75db47c190,retained
cnews:4525,4525,教育,a64178b9a8b2243170e78f1a1c7dc0dfe45124fb7717a2c8aa7f50460a7a74b6,retained
cnews:4526,4526,教育,16839c4a2d1720382a1112d7332c06f7cee6016e121d703a09150f379c185794,retained
cnews:4527,4527,教育,6fc65355b94cc66ba8fbcf4ae8046f83ac2180d0aa24e38b8775eb9a1b467a47,retained
cnews:4528,4528,教育,f790e1bcece868cb0277540ef3c93c1c7b7a7b6d49f4da8d93d5c71f8d3ef4b5,retained
cnews:4529,4529,教育,f03aceb53bae48688d8b1b836b02e5828f60084692b1ca32a202da9ec6d919c7,retained
cnews:4530,4530,教育,97b19c2e71befcc6ba4636b5815267bb4cf6246b8396ccd750ed9deaab0706c7,retained
cnews:4531,4531,教育,59b8a87207b3d688f0e5fc8b394ec1ebe9552c4f6283ed4c352931871be77f77,retained
cnews:4532,4532,教育,46c8d70b00157312b0ba4aa6b969bcb8fcc3f2cc85c40901bfd089681fbf20e0,retained
cnews:4533,4533,教育,abea728dfa2a2bfaf351c68ddb1c98a58a05b3085f836b8eae1d42313e42ae83,retained
cnews:4534,4534,教育,e96e7470fa6bf96858250075c3d489bfab794a053f81c69dc704ca8c38b80f96,retained
cnews:4535,4535,教育,d2c35b5fa18512a46bb40f4fad6e5978860e20f397c6695935fe5fe5b2e4ffc9,retained
cnews:4536,4536,教育,aef051f83422a91e5d411084fd50bea6f4bdf8adf901193a7380893ba9a137d3,retained
cnews:4537,4537,教育,7efa93d55e8e02fa0f721f0b96fbbda056503898d0962d2dddd7dc0a33404c55,retained
cnews:4538,4538,教育,dee74e729b162c865c356c3b3c68751039dfed6cb8ecf5eb692f54d2768bf5a8,retained
cnews:4539,4539,教育,90b68f61aa9d57a905a44cd646ac151161f0fb202bb1c6b9f4b923ad14ef7c19,retained
cnews:4540,4540,教育,80d1eb3c3393a9206c91a84040cdaa37835b58bd7bb4574b5933fbfb4778fc24,retained
cnews:4541,4541,教育,890999730f9354b9f0a8509d94b53193fdfa3e5ab31ec18abfcf614072f47c73,retained
cnews:4542,4542,教育,2e865a59ebf2bcfcbb74f8edc3404e5fa2595c93360e766a8c67cb61bdf53dbd,retained
cnews:4543,4543,教育,f634809be47108c1fb46d9c19ca10ddc6cddca4d84c1a3abb13c5ccbfe5637c8,retained
cnews:4544,4544,教育,a7934f85ebc7aa452df195d28579c1db1bd7ee3305c705ef2a94506bb7922655,retained
cnews:4545,4545,教育,a27b699d60ac7cb6f3bedbb9f669b6f3e5ec7d7ed53663d7e315c19826453ce2,retained
cnews:4546,4546,教育,64c3a8a4d2bb330c175e55105350bd9902bc3f8a857773c6784703ae0ad2a638,retained
cnews:4547,4547,教育,bb6406f1bd895e0917354891a6e2e969da45cf1e4f265e1e579d0d9738e6fe65,retained
cnews:4548,4548,教育,90f29819cf248a7c16e651d06236911792e33e749585fdc11fac4d5d99fed865,retained
cnews:4549,4549,教育,ef6f42675a6cc42f456a779895176a4a11995b2334cc0cacaa2fa6e860473c29,retained
cnews:4550,4550,教育,a426d52d55678f7eb36cc2af31f842ccaff7fd0220e1ab8ef0be2bfb14746afd,retained
cnews:4551,4551,教育,4418125222770bb613594ee216394c32526439fdcd04d8f054ea3238e06aa953,retained
cnews:4552,4552,教育,41603677b7c7bacd943552461088b8de8a7a9bed0c23eca4bc52f4f5c49309cd,retained
cnews:4553,4553,教育,e7a7ce57d7c57a23b7bec87401387c091db5599c2d74132d49b5c4edef1b1331,retained
cnews:4554,4554,教育,a6e1e2454663ac69f4a5f7cae1265d4163ca5ca14d26244cb773f843a9d06937,retained
cnews:4555,4555,教育,bb6406f1bd895e0917354891a6e2e969da45cf1e4f265e1e579d0d9738e6fe65,duplicate
cnews:4556,4556,教育,c738a69991a0c378fed575a76b9b2d198db31fd60e6db927640887c3e0fc245a,retained
cnews:4557,4557,教育,0a77d870fe7d213d8490b48fca85188178e14046df44b0b26f5adf9401559f98,retained
cnews:4558,4558,教育,e166b3cdd7f2d1c85f628603d90a3d5c2d49d0789e297cf525e5ba9691b01884,retained
cnews:4559,4559,教育,ce2a5aa589597f5a43569ec22957b28edc2d6b76d215f6af3857c106a93d874f,retained
cnews:4560,4560,教育,eae6fe94576cfffdd7341a3729975147d14e8a5bd0d00962e195e2895efef0d7,retained
cnews:4561,4561,教育,dc70889b96e674a4ac1e858564ae999c278cae15fe4ed3e61964b86e2ef4bb77,retained
cnews:4562,4562,教育,caa1a72396e38609f471cd91a74199ef2aca86b3dc5999bb9354aaab416f7dff,retained
cnews:4563,4563,教育,0b3393947191dd7bb5f8ecab15d4f1b2713dfdbd29a57ba0daaf6dab8ed1cdf7,retained
cnews:4564,4564,教育,9c4bfe316d1422e3ebd55b8a1d058e9f4fe8ef7615a3a55545ea9d887d841e0d,retained
cnews:4565,4565,教育,e6b14a7d06584c5e414a05e8bfa49be3fbf2ea051ae39c1b6601554de484edd3,retained
cnews:4566,4566,教育,07e9d462ea283c8dfadc264a2dc543e4c1186bcae3c8d28c9693f0a15ed5c76c,retained
cnews:4567,4567,教育,e587b345aee14a32f19df5f7acfa168bdd6c587115d2e251bbf394f71804d699,retained
cnews:4568,4568,教育,2713c70f85395e5475f9a5245b633f4dab8d8ab2e3a670fafc9fcbb0e11ff96d,retained
cnews:4569,4569,教育,17c22cf8da187a6f12511f52abfaa04d55bbeeb6481361904ff6ea51d4708631,retained
cnews:4570,4570,教育,9f8c2eea048b62370730abe10bba8a0a4c2389ffdc8f684809d59cb887cca753,retained
cnews:4571,4571,教育,058518de94fbe6794e8c301de3d90c0efb0392514bdf5346f12cc04def56cccd,retained
cnews:4572,4572,教育,d157e7ea15baf44a1a546be3978c0731f3914a3a79ac0ca46e2ff19da678ce07,retained
cnews:4573,4573,教育,3bc547110a5773ad07a0e08bd3e65ade084351bdc5830d04d18b97c3833f1096,retained
cnews:4574,4574,教育,f072b5ecfe87c553e5c9e2fc53b9613066e8096f9d9f573dd7aae02a86d21d11,retained
cnews:4575,4575,教育,9dfe2d98b5af1f0eaa21af983a55e1a5cd437ef437c421f9cc961cd88722a30f,retained
cnews:4576,4576,教育,5f70d68f5a34d20e931345666e28bd668c950d4a5dfe51c68be7241fe1346121,retained
cnews:4577,4577,教育,2f7b9ed8dd56f0e854a4d5bb939a18f4f7e337230cee12d711de2305e2861e82,retained
cnews:4578,4578,教育,8d1b3552c3c2d93d1dcdfd58c3814c1d8bdfa9a1b31a6946cef986c0cff330cb,retained
cnews:4579,4579,教育,8e44b5a7278ede4ffbe534153bc7c9505e7efd4bb436baf51d9288cab670e8ef,retained
cnews:4580,4580,教育,8e95fe94c4bc69e2fa382c71f9e33a69f035c41d7964ef0fe17743e87447065d,retained
cnews:4581,4581,教育,fcb16dd1e5ded30f72f6502bd71938ea768a14a942fdae1e174a764f5c5b0684,retained
cnews:4582,4582,教育,2fedad616c24486631cf350af1fe8162c38a1350767c38eab641859caa0881cb,retained
cnews:4583,4583,教育,c6652417c55245f6b681ccafd247b93bb5289679344c2fd65381db468e181f4d,retained
cnews:4584,4584,教育,e95df40f3d60d138a324cc35d2e35ff3bc9371b1244e599452c96d610b48fcdc,retained
cnews:4585,4585,教育,baa169655996f41422fba489e50bcb2e24a45c3aebf298ce60e2c0ef0da770e4,retained
cnews:4586,4586,教育,bfdaacaec515782ec5c655402cd0eca4209a81fff80f65670d871dfce3d1ac79,retained
cnews:4587,4587,教育,e31da2ca6dd4377c4b210a2fb50acee4f8c1f44ffa92a000d680036dcc413949,retained
cnews:4588,4588,教育,50116bb3405b55bf782ad52e5b551bc31dcd7046a41789a43ce9396f2d88cfe6,retained
cnews:4589,4589,教育,bf831a6303306a71c2cd60fe714acfff2f34903114bd24911516e15cba5313e2,retained
cnews:4590,4590,教育,87004caffe8b73c8905dd9f8634afd68e859fcd23ee671deb5b667a7cf79b6a5,retained
cnews:4591,4591,教育,1ec5aafa7e1c716d2926dc73270b2814e9eb51f601997aed272901f90d64e00a,retained
cnews:4592,4592,教育,597c2fed6e476e8bbc97ec5b0293fdb70642bada2bec1a73e4c4c344d426c8e9,retained
cnews:4593,4593,教育,a6d80328999c78a0ec4bae74f6ae75b0ae696b8079d2d708ad9f8cb6e5f8237f,retained
cnews:4594,4594,教育,df17cc3898596024d0a59f0449c50fb2568f566f2c4a76260a957bca6bb07cec,retained
cnews:4595,4595,教育,f2d6e669ad989d60481b0d618944d30dae7d9ec6f28043be856fb83483bc157a,retained
cnews:4596,4596,教育,45ab98a4174ae485bcf43ed77733d29facc27b4ecd90350d885a20f830a52daa,retained
cnews:4597,4597,教育,597191c031703169a21749d0a94ecea70d4e7e22469b93861a1ceb9870c52e44,retained
cnews:4598,4598,教育,9528a3d8eac2bb21926be0fee9bcb7a171581c4baaad95fa4fdd6d8280b5acd0,retained
cnews:4599,4599,教育,062f8c4de50be2a3091a0133379a79760b46f7a65384da6a7ffe0f5f9a4157fe,retained
cnews:4600,4600,教育,adec35174e59d5d55fa0c6534c90bc17691177c6df5e4a4ce7b2ba7e6c32bb52,retained
cnews:4601,4601,教育,595583c82bd5fd1cd81512f8feef0e8e8bfe503c5b814493cd63ab21b5860db9,retained
cnews:4602,4602,教育,efcd41ee85ddee2b833d3829a6646ac68fc8bcbde222e590573a132a893fea9f,retained
cnews:4603,4603,教育,be9f3db1254e4bff75e765d358a35b01dd947ef7e3a540223e0643b140e3d3bb,retained
cnews:4604,4604,教育,67d1d2132255963ddab469973b6ec78d04a0e058554edc3b4cf9d11dc7a58863,retained
cnews:4605,4605,教育,81cd9cb0ad034aeb55d0b6ebb7758db033f94c64fc6a5247cae5bf364b45f90d,retained
cnews:4606,4606,教育,e03bd49be72afe9ebab96bbc3e7fb67e65d86cd9a889b66bf067bc08b635cccc,retained
cnews:4607,4607,教育,3c44f73a9cf93a2282fe61c516e433f3f2b935a0154ae171aa7dcabaf324a295,retained
cnews:4608,4608,教育,1df59b1d7b2d368823d377370469b12dc442d8838f4b89948e7b7e3e20246615,retained
cnews:4609,4609,教育,51275e108955733d7f7225a83b53f1484e3504af642242300d169b7843dea69d,retained
cnews:4610,4610,教育,974d1f454a53ef434c0ec56ee7bdad6bdba23436166d90052604fb16d1942734,retained
cnews:4611,4611,教育,90863ae12d23bf19959a4e5d3e4e440ebd833fb73e661451248c7d41a6486878,retained
cnews:4612,4612,教育,bc44674e5139136a98820cfa904a08a13ba4ff494bbba0f536cb648867711389,retained
cnews:4613,4613,教育,c54bb347bcd029106f09167a43e1563c44e8ece893aff7033790e917191a3d86,retained
cnews:4614,4614,教育,020f5ce6dc62cc3f6cada6aa95b3fb89710209d13cf6b065ce408d3a321def5f,retained
cnews:4615,4615,教育,87abea456cf84ca9d97b0d0aa96ae5b2c8e965ee0f3dc02efab2b6230d6a40d9,retained
cnews:4616,4616,教育,dc3f22fd7d10149729689c8a6fe14cc1d38eb3b91fca48d2e9e091fb494a92b1,retained
cnews:4617,4617,教育,88e19a6d769a531b657ad045aa8bb4e781904f424e56f11df17e6b7b904c3a9b,retained
cnews:4618,4618,教育,07740c32f95c4aa9ecf3ceb0b82d78827ca8bdc800fa5e483bbf966c6571edb4,retained
cnews:4619,4619,教育,d10c234edd3b03505bb63f79788b7df452d16372a7a6c4e419c03ea51b55fe68,retained
cnews:4620,4620,教育,608b6f534da42c05b3084d0eb8d47ec3318e7c241d87eb6d8be0f08a542af4fc,retained
cnews:4621,4621,教育,d59f423596fe1494e6ab1aae662dc8c47e48a9f2c3a3bb9adfef45a5221060e4,retained
cnews:4622,4622,教育,20a0f65e85919797b4422efd4c2586b7ad543cb895875b8d9172a0935c94329b,retained
cnews:4623,4623,教育,fa2ff56a579de156288e2ab50336b1b29b97cb0c063d9ecf1c15bdde8aff700c,retained
cnews:4624,4624,教育,a38a779d82ea7555e3ef05c8b156c68e76e6ec9a3c2038a70b560aa534dca339,retained
cnews:4625,4625,教育,bfa669f2f55f008430bd3bbc788f1e1ba253146582c3b6591a840c2b2e1b3df8,retained
cnews:4626,4626,教育,f7083b1f26ec0f9a56867b41d92fcf623e1beb0114517c7e4d0702b803d66972,retained
cnews:4627,4627,教育,ef544a2f8563a9795aa96cbc7c91653bfc5865891caa5a4f06d24fe991367137,retained
cnews:4628,4628,教育,c9448c0fc6c2412874b3aadb2dbeebcd0b2ea1cc76a89b411b93ccc61510e9d2,retained
cnews:4629,4629,教育,15652836de547afb4db9bad8c81590632e0fbaaefd0e51236c60a615fa72f2f8,retained
cnews:4630,4630,教育,ac5035e7dc5a39d3e5ed57fd8bc02db0ef3b2f85a2cc6b576cb58b714b52646e,retained
cnews:4631,4631,教育,e4691596a624af3ba9ccb5d414ec278244ef6e1d79735ffcff3758e5418a4e20,retained
cnews:4632,4632,教育,1d073d7377dbb7a4e3392d78cde50a84d4cc895042dfcfacabb4ee65abaa6bdc,retained
cnews:4633,4633,教育,95b4cc510d208f159bf46b002b13d2a5ad93db701b7cd50c9626631378ccb26f,retained
cnews:4634,4634,教育,9c6a983a29f28cbc01e716c5c0f9a31dd486924b8662edb496ffe57c4d57ae45,retained
cnews:4635,4635,教育,90877893af5b246397350c1bffe3e3736d7b52da9b629907d575b5d05f8d9998,retained
cnews:4636,4636,教育,81e2d025ab43a2a14b5df09f0ae285b390d8fefc0a7e628f1bef63bd15ef4b60,retained
cnews:4637,4637,教育,183f1126e342d521aa64544ea54d00ba2d2d43423acd8136aba47ba7b834531c,retained
cnews:4638,4638,教育,396ae8cbc20c4ab3120d3d2efb1f1ef6cab64c892af0c7d1d619f2faf156422f,retained
cnews:4639,4639,教育,3605f2ec831f945df04c24afd55d8047913d8f3568d161b6d2083355b7529c3a,retained
cnews:4640,4640,教育,15249b730c8d5e5fc389e1f39bfeb6d6c6fd929cf1b5be0c25e22ddab1198900,retained
cnews:4641,4641,教育,9ff0a2d44c48c9a674b6b9b0e9f261a3b3a675b2b895e552f218464781dbd12a,retained
cnews:4642,4642,教育,b8609af52763c065da248ed4e89bf3cee7d8f61cbf38f756213b5e231e0f7914,retained
cnews:4643,4643,教育,7e14ebf4499d439eb6f3a0435f4b82b444bf0bbaeb7fdb078fded84f46808a98,retained
cnews:4644,4644,教育,73290f44e2bd5360fb7cfe3c06e95b97229441b9adabef9c5cf997ef269948ca,retained
cnews:4645,4645,教育,e9b45d177e6049768324ba7c3bcce596adc22b2e541b6e0e3d2ca314112e550d,retained
cnews:4646,4646,教育,c38044fbe2ab17a5f2560b28aac903563b2aba8fdadd8e3812ee8ae20c02adfa,retained
cnews:4647,4647,教育,d48fc1f617e02b06c6295e6db3ae311f598d410323a507961cd5fd3b7b8c5f44,retained
cnews:4648,4648,教育,48973e80b451da109d9b79bfe99038265614727ead255a70d74db857cd450188,retained
cnews:4649,4649,教育,b0837748cb85ee4d1e134184603cc4ea593a8b02c09bf4fc0a0339105bbb685b,retained
cnews:4650,4650,教育,504bea85955cf0264407819bde61e1f702e27507b5a76895a3c7b3ad6ea03417,retained
cnews:4651,4651,教育,921682bbf6a1e5e57598a3007e13edc2e85af4595889cd4bcb27fc7c873ba9cb,retained
cnews:4652,4652,教育,b9f879a9a5ca6533874f2c2be6fb8dc0d79f23c127d6591f95d116fb5408592f,retained
cnews:4653,4653,教育,cb2c5f26310907ccb8a2bacf9de6baca172084d5f9d76032cf109b0cb16f538f,retained
cnews:4654,4654,教育,5479655889d9135f1e33f7aa234e9606c8561d286160db836db61e1d5a86de0a,retained
cnews:4655,4655,教育,a0f1f1fb760f30a492e7b23503d928c53b7f91731ea490e3984d0b06fe56de38,retained
cnews:4656,4656,教育,5ccd3f66fa11f42487c435f8c27f0fdf5f92aa9140379415b8227db92efb0360,retained
cnews:4657,4657,教育,cb1d308b58fb0faa5f5999d94580ca7689a88212dad6c33793532d426d2cea73,retained
cnews:4658,4658,教育,9f3170f48819e12611708271676bc13b4607e4021fd459864638e14cb6a1a709,retained
cnews:4659,4659,教育,a8cc168f2858e13acd4ba62ef5c05b0e16de1975449a5a585432eacf798b4b31,retained
cnews:4660,4660,教育,aa3dd9fd5dd3e91cca3388c483973316adf5fa6a80f7c7327e264d268403eab4,retained
cnews:4661,4661,教育,88efe6a3cd71ceb3b9f8ed50890046e0b0fdc2c5abebcba4e331530ed1462600,retained
cnews:4662,4662,教育,06ea27a7d409a76430a9038589e6237c17a00b2000e8a3068fd51c464b770728,retained
cnews:4663,4663,教育,18ff0e118724b3cc58c0d1277b7815e45a205491926dafe47984a017910cbfd8,retained
cnews:4664,4664,教育,75e2d6c2dab4f46e1e2b2972370e3492e79a5d1a2a282e06471a1beba7cb3a60,retained
cnews:4665,4665,教育,42f0948a156f5dd6a906bb745b2181d38aa43bfc4b1911d50d798b8c3b038dc2,retained
cnews:4666,4666,教育,cc2ac3c831b4982ed65a2b2a53b5da1dba6e740b6e1e9392da12768b26e5e02e,retained
cnews:4667,4667,教育,e4ced4ca5d56a3684c3a008aad22707e80a3d09ab8a5b42825f31be989a8ba40,retained
cnews:4668,4668,教育,e45893abf11d0afa257916d14f0e226f0c3073a9ba90f3fbefed6add5dba2c0e,retained
cnews:4669,4669,教育,fe4b7fe23c482e2ea95235703b13281972a8775a3433595a0b606a38baec2fa6,retained
cnews:4670,4670,教育,6403c3d9f1fdfc5ffd89166df002edb6ec53f4458ad67fde9a4fe543e00ca300,retained
cnews:4671,4671,教育,f244f78fd26bbc6c1e3edc1bb8225217c598ed117ed1ac405ffa3ead71fa0134,retained
cnews:4672,4672,教育,58e9109c871ff3359b1d0946269b1eadd7f4b6c514f262dc222f0fc624b029aa,retained
cnews:4673,4673,教育,6bbd6bdd9303e41b5b2de962c9c3503f17e9480362208f8d89c68b14fe4d2636,retained
cnews:4674,4674,教育,e773c7687952f9bd64989dee663df50acd7a97e6a1b97f7d5c221ef4ab245963,retained
cnews:4675,4675,教育,6722b56a633072631f85588b6e8223b2427e15f4bae50d353b4b68f0d9ca55dd,retained
cnews:4676,4676,教育,c249cf825ff49073bdcc4b231b0bbaa0783300e84be077dee2dcff42196e3029,retained
cnews:4677,4677,教育,eb180fa29e884a15c1725f730a86c70ba2d2e6d7d9e851f8189784e20742f361,retained
cnews:4678,4678,教育,0c8e4a5f3bbecaba151f440464cd1392ac486a7bb66bfef37a99dd712f2ad05c,retained
cnews:4679,4679,教育,066c499e9f0ced3471913549ba1f6f652c8f58f73150c8c6b3772d222fc8aaf3,retained
cnews:4680,4680,教育,cdaf0200697b1e59f784863d8a3b67164fd310d9bb62572d4e237b3f587ed5f6,retained
cnews:4681,4681,教育,2ad33f0d15ed44f4e2b0cc2e45fd37e27da1b7f5cae3ba2f3067699aed7ab7d4,retained
cnews:4682,4682,教育,82bdbf88e604f8736cfc5daf1604c1accf76ea1788f9b284e47794ee120ee8ea,retained
cnews:4683,4683,教育,d4cbc287a0c8d7c467ab9312eb307d508cdbf85f94e443d1f8916a177fbddc73,retained
cnews:4684,4684,教育,07d55b84cf74d18f4d90b9c1e12c1ad62e0b072beb778b5d23c41f1cd7b91ff5,retained
cnews:4685,4685,教育,8e3cdd234fa1f54f6cea749638ee1266e008cae896b20d9c77531ab6c1ad3dbe,retained
cnews:4686,4686,教育,4c915ef88b154a32907128532fe26b20c84cbea03ec6c9c0687848021bde938a,retained
cnews:4687,4687,教育,6da52b505ff03fb8b6af54f35f764ca59754042a8622b0ffbf19568e07d3b197,retained
cnews:4688,4688,教育,ee6e7839c16d9140e4c42b33d79782c7c6d563df7e46f275fbf0e7460c519517,retained
cnews:4689,4689,教育,684a5b295056caa0d99bb2227236341f011a9e3a308c4124a6ecacc6eecb5783,retained
cnews:4690,4690,教育,8d223924ee101abec63fbfd134db70d5aabd6c1d986bef94015cf2507591466d,retained
cnews:4691,4691,教育,1cb4d9a2a8a7246c85dd588615076af172115f5f9c39a375c4c895c713629ce7,retained
cnews:4692,4692,教育,291ee1ee6dfd28f0af1f7578e46d2839d457fd6a3a4bacccea72fc7e8e6f84be,retained
cnews:4693,4693,教育,2136e9fb35b6a2af0852c25e4bdbe8252025480889b45bf35aa2be90b74d332e,retained
cnews:4694,4694,教育,325a93c9f02f2381264b10b0bd4e84e66965e95bfb09cbe30b73853219dd33c8,retained
cnews:4695,4695,教育,e7cb35c28f9eeb8ffdb14b82ca23bec72db0bac61fcc316866caca859008a0eb,retained
cnews:4696,4696,教育,931728b47c217500e38f009a8ffe3670aa306527a60237eb580a762a5b6dac4b,retained
cnews:4697,4697,教育,2ffb1fbc78bd472be72ab8e1764ce2bca481f82e6834006bae82c6e7575ebd10,retained
cnews:4698,4698,教育,797136b8bdfefc61ab24ebaf1b1dadb2692692db7cf2e45f7a25518df23d4b1a,retained
cnews:4699,4699,教育,a72bb056c6a187b685289ffdc1adbe8ef00aff78cee56ad2440da04adf379762,retained
cnews:4700,4700,教育,14f47726517d93fc069be7c91408322e8e9404e52a711e3e1e677b1228103862,retained
cnews:4701,4701,教育,1605d8eb2b5330249565cf3fd2d411bfebc26ea962671fd523c9ab6600e3a6b3,retained
cnews:4702,4702,教育,2a045b13bfe2b7ac9f93402b39d58f99d35a52a88e4845b2052f541064f147f7,retained
cnews:4703,4703,教育,af1f1fea24f3ffa7224ee37edb2642e296b36128d01f71e4ac1a767de54dd49a,retained
cnews:4704,4704,教育,1f45e50ee90640f1f2ac77092a2eb2a87a3e9edecbf108136d8ceac70b588d99,retained
cnews:4705,4705,教育,4af292847f0b24036414f1c9dd2c0cb11938a0d69788301aa1c159f50aa61690,retained
cnews:4706,4706,教育,6eee5ac40f9b19b192d1dbb4bf8c9cc3c3be63d9ff7e119f3b8ca1ef2df10afa,retained
cnews:4707,4707,教育,cab091c00e4a928fd6823dd6a3b5ac7b4287854cc156ff7393cf3f5344592e71,retained
cnews:4708,4708,教育,929ae1765d5f894a38a5b23f1e4cfeb6492ecfc959d75d083f385287f4ead5e0,retained
cnews:4709,4709,教育,8b838fc4ba7db9d50e2f549c41939a24a291fdb80402cfa90f96f89c89e39249,retained
cnews:4710,4710,教育,9d08f5bac5abb2fd9979407dead5e6b992b005546ada3c380fd201a2fe76b820,retained
cnews:4711,4711,教育,ccde86cafca3006cdc399b402fc06fbf2e0d0a620a121575671b40b5ec99e3f3,retained
cnews:4712,4712,教育,631d6a9b4272e0334cfb806ca9edc34ecafb313b3b5df77be9886bc97be235e8,retained
cnews:4713,4713,教育,b94915572ead71f333d37ff53e961ab1902bdcce3f8a86bfb263562607b89d95,retained
cnews:4714,4714,教育,a87d42d09c3b1e5b4ac7b49bcf1b77bd297f12a7c8014e41eba2f07cbf6706f5,retained
cnews:4715,4715,教育,c2371c0e176e61af2efa0225907c88b6a289c9d690ee4fb36c2af816681887e0,retained
cnews:4716,4716,教育,5677a5a2949104e630012ef5a1e1eeb796da1dc93f015c6d5ff1cb89bd6c5c68,retained
cnews:4717,4717,教育,6049928623120cca78768d9541f1bf6663d5731236a0cdbb683c87fc50f6f1cf,retained
cnews:4718,4718,教育,08eab45ae54b73392baac8a13b1eef0a827d399269597ed475353b826709ba17,retained
cnews:4719,4719,教育,da5e079b5490a3364bdf9812b874f946e211dd3d9b5647f3863c727fcabcf71d,retained
cnews:4720,4720,教育,790a888128d87087048851de5dec60ddb5bb03568a0c76d41e78c0dc77db2eb0,retained
cnews:4721,4721,教育,0542f88aa9fb758c87d68aea09cb9f9bb3512d48be6993dfe768006ab47417e0,retained
cnews:4722,4722,教育,47fb3b1911924fd95ebe39b1cc894788b77d217b4a5b28a547b1dcda8aa42da0,retained
cnews:4723,4723,教育,3159ed06769b430462677644932d5c08a4cf954b68ff1df95f716bf81d027f57,retained
cnews:4724,4724,教育,9b5dab6c677fc368411e1f7f3adc73c1d2cb9440a3e8e87e7121332ce3d6c341,retained
cnews:4725,4725,教育,b77e9aba34a9d9b909c01028e09e16425f6127c14ad7d1d9429a61c932f208c4,retained
cnews:4726,4726,教育,efb446bdef93c18e177e20746de94dc287d9c5afa4c8cbf6d69ccf32430728af,retained
cnews:4727,4727,教育,24d96518edad469d643b128f9343aa444a6a62b31d8682ca670fcacaa64dd5fc,retained
cnews:4728,4728,教育,efa641be8a19f68e252edd9404509635d90016b8050df009bb48fac3fe523643,retained
cnews:4729,4729,教育,d7ae8e66b556e03eb72dfb35506cae053cbcbd14e187f8b415734b40e7e8cc31,retained
cnews:4730,4730,教育,cf63af59f89f46cf08da593399e6dd6488aab273971ba70233f88bb430ac40ec,retained
cnews:4731,4731,教育,4b242feadc58ada93d81b8f526ecb215e83aed13a112b56445802b2825d6d8ef,short
cnews:4732,4732,教育,c6698c8eb68fc00bcc83ba00f5a13b6b5c636580dede8f376b27fe87d96b0905,retained
cnews:4733,4733,教育,ed0510d209d4b86800fde1e1da2a64c61ebc9dc0213f5d2dc5417ec9f7314be7,retained
cnews:4734,4734,教育,cf94a0a3ccb9d69a2c51f5f74c6dd34078dd852fcabb2d4c0d4ecea769b81556,retained
cnews:4735,4735,教育,300172292f159ce82027a7ceaa4bef502c6b7ee2c3f1d36dc4bb98a689788dbc,retained
cnews:4736,4736,教育,95aca610e0b1d2d972d5060d565519ceefcbd654a65bceb9da3f11c0e0a5e3d9,retained
cnews:4737,4737,教育,7b962865537c938a37f8a15d985da4d82d3ce648c5c13cbe9219638ac3b9eafd,retained
cnews:4738,4738,教育,60e2bb1dedd2e90f70bf552140216b2be9254cdf205e8d4006b7147ab27d24f6,retained
cnews:4739,4739,教育,6bee449fe2e89ded93a8b58130d3e59c73e0f5e3a034fc8d06309e61b5bfceac,retained
cnews:4740,4740,教育,703542dadc9e4d829ac690b3496dba3f7f1988c21de25f337f7d86a5ae67aca3,retained
cnews:4741,4741,教育,2e798690988695d0f2751fede36e6f9495b6d05178556682419f53770022db7c,retained
cnews:4742,4742,教育,9a96841743b32ae8b7bfcf30250ee3166fd32b3d0608cc30d0be2fd738a83b89,retained
cnews:4743,4743,教育,e6e6dca5c6f1c25835ea81ff9ec2ca71849a61f1555be416451d0406fd45cf91,short
cnews:4744,4744,教育,43c9183f1574c5f20e9c151456e057b1c84271b4844770ea4a9ed2ca0de25f2a,retained
cnews:4745,4745,教育,a9c21be72ea09844ac5f1deb9c9b963b5ad9dd747bc007fd1f3fa0b155448523,retained
cnews:4746,4746,教育,501688e8ae4e6166de83b495ef45bf515159736e6695a915f128230face19f4f,retained
cnews:4747,4747,教育,899cbf534cb4f3c790f443a0924d7de58ea5e73ec3b6ebdc7dd2e4d3f0d9c682,retained
cnews:4748,4748,教育,1c41428a98049b77d6edd0aa17638d92bd470340e8cf0039bc0bc42067318f0f,retained
cnews:4749,4749,教育,01f6047886abe0e325d57ca1652bdd35b18dd283e516969949e84f5cd166dfb4,retained
cnews:4750,4750,教育,81462243a71721a13b0701776914858f38b8f0984e940aca12a96e94db063bda,retained
cnews:4751,4751,教育,f6ec66093e774d8539234360531edc2185be85383c9325fb8dd471aa36eec805,retained
cnews:4752,4752,教育,da78c9f18f05af0f8bf7fb6708d61e6b2b6f39c0ef1cf238ed9173ba656bec09,retained
cnews:4753,4753,教育,f3ad312c67d1713e422ba52d50214eb471d519534ecedaa6d1742b9d7c96aa8d,retained
cnews:4754,4754,教育,9faca333b1c16730342b67eab837a83032265ecd310e0d53d65b36694d0b4c66,retained
cnews:4755,4755,教育,724f80ec210c0484047db75708b7ab34ddabaa6851090736037a968ee14cf65e,retained
cnews:4756,4756,教育,31751828d05c69ad37e47c29c8eb7dbbde01ca3c26ff17cf220cc88927b276ac,retained
cnews:4757,4757,教育,866a3c23b273855dd8cdff15defc2ea06d60b9023d73a41f329cec8f9bc8737c,retained
cnews:4758,4758,教育,d42aa6f85f9f072ac10e50bff971e1dfab6ad357c84b793d8685df7e81573ee1,retained
cnews:4759,4759,教育,c5077a1dd1847e900d8726a5a1e495103a7304823af86bbb68fd7b1675057b77,retained
cnews:4760,4760,教育,e299e67e67ad4636be30f3cc0f3926bcd79770755db9d50d5cb69651a52ccfdf,retained
cnews:4761,4761,教育,0204f31f4ff9ca6def31729fcb9651cceb6f8a35159eb9ca2558a30d7f290dae,retained
cnews:4762,4762,教育,cc626c89a0756a188bfc3502a75a17b7645fe80e80f713c1498ccf6a34fc4741,retained
cnews:4763,4763,教育,40578d26253259b01bef69b134c1fbf2b9262582d21d3ba3400f2ca202895e27,retained
cnews:4764,4764,教育,19dba11a855d0cca0a7713518f23e2a359577c9fe3ffeea7872771f516c4eedf,retained
cnews:4765,4765,教育,d89cff8106321c2def6c7afd8dbd9249343f4c1537c1156a9f4b2bb605333453,retained
cnews:4766,4766,教育,b1a749413b0d8d6c86b4f2935a3314a37e2c9d1419ca0d7bd7875a02af14a1b4,retained
cnews:4767,4767,教育,9069a1a0f693842dde8af7e3b920b0222fa4c87588fadb0b61df230c2086e7dc,retained
cnews:4768,4768,教育,5500a9ef1f0955ee3573cc9c6b7b9cb5029c5124b44153c0038fb756b5a008fe,retained
cnews:4769,4769,教育,facc832ef00a19c28e28cde7c9726a66a51ab8604b8a11fd7915d8d5d6e2a511,retained
cnews:4770,4770,教育,efb1e144067840701cd02e91ff64575cc0aa10e6a26e5d19909e87ddc3abe8f1,retained
cnews:4771,4771,教育,2da9ad0cd9a1727ee2c71f33f01b59742bcaa446594294fba65484742e4517a1,retained
cnews:4772,4772,教育,dc96506598716e9baa8437b6ca74baeb4bf1bab6232b3461242f18b965ebad1c,short
cnews:4773,4773,教育,6eeb3d82f76c4d977439bee3b40017acc2543efc52cb199fd0dc40cfc4730b79,retained
cnews:4774,4774,教育,a7539b1fa7e0a3c56f147ede0c76f19ff667066b33db9c7b6a8997679bd99d8f,retained
cnews:4775,4775,教育,b8ce005b6f7f918e201ec870d7bca844e0ee2648e3806ba6cb5941beca2d5b5d,retained
cnews:4776,4776,教育,fedddf147bbdbe68f4d54d1004d6bd494657d00c21347e071c2b01201a3ebb16,retained
cnews:4777,4777,教育,bb32ed0b73dd570a7adf4f58d190fe742a1ca2cb36252215906ecf21d87df1b6,retained
cnews:4778,4778,教育,c574c820a8e415ee1ff2edae6d95569393b87027226e07cf713e23237b03af4f,retained
cnews:4779,4779,教育,417f0d5cec6e08c48c9b5c3295220e6bb6ac1a83d26bc47827faa0bf85516155,retained
cnews:4780,4780,教育,428734f8b0c79a3ff7096d857b84f2ce6f2b7ff464061601c6e1888fe3d39a30,retained
cnews:4781,4781,教育,37421edbdd22aba52c9670c827da305670976897dc14b600cd0e70d893258ab4,retained
cnews:4782,4782,教育,9e056813501ba0761ddf3e786129dafc88d48222695dc2971d2ae06db0c4f8b8,retained
cnews:4783,4783,教育,87f5236e7453ff0236857073d2555933a26585442cff93147f02b5ca440c9a2c,retained
cnews:4784,4784,教育,540ba5907f93d9df44b89969fa9715ed3e515aed650a2a8983bf1ca4abbe591b,retained
cnews:4785,4785,教育,6932f0cc8bbe0c75eec6593ef57946673647b97c637517aca60b10786902fb3a,retained
cnews:4786,4786,教育,88a76ce555a0557fe02c56d2ae31f36995a604971bc99d4478a3a803ec2a32cf,retained
cnews:4787,4787,教育,df43206e675d2ed04c994ea205c6c35daecbf36054f0de94b4040bda0ea97733,retained
cnews:4788,4788,教育,5ca829411d15c0b2000e83203f96921ec2c643164882f4900882ac9a0a573cd3,retained
cnews:4789,4789,教育,161c9a95ccd323ff901bec4025779cb2a0c201ac50534e9fc1c1b80ec06942bd,retained
cnews:4790,4790,教育,74656645b9c9a2accec62a7367d460582916ff329533c09eb6a6c8731bda9452,retained
cnews:4791,4791,教育,66c28a6486d0851cd074c345b576e87734e0dc72ae92fe7e578af22ecf23786e,retained
cnews:4792,4792,教育,1b7ae2692ea1a4b563db7c9127142cced386b526350514e8f0e4d1ed4eea3a74,retained
cnews:4793,4793,教育,f5907876c93c591ca22a1686779b92b77074b701ecd8e80db369faf267ef1f46,retained
cnews:4794,4794,教育,c56af5e4d216ba6d56523ce154eb573bca0950bac36afef69481c41eab3c914e,retained
cnews:4795,4795,教育,52eac13a20d50078149703908b7d4d194c0386dc4b8abbb21c4ee50a8e048116,retained
cnews:4796,4796,教育,343b4cf0a54603dfa117f0ff216a65f0a733c8c85f687c46f03c4b83101836b9,retained
cnews:4797,4797,教育,a6f143995389c9775b5f7e16f040431085df8f6ee767f5935ed43b20b554b40e,retained
cnews:4798,4798,教育,9f737b86726e6ba230c6c59033ae3d65fd2393a20fbc0759a6a588f5bf61de36,retained
cnews:4799,4799,教育,88a1d01941e6255217a06184d1f73f3476e0dea0aee9916df3c4b269b36ff320,retained
cnews:4800,4800,教育,dc19fe697ac2b88f4eb3eab003d67567d6d464ce902ee44186c6d1d39e5fa85d,retained
cnews:4801,4801,教育,1fd6c242014f39b0b8a0abfbdd83f538091a7b21a62dbfa54b3b7b740780776d,retained
cnews:4802,4802,教育,d9f4d2e6e9755b963ee4c5ef5205c347239d7ccc478f6f91f91f8e89512a1109,retained
cnews:4803,4803,教育,ddd2ae601ab354c7a65a5d33820f86e5b66ecdb624c34076def40bbdb5c00306,retained
cnews:4804,4804,教育,86e4f055b252b508f6fbcc073347050bcbd8c35e56f96453ebb134950bc027af,retained
cnews:4805,4805,教育,10251ba41d467ceb150264b71f01bc20882c00378babff6a5c4813f6feec7c2a,retained
cnews:4806,4806,教育,84b05543c74e30705657fd59886636873d54bcb469b2910dc627389569043453,retained
cnews:4807,4807,教育,4ad3b32a2e7621427237285d94cc2669541951bee789b1d1ed0518aaa680bb9e,retained
cnews:4808,4808,教育,cfbe8d447aa44e79d20bc448b72eb3488040454cb48d7483a3bd6f6d9fd85c78,retained
cnews:4809,4809,教育,e2a77b6967c618a4f60d39dfeec335da7e85a2babe76f792780ef1c735786d76,retained
cnews:4810,4810,教育,73085e212905c64c9a6ae45b26af5d6e062e39c361a3f5bede2ac89fd226645b,retained
cnews:4811,4811,教育,92c278d53015f138cbb4fa8d6573ed5167fc52cc5d5f238eadbbe65c36bb10f4,retained
cnews:4812,4812,教育,39f5dbaa51ad17677139dad71f00a2dd071664489a95b0dcc687aa822f4c07f4,retained
cnews:4813,4813,教育,4bcec083b8f734b3ace95204999a1814f2df6d13678d4fff4398f99f959cb317,retained
cnews:4814,4814,教育,3ca4f86ed5500ca7f0c6b0910640182e1c856de16c19f7fe956057b7352ca45c,retained
cnews:4815,4815,教育,492bcf368c2dc6c9040949c3c56ef49840fdd4054c8e65c824e9dcdba6f4acde,retained
cnews:4816,4816,教育,8736ce15e3c1eea5a58aada3a50a9f58123ce508c62a8dfbee9e38574bf6ce80,retained
cnews:4817,4817,教育,f54a2db0967f54a3a7578867c0a490ad0bf683759dc153ed05602661df442bd5,retained
cnews:4818,4818,教育,5f8a4fda00298d251acbd1a754a1574b9c39df3a4a442792948ad991d5ad82d9,retained
cnews:4819,4819,教育,fc3ca6b2b7ea4c0ef809cb95b133896c45facd9582b53137dd64f85d2f0f50f5,retained
cnews:4820,4820,教育,d14d7dedbf69d917c037786e208eb37e794232bf75ea857a9118f6908b35c403,retained
cnews:4821,4821,教育,bc0a0ce38c1d939d409c4eff01f1e759afef8083bcc0ffa64e4c42f77bc46e32,retained
cnews:4822,4822,教育,6f2415c689d19e11cac0441a6b3945eb2555d2b79ec8a8d51cd7bb9fbfe73da7,retained
cnews:4823,4823,教育,cec03af9b7cf4a41b59a433824ded76bbb6794e73392291664f4675e43b0d71f,retained
cnews:4824,4824,教育,8c058d93756e97a7d5d437f6122b9cb9abfa766814b00d9c67549ac5f5161b7e,retained
cnews:4825,4825,教育,57ebc3526fc217b99bcddeda525b38e06e0d6878387f15a1b8abdefe52d620a0,retained
cnews:4826,4826,教育,069c718b747f137adf620ceec7b3e2222fae5d51ed471ad147e7ee16e948a492,retained
cnews:4827,4827,教育,a8a56acdcb9ca31762b50d8b5ceba10e58682915957fc8db2085f94359684c09,retained
cnews:4828,4828,教育,299bbc51e3aca2a45eb17d88769a19bd68a0c9a7fa1a5153ba475fdbdcb3d5f3,retained
cnews:4829,4829,教育,a65aca1d64a0f01959ed910153894554f0f38f7226b39ccfd8aa45a86208ec52,retained
cnews:4830,4830,教育,256c61acad9840d68188ef031e55a1876b1db4e0a95d314da1c56a5a376a1a8b,retained
cnews:4831,4831,教育,1c6f81794a575e1b53ed87e0b6b79d782aaf7254bd1000e418e680714d6580c8,retained
cnews:4832,4832,教育,7ae397d45c0c387cfd51817b25fbd1336e6e342240fb11d7d42827899be3056c,retained
cnews:4833,4833,教育,e278d713957560dbcdb254c0ff0b9ec84f7881d1467b3c63a2b1d4ec889f6ec6,retained
cnews:4834,4834,教育,871d60dbddeee4c1177e2966f3e9976417d23fc5ebf6903f297a35ee7588c812,retained
cnews:4835,4835,教育,e0be48587a3e1f9e87829fe2a3c0fc7f9270541f7d1c027a2a07690d700e69ed,retained
cnews:4836,4836,教育,556570625f92353bb60054d49c1eff8c9537924f2abd50987c09c5f0ad4edcc8,retained
cnews:4837,4837,教育,80912ca31d76cdd8f5e0c0fed7b0b275bd5d6f2536c7d8a1f85984f81edbe764,retained
cnews:4838,4838,教育,9e894d409ad99062b9c424b38b7e6b13edd723cea71e4c010e8de6190e4c071d,retained
cnews:4839,4839,教育,31eda64e53c4c1d657443581205f1fd4fbbb037731726d9a28351f02887d8482,retained
cnews:4840,4840,教育,78789766222070c04a6de97fd82c3b593573dd85b1abdd7f27ca9ddb5a293d15,retained
cnews:4841,4841,教育,7fe70a888de889ed330d061b258d6cdb713239adc8a875af67b3b2272470b767,retained
cnews:4842,4842,教育,522f9272fab9c73f55831e5d22d26a46999811e9bf55595f64dfeada5a2843ec,retained
cnews:4843,4843,教育,661c4a2c0462e27a5e00f3de73904f93805c2c5f3ee57e9501c8b38089aa1f23,retained
cnews:4844,4844,教育,7f5e01f6d71373a72961971426151edb057892f15b2ca301da9d5e9621887dda,retained
cnews:4845,4845,教育,ebd572ed9aa37cfb0ce7c9d92c35d4c9445b4a059f5f209d64a9b8138100b6fb,retained
cnews:4846,4846,教育,0bd2b0c122fd9e2801a2ed11437bb6bd3719af58fb545a669d9e62447902fdbf,retained
cnews:4847,4847,教育,d527b3826d99cfed069c991c235ba2003575dfb90f5022370d5907a3ba315963,retained
cnews:4848,4848,教育,fb01ae4c119265c7dfc7494f142cc4c61c2a150cd930cd35a314e0b2fd690b6a,retained
cnews:4849,4849,教育,49843a495ad06a33a094fe7f4a061cc50235f6327537d5dc617d128360b58cb2,retained
cnews:4850,4850,教育,cf853a06f4202935ef4e97c4398ebf3f23c914c9b6fdc23b7dc585f217631ebf,retained
cnews:4851,4851,教育,32d728adbe08a1008b716872199d89fd8efe9dcf8277aec0bfbbe3cac6f649a7,retained
cnews:4852,4852,教育,48a5cac57670b8fae2f549073c3fffa1844131714bb7d495162bcf2574b2d052,retained
cnews:4853,4853,教育,4edb11d8d323cab3f0cc64a528fd5893db6984febf0c259c0ab28bc1e2bd0243,retained
cnews:4854,4854,教育,45b60857dcfa07fc16894b698ec9ab51005b1f542f3afb4b41016554a2e3b6cf,retained
cnews:4855,4855,教育,599c810b87082c33bc757816ac2bfa2dbf0df11854a4da1ef70d9124ec5d2f39,retained
cnews:4856,4856,教育,a80786d75c55a06ece058865ec5303a470cf70ed95027ad9bc351b6580a55cac,retained
cnews:4857,4857,教育,851c298a22722b9c146747e4239f912d2b642f22659cd2e2cccbb450698b0a1e,retained
cnews:4858,4858,教育,2b00e13ac491ba739330363a67e8dae984dc4555c2b1d2320c752cb824bc6164,retained
cnews:4859,4859,教育,f000e15cea09b2255432ac2f18566e204056ca17f92b3c2e18928ef1ed31fb9d,retained
cnews:4860,4860,教育,214b0f766dff5576656a0f755261d9210c3922214d64c274afd63c8610dbd114,retained
cnews:4861,4861,教育,cac9cdd798af61da1c8788120e4a8d0c2e0754666390f5c413f19b4f5d13a875,retained
cnews:4862,4862,教育,bd5777a86e20540c41ee4ae61eaaa3424ad09871e0de67cafc81b69ce19c3e50,retained
cnews:4863,4863,教育,f680f523b9eb658992d8ca1c1b68b9e1d3adf6be1be4e1d5324dbffbaa607b9a,retained
cnews:4864,4864,教育,876bc76d7e3700c21d972d717e580d420a7d3d666682223277a40a05d2e85c36,retained
cnews:4865,4865,教育,98a96b6b579430e4ec21730cbcb1ae391328b0b4d3a1f756c0e22d6e1be4f023,retained
cnews:4866,4866,教育,42bccb94d6fa31f51387777404357c29b95479c94076a065457d258f93a6a101,retained
cnews:4867,4867,教育,af1e0c86d5daba10ba324abb7e288f58dba2c5f8c5c5c1c51c0d841adda13a96,retained
cnews:4868,4868,教育,f9b3512ac0276a41e12aafde415cd95e2168bbd17cef920611923e7bda2f3aa4,retained
cnews:4869,4869,教育,d4ebfe2b842d65d5f5ae9c70e3de7110d338f713c95a9e4adcd1603af95cf220,retained
cnews:4870,4870,教育,8be095c891ce5d93abeeef6d4bfcb357ae3237b564d1bac6eb318f7cf0fe5f8f,retained
cnews:4871,4871,教育,a523bc3de0bd80258e2b4223f4ce0ad88833589ab5814827680f289d68d5b8c9,retained
cnews:4872,4872,教育,cf207bdac46c9effdcfc3582bb22b4a695c986f5177c2956884eda341db6148c,retained
cnews:4873,4873,教育,8b45c8855a288e94ab5bbd7b1744cece5549e39fbb638ea1e9eb1342ff7ed916,retained
cnews:4874,4874,教育,e5d296de37eaeb05c1b19765979e72fe96a86629f953cd4cc542153ec1e9d830,retained
cnews:4875,4875,教育,6058e4faf7c16fc3f00ca1a3e96e1bc6a1176d407d26bd681ae65828a1375126,retained
cnews:4876,4876,教育,9614ed368f67b6f63faca437ffa36ec876ab7b964dbfb747d88e88d402a37841,retained
cnews:4877,4877,教育,0fbb25d154d869278314c55490cf1e7a7a19895f34acc01e49d4cbf2310c294d,retained
cnews:4878,4878,教育,8b32bddfc26b96815c8e7cbb68b495eb7aeb73c68112c824db2264c206deafcf,retained
cnews:4879,4879,教育,2a9443af07af452132f49e5a26d8b0f05bbdc7fabe0177159d2778fc70dfc7d0,retained
cnews:4880,4880,教育,eddd9100c35788c6822cc3bed588bbc9c52e3478fb01e9aafe6d342b264b5f61,retained
cnews:4881,4881,教育,ec6c0b3f7270ce027a1a02fe74f31287127b3be8152487f67158a11bbcbdc5f3,retained
cnews:4882,4882,教育,c6cd68e6598f195bf0847861a4ab6ebb423ec56c80f1999aa15f12c5855f159e,retained
cnews:4883,4883,教育,6718f9def18b33f1836250196f6196e5bdf6849d21c70a7d172ad9d6209c4ab8,retained
cnews:4884,4884,教育,ec0c0259260539cb0494237ad6af5d2ca82e140cdb14a647941c631ac90fbbb2,retained
cnews:4885,4885,教育,b29137436957154f4c94743e5dcf9bceb9903a998c00ad7084475823e55f6c49,retained
cnews:4886,4886,教育,5b0b322773eabf82915db3d8927c5899e8a21fcca3bf8bf96802410895383bb5,retained
cnews:4887,4887,教育,307568f8c595e4175578ae0539c03df5e10bab2106c57bcbff3174e154e3ccd1,retained
cnews:4888,4888,教育,2a712f87ec94f6c76fef8873e7f5133ddff9a9ee7e651b83cc3131b4fad2e869,retained
cnews:4889,4889,教育,408f45c7d1f314fec89d034042de65cde43d3cd27a7869fb9a571fd1c3af14fe,retained
cnews:4890,4890,教育,d2aa55b6992e9236f61864776b346485e05bfcaf1833994c6774830364a4dba4,retained
cnews:4891,4891,教育,11ec7ea8146062f25ff920427b680b44e423165182a761e08c54df94ee187352,retained
cnews:4892,4892,教育,f36ffcf6404be3355b34506b1527e2a8df1089aad6638fafe287a0f1573e6100,retained
cnews:4893,4893,教育,5f415219661b81e749fcfd3069b17fc57fd126d8c03cfe161509a2e31b61e8ef,retained
cnews:4894,4894,教育,c396845038be0ada179936ccfd0bbbbc72f1e19551506e9d9e9de76d67ffa233,retained
cnews:4895,4895,教育,de47a669a2d17871f124fdc9812547114c9e3c72b6ff210da20c116563550c3e,retained
cnews:4896,4896,教育,581eac7e8710ed9e18c8c6d47d3ddff019cf60d2d92fe386da6407daa9112549,retained
cnews:4897,4897,教育,44a7892ed254c021449d2182c55fdb0053c4a401c0d6a3e0a0fc44013d63206e,retained
cnews:4898,4898,教育,a1e81a096d35573ea1efefc8009c2c2e74d09e8b76b834580150a7741d47758a,retained
cnews:4899,4899,教育,7e813844215def8ca8dabb61c7fd529c44d5c505848a29a4abe9f84d673f69b1,retained
cnews:4900,4900,教育,8a0eea7bf2fa18fc9be1c6f1714ce036f54ebc585d75fea6b9393efb4aaa8e2e,retained
cnews:4901,4901,教育,fbfacb665a8a3ce1de85a0d9904b9bce656f2fb1e4207d3c2c307cba416b4cd0,retained
cnews:4902,4902,教育,ac993b79b2dbef32c45889a90900562d4cfe5e168fc4ada2eae7e609e3dab7d5,retained
cnews:4903,4903,教育,d9da5e025d4cc1b8809e157514ae7df08c889dc556de5b90d5356028dae2897c,retained
cnews:4904,4904,教育,449db2ac39a63ba9cfe379bb4f3ea9a164db0843847e480da9db1af70096af5d,retained
cnews:4905,4905,教育,3b41dc1af431d9d2872843364bd3667759da3fdae6af0b0e4b4432c2129f9bf6,retained
cnews:4906,4906,教育,b3ac0010483939a44db0e769dfd39215f1b76e0766f7e3d3e6158fdeeecb7901,retained
cnews:4907,4907,教育,82178a092b0fb00394f120c1ef1ed3d458e8b8714440c7cb854165f0c314ddd2,retained
cnews:4908,4908,教育,c96865a6963a6bc1f5ad477d745169c6402f40f7ed36d7a5c10b31e7d2ead994,retained
cnews:4909,4909,教育,e232a5380b3e6b0f21bece3f0b0904debe83182f79de59400388382fe54d5740,retained
cnews:4910,4910,教育,e648f23441ccb1f28545c94ccf63ecd63371ae157fb9aeac57bd0a20726ce50b,retained
cnews:4911,4911,教育,87ce0515a2188587bc9ba1e5b467616837c607a1d90ef983240e2f853e22c7f5,retained
cnews:4912,4912,教育,25caecacee929bc53eac840c8bbfd49e2ed0f1715292a0f1ef8b550eeb15e245,retained
cnews:4913,4913,教育,2657753d651c85c0d73585ad939579b03a31a86106eb424f174ed8163d3428d9,retained
cnews:4914,4914,教育,728ee985edb04c1b6b18561aa33ae00440e4435074142e0f028305d770604bbd,retained
cnews:4915,4915,教育,980bce7fc029f334474b818bc45d39a928d5324cfd0d098cd98ac5e59b66725b,retained
cnews:4916,4916,教育,d0004be7262421795f87793622c3ed461cbc1cc293fc635665d27335d58082b4,retained
cnews:4917,4917,教育,b862469495e3b806aaef1a3ad40f090be758ec64a22029266ad4a986a9bef63d,retained
cnews:4918,4918,教育,7795c4bde99615581e5d28db8e042cd34039efc1685642b7b458aa21a32ce01e,retained
cnews:4919,4919,教育,65aa981a919b6719fcb7f0f9e39c25433e90a40fae4e99f539324226f2654f21,retained
cnews:4920,4920,教育,ebf8091596a684bbce0f4eab5a30f6e7542281c8325390842c116610756faf4b,retained
cnews:4921,4921,教育,9b4e1701ec09d2db44acd54f9cf0c1c328aa81578a71076c45483c1c0e5a5ef5,retained
cnews:4922,4922,教育,dc33b33ade794089ddef739cb4a6151b14ca13e79451cdc3ffe4737ce47cfff4,retained
cnews:4923,4923,教育,6e21ad5ebf5124e61b0756badb1b4962d5cc067311f26194818f41e85220abc9,retained
cnews:4924,4924,教育,144b5f84efae7b248d62d22a799227d7c2ab1c167e06a3667c3ed41b0ef0651c,retained
cnews:4925,4925,教育,6bafba07c4ebe822af73cfa714b945c4fcdf0faa3fb61bdd5d29d9b0cd6b2aec,retained
cnews:4926,4926,教育,fb1c0fda2d790668bbd3b35b63806f038668edd767a43b0af9777a4789522557,retained
cnews:4927,4927,教育,5087f4f39894e2a45c7bf4207f10ce99a3a7b0cc4d606884360faab520dba944,retained
cnews:4928,4928,教育,a369b64b75d7e4f1a5bea3692c852b894584268007508fc2268665f136884a55,retained
cnews:4929,4929,教育,6fa5c78ba52b12e837014f5a0458ee6a0b49aeeb83801a805b116165377151a9,retained
cnews:4930,4930,教育,2cede7ba7ede470cf138071e2edc897702c64f6ebad77b8a6ba590c4481351c9,retained
cnews:4931,4931,教育,8406eb1a94f35bceb5910eb81a6f0081ee1a40c9eeda61f63d9822bd05dad6a5,retained
cnews:4932,4932,教育,39cff760853626c09167f1ca769277df43e570ede71a97d9f5aa18fa9a912a7b,retained
cnews:4933,4933,教育,3d02e9532110ed6c9e9600e3c220d4262eea2880f3aa3dc6b7664b5b55e33eba,retained
cnews:4934,4934,教育,34c5c502f9f027102f4dd2b07c99f63c7cf941cb1333bcba76fea3df6f2b8bbd,retained
cnews:4935,4935,教育,32c3bdd9c48d42f1369a993b20eab37c1db775ab20a0d3e44d84e13a817d77e3,retained
cnews:4936,4936,教育,a9a655e53012500f70f4c16a92c4fab5e1176772c43b08ad190f0fee8312d195,retained
cnews:4937,4937,教育,3fb2294f052b81a31f9971db1b3938afbe8d37f12676ccef21cbe3ad51166e3a,retained
cnews:4938,4938,教育,21a9df423d3ba74f1aadc957d3a3a2d4256f7d57757bafbdd7178e14cb76500f,retained
cnews:4939,4939,教育,2433f868bf4538a0aeb5a0f1d20b860003a4ec329fb51a8793629ef25a45cbc0,retained
cnews:4940,4940,教育,4b455dfe952f248ff718dac03580b1e3dee884d65f5f85c7d1eb3ce0fb1bf143,retained
cnews:4941,4941,教育,542593a3921d91159efff770a7b97d7e8eca9b63828da0945b2a1b0d25d35c43,retained
cnews:4942,4942,教育,64d12c6d3ead582b1e6258389475c7b44f677b784c7a5e13a0c8dcabe93b9218,retained
cnews:4943,4943,教育,a282ac6ed6f117f966464335026b273061947b7a53c7cd7794140e74a3b13eb6,retained
cnews:4944,4944,教育,a9e718be0e307c1ade3240b66feff2aabab27087005cc672cf226ea34d0cbbf7,retained
cnews:4945,4945,教育,212a755eb882c09d5404c2ad4ad808ddba439492ba2cd013d8b0e2fdf582cb0c,retained
cnews:4946,4946,教育,f66045ae468e63dc01c9e75bb07cc28416d087dd72902b13cbec5203e44f5414,retained
cnews:4947,4947,教育,9f4b2f00b45a19fe5487d8139c5b9db5559853dc35506f070fe43025f80b1043,retained
cnews:4948,4948,教育,1f4af59bfe9f8ef7b518035a89e9e6a385afab6ad956f00ed7534c5848e8089c,retained
cnews:4949,4949,教育,092e249c78662df1369650f75ec94d625f97adff340edfa6e00502faa6f7c4d6,retained
cnews:4950,4950,教育,b919615becc57ee9f912a35be59cfdd36907eab3feb8d8c022c03b2a1d794f9d,retained
cnews:4951,4951,教育,6375a87029c56447c2c4b62c033fa8b492422850878a43e5834b7f4be090779c,retained
cnews:4952,4952,教育,157606be6f1c34cfca6054362b1bd1c73c5b34bc22cade9840f07ba464dcc7e0,retained
cnews:4953,4953,教育,1b003ef03400e7b2744c93a43acd5e89a4d8cd995fc50221680bca2cd0c28337,retained
cnews:4954,4954,教育,69f5b48b2a48bb3f4beaed33e013360abd389eee39b5707e78fa4cb9563db377,retained
cnews:4955,4955,教育,5119317ae9549b97621b29a0123c7a6b9c9cce85e16faca2d9e631923ef220e0,retained
cnews:4956,4956,教育,60d00c98ff094ae487c5c531d01ada0018771ba5dcd0ad53303c9c5b335f588b,retained
cnews:4957,4957,教育,da3a390228ef1c4648f56a1d56c4b5604727d2b64197937d086a5c40876f9453,retained
cnews:4958,4958,教育,504adb379ebecf52f138cc5cf42813337a65d37200b1ee62ba3dfcf7c9060d20,retained
cnews:4959,4959,教育,214917d1f7ff4a1d1a0f6d17b2380a573a5efc272c98be32097b6ec82c77efbc,retained
cnews:4960,4960,教育,7df806d38c7c8689393dbdefbfae837c45934569538c9a0576f974220b14dcdd,retained
cnews:4961,4961,教育,a80c9cdd3d76e628b1a9fcbab066a49178e018afa578e0658e1b63adb335e079,retained
cnews:4962,4962,教育,e89fe2c54e778a6117a317e59772b86483917fc4c23ca4ced7dbcf141c1f91a8,retained
cnews:4963,4963,教育,511220c5126ba5c02a0f3e9513d5be049f7bd7f42c8854a4927729d0d3f91ad5,retained
cnews:4964,4964,教育,27dd177612d76ba96a4f6006f2f03725f906f1be0a3d130fb4fb11307358f382,retained
cnews:4965,4965,教育,a7f85aa450f922db61b5aec23d94a4b0f442b9375d64ba915250173e3263ca3e,retained
cnews:4966,4966,教育,2bd1a417f9556cbb1215df322204074efea9558d9c6202508b2ac7a182a24b05,retained
cnews:4967,4967,教育,7bf9a27c4e284098dac9f4720b3d787cefedc6e6768fd053c66ecab8a97aaded,retained
cnews:4968,4968,教育,3d488d2440c68fe9d3bd56d71088203cb44c769ea07af1885352cc8d6963ebb1,retained
cnews:4969,4969,教育,31da6046b951e6e0705af602804b7f076830e6bf9c04c2a811cf92f09c05b44f,retained
cnews:4970,4970,教育,8343dfc486c68421a537734020442232180d0e257586a9c3d99afbac3f938ff6,retained
cnews:4971,4971,教育,88237a06c99fb69b1cb7ac89c207fde926ad107539d4c893d58fb1288b86b921,retained
cnews:4972,4972,教育,b603894ba11381dfaf8ca30f77ea5441ff4933856d118bdf8a1da9ca812abb7a,retained
cnews:4973,4973,教育,120cf23a43b469fba9e48dae7c32dff34a7e5d0f8cc0b382f193166266ac2b61,retained
cnews:4974,4974,教育,4cad1eb499018a8ae6f52cb5d7f0cdf8d95d325b7cc271858c251da27a181b9d,retained
cnews:4975,4975,教育,8d96487adb34ddd98e0dd260363c056b79ac9243670bedde47dcadcf2d96f67a,retained
cnews:4976,4976,教育,555ff76111069c6f7fb80c5182c8a75c5051d2c427a7690de7444485083103d7,retained
cnews:4977,4977,教育,bb1c840df909537680db3397c2783ac20e630a7399ed170482fbfda06c6b2a90,retained
cnews:4978,4978,教育,f398e7742f52892be3a2a15103d3f35b7d80600b4f44c3c65663182655f80794,retained
cnews:4979,4979,教育,c971cd7e0a8171fc1b5608c4286b5f0a66d4c18bf17ee0e797fe0443ad5516ed,retained
cnews:4980,4980,教育,73fe16736b933615ae19941de08ca28557bc8ee4ab865f58753f62f842072624,retained
cnews:4981,4981,教育,e6c1798ab47ea6bc2157eff21d8741711fc296b6df91f33767c672ae2b1c4951,retained
cnews:4982,4982,教育,bf7768e88a72ce0ec31592e68f05c679c3eebc99ebadfe8ca6532b217f03b05e,retained
cnews:4983,4983,教育,ce28f4e653199d15affd683789a27b37c4f416b0c42852ae6106c8fd4b727ec8,retained
cnews:4984,4984,教育,b0d7722872a68ed3a27feb3362e372c10327c1ebb48521f7b0a4a42eea96e495,retained
cnews:4985,4985,教育,471a8153ad891445ac1ff5555678e69ae9f83f013260787189a56efe280e94c0,retained
cnews:4986,4986,教育,989f4aa084825cd4d91c0b2e49e03a0e87a7bc66a715fe89d9972da349846430,retained
cnews:4987,4987,教育,52290b9daf1b4bf03909b86c0f41592e36d8b201321fcc29d9ae92774b325f7f,retained
cnews:4988,4988,教育,160b52f2b24b5e0eb34f9b187db8050170615aa62e00546e68fa0d5f0af1d5d9,retained
cnews:4989,4989,教育,b68dc9bab0a4c514d6c2f462d1c14f11f3e99f91a0e5825c93572e2f9460fe12,retained
cnews:4990,4990,教育,4ed610ae85499b0f234185777be98f441d96b92bf8d042f6d9f6ec85e34228b4,retained
cnews:4991,4991,教育,95bac398e4cc6ac0721235339bc2ff8cae27511bf6e5aedb37bc3d1b4bf32f4a,retained
cnews:4992,4992,教育,9bb088e998514bc8545f0695831606de4de1663a93bce085243541cb5e87c55b,retained
cnews:4993,4993,教育,06599d38ce943059f88834a1d5073b3958266deaa6fc6923060fb3520e24ef29,retained
cnews:4994,4994,教育,f32f8c4a2a77a773222277369d71df42ef7811cbb0af9592aeea4062bfa4e2a1,retained
cnews:4995,4995,教育,11ad25984682049c0f3a0d4a3038005a7f9947615b8347f73a71eb667225fa38,retained
cnews:4996,4996,教育,c7efe35b533216d71e7e4597b4749f9f765b7a7e02b1bf8b8468a1502cc25a30,retained
cnews:4997,4997,教育,c2864bd966654a02d38ebb9b4ea7d4d9a085684c3a710813d102db08453684d8,retained
cnews:4998,4998,教育,fcee07168e73de01492a5066acf49ad270ca3ed29bd63e09fbb837c692dfd609,retained
cnews:4999,4999,教育,5f5268a327bf661039d81afaa05c713e617c72ae345a8a0541d3557aeadfaf08,retained
cnews:5000,5000,时尚,5c90a667428dc03132aa2f5db5597022f8a14b9fdf0b9be4b4365881008034ef,retained
cnews:5001,5001,时尚,c4032d72b4c89e0784e6119671106d81283d60bb8969310e571f7c7a38b7d53f,retained
cnews:5002,5002,时尚,aea919edb3f92c9554c65c268070fbee17bc97e3f1ac14a552d0e0d55b390afd,retained
cnews:5003,5003,时尚,66244dd8b4025630816faaa35ef48be702bff012a89bd9824b60b12322398490,retained
cnews:5004,5004,时尚,c37d2a6309a79ea688f1a4cfea6257209475a14381b9c9bc05e2fa8197aed05c,retained
cnews:5005,5005,时尚,7cb84d771ec4dadcbdd2e7fd4405a9a86ae8e4e35699c18dc60d15998d9a698b,retained
cnews:5006,5006,时尚,64242fb4379aa67245042fc23d2f71912a21bf1c526f25d2e5a678df7876c0b2,retained
cnews:5007,5007,时尚,c9b871d7b82f0a9e4a70a662cf280a877e20e492d212d646ff251696383c54d0,retained
cnews:5008,5008,时尚,278bb8d6f0779eba2488980ded010f4c7d312b1b5013143f720a159f656c54d6,retained
cnews:5009,5009,时尚,a2cec0743f46382310ae45fa831b633bf55768704bef86839ce5ef6cbff6f32c,retained
cnews:5010,5010,时尚,45b97fadd6878d0b9a09f3e4dcb0048ca24e16aafaffa41b1e4fecea5e9de2fd,retained
cnews:5011,5011,时尚,fbc6776a4c32927f29f632d472e8625112aae7019a8448ba64a53afcb8a8020e,retained
cnews:5012,5012,时尚,36a25d756c6d9a30a3c64d6219259064761fe0f6c5d4895bfe29496983b2fc61,retained
cnews:5013,5013,时尚,18949d7c7e30135df92aefa40d2ffa0c183b5784de1cb17bb118d62761e9aca0,retained
cnews:5014,5014,时尚,1bd87fd0d552a8f21f3e64aa0ae59103dbb4506098b78194f303bd1610f0037d,retained
cnews:5015,5015,时尚,e64532121588dbabd9c1e2273d50c6dc8b922f633824a2e293f382b436f04e29,retained
cnews:5016,5016,时尚,09c6fca6797f1dd627aa8aa02f857486eceb380efb4870355d1c308a3488fd6e,retained
cnews:5017,5017,时尚,24b97b4ee4ee9e06bff3fa6e9e32d76e2b66241ad2e191bb73b904c07ead5857,retained
cnews:5018,5018,时尚,d0de515d78d1b869c610c3d8aab0058557f4b78e70b99a597c2c266252df86ab,retained
cnews:5019,5019,时尚,fed1ef0bd5c25e6ddc6600b8ee625659838d997e9eff746af13f8094de8973a9,retained
cnews:5020,5020,时尚,14f4b1e12c1dfd05d5ccec63d6fd461f6bf3dcb1b4f09ea651435e9f4ee7cdf9,retained
cnews:5021,5021,时尚,52d7ea1171693e4317d6603da5bea661b658dbbb1eb1692e81943225339221f4,retained
cnews:5022,5022,时尚,e8495086de46bbbd10d7dbb3e00b1f4f885431fc99a85aee66661394b84210d6,short
cnews:5023,5023,时尚,7c78160b7d0a80894c275b9fdf6423424fdfdda0af492e85494d3b40b7fd26b0,retained
cnews:5024,5024,时尚,29556eb34418c03fddc1568c9b6f694b3e530ec3aa87f6117fd285b54ad15946,retained
cnews:5025,5025,时尚,65cd15b89a95024ddad45d757b02938f94568df0243d818b22036216652f1789,retained
cnews:5026,5026,时尚,aa7e82b6cf33fa85cc4f66a167401ea9f9827bfe7ae789ebcecab96a69781738,retained
cnews:5027,5027,时尚,8988eb76d40d837c382979b66022b1303038199e9e75b58cfcdd9a0fbcc3afb7,retained
cnews:5028,5028,时尚,3daddd022a6ea825944851737197798001a1613e155486437b43b90a6700a024,retained
cnews:5029,5029,时尚,3bc469f65d72cb0d08759040b64e2a05008b6577e2f5ba34867bf3c52983ded0,short
cnews:5030,5030,时尚,1575cf632fc34cf3409c21eb5ceee95be627a1ddfbd110a164e230ff10fc4ac1,retained
cnews:5031,5031,时尚,0c021287c2a9b684587a5e0925f56c281af30fe9dd32ce6663f9b492cd748571,retained
cnews:5032,5032,时尚,ffbc6822f6ebeeca7aaf28496f95a61564c79ec841ef731d1a01111c22bc3cda,retained
cnews:5033,5033,时尚,643a8f408a0127f114bfcc0910f7c348821b73a05618e253172d48fc71b7c43a,retained
cnews:5034,5034,时尚,541bb4f06e561fd76ea3dc8d0947673e3445ad9cc8d08366afb6a2e05a2de152,retained
cnews:5035,5035,时尚,c85506eb8ff227f0ff6be88227862ac0aa305a0a9aa9a43b86345acb6385f448,retained
cnews:5036,5036,时尚,dfb7c9746aded00a037179f39583a712c052b523b0e1d260e62b1e9ee9fddd80,retained
cnews:5037,5037,时尚,4b938cf94f0fc3812ac38db9002e0e11f741acb1cdb16e795f45c3cdef8c19bb,retained
cnews:5038,5038,时尚,f18eefe1f161128f70a18ee8f4e78029ebba59564933dd155f66dba6e65342cd,retained
cnews:5039,5039,时尚,74413001e70d38cbf11ed11838a672ca05792d76340364e09942b72cc8dbaae5,retained
cnews:5040,5040,时尚,f5a33d5ffbef90479b69c2cea46e73fe6abb0eaf0917cc89e4ec98d9e0ec6787,short
cnews:5041,5041,时尚,50a740e2b2111b1b13d801632064006e7a25b50434a90fffa099bb41053e04c2,retained
cnews:5042,5042,时尚,d65003f9e10389fee1fbd43fa5267561aa273f4c9b45c758dd931da0293a2841,retained
cnews:5043,5043,时尚,bae9c5f6986fde594c1a4c49c905cecb36a127cd890df99bbc34b84e9e7e2258,retained
cnews:5044,5044,时尚,cdb7c6b389c028fad5d28521c74a0f5c8c6ef5037044cb0a4667add53d83419e,retained
cnews:5045,5045,时尚,397d136f42d06f1751f1e9d07e68e9d9f6427625dc8bb5bacb5aa7bf26551691,retained
cnews:5046,5046,时尚,f905f5a2c5c34b000e12e03ba2a2e5c7aabc1e980c27a9a028c83623272fe677,retained
cnews:5047,5047,时尚,e95fd3ce8bbe5c7f7fc43401112b6c04fa80bf72314431532e6202d3fb587019,short
cnews:5048,5048,时尚,ff69a1d12783b70fae0d94aee87020c86c3e3bf30d5644d5f2acb7b8b4af1538,retained
cnews:5049,5049,时尚,49b9f915e88b47dabfaf253822e7f018ba3c172c6ad218f2d6040ba2b8b13e8e,retained
cnews:5050,5050,时尚,350170e2eece33722d7d24842536d399e60ced2709705c2c0f67ba5d7169c189,retained
cnews:5051,5051,时尚,b410ac88224579dc26c7407d37a928453106ec07cfe1737a45e870bf8eff991b,retained
cnews:5052,5052,时尚,504dbd67bbaf51eabf5b0882e07ab5d2bbdfb7e7e372a18419ad0c4591945717,retained
cnews:5053,5053,时尚,99eb8731d1607b85ee994e982e40f584be7c78cc3ea1e3d5118cac99fb8bf217,retained
cnews:5054,5054,时尚,71681ee0986272fd86ca46a65e1b446501a014881b8656ffe65c4c98f8b69222,retained
cnews:5055,5055,时尚,cbf38dafc2de359cf9b613acae550feef4ac51fae4311ad622a9749bbb2dd7a5,retained
cnews:5056,5056,时尚,565b150fbaa2d966f593872c51b1e548d8a10b41715573ad817d60e55d97be72,retained
cnews:5057,5057,时尚,b1f6624ef146af91b6f2af39f1a031cd9dae4e09d1062d25817c496ddafb17e8,retained
cnews:5058,5058,时尚,0b61f0d1eb1ae33dcdd3253f275a1eb51412625bf477b27a04e0323c9539fb29,retained
cnews:5059,5059,时尚,c345019a18133da24536d5289d911d254b9816bf0e2901141e60eaeaf375c488,retained
cnews:5060,5060,时尚,d927e4933551f4a0e962e49d974fd902fb628c51542d392283858b5360c87a82,retained
cnews:5061,5061,时尚,a6096863ad95d7b517238aa76f6bd3d6a075c81cb16a506d964fce8919984c44,retained
cnews:5062,5062,时尚,81b7f7be1368b244e4e11d7c578d4f96804f8ac78afc2bc4539b2d8de494c1e3,retained
cnews:5063,5063,时尚,0c645c48ad1944b004bb1ac04b2111dbd51ee8336dc52100cf44bff5fcf8727f,retained
cnews:5064,5064,时尚,f77c0e29ddc1025123e55165a948d7a8993017e89b5d8037cc69d1c4bb4adcab,retained
cnews:5065,5065,时尚,fa89aed20e60fb606bce856e10fe5aed4db26dd8503334b04f6149cc528f8f44,retained
cnews:5066,5066,时尚,aa23a8513c54da1b523f4f26c4ec9054c0e15a1453947ac7a6259b53e1e7b40f,retained
cnews:5067,5067,时尚,bc2882e77f8b2867e834b789a9a6b4b7001fb33a6a621664febefe18eb4c470c,retained
cnews:5068,5068,时尚,bf198390b0783fa53275bf41b430d297f59918d1fd5fdbf7861b642ced45495b,retained
cnews:5069,5069,时尚,8e2d2f01dac0c990a21af633e371e7afe371b70dbd91d5a0f0b949273cd058ba,retained
cnews:5070,5070,时尚,b01b905f2a030ff3abde65ff7d34a61d88f1b6a5185d594fc44f7ae68d7e6abb,retained
cnews:5071,5071,时尚,804b5c67aea3725b6e2e56c5cb88c2db0ab960fe24ec8b66f0fb2591bef70525,retained
cnews:5072,5072,时尚,e1dd7656f62c2d84117e401413f7122801f9c8d51b17b5aa6b95e3c2da2bfe33,retained
cnews:5073,5073,时尚,206f1d967b84cd3c2480dfed776c6b4eb9f3293d288d909f13345e356786605c,retained
cnews:5074,5074,时尚,925efbe82220790a3c4796506bc0ed2fff66a7c8afeaa1e1dab3809896e3db99,retained
cnews:5075,5075,时尚,1313beacda0d302003d0ca3b5fa36e38d86ace1ac0a2df92edf35df9439b036f,retained
cnews:5076,5076,时尚,b4a2d61fd7931f6648e93f64ae377ffac7518e854d33c4e94ef165650e72821b,short
cnews:5077,5077,时尚,eebfaca3f010fa2666963f201b3dc1a6aa9cdaace8439dfb74149e43cf184c0d,retained
cnews:5078,5078,时尚,e168854289718e11b56c5eb160438c7be006ff5871b7af7a52684c9317725119,retained
cnews:5079,5079,时尚,9b09f3f3dec554c708fa37bfc00a717bd1a8880a98363a34dc3c41571384d3f2,retained
cnews:5080,5080,时尚,b2ef26d7a63e8fb5966b48b02724d4e43315542f77b8e32df1796948630f9c9a,retained
cnews:5081,5081,时尚,2a111205e67b8955f0dfa8d811fd1b2138cb3d3440c118f96f3d7edc9e4e5c72,retained
cnews:5082,5082,时尚,cd4b45923cc8b265cc8313f27396e0acea6fc101a6433a96422f388cfc40dfa6,retained
cnews:5083,5083,时尚,e7649a3b97a077652c08a4439c3c47b6bda5960827ee1d2e2039d4e2ec850eee,retained
cnews:5084,5084,时尚,5782591e73756a10ffe41fdd539814d0fb3f738f7e9d01d2eabc9c5696981799,retained
cnews:5085,5085,时尚,2e891d567d83a9daf44035215e83d758eacc5f3e2b60191f2c43182932e3e2f6,retained
cnews:5086,5086,时尚,76babf81d5591414459ff8d32204eaf660bdeed5ebf36cf720d12505d3e4dadf,retained
cnews:5087,5087,时尚,027b96bd61bb038ea3e571e2c08c46238b1b3e0926a36937f2cdd5e31e6b071b,retained
cnews:5088,5088,时尚,375adc939e0d6c0bdb84f114724420b50dbffa8c7158709456e68110877dc843,retained
cnews:5089,5089,时尚,01faffc2a83509627ebfafce333538abd62d57f422ab5b69ab40e089294c78e6,retained
cnews:5090,5090,时尚,14130bc4034798c597bb67249dea2010a330a0af6d6273a8ec1db02693ca54ed,retained
cnews:5091,5091,时尚,66e52c157230cbd88f9b415c5cf9215976aa0eda4e7db41d801745e70ceecaea,short
cnews:5092,5092,时尚,e17404f95895ab6c6e3949fcb8d20513c05a7b0bb8b75250ecbb7f4d0f6c3e5c,retained
cnews:5093,5093,时尚,2aa08b39fc19d55971efd54628dce2df47f110ac4a64802463d000cabeb9d53d,retained
cnews:5094,5094,时尚,b7c9046932a61a5addcaee4be70768fc790498d668de45fdfa5cd1800f886ee8,retained
cnews:5095,5095,时尚,3283293fb204ccb7411df79e06e8dd977590b1789b05b229a1d62a540a5d491e,retained
cnews:5096,5096,时尚,9e0e0e4755a8b3f7da7b81bafc394e600547c471efb47034443df24f4d7ab6b7,retained
cnews:5097,5097,时尚,84c0e0c33225d4c84d589112982c352cd7b5c4b46aac1709755f9462158ec35d,retained
cnews:5098,5098,时尚,f83a231ffe054e3a34a1007a5b5846e59a7372c1bf377220f83da991365b6574,retained
cnews:5099,5099,时尚,5cbee5cdff6a427da0b1931a1e7066f82c1c214633aa38f84ed67f5c6ef6c371,retained
cnews:5100,5100,时尚,1925989b5b96d349a2f0e43e84f669da941734a94ae4e33818cfdf2d4f1deb45,retained
cnews:5101,5101,时尚,8d091f9c7e67403779c0dbd242142d8a43b8a1a8369ad3e3ce2d090c0b6dc9bd,retained
cnews:5102,5102,时尚,f45685e982188bf170961acfa7659bd410d36a9b1ed37576a6ee375b84e26497,short
cnews:5103,5103,时尚,d62230258592f0e2d982794a113f79369f7dd8ded04e8579dc1616403b3a8665,retained
cnews:5104,5104,时尚,615c31b6e25909e15d244f8b8c5b4d7c4b2eb354d2641f8f4b2fe9feb1ce9848,retained
cnews:5105,5105,时尚,e5c44b6d8a8c22b3e140c750d3f9019bebbbf6007a9cfeb16969718b0709b17b,retained
cnews:5106,5106,时尚,d7dd0a479db100e769594b76f9f36364fbba82b23b49d9af756c3401ec7318de,retained
cnews:5107,5107,时尚,90d1cd1ce614270731834a2cbfb928eb7847998902903d04c2ce65b62f92820f,retained
cnews:5108,5108,时尚,8b505aef0facfcd7e4861cc8be07fc14baacf11f9dae6a1cb6a7962519667891,retained
cnews:5109,5109,时尚,d6a0f61414f222cca61bf4ed87315d72a37c7b620668b3928e798f63fb9151cc,retained
cnews:5110,5110,时尚,e213be950b14cbff89baaeb86abe825a671ee56ac001a45f633ccae4015709c6,retained
cnews:5111,5111,时尚,dce4078761d1bbf8a2a64041b1be0881de457cc99cccfead1703acc4b4c87f52,retained
cnews:5112,5112,时尚,7ab1180fc131908194e07e7ac1f864e4bce9843ba798b6976ec3832abbf9efce,retained
cnews:5113,5113,时尚,2096d322058476e1ecc5c6178d60056863d9c72107a04a1f983d9b0435f50e4a,retained
cnews:5114,5114,时尚,597d649f2da56df6ea3338f5e8aed09a79d78d8af39399b6042ae77818577e8f,retained
cnews:5115,5115,时尚,469bd07bc1e492dcf3e606f885b85a331e081e84a06b2183b127385d26c7d794,retained
cnews:5116,5116,时尚,99e08c5b2934414e2b62d2c2f64b51db61ef392d75ffd29466e394cfad225ae7,retained
cnews:5117,5117,时尚,623199657aa4c56b4b33ee783be9ebf9d1289d6ba010bc66e916b9d1fa18433e,retained
cnews:5118,5118,时尚,d2f620a8f3390ea24dea00dd6374cb3dfd6e45e70440456c0555ff0826ab1224,short
cnews:5119,5119,时尚,a171164c8b92c4ad9f94813db8e183335a4d3d96963a52fea9212f94121bc7ae,retained
cnews:5120,5120,时尚,5bdda7153b6b631348418c34abc297d0b1d8564e755dab147de17bf9f4811ec3,retained
cnews:5121,5121,时尚,9a8bf90af4114a7ca7cc377e79eed556ff980f7496d5fe1bc57219bb44d68534,retained
cnews:5122,5122,时尚,f260f067285415ca1910a41c8f3c969b178c0446321172477048f99adf693079,retained
cnews:5123,5123,时尚,87d4d2dd4fbd6febb1884b0c5a7ab1b2971802a879a515ef1044527cfc8b20d2,retained
cnews:5124,5124,时尚,4c269abc8915251470fe0904bef1ef3676da6b52ff43935d2aa1ee8234092c55,retained
cnews:5125,5125,时尚,c26ae1e3e32592e647cbab20ccfc8a337f65e65d2260b1d0a21776354d9d3f81,retained
cnews:5126,5126,时尚,1986395869e3102c0cb932e9a287f009db9f6b65d6202117e1fa2d0379cef624,retained
cnews:5127,5127,时尚,6c0271cce8faffffd958de209689b9f7a963857a474567fe7ac63dfa513e00ba,retained
cnews:5128,5128,时尚,c02c10d160233b15e6a891ac0c79467c8c979c467836b520ced33ce9d4808871,retained
cnews:5129,5129,时尚,50e3a3c5494605fdaaca3d7a1d7a24e67a3ef6bea5ce391eb57c63d6e6a016c8,retained
cnews:5130,5130,时尚,3e42eb7386f71eb8ff216e23a684dac409b4b3686a34004294c3625a9836fee2,retained
cnews:5131,5131,时尚,9889884abeecda8fee19049dd8b7bd4ac7ca981ebfe9507b673eef35db723fe7,retained
cnews:5132,5132,时尚,723bb62ec59f2af91e1091e45412b1eec5a6481da5fddab146a7d74f9856b333,retained
cnews:5133,5133,时尚,17039353dd1f3700208abb47c176cbf496beb9d4553dab5816bc8605c6777925,retained
cnews:5134,5134,时尚,1751935e621d47bb2466957479a41b08be3d7a356d7c314ea0820c81886a8796,retained
cnews:5135,5135,时尚,e5337363b120bd761d493c265ab834a1c73cf02397553a940a83a266fc1deb7e,retained
cnews:5136,5136,时尚,dacc49245fdc8993ea1cc15476bfba6812b6ec6ce46e840a2eccd01a6a344f09,retained
cnews:5137,5137,时尚,e76199f9f1d23d61af616658229fd93cf46bf23fef0819b440275bc7a416b72a,retained
cnews:5138,5138,时尚,ce1a58c34b757779af11ee34154db6a970a1765944f4cf91e6ba48844bb4ac38,retained
cnews:5139,5139,时尚,3a6f3d156d9be6e5eec580266a07ca596e504348408fcc81a6222d391fff2336,retained
cnews:5140,5140,时尚,a0d82ec8831d3ecd55975963434a9afda4357ccd12aa7151d4eafa8dfc9abaf9,retained
cnews:5141,5141,时尚,6bf3d72596fb929306cedc209a14db3fb0547c6604a2fe9214f7979a9569aee9,retained
cnews:5142,5142,时尚,3d8c3909131dd0f7dbbfc70aa6ccf01f210c2d42377e429148d5717b07e41b75,retained
cnews:5143,5143,时尚,d3342bb2068750871d45563baac2354fc1dbc010a8cb5884679a41d63300c959,retained
cnews:5144,5144,时尚,ac2d9ba7afadca4f2c70d0a7df401ebda1de5172cabb168bd41af4859f1dd673,retained
cnews:5145,5145,时尚,78c751328ab521bafa8135c3cdbb9ddd6267cb7fb5c99a925e23b50aa02e83f4,retained
cnews:5146,5146,时尚,7e038ae20455bb45ff30819a2500482efa6cb9c88db75a29cff54e168391537e,retained
cnews:5147,5147,时尚,a88f0d6982f5c9bba3c7a64a691ac5d8ce0a20eceb3949555df5fcb36c7170b5,retained
cnews:5148,5148,时尚,1905c4c44e6043085fe19bc7272312354c58d6f92d353a830eed792b8cfeb423,retained
cnews:5149,5149,时尚,19b755e71edb79bd57c59af5282e8dabfd7bb8701e1bb25f1a33572bef8ba97f,retained
cnews:5150,5150,时尚,c480a4f9c00b6314abe0225f2b06a2aff027425e195d3eb525f58269819888ce,retained
cnews:5151,5151,时尚,08588d36c47116940a9bc8f41f5d34da42b153995689b4304fc13272c57da4b0,retained
cnews:5152,5152,时尚,2e58f2f1d3bc3fc7e7b8ad25e3d2f66e75ebded1186c8cbe956cfd92ba6cf4b2,retained
cnews:5153,5153,时尚,79d07fba234cbd6ca47ee6cdad79620a3bd81b884edec613f911f8216fa542e0,retained
cnews:5154,5154,时尚,125b0bc7c8d62b9af6e7eac67ddaccd3e87cab92b7253d869462fe25250071f2,retained
cnews:5155,5155,时尚,9fbc98838a1bcd66fbb02e37d4925737d9c9bac6b3287a794bcea1470b2b299c,retained
cnews:5156,5156,时尚,2785fd348a244b4f7188ba8c52b3c97452faae0af08772b40fdde693a4ff0a22,retained
cnews:5157,5157,时尚,20345d050f1b1c1b5cf956fdffd9ecd390510c1a7b1e2db9c1ea35fa762e9888,retained
cnews:5158,5158,时尚,eeaf477d8a6edbed21ccb25db58486c91e86774580c21490490424f404c93160,retained
cnews:5159,5159,时尚,1c6fbe1e48c371d3803260a47463c9faee285bce7ee186a67cc093af40c762de,retained
cnews:5160,5160,时尚,5c0e736d19886155d15f5cbda4db8ab38a67246efeebeb375e96d596e9e5ce99,retained
cnews:5161,5161,时尚,b9ef3abbe57d3aa8a0ced568da5c003b437a9b37d7bd9d1a5134c95f67c2917b,retained
cnews:5162,5162,时尚,3415dee7da9a16eaddfd7ad78556a839f81067884d0b776aca432064e1e465db,retained
cnews:5163,5163,时尚,a1d8a0a90de8a76d496fc5b751bd72b58c1b6b18cd10890dd6e1263ab675a9bf,retained
cnews:5164,5164,时尚,b6211054e932700aa41647002e4e381421497b3d14c78170a845c8d3d58208ad,retained
cnews:5165,5165,时尚,eade6257b03a57fa3c53ebc7011f26ad512444612c9ffe54cdc16c05d12eb2bc,retained
cnews:5166,5166,时尚,b92e6c26041ebe10c52ce20302537f03b6a89e5f60cf4d43893937b2a757b9e7,retained
cnews:5167,5167,时尚,43809441511e0053f2e7a3b3adfa1ab018b065c1e0ad2ac7cd67cd8bc4a31aee,retained
cnews:5168,5168,时尚,47c8e31172200a7357ca18817192d393ee9204eedadbda5256fd53eca3e8162f,short
cnews:5169,5169,时尚,ca44769efb8d504c55d04fc3eb423e5cc4af775a18d85769271729b4fd147542,retained
cnews:5170,5170,时尚,8a38d0c963b2af5dfdad36fdf1215a4fce56ae72039bd4a93b361904db59c1c7,retained
cnews:5171,5171,时尚,4a33b5e33e956cb96949d4757b82b2ec35592bd0bc0b6f4ef11c4bbf8e1544e1,retained
cnews:5172,5172,时尚,7e7ce6d4bf1b08bf66ac6d8289aca345d099082e15d86dc90a46b2c27dd0af37,retained
cnews:5173,5173,时尚,c0538cf674b1bf2235e1a0cc6bc5a23187724b2a2ec2ae2ce610508dba466a3d,retained
cnews:5174,5174,时尚,28913c390d8097f22b4ba29824400a6eb5a14b6ee5efa0453223ff6399f8efd0,retained
cnews:5175,5175,时尚,6a9f26b471905550580ac2a30ff6532c28fff7ba341f485c102042a19184a495,retained
cnews:5176,5176,时尚,9b89433a09920c18fcbef1551dee67a6d4a873becab7c50286d53d5c5e03f642,retained
cnews:5177,5177,时尚,1c4542c0c7c72d71b33f4b6611418ae2123f8834199a8825b1eb7b40da15397c,retained
cnews:5178,5178,时尚,7d30f693fbbedaaec02da4056cf8dbf3b5dbd26da5e3ea72c3dc62c941dfd2e0,retained
cnews:5179,5179,时尚,db553b36e108ed2ba8e3c1d964e38e406aeed9c0dbcc16b303f85c3b1adb1c4d,short
cnews:5180,5180,时尚,008c3e25ff802aaf4db6e5b0e9672e01dccb4e4611d524133c2b9ace9bdbc521,retained
cnews:5181,5181,时尚,202cfaffe09eeb4a049ede3e4a62e248f01b22303f7e1a84c8809cc6b6425ce8,retained
cnews:5182,5182,时尚,e2829e40de677a5be99d25fdb1e9ca5599f751be4c2cc8dee0f1c133e2400b61,retained
cnews:5183,5183,时尚,f7b152e0f7613f3d5beaef20b689e0dbcbbc4143e87464d07fdad7d28eb559bc,retained
cnews:5184,5184,时尚,812ef3516d210388e78343e197820e1f777c49e3193b027af649bbddc5d9429b,retained
cnews:5185,5185,时尚,12d81e9b5df208664e2386a704ccbf7e8755762cb13b8f0e5783338faecc72e7,retained
cnews:5186,5186,时尚,f2dbf7950eaa8a63de7d573bdb8d11e7e7d3627bd721136cfa32b7233dac99d9,retained
cnews:5187,5187,时尚,811c669e7a2ef6fbe6bbfd442fee3859fba17864ccd3eeaa52dad96bef686e4f,retained
cnews:5188,5188,时尚,b85f6dc1c2dfef60ae9510ef10338637a74163a5b5b31734b61d325dc8327538,retained
cnews:5189,5189,时尚,0b47bd13afaa390e164cde0676b8ed0ca6a796502d9bafb1448f3849f2991298,retained
cnews:5190,5190,时尚,c7d8f0254b3a710c19ff1c00233b07a72471b00c8a112b71bf45c932cf8977ea,retained
cnews:5191,5191,时尚,b0579d7f89c6f8f117ec99c6ce2a20dd445ae537de6f3513391364521dabb890,retained
cnews:5192,5192,时尚,847f7f920a1ff3130be843a7e96d15ebea178c1aaf3dac919151299aa108260f,retained
cnews:5193,5193,时尚,59e919a6cf8e55d3ae17d21ef3b31024640629c83c0e3a734fe9d926099542d0,retained
cnews:5194,5194,时尚,7f9c2e9a815cc06f7f19cf44121281a05b4a68489a3e1cdf2bd11f9cc0e23b46,short
cnews:5195,5195,时尚,a83084670d102df79785b4ede4506dc7655fef5c74b7972359ff9f6b72a0cccb,retained
cnews:5196,5196,时尚,a54026910526ececdc93d06ca47012b63a0e4842795f677ca229cb728dbd2c53,retained
cnews:5197,5197,时尚,61af19caecf8e8a22985beb0f0d6c1ead729a574a240cce54eb9dfdc9e1f3cb5,retained
cnews:5198,5198,时尚,1b34dc35488b697a652fedb9c0ce0281ffa147ec8b740239fce6f2d35dddd53d,retained
cnews:5199,5199,时尚,7bd9a1938b060f8cdaa9898caa89d26e885657303222044b9131d033487096c6,retained
cnews:5200,5200,时尚,e71969cbe12eabcbeb89e56f721ed1a13f462aa80b43c9435a41115eb27cf43b,retained
cnews:5201,5201,时尚,f6b2222f699640c7233f0d92187d92b1b350ca05f5d18234538dad90020ee9da,retained
cnews:5202,5202,时尚,45d2fba2e45eea8770e3659065180da363e1130e03f47925a9f3db276a915448,retained
cnews:5203,5203,时尚,4bc32b638ccd5d7ab8246526497e394a1b04d2c9d8dfb845ce1ff45d7a2ecfcf,retained
cnews:5204,5204,时尚,8e03110b5e2ace66299cfbeddc6decc16fd0d005d2b22b0d08d6ce31250dc351,retained
cnews:5205,5205,时尚,64944f05af9744e3319a8c77ca3c885e0c6b498ec2e553c7cbe1111cd9d8ea96,retained
cnews:5206,5206,时尚,36b2c68a55b20119148146b8b027ac8b44f8237c04208b9559431a218fa0dd4a,short
cnews:5207,5207,时尚,428b487d163f9973223b25db74d03b023da6c4b69326a597f441ef9136da1d56,retained
cnews:5208,5208,时尚,ebb4d896564cfaf1b5264f14bde1145b364ad16b42035f3f570844d01c415f9b,retained
cnews:5209,5209,时尚,35ad9aaf15504ff1bd3ef6d25cbd2064a756c93cd94c6697ec12e9d0292193e9,retained
cnews:5210,5210,时尚,2142863b030830caff9eb5c55cc318bbec3e1a2b6359d90676aa316b1a22185f,retained
cnews:5211,5211,时尚,a972e0004558dcd46118ebd6bee5abb24960a56adbae1370873f4859a57aed55,retained
cnews:5212,5212,时尚,c3e9fa95e38b14dc304dc8402c0a77929f88bd6e325bc4165a2990cb8dfba6f2,retained
cnews:5213,5213,时尚,30e78f771cacb39e2f7d4f6cbc1d409c0219ce25e3b5931f8d7156df7e8aa357,short
cnews:5214,5214,时尚,650a4521dab8bf5173d3c11de909f5796118d1fa6031c08c2051e1736e087c44,short
cnews:5215,5215,时尚,9eb2589b25ddf32fdccf32bc50131004068c0ae63e4bfda4b71d234315c62595,retained
cnews:5216,5216,时尚,f439519985473bdbf08dba5e9e551bb7dd78a9d51a72847e12752c2ba5786fea,retained
cnews:5217,5217,时尚,c9f5e9486f1c3488d8d2d5e12ccd977cbac182be1ed62376f401a3c56b636a1f,retained
cnews:5218,5218,时尚,ff23e90215ee8c960710b7fea584418b00f631c6f728d08aef33587d3f944d98,retained
cnews:5219,5219,时尚,007facce88e1b62fc5a900fa693f17c05f127187c4500224032a0c6fa5516ad5,retained
cnews:5220,5220,时尚,87e26c0dc99793e25ba7058842cc451603ad647323749bf6c6878d44a4f27068,short
cnews:5221,5221,时尚,95c30130ff724f9b78b673059a5c69a93d92eae95aa1521339210747098efd58,retained
cnews:5222,5222,时尚,8fbf271e5cc1b38b1b207f45664d8b204468e3452924cf9de1007f9195be4087,short
cnews:5223,5223,时尚,3c521e4c97827016cba95bcd97e1cb187da7832a32e3e286d2fcbfb7656a9f39,retained
cnews:5224,5224,时尚,eb59f28ebf129824bcf30866dd2c67f13a386a1222bf43b4dfe8760ef669b596,retained
cnews:5225,5225,时尚,f1e1ed076ea6e1d4f191222f272d0985e55b20ec31e7a4328449354ec60658ce,retained
cnews:5226,5226,时尚,9fd68b499a0b764621a2d4a69b2fa944104c7348d71c6f65df1ba40e182fe1f1,retained
cnews:5227,5227,时尚,0d5dbacf283b49a25dc10190c5227f6531b59ed7f82cfd9a021d8ce897df0aaf,retained
cnews:5228,5228,时尚,2ca78a012d6469c4056662d6c849484a9a0f56620cf34a0948d53fd65510a4b1,retained
cnews:5229,5229,时尚,bcae0c946b4651b58ea2cf2233361d7bbf263db5dfd035e2266a165e4ffbc7a9,retained
cnews:5230,5230,时尚,88aca4dc9ef63fa116623d30aa9f5854927cf4566198978de3d60fca97ce37df,retained
cnews:5231,5231,时尚,3874fdb4599f58ddde18e0aa3b6ad8b599037724f95a5c334b9276666cedc779,retained
cnews:5232,5232,时尚,3b4a04d7e19a03f9968174aa118f48135f1558d4a2c3e3bced879823be3a3e69,retained
cnews:5233,5233,时尚,e2313aee1e615882e382a551c19a605932056fd7fd11ad7063b44b148662562f,retained
cnews:5234,5234,时尚,9ad556d94c7a872d72d9bdf2d73e79badb02da928dc855306076299be24fae51,retained
cnews:5235,5235,时尚,a110ae3380952ce5c6691ccc8d45acb0a7056fddfcff6e4039eeb5c138c3857f,retained
cnews:5236,5236,时尚,257ba5ca46fd5f4c2a0df44af788f2c1a15eda5c75410024ef09bf57ce9d40b0,retained
cnews:5237,5237,时尚,827ecbd6805da6f4ed73b3b5f747956f1195c3f3d61e7de0630e97b0a68f1d73,retained
cnews:5238,5238,时尚,adeade5f659089a64d0d432fdbf4e6adf694408e6f9cee34258ebac1c4c33b5d,retained
cnews:5239,5239,时尚,16850a55b283496d0ce063b61c76addede2af488e1b9d5f02091d89de39aab95,retained
cnews:5240,5240,时尚,90c1f93ca4ca62fe2e59afd06119eb3df1a396a26f0d5306dafa7bf35821a20b,retained
cnews:5241,5241,时尚,11e86da2edb2cdbc0ed4cdc45f0dd093dbe3f4f3a97950dcb7156d4fdc5945ee,retained
cnews:5242,5242,时尚,95da3dfdf6e865b9a79f12dbe92a146bb25a296bad92d00742b17ce82620a174,retained
cnews:5243,5243,时尚,9a29463870568117532baee20567e14c3f1b303e1a91a252773bce8c79443614,short
cnews:5244,5244,时尚,47c077384e912382b9d1f7435a295a9189401f95786c5b50b4a4147306d9ef6c,retained
cnews:5245,5245,时尚,1b6d47ddaf9ae513be6709a9b7e85b805deb80e101bbd681cc83f549149aacde,retained
cnews:5246,5246,时尚,11882bad681264d145791069e225fc230336920d506a16e9d29ad2fd2ee5934a,retained
cnews:5247,5247,时尚,a5545fecce0ec15d2123bbced68ab5d8f537a8b1939b2f95becfecb270be74f1,retained
cnews:5248,5248,时尚,7e0c841408e125fe37403ee9e6ee88bf88c9a3146ca3cb20daafbfb08af1b7ee,retained
cnews:5249,5249,时尚,5bc75e88f2030a17e6d1c4c463079d74aeb0df7ffb9ad3ba4aa3efc2d81456c0,retained
cnews:5250,5250,时尚,bdcb277f2629887fe3b49bfe079e34370e5504c88482cdb53cfc4f09915bf9eb,retained
cnews:5251,5251,时尚,d084311aef92bb6d17aa37d5c6f1e358d4f7b70ff8296d473194fa84c7e61fbb,retained
cnews:5252,5252,时尚,e94f628050b761456e8806d850cf1b97d0f86621958a04d4d583b1bac262641d,retained
cnews:5253,5253,时尚,296215e2338925b0f235024410464c26bc09a775bb1f4c675c12a38060d1c4a7,retained
cnews:5254,5254,时尚,e351c3c619e81ac1f3aa3e307a8a52117f23fbfb0687a9bdf27ddcd57ada6ed7,retained
cnews:5255,5255,时尚,6566d7d4de332d5c4681f0ba561da0b5cd55c0efcd07d156b08fb4de5577b2d8,retained
cnews:5256,5256,时尚,1b30234ce8a503fe1230b6ee4e662e67cf862be934daa17a4c43a029a8d45e82,retained
cnews:5257,5257,时尚,5bd2219eaeb3f5631960184f06be1af9d59557de43ae12e9b4062f661cdcca38,retained
cnews:5258,5258,时尚,af8bd54a213f6e5e60e45da579a0884fd8dbb146202d2ffb692641aa24cbde4d,retained
cnews:5259,5259,时尚,0e8faac18cd539296bbde7a9a0d054db480f4c4921c8a63dd8acd409bee6c5a5,retained
cnews:5260,5260,时尚,c177f14715e7130797102a6900cbc1235f14f8c487094f329817362a4a19d89c,retained
cnews:5261,5261,时尚,e0cf5b38dcd69c38f3a03bb8ff2591b01625321d66d6689c90911b9ec6065a9a,retained
cnews:5262,5262,时尚,57be117309a802aac11e2a5365c3677a95d3cc1877a265ec247e14b01e7ccfab,retained
cnews:5263,5263,时尚,beb0a0065a16d7e7bf56d6aea54a9fb437705b67e237458d02529f756d30b5ed,retained
cnews:5264,5264,时尚,52c18b22ccd7e82e86418f3570f4f1527207634a2f6237d95cc1a43eecaf6030,retained
cnews:5265,5265,时尚,3ad7013c39e33b53c84150849de2a6bc8e5ad3250577eb166b4c05e0fe660435,retained
cnews:5266,5266,时尚,0cd4cc3c824bc022c85d4c320ec551f5178d31d582a9e8ff9c1929c86b4ea1b7,retained
cnews:5267,5267,时尚,b6559960f9aff5eddb8ad5ab62e28ce91de9635d5abe5701f2789ac224ec9c38,retained
cnews:5268,5268,时尚,0d0ffa28a26faf283f5757cc508b6fd9ad20d96e8aeddadbec62c040a7fca509,retained
cnews:5269,5269,时尚,b4575be3c7660d0bf6edb4d39929dc1873c16a99a0e56295c4ce212cd346a51d,retained
cnews:5270,5270,时尚,efeec606c1e2ca75c13216840d361c2509b8d6110dcbb386375da9d5dffac5b3,retained
cnews:5271,5271,时尚,cc206493d72df85a1142119415b5c0faa940ed55575ad3a78c883a27960aa9b0,retained
cnews:5272,5272,时尚,9f9781a798fc59ada1ffab72a513b6365e56d297545775bf38a880a2bef8d6fe,retained
cnews:5273,5273,时尚,972458ebf5612c662bb3fafa86b325aaaa683c5a0ebdf2766fcfd9071127570b,retained
cnews:5274,5274,时尚,29ab150f08ccd5e434c7fdd5ce47c76cae601eeefd0afde7b975c59af1745a4b,retained
cnews:5275,5275,时尚,3d642848f734de220cbcfd30da6e3c4a84c99bcdab5976d50797b432df64a133,retained
cnews:5276,5276,时尚,2772f1bf959f692d455049228bc61d5f9f19b5d4017e0b78992dae6c76083451,retained
cnews:5277,5277,时尚,e491a669b390965a91f56d78c31e20a3db99e895588f41034a37dd787e09eb16,retained
cnews:5278,5278,时尚,6232f36796f6fb31eb30f9e1ac6f2c61edb15208fcb4677987b5eea8aed7e9de,retained
cnews:5279,5279,时尚,29bc7d440fd7161ed0bbc445edf62e56abe3c0188c75f05d30aba8597212f33c,retained
cnews:5280,5280,时尚,5e3d3bb0477afe9347d9d56613b243951e50b2f8638799c6c0a7a6f82a5a4e78,retained
cnews:5281,5281,时尚,a47cbd4192ddd7512f1ec94c81e0611f5b4e4dd7c4607ae0ca27fa22d85fcad3,retained
cnews:5282,5282,时尚,6a6dd9c7264b222aa30839ddc5b80328ab97953340d4c3ad6ba4e706e914eafe,retained
cnews:5283,5283,时尚,294f598234b75c4b5e2483803c2cd445e6809797a263ac4be8c87e58ffc7a40c,retained
cnews:5284,5284,时尚,83b2d926cbc8b3058f64a1aec33c3af90df0709090dabbe435d870722fc137d9,retained
cnews:5285,5285,时尚,d6b7384fadda23bc5532180efa3b8977d9378f4b2f1f7e00a3d62edd35a87d24,retained
cnews:5286,5286,时尚,57bbff604db70934dc4270d7d3b5b52b448921e8ef12129a57b9d1b526075a87,retained
cnews:5287,5287,时尚,ba4a56102edadf92859c8b1c79d3719705a35ade42e06f074229f1910edd9b2a,retained
cnews:5288,5288,时尚,23066e9805445441089be0b03d913a11f64593e744f4c0abe9a16058974f4443,retained
cnews:5289,5289,时尚,ee293b7c855696fcc0869dc18457eb465752453ff4f0454b9bd4dd38ddacb113,retained
cnews:5290,5290,时尚,7a76dfc8d1b8398862b6fd138e8810475a3e63759ea737e2d064af94af91eb2e,retained
cnews:5291,5291,时尚,dc124a4f49fc710bb53ba966e94d0813f28f7bb805c9609489b39e2d0d209706,short
cnews:5292,5292,时尚,f149f563bde16da3f5ee843d44742510e57e4e4acee4767a2e675109dfa781a2,retained
cnews:5293,5293,时尚,c1399968a3c3cc27dc9dd7e74fe46b0ef32dde5de81119c4add5d360c8ecf26a,retained
cnews:5294,5294,时尚,b2cf49f0f0700244f09985e9675d0566a34bc2c042de72e66a4610b3650706f3,retained
cnews:5295,5295,时尚,812cdfcb6a0d17d7d82b5030fcb3bd681f8a80df7eee45db693cc1d45339c406,retained
cnews:5296,5296,时尚,398b67e94ca24b2eab3c0a9803a47f0a357f1a7351afc8feb9ed161efadb6a85,retained
cnews:5297,5297,时尚,5b8410cb840408794703021db2470f972f1276c0361bba779931d53c2b248956,retained
cnews:5298,5298,时尚,6ebf328b48d37d86d4aa4482a182a071a8efa0ac9ef03f40dffb20b613b90e16,retained
cnews:5299,5299,时尚,9cbbbff0a4ba4b84804be8d0f74464a40be0877a60a5552ee9530791bd016768,retained
cnews:5300,5300,时尚,8c203e2aac54a878ef6750e5c35e863db68d71644bece808c0ecfa31cb6bee33,retained
cnews:5301,5301,时尚,0bfb6077609f8ca8ad92d7707d14ef45ed819e6f22569f15d2ac97d3b175b5b2,retained
cnews:5302,5302,时尚,06713b47457d64491fa1952748d3346be3a2dff12f159ba73cf4a272291a9b26,retained
cnews:5303,5303,时尚,ee5ef43e8206afdaa8fff71da57e2d7d06ce766ad1b12e4e341c7387fe801456,retained
cnews:5304,5304,时尚,f2f1d3dda9838213a9b4dbf237a39ef5f5507828e05507e3d38d38d56044dbc0,retained
cnews:5305,5305,时尚,88a10ba502ff0da7d8a390e6e5495900deb1ff53ea2782a62c1e595e49efb562,retained
cnews:5306,5306,时尚,1ee94397df496c3f33f7bcc2e86ddfd39783a572f5df048ab33f9e75129d58aa,retained
cnews:5307,5307,时尚,4cbca9af899826367c06e1df544228cbe7dbb0b2b37458ca496ee474280e87db,retained
cnews:5308,5308,时尚,f9caf0d5a35399b4c7851556cd6765a3e5d7d78526ac52f754c0009b48d7a066,retained
cnews:5309,5309,时尚,7b2d7e6e92e74304974e383adfb67479aef777a9464a96967a497024de728fb6,retained
cnews:5310,5310,时尚,dcd64e9a13db1a98056e5ce96fd7a5d4bedd60f68e2be1111663f8c46158ee19,retained
cnews:5311,5311,时尚,5641f9cc9f0fbcbeba454fe92bfaa67ab3dcc0fd22d456ab252c94458e749ecc,retained
cnews:5312,5312,时尚,3bbe51ae48464e61167a9fc848a17b4797589caad063ee4de143a8e520fc5a06,retained
cnews:5313,5313,时尚,bb442d48948f5f3d403c8fa637b2e1fef7d28b287bc80179f00bec348e548a6a,retained
cnews:5314,5314,时尚,06fe9bf2feb4780b97499d563fd4f1ae8e12642f4b64bdf7ab05b36302fa6ef0,retained
cnews:5315,5315,时尚,346d57dc068303786e5f674def03b0b62dcd776b25fec59c71820b0ca416fca8,retained
cnews:5316,5316,时尚,d7f675dd87dfa3f5119813ca7609ff7b04cecc12293e44fbcedce7aa897ef962,retained
cnews:5317,5317,时尚,f3dfd852b96170b178f8ca77c0f9ec0b83f8a8b882d0817c03d121bded881e7a,retained
cnews:5318,5318,时尚,feb67b0216274acae12abe112bd195852cf0eb051ea0ed6e4f27b9dabed323f8,retained
cnews:5319,5319,时尚,29beb5f54d70b354ea6e09bec0ebb2892b86e85a800d0ac4c1a98f03444d1715,retained
cnews:5320,5320,时尚,ade605bdd2b5bc58b7519506f34d024cb716908023823f36819f0488208bafe9,retained
cnews:5321,5321,时尚,9a36dab75e4be446a38fd22ede61e25f0e3078ee4a217aa455dcf44536388d49,retained
cnews:5322,5322,时尚,12e1133cf34df2e900dac6495e37c19758304be8eb6340f23e138adf9a112cf5,retained
cnews:5323,5323,时尚,960d2dc5893bc227d5ef780d1224ebd0079a7520268293e8053097e3aa4d6cb5,retained
cnews:5324,5324,时尚,e75cc7385ea43353359fdf7ed34833c46673d09c090d7ac412226bc0c317f913,retained
cnews:5325,5325,时尚,27574257edd19fdce838dd6da208600d4f5d3575804f6a811d32a28b1d245e86,retained
cnews:5326,5326,时尚,26c0d6ff4324774d9741b72a8fb523c2ff458867d4df30fff13bc80452d6b42c,retained
cnews:5327,5327,时尚,533a84f8ec701219001216d59d8e1a69dd10ed15b0436a10992cfcf9b76edd9d,retained
cnews:5328,5328,时尚,18e81cf8c826e89b117475064d2fb1e8ebfba89aeb251df0e28c86ca327ed256,retained
cnews:5329,5329,时尚,98df55ec415cb9c88f29eecb6bacb1e0ae82a0c1529c668d279e9634c410d5be,short
cnews:5330,5330,时尚,78e9eb23cd2461a061e67ae92c9c03981be38f19ea6ba8b2874106a28ab22f6d,retained
cnews:5331,5331,时尚,56968411359ff20e2be5dc0b3b717366ca25d724801294c44f66f864d771d7ee,retained
cnews:5332,5332,时尚,683e1c1cd60f6c98a02e31fccca60f90ee324a48ba72c2026eafa719c5f8d43a,retained
cnews:5333,5333,时尚,efd1c10d6f4268ea9f60f0a3f1ce06007ce7776c035286c90385858c2862ccdc,retained
cnews:5334,5334,时尚,7a2353874f1d85308c9e50dd5a0226dd467b1682f7b22ce68b4b2b9fdfe940ef,retained
cnews:5335,5335,时尚,992e16feac1ab7737d1115c2bab5b8b165444791fec1bbe3595040d63b43fbd7,short
cnews:5336,5336,时尚,fab1b7b515f8857e2685c47f005811c8729e4f373911b2c7e92fdbbfe234b5d8,retained
cnews:5337,5337,时尚,f4a4fba138e1f48f703dfe28612c2eb0ea87ca7bc61a534ffa8ef646dda150f7,retained
cnews:5338,5338,时尚,87c43fe6003788a2bb41c7ca94195984bfe872fca89b447d34914d0c066f41f1,retained
cnews:5339,5339,时尚,20e1086895c925e9fc642d6c5301f80358be3df169d0fc65151ebe2cd900dc34,retained
cnews:5340,5340,时尚,a68cf655e9f36625944961e4e3010560b7488d5fa784f4b26e6aa337e005a2dd,retained
cnews:5341,5341,时尚,ead76a8d21b83ca0a6659c28b07c159eef9f8655f4523ec730751075fcab7c41,retained
cnews:5342,5342,时尚,a859e0bffcd0055829909113ebb0a075211a9c32d64ea4b26013ddcbae801dd6,retained
cnews:5343,5343,时尚,6c261e6b2fc085a4e13a244b4c1de54b8ed234a02284612522e16ed1e4f170b2,retained
cnews:5344,5344,时尚,43891dfc4ea7c2d7bbee5dae87061a871cb36f338f5231169bb7e745896c3059,retained
cnews:5345,5345,时尚,9f4770f7ef1073e01c52dd4f50c32f5c31e01ff06fa19ff4e56d65b47f6eb130,retained
cnews:5346,5346,时尚,aca40398aac405f32c17651840547fdb5ca6a42fced2b7c160ef7fe4bf69df91,retained
cnews:5347,5347,时尚,fa34f4f3ae368032f04923585f9bbf4da4db3fe245f2dd6ad682444658c6064c,retained
cnews:5348,5348,时尚,8f2aa7eace32e261710128b93eb2899cfbc8bc9be85f75c6f7fe1f730d11ce21,retained
cnews:5349,5349,时尚,2604d5e61165240c7e67668cef0ffef03b389daac8c3551135481139c762e822,retained
cnews:5350,5350,时尚,4a880331b89776d3dc204c6cfea834c81805f992c1ce25e673d6893977d76cea,retained
cnews:5351,5351,时尚,914da4964fb989bb7355d9d1e4f998c72efbc57f567db646782b0739af93ddc3,retained
cnews:5352,5352,时尚,bf62377ea811123c2eb38e7ee96c75672f59f94a543f8e20e55369da989df421,retained
cnews:5353,5353,时尚,0eb9bf85fd0d2115de00e67bb637319339f794136d133d213bafcb45201b7345,retained
cnews:5354,5354,时尚,3f2d90d4519c93d81df1f70a8db2ece31eeb2a9af7cfe3fd0272f4993fb506c5,retained
cnews:5355,5355,时尚,fdb3e78f6e03fcdcb4116faa64c4187813aa9daf78c23851c3a08521dedf4002,retained
cnews:5356,5356,时尚,7408409152e3d4bdf32b9ea1a107a56d4b7449caec61b4a97a98c2336a510bb5,retained
cnews:5357,5357,时尚,3edff05240a3025ba51eee5bed21edff4c926a43deda1be6288710d51bf74ca2,retained
cnews:5358,5358,时尚,0f10440d555a7ec3fa6121dd978cb22190c4f20f34f621669a1d87a042530794,retained
cnews:5359,5359,时尚,4dc8f3daa3121a60d77192c509936da2d5ea094ebfad27c0f760d7029e9a2b6c,retained
cnews:5360,5360,时尚,7e3c306476714e4f0982c798f353f1f4da3af88b8cb203f2a7f785d8c4087ab3,retained
cnews:5361,5361,时尚,327da71ec03482067944aa4402263a8c55bf2c67446603cbfbf6d04644fb8a7e,retained
cnews:5362,5362,时尚,d8b0bd554d49273fec55b10efc42966219ae9c245f0286b981cc22ea10569883,retained
cnews:5363,5363,时尚,93c80b5e4fd905bd82489feffec1044e4fa2a31caa047112d34d2e8aa3f65131,retained
cnews:5364,5364,时尚,30f6ab7e3298f48969514e765ab829c327fa63871c50cf640566451adb710da3,retained
cnews:5365,5365,时尚,e2cdee129448f1d401e79a512120da1442dd4b053e231afcc5c9893018ad7f74,retained
cnews:5366,5366,时尚,294d97101d405d090e6a02490f4a26f71ea3f72fa8c7b806aa5c06a678e497c2,retained
cnews:5367,5367,时尚,f808e8338edd1b4031ebf0d761cb7213798f0504d574a7e712fb9a5562fdbe79,retained
cnews:5368,5368,时尚,b1ed942a87f3c1f03c6de339f9cbc6994dc21698c44eebd907923a10d2b61f50,retained
cnews:5369,5369,时尚,d7cbba5641b7ec28e60a3547152c854e6c3c54969b08b54561be399a36747739,retained
cnews:5370,5370,时尚,90bda00cf3d5d3b00c7b4a2ab98ae37bff80b6652a97eceacc93f05ba08208c9,retained
cnews:5371,5371,时尚,3493bc7e5c9a2b3aa1ec9a1b00e95b26797c395e0536fc6bcf200d72484f23c7,retained
cnews:5372,5372,时尚,6c56de7aafd79f984b37840515ea4866a784af7e3f10f4761161cf14566b217c,retained
cnews:5373,5373,时尚,c50ff16d2e807eb16675c2cf507251809c78c135c6e7df8544bff76543be0e3d,retained
cnews:5374,5374,时尚,c4ae87657e36a656cf51b0432c801a148117b612b983fb4e72fa43a200977e15,retained
cnews:5375,5375,时尚,6c910eec6821dfb7df3567572f1cada57382286d67e3847b03f90abcdda8396b,retained
cnews:5376,5376,时尚,3c8231f71e4cec62d9570f214b70019c446e201d9bf5ee4f29a802909ef83f27,retained
cnews:5377,5377,时尚,9665d1e42221bbd58c896e3832e1366166021df295a58f1d0a69f5bc479f28e8,retained
cnews:5378,5378,时尚,61e9bbea38ec338c04df52967f386321b7f13841fc950de5e9ed0b03263ddff2,retained
cnews:5379,5379,时尚,c6fcc8af6e2f38b1c10cf3d67ffb8ba5afcd78242f36f6af96a4a5da026d5206,retained
cnews:5380,5380,时尚,7623a64aff06c7575f387fae6d278578d99a66d59af38943fd2ab049d3c276d5,retained
cnews:5381,5381,时尚,3a11dd68495006b22faf29e144ceb7d0f0e15bbf07bb3fb63e540d167ec2ca6a,retained
cnews:5382,5382,时尚,10507122b6fd7d9f1c817f19da683f03b23616d158c77c8ad5df1a0487a07ad7,retained
cnews:5383,5383,时尚,7b2580056d568578a391b50787cf2e1cc7aacf24ac588f76da24c5dedbe9b9d8,retained
cnews:5384,5384,时尚,1f665cb5282a0b64d01c8fe942109434740dda49b50c8c2bb3c466ac00547ea6,retained
cnews:5385,5385,时尚,d78521bd6904294bf13e0759d6673eee870aacd8013b6aa18ced0ea6725e7b20,retained
cnews:5386,5386,时尚,c94ef7c48e9801d22ec5f3f11ef9963b1df0973605478e3f20b05787f3df99d7,short
cnews:5387,5387,时尚,24e709b7084970aac120fd340b5ebf76ddb9d9a4bfa8162c810775d9af53ecab,retained
cnews:5388,5388,时尚,f57d82dc6769fcc7a8f005b0396ed2d907c1ad3c2c4492af340c59b6098488c0,retained
cnews:5389,5389,时尚,3e8f952ff05e09d1111542e74e7f9ee130eb92f3610d57972ad5e51491cd2504,retained
cnews:5390,5390,时尚,5f9be10071b4609d6c87bc0f044d227dad6627b0eec0921ede8adca7e063c558,retained
cnews:5391,5391,时尚,afb2db84b5611bc6c67609d117b9f28a38d66d97f63ea87978b98687b863f093,retained
cnews:5392,5392,时尚,09439c224eb0a3213049c61430c2a50a01a0d1d3971c1d18b8a9bf43fe8ca5fb,retained
cnews:5393,5393,时尚,5bcbf5e80e5311bfc91e68214d5f81e2eafe33dc9a4434e49be0a1064e6ad7cc,retained
cnews:5394,5394,时尚,c30ebe06c549222ba02f812ffd8856d63df46bdab0639af2b370027d0f097aa2,retained
cnews:5395,5395,时尚,ee3a2bd6e528478717e4d5d731002eab41604c7c6df1d470d7c9f83148682881,retained
cnews:5396,5396,时尚,ae1e6b0503446fe32a7a2770adce4781bf9b12974e8d4e938a7e04a5df9482cc,retained
cnews:5397,5397,时尚,138a9a3f5f72e24b8e5a98207e9f9929fe71bf99fcd67c0673604d86b3f0fcd4,retained
cnews:5398,5398,时尚,8a454f90311b8074e7810d1e3c84a8a026f4b76eaafbe608c6e6aeae020298d1,retained
cnews:5399,5399,时尚,dd999cbae7ca52e62fc5008cac158cc4db2e62fe7fe89067306f425ab6a6bf60,retained
cnews:5400,5400,时尚,76ed2f8c5ffd2c224a94e44fa7e60aec60b4d008ddc874a3cff562ce45391bce,retained
cnews:5401,5401,时尚,a2dee0db1ba1c2fa47a5b76e60878433c46d52a92591fb5a57c546077ff16b65,retained
cnews:5402,5402,时尚,71a774d041fc6bd873c3dfedcaf2fd176760fae3c00fb76e034f11b25d53e282,short
cnews:5403,5403,时尚,6814839653227dc3de4051f3469ea92d95aa4aaf4df75c2bc4352eb242885b4a,retained
cnews:5404,5404,时尚,4c65ab30007f35f036933b9be0b78acf2da3d4f4be3196718075a13b31137c7c,retained
cnews:5405,5405,时尚,8c8beb7781c1201c05bef25657b0c6b8e9cadd764be8ffd810485d6e115d482f,retained
cnews:5406,5406,时尚,d618689f938c7d171f20dc2d0927b9005ba7919bb586f22ddc01e81290282928,retained
cnews:5407,5407,时尚,046ff6f547e88de5804ec3bda90916599ef0ebb136341da5a971a8cd07bc342e,retained
cnews:5408,5408,时尚,344677bb84a554a20053c600cca16378cbbcb95b4a981822bf7ec92682d4c325,retained
cnews:5409,5409,时尚,2b80bd6bcac88f3ac750b9e01be9053d408cbb9952d0529d8c644a368fde5b29,retained
cnews:5410,5410,时尚,ef465536826cbca1db904d04d55a99aec3b5bb17d1b16e6d4273ba112da2f237,retained
cnews:5411,5411,时尚,b3d5960891a42af24e6502795b945f1a5d923bd8e48520a770bc2d497b5f4cd7,retained
cnews:5412,5412,时尚,2cac9d633b697ca8928f5da330edde8a53ff001fb5d8a1e98b9868f0387711fa,retained
cnews:5413,5413,时尚,36c14532d5ee41d152d38eaef1591bdfd7b9c179dd88b3a53ab8a58327cde176,retained
cnews:5414,5414,时尚,93058cde70f0980ab343bfb75dd6b2934041c5a6bad9a917c55c9075b77090f2,retained
cnews:5415,5415,时尚,97f0ec88e27ba8592a96f748635ec56f43dd7d7395620edc64527c6f4d245931,retained
cnews:5416,5416,时尚,18010c4f36492e9184ddbbe61e58bffdfb022ad622b07a74d947834369b243f6,retained
cnews:5417,5417,时尚,0b9882e2f18c31ea4f62b4c094ef9206b1c8e9876bcf648ef81f005f88b80679,retained
cnews:5418,5418,时尚,738a9adaef7b5eb19a8526e05d8d82e168e7a44763afb793748eeb005a5e69e7,retained
cnews:5419,5419,时尚,6398590366c58457b4c1b534ddb11f6aafa109f9e047ac6692ac7bebfd20a4e1,retained
cnews:5420,5420,时尚,e6f067e8da9a382d50c6bb3de594f4de7cec2538d39b3f388b519f1a4f895d40,retained
cnews:5421,5421,时尚,9939686dd1c48c3a048431c2e55a734154c97148c2f40d6bba9dbc9cb73a9b19,retained
cnews:5422,5422,时尚,f27da760e050eacf1a277b3bc3213bf5f754465e0637b74c99b848d8d7a86d4c,retained
cnews:5423,5423,时尚,7e7efe58228aff841e9dd5913dda0670ae4c2e79cb2fc47e262cb6b023481510,retained
cnews:5424,5424,时尚,04c4de1528293c2e616c4ee4008ac22815d874ed58c5a5316e419a4ab3ca2605,retained
cnews:5425,5425,时尚,928668ddfe71fa195cc2b9dd352b8f2c6993ccd07623eb582a413b37a527e73d,retained
cnews:5426,5426,时尚,674c2aae47ffa890006bf0562954a311933767670f84c5a0e91171388144aef1,retained
cnews:5427,5427,时尚,c0890950ea828cf16bed75ba22b2217635e9879657ed7eaff7c7dcc3aa7c9073,retained
cnews:5428,5428,时尚,04398f752296c9ea4d8921d931f03b752d26297382f20bb75b9ecd6e0fe1e548,retained
cnews:5429,5429,时尚,432e977cf3c7fe42203a55e03a03f75ee1c54776c169e6440f217cb7f7da1a5d,retained
cnews:5430,5430,时尚,e8ab67c02925dd85b3107d1c3c8eceed3d9580c8614be226bb1fbdc6f5cba076,retained
cnews:5431,5431,时尚,f405cbd915589585d5e1d5b972931753ce987cf4fea673d78fa76c7b5911d684,retained
cnews:5432,5432,时尚,eb4c6c11041d3de9dc5020b0e827883da127f44cdf2942964ac0830c44c8dc2c,retained
cnews:5433,5433,时尚,308ed6a2d4070991e3b6be5a47f72db22d04aab98de0981dc6532bf103288093,retained
cnews:5434,5434,时尚,04cc2992cd55821515e0afa2db002aaec65598804173589368e7fc1f41432562,retained
cnews:5435,5435,时尚,7b0ef331f3a0fc5ef12427eab9c11f290fae5df62b721d935acfcc4919a46c5d,retained
cnews:5436,5436,时尚,c936a1ad47e52ae4f5af73e820f89bcd4ac90c2717e1bb0e4f554a8afdc9f4f1,retained
cnews:5437,5437,时尚,6e4f1bfa5929721e82d1898942b7c37c7a44a0fe6eab92ea5b919131a82e77e1,retained
cnews:5438,5438,时尚,088bd3d8405886808b667cf98e3756eb71a9ee66527ca10f5e7348908af8348a,retained
cnews:5439,5439,时尚,a91abb2ab5431f060ddd1c14d6a17bfdcb576bc02eb0bf608de7c3b49f165b2e,retained
cnews:5440,5440,时尚,c63fe35626142459784a6693d4c261df0fcf7151d528555acf1c2ff0fca6bca3,retained
cnews:5441,5441,时尚,dbf9ec96659f55f1760e05978fa240bc657ff56e70e540f73a2bb9a88c531c4f,retained
cnews:5442,5442,时尚,8c7c47c94327b5e3bf57785e5aa6eeb2cab2b9a4d33a6b16afe5dfd1a2c2a37f,retained
cnews:5443,5443,时尚,6552e2de9361e7c52fcb36c000eeba6cd25293407880a10959ab7e93169e3321,retained
cnews:5444,5444,时尚,3171c7132b31799bf5eaf2a62d0c2461da0a3f5bcbc96c73d2022c864d9752e3,retained
cnews:5445,5445,时尚,3750d1ddbec3e93a8dc37c91e3301023cbe2c5408ebe65a389cec9402c2ba22e,retained
cnews:5446,5446,时尚,dfc7e0fca37bc9465c55ade70da82793c95dfafe77bbdf09a8b10a9eb57ef65c,retained
cnews:5447,5447,时尚,8f4e91122d69b2ba3958144aefa029bff6cd16fbbe8256d81220f8cf7d01d0f3,retained
cnews:5448,5448,时尚,3309e976ef680bae50764c29d587e93c12177654f606d56bed10dab1ee17c732,retained
cnews:5449,5449,时尚,2b5087543abc1c8c0013144caab7f0760aa77b56930e9413f03d84f0e866563a,retained
cnews:5450,5450,时尚,5195e3d5f13c9478015aee8ab51ac00155fb17cc665844a2a28cc9be8289962d,retained
cnews:5451,5451,时尚,4eaee5a9ea82707edbc2ad9bbc626de6c8ce3abb948a84d61c91a094beda4888,retained
cnews:5452,5452,时尚,fbf394b118bfa548cad56261316908cfd974628e85c7d9ebc3b57ca3444eb4be,retained
cnews:5453,5453,时尚,05312c0f8c63083395c5089abe53d9007633da0a55d86fbe97d1ebc3e691d0a2,retained
cnews:5454,5454,时尚,e86bdd473fef132a9ea7f3ea0b227556a941b53dfd635342c64a89ffc208f6ad,retained
cnews:5455,5455,时尚,102bdede55fb4119af8eb2a30b09d88d5c76d5f8156e24c33e9ee86c1d04ef56,retained
cnews:5456,5456,时尚,011585788f60064391af41e5a00a9ebb6535503d7617d3203974ab50e9d8f174,retained
cnews:5457,5457,时尚,3d07dfd22ea151f30bb89a0185481ddde1b6820117eb68bfe9a131789aadd9da,retained
cnews:5458,5458,时尚,3904e75c974500ea9d6c4feee36594c3af7717029952b76077fb41ca1e88f3bb,retained
cnews:5459,5459,时尚,9879d354e458408e46b25861b4588f5e85569f5c7e51b2fd3bf3164d53630a38,short
cnews:5460,5460,时尚,d7ef27026768693a94b4883622f43a752eb520c683ad64ee1797e122065442b6,retained
cnews:5461,5461,时尚,2098e3808d2298ba815e0b054cc6edb39de1cf39f207e180c0834a9c70289251,retained
cnews:5462,5462,时尚,f9c75048ac3108f2398a5dddf25eb05274276ae7ebb95c7da40b748227704108,retained
cnews:5463,5463,时尚,5d07ad4981f281c3b16b9a6fb49caa132c82aef43fc2ff919bd6e78bc4c47b48,retained
cnews:5464,5464,时尚,ed6a40eb25066acfe10f1c76ee27177526bdb7e9bb981e1592e0ca8d9464d3ec,retained
cnews:5465,5465,时尚,cb58f4414dd16d7bd80cc0b9ca5c8a3e16713a673342ad2b823557e9d797ee0c,retained
cnews:5466,5466,时尚,2d9dac51fb702ed50355a33bba277aaec4fdc14a4b286b79dbb6d7299078326f,retained
cnews:5467,5467,时尚,bf229bd217e1ac9667b58a46d37712faedcb37a8ec5b60bf4ed1307803a7ab59,retained
cnews:5468,5468,时尚,fbc537862bf3af331c14794ad05a2081aacf3118a8ce979161cf2c78343a8ed4,retained
cnews:5469,5469,时尚,9be7cadfaa290280708608033123fff193369162cde95430eefa902e2db92a09,retained
cnews:5470,5470,时尚,30f7c9d061d20204b574eff3dffdea962e763124e700e4189523712005eab2b0,retained
cnews:5471,5471,时尚,b7fd43c3fa6dd9b0418e618dd415122f6b432e9ba72cf0bccf510451963a5608,short
cnews:5472,5472,时尚,48131df3e2a99776085141c7b79136ca8fcfeffb8acddba3f2e06e25dae3e5e2,retained
cnews:5473,5473,时尚,9f5cc8fcc9dda379c653aafb6a0d8802a4c35a8e8f611766d6eaf3c160e11039,short
cnews:5474,5474,时尚,b405c1fe8c2f8d8a1db12794f849515e6b2ebaae37044cea64f1d7d55b20dcde,retained
cnews:5475,5475,时尚,c082700f42eefcf70979128392ebd1009c6e8225a60a880e4e5317626496b470,retained
cnews:5476,5476,时尚,acb79818565d2aceebada7e6a017ffaa1010a39ce72618e6b57995235deeb394,retained
cnews:5477,5477,时尚,fbc537862bf3af331c14794ad05a2081aacf3118a8ce979161cf2c78343a8ed4,duplicate
cnews:5478,5478,时尚,6c028b7da0f02897d5b7ed2e0958965e269367bcb7e8cb88259949ede5319991,retained
cnews:5479,5479,时尚,5271974b56e49fcd4b907a5a443f876e2d4bea5fcb1e482857e29a9e3aa3252a,retained
cnews:5480,5480,时尚,c307057ff2170e3f495fd3f50c079b6fa06b0e707bde694ce22fcbffc7082918,retained
cnews:5481,5481,时尚,f5935eae3da3843f459014b51d12033d8684a2c4cc7800f35824c6c8f145bf05,retained
cnews:5482,5482,时尚,3caea9dd211d9a5454ee21da5e10ff64247dd6b9a3bfce7f7d2d0c8af6420515,retained
cnews:5483,5483,时尚,4a6803c27f493b29a00dbe082526560dab38214dc428463c7adce0257f48f2da,retained
cnews:5484,5484,时尚,e0d31ddaed51bec7da1161c768919cd4e0c542b69c3130ec92a8b36594bb6fe9,short
cnews:5485,5485,时尚,56d791a996fb4c43aaf2e5f49a5785f77186e2fc9e98a7b0024c6a79192db57e,retained
cnews:5486,5486,时尚,7601b613c993b6c38e3b2c4cbada3e92b8d459dcf3622c86cbde5e006f6e5391,short
cnews:5487,5487,时尚,a09e6440f7a7f36c50bbc2504f54e72f724432a52b5c1ab385280ca769278d62,retained
cnews:5488,5488,时尚,386cf8c528ed51ef5714b0d85137715a2ca5e12f86951c14fb71642a778aaaa0,retained
cnews:5489,5489,时尚,0542f7eac50d1b779ae64040a157b7d2fc6ef0deb9a6e344b6644cc7e9c78053,retained
cnews:5490,5490,时尚,8b3137d883d89af3d6b9dc900cc9d046a1f609ebe6f28107cd406217c96328d7,retained
cnews:5491,5491,时尚,c30f0b7ef28c0ce063bf6a5c177dcbc89df765af1361a4564c7a9dc4b9c0f358,retained
cnews:5492,5492,时尚,116b5a746463e0388ccb4cfa12a0d7e6c27c38a30b95da0538fd942d230a63ef,retained
cnews:5493,5493,时尚,57d156a53330e22f9e0f60c1f2d6727e47ae7d7d94b305fec33cffc3ec1f02ff,retained
cnews:5494,5494,时尚,9e84f21eaa406d4bd2433fbead4a81dd432d9fccfe2ceeefe73391547e4e2950,retained
cnews:5495,5495,时尚,21aa6c163b37df01536cd31dd7656d53310dd39f3b4857e9476c918cc3baa3d7,retained
cnews:5496,5496,时尚,14265c6f7275ec49fe7670569a9e3f5f2df55bcbacc71a2f3be417fa57b8577d,retained
cnews:5497,5497,时尚,d3b57b12966531feb23b2d3ae41c98693a8409190a74abb5f5c2a0ebd545b4ba,retained
cnews:5498,5498,时尚,3cea3190b7fcf04d21bfd95ccfb8e4cb5746d4756344c92819f68c2ed62e7f70,retained
cnews:5499,5499,时尚,c4ca600bd4660615130c01798e6b7f8ddbd5ca85a3c8978bec07ae65339a5b07,retained
cnews:5500,5500,时尚,7a22ef43d0d0b960b5a8d282fd55877a84f7d78b5e1d410d870aabeb920f9d62,retained
cnews:5501,5501,时尚,4f950dbdef54836bd2c6bd80a26dec28c05c69ad78477e642afb238df2fa9ff4,retained
cnews:5502,5502,时尚,ce0627f11f862cef078fdee7e93955c02532ef3c763e71b561239d49e22eabd3,retained
cnews:5503,5503,时尚,17845d831f6612e541ac42e602356c68245003ee9cf2affceddee72249d10694,retained
cnews:5504,5504,时尚,d0e7a69b7b109f7bb8ab3fa5655effbdaad1c017b63c8447be6b8d90512620db,retained
cnews:5505,5505,时尚,347bab2341aed582df99440b335826e729d53de8997c2f45b0249881cc5953f1,retained
cnews:5506,5506,时尚,59d9d8b90e1a624cdb5f253bb8cb2c05a6a70c60d7907bcb8e6d15de82b2f524,retained
cnews:5507,5507,时尚,f7bd813169de1b9755ddaeb74ec22be3b06b6bbf5266b63da7ded7ef6157f89a,retained
cnews:5508,5508,时尚,860adc12c1e40b9168b51947950d26879ab4beb736ebe756c5075ddf17654054,retained
cnews:5509,5509,时尚,3da4f402f7105223bfc0993587c89e359c59e7e6828edddd1d7ad740e7a1af7e,retained
cnews:5510,5510,时尚,5f4d3427a045384599043a0110879d233706b0e94a50eedfc11f97f13d58698a,retained
cnews:5511,5511,时尚,1eafd25d394a1bc298dad6f9482a0ee70073a597b0a480b7a357f46407040a50,retained
cnews:5512,5512,时尚,ebde7eda9d6020fa54fd29938082064aeb015817a15ff0f2aea871899719c466,retained
cnews:5513,5513,时尚,f01b376149cd6570bd87235cb1e48c429f6484fdb066ae2e071ef37df3980383,retained
cnews:5514,5514,时尚,cd319d3885a40c3a0ad5f7e2052548182685341265075bfdaf0de6f3a5802a6b,retained
cnews:5515,5515,时尚,dcf3f21bb124a554e755ba2bafc489adb1706eb9331d81340f30905f8cd99d7a,retained
cnews:5516,5516,时尚,f1bdbf18f7b9c833a0f929065a293efdcdfd24caee9522e883c84f34e0600a2f,retained
cnews:5517,5517,时尚,12d18d44471b5180bfb7ec084b59423efa45009bd0e906a069e637839943c317,short
cnews:5518,5518,时尚,9d6b3999d29a60fbfa1c2258ce414801cb15878ec50b830bd815877d7d695f4d,retained
cnews:5519,5519,时尚,9cc1d9890580b8e77bb1594ff3f370d19a02a8eef602155dcbeb87d46b5ee3a6,short
cnews:5520,5520,时尚,0509289a3eb0678452cd79bc5ea5694995cf4b8fb99f15dec193f291ec4603a8,short
cnews:5521,5521,时尚,2f9218a02cfc8b33c24d240f0b57b9a585c463af4a9e45759228de80a8ff744e,retained
cnews:5522,5522,时尚,742d3de0f526c4dd14dbb425d8a0f145ba5ab31d81f3dcd3d30006af53c7ada0,retained
cnews:5523,5523,时尚,d271f392f193d6e7f5b389d0a11644dd80634d84ee733c8aec0f016effbd97b6,retained
cnews:5524,5524,时尚,cd79574e437872682f6c2e2cc0c58746b44248598540773e1405804a77989ed4,retained
cnews:5525,5525,时尚,a5f5586c78968de006b708036e99ecc36b326a66e2ad8e588eadac199fbefe8b,retained
cnews:5526,5526,时尚,a221b921784cd77b455ca9b9144f35a5413e887800667d869245895dbc0f9f1f,retained
cnews:5527,5527,时尚,22f2b757cb9372159ca51c4e678747073bdca943b7efc5415c5694af933b03f0,retained
cnews:5528,5528,时尚,bc94f2bc9e9666eb4fad8d142c3b6491afe220a73777e1c5d297f87f5788bce4,retained
cnews:5529,5529,时尚,ced56b38b735f1e9461a3a0683a870a51ac06cf5572ab9956cdf5b95a2fa512d,retained
cnews:5530,5530,时尚,d4faa89a68ecb62cdff0a698d2fb2c53e221662026d0cc616ead8ae6bf097a4a,retained
cnews:5531,5531,时尚,6d335d83d30c58bcc3d23bb3fcd202eb1c8be86bfe156a9a4726b8bef8822ae5,retained
cnews:5532,5532,时尚,b1f755bd361329d91a3e1ecea606f8f7ac495be2460583cca8f0fafa7851ddb0,retained
cnews:5533,5533,时尚,a263aa38e50c9cf909afb492a7afa8c5d68111a683d21879eb91c005c2fbb7b1,retained
cnews:5534,5534,时尚,d8f39c1635e21e3fd0cc8edbfb6284db3332c1b20a8f058d09db06fe019f8853,retained
cnews:5535,5535,时尚,8644f0d82e9aa4a42f11f7fd66ba014f6c1dfd94e8c33da2eba7ddf47b98b0f3,retained
cnews:5536,5536,时尚,b94cfff5268cfc7c0873d4b0f646d3e4fbae21d882eb2f1737f6bfd5a2cbfef0,retained
cnews:5537,5537,时尚,e68c7bb95c9761218505500000b70adcea35afeeb2419ef1247472a80970d1e7,retained
cnews:5538,5538,时尚,b26ba58172015524b3b56129860a8a75d020a1a7440fc9d99fca6f9b382cd408,retained
cnews:5539,5539,时尚,9112fdcff117467d8ad34432a615463a68b2726a6b990823ba846443e5e009a9,retained
cnews:5540,5540,时尚,4f5fe55d74cbe3cf3844a5a02aadcadd0f0c1d7224f26778ee4d1aace421ff74,retained
cnews:5541,5541,时尚,d06d66ce32718d6c73808bf8f59924910e56db1f48e166dd727e8d3b0f3ba006,retained
cnews:5542,5542,时尚,b88f63b77f558ef021b060fe9d8a5f1361371c2197fd39c89a083c0eedbe02cb,retained
cnews:5543,5543,时尚,499877470a526bc1c38dcd2567baa644d815e674bfa8cf9ced8ed02f9b97c7c8,retained
cnews:5544,5544,时尚,97b77937336ed60f984d6fd7ca5416bac2d87655238e6c68070ec82c7b03422e,retained
cnews:5545,5545,时尚,35144608c94b5bb1b5d9324e875e174bbb0c0b0d8ae8e81db22acc148160f392,short
cnews:5546,5546,时尚,d9695ae87c48ff34b00db1c324ec11269a3ce4c207b22dd49f4dace1a3c73572,retained
cnews:5547,5547,时尚,c1d2198e71e3b11eef2404d3c7d37fc0a67e6f831d1bea14b6568a7041833208,retained
cnews:5548,5548,时尚,41cfccb48cca511f7628d929667452c796fae3eee99c25cd13e3718c4455bcca,retained
cnews:5549,5549,时尚,62cefa6ceec5b475088484ae9e09d4bfde0805aba6f40439dcaa55ebd04a6aba,short
cnews:5550,5550,时尚,81cd666c5906df4d3ea69fc3daa6a53b268d102b5db7f9d097356099b4cc7886,short
cnews:5551,5551,时尚,db9d9aebc4d2abea321798bf209204f679162bc8745fb656d69a6750a6f8fe47,retained
cnews:5552,5552,时尚,9f09f7ce18e0636fbc106e042ea71258d8bc9988c59e64b92ef39ece926589ee,retained
cnews:5553,5553,时尚,901c8d2b7f40ee25d183b51d29c667d4aeb2d58345df472e6624174c082567a4,retained
cnews:5554,5554,时尚,dc59c78f92d0e1c0fc88297ffcb26e8f5f5a6df3126eaa0ae59c87eb02a33977,retained
cnews:5555,5555,时尚,f364bad55ed6306eecb758e90edf4f73a22e07676dcc58377a955d3738148d89,retained
cnews:5556,5556,时尚,81c5122ad06867fc4beddfa3af73ed1ab30b166da8dc6ab8d4b794c3bc3ec338,retained
cnews:5557,5557,时尚,ff2c560f00025c15ec5ca0aefe7c5246d517ec3dbe277d50d1843f0127cb8a6c,retained
cnews:5558,5558,时尚,40ee4d4b452170a834a0f42a5ea0ea9f369a1592ba300a8d8458ec0ba905d2a3,retained
cnews:5559,5559,时尚,ebfea9b2ac39bec2a4f20981319069987e703c44cc425a4b38da37cd700b141d,retained
cnews:5560,5560,时尚,fcefce2a3dd24edd7eb40307e9615007f87cee51846837e23c994b230062170d,retained
cnews:5561,5561,时尚,4f570baf29bb54c99ee78ceae8b03a5f19d5716d1ec63078d90d4fe4841e54ea,short
cnews:5562,5562,时尚,ffb602d0a665b3521a4d5fdd1cf884a964a764c06a8b8c46cb1abaf9e165fe95,retained
cnews:5563,5563,时尚,9197614635cc8e0c61f90bb2cb1418300e8114f109eb76a5fe696c4d7a6a2944,retained
cnews:5564,5564,时尚,241589d7401fab69d758b3276af3d82f6bf1845a3c0febe91053a20dd7a833d5,retained
cnews:5565,5565,时尚,6b0edd46ff5c5bbbedc70bf726733663b99284a29084ac4e00364ac53acb9eeb,retained
cnews:5566,5566,时尚,29f4b7baba1de8c9f591d4f7b0c4e16a43976b4c58696aef3fbcaaeb7e8c92b6,retained
cnews:5567,5567,时尚,164c67d43a73dcdb1b059a0acd538750b2cfe4bba05d9e4b6e05255864356ad6,retained
cnews:5568,5568,时尚,77046b4b9eb70685828085c80dbf78974c4a464396500b0c7ce9dec25396542e,retained
cnews:5569,5569,时尚,e5bea61b945fd71707e7bde7ec89cca62cdb8ca165f579de89622ea617ec573e,retained
cnews:5570,5570,时尚,239eecaa6dbfac1dd6d727c359ed3bdcca7b9a83d2d6fa9f0a93fe2008f5fb6b,retained
cnews:5571,5571,时尚,de6afb4d744e0ae67097c4f66484e5afc70db4254c6b93d12d04979015281fef,retained
cnews:5572,5572,时尚,d07279031fd4165b975944cd9cf693ae3d3b0ed66d92968ddd3d881ca5f70883,retained
cnews:5573,5573,时尚,dd5d9de3186b9d6d5e225b6dfd33a9d18cf50f22db527fe9d6b9c10c69124293,retained
cnews:5574,5574,时尚,fa2663857c91385dbcebdd4b34be67ae1f70b071655a331aaad9b01337320d07,retained
cnews:5575,5575,时尚,12d598e47113be38da968b161524793787569a2043a94a49ae3725e3a49c76e9,retained
cnews:5576,5576,时尚,54bda79390da7276fc61090009045a7bcda514ddcdc10a3b801be05e26a0e5bd,retained
cnews:5577,5577,时尚,b4300c3a87c92bce415d5add1054e025a4a20f8782e5dba4e61ac110755c7c2b,retained
cnews:5578,5578,时尚,9dd06d4b5a9b6945f7b5ac96e7d2576fe41647853c326df9938ace0117f3771a,retained
cnews:5579,5579,时尚,78b50969d65032c590b36f7f37919a1dc8c3ef4a98c8ffc6da51ea2d52bcff5b,retained
cnews:5580,5580,时尚,41265aed463c59bb63bb5ff01a0f0a0e7870a3f3d2832b82c455ab796be0539e,retained
cnews:5581,5581,时尚,7536b6d98f3ff4ddebae9f19e6c089537fe96d69864d8156f29732089f458d65,retained
cnews:5582,5582,时尚,85568cf7ed0a01a363a8e5e850f90fbdd36df1e9c8284bc752e1bc486188d279,retained
cnews:5583,5583,时尚,fd861a35e612bf0d6d26d1ead4116601c6709d239cd785454beb376e61a8f259,retained
cnews:5584,5584,时尚,669520b0bb538fcfaee01ebdb0a9f49d2c2ab4e2e219c28b7deb448fc9eeae2a,retained
cnews:5585,5585,时尚,b1a56c3c386f1ffbad67722ccdcb8b1b7b8261b62d5ede33091500fc3249d3df,retained
cnews:5586,5586,时尚,4b189afbc3f5b04ba44c7da6f2da0397e321c854f174ad70f51bf236292b3045,retained
cnews:5587,5587,时尚,3df4febeb6bed6c9f71c512ca23786f373d62fdde26912aa62f03f3b29dc8e36,retained
cnews:5588,5588,时尚,cad137ab0d3cdbabd8229240eb842254a80fb0cc641d70d63ff7d553760ce7b6,retained
cnews:5589,5589,时尚,de38c5a9fad52460b05b89784d5760ec99e6520fdfea8122c0ca9851bd85fc8f,retained
cnews:5590,5590,时尚,157869dddc680c926653c5f8a3073acf1e2f48b71344313eafdcadfeddff3a2f,retained
cnews:5591,5591,时尚,1fbad1730b2f031b62be19a2abf7a16db72587db55d839abf43c0ae6dbc8aa1e,retained
cnews:5592,5592,时尚,c9efe84ef3cc5c47fe11ceb905162bf87137b3b2c96433ff2eb6ce0d0a59f323,retained
cnews:5593,5593,时尚,f43fb6b27ff28d7a45977e48ad1d4e047a817d50391ec603a44fbe91329946bd,retained
cnews:5594,5594,时尚,73e5e5cfe108917adbb70975fec2e89c797818bf15c4f8e05e01355fc8d3e257,retained
cnews:5595,5595,时尚,a97553d4a045543d0c7c98b8d54b668afcf20a0f58e2411c61ef145b44a851e1,retained
cnews:5596,5596,时尚,e106f4ec718d303e04fd34582d8010953ec920fd5f55f6d52cc4cb79de106665,retained
cnews:5597,5597,时尚,4d48429b5a8ddd52a6f88218f9394a1d73c24d5f3c7f497d363cbd718a1857bb,retained
cnews:5598,5598,时尚,0c6767e0a48ecc342fc6e677874f074cc86f034dda00b078cb139744c6768d78,retained
cnews:5599,5599,时尚,1e8608f892a0093947e14a7c12c9da57786317b0943fdcde3ef3906f65000771,retained
cnews:5600,5600,时尚,4d1e160c3a0dac18a1b8e89ac64e958819097b6d5de89e15618457dd477b568c,retained
cnews:5601,5601,时尚,d307befda9cf30338aa7c833a4c11e836b040b44ff38281dc8a780e4826aa0c6,retained
cnews:5602,5602,时尚,97152df4d0a522e0f21b18d0852f64d3856bb9aa8bda7f744914ae4efd1982e7,retained
cnews:5603,5603,时尚,f96cb505767c99aaacb569d28392ccf867b6afa563c7b9844d818b0e7a13aac5,retained
cnews:5604,5604,时尚,ffd5e5f9e6bd8f8831fa8a75c42a4cbd1a3c597f3e3a5e567ba38192c91f17e3,retained
cnews:5605,5605,时尚,5d50a9d1614cf5ce70d6418897a904eaf8cddb840ba7e05167e4be6b4ff9e17d,retained
cnews:5606,5606,时尚,326f505c6196b3d3758231ab6139ff02e00923b47588979f49e095314968788e,retained
cnews:5607,5607,时尚,85c654ec6ea3535516b51e457ed4df68ae0dc54c34bb6cc61b15c418a5c45089,retained
cnews:5608,5608,时尚,4d7ab5748e57967d5b29898f0833c5e521060d50badc5073a5a3874f9b8caa4f,retained
cnews:5609,5609,时尚,62949b9355b0aa7c02dca3e6016e1dae294734434b6e36d26e23c3ddfbf013ee,retained
cnews:5610,5610,时尚,041791bd15f3811b7baa98c603ff2023866dd91e7996867757d7add7ebbcde62,retained
cnews:5611,5611,时尚,d79715e86c51d381642e3f36ebb171f5e423b0a45fb751a22c5afda789484479,retained
cnews:5612,5612,时尚,c7def6167bf9fb8bc588f9e17feba11f7f25ffe14b92e461bc1c87c17f74cb6a,retained
cnews:5613,5613,时尚,0a5ad4e1e5b4d091de22474882a34f94134983ddcd09fdae36419cd88dddcc5e,retained
cnews:5614,5614,时尚,71109109b9716786c85b5b57d4c143fd3053fa1f1d63510e5fa0499eb65f316e,retained
cnews:5615,5615,时尚,53913a5628f741951e632669d9128a565790bcc1ca0d15abc2cee0ad72bc4610,retained
cnews:5616,5616,时尚,f4ad2b7ec519aa17e1d3ebad5a045a5cc6f8e04520fe0d02e240e10ba5b0a6b9,retained
cnews:5617,5617,时尚,580f64e71380359e5eb4f22d0f0dafd6c5bef405488e8706fe53a9ea96b962f2,retained
cnews:5618,5618,时尚,bad5686e9b98791fccf0d4c58e9784bbd61917a5364ffe32d029d8657df1216d,retained
cnews:5619,5619,时尚,d13ed32e09aa84c9b54c02fe1e5c33b771106c1e4d69c882971c98bb87641388,retained
cnews:5620,5620,时尚,bec838d4900ea22d24c213f2d2da3c3a389c6c01f4020b0c455efe2eac181077,retained
cnews:5621,5621,时尚,c9bf9e3a1471f2e4c16332ac039312cc033996ce95ffa364376a6df0de240f59,retained
cnews:5622,5622,时尚,051f44b2c6983650f64f581f922e148f215c1982da2e87befecda0b51e526461,retained
cnews:5623,5623,时尚,914da4964fb989bb7355d9d1e4f998c72efbc57f567db646782b0739af93ddc3,duplicate
cnews:5624,5624,时尚,11ab97f83076db284ea8af19481449d313602cdec8d90de9e6687b029fad03c1,short
cnews:5625,5625,时尚,82eb6926a6ddd69f4559710c0aebb0f742992c13df43a86b8b69266dc4c35b3f,short
cnews:5626,5626,时尚,fbd3494537808a55b6c1f645566e0d279861ecd9d015b33110bd6d7f3d4156a5,retained
cnews:5627,5627,时尚,f960a1aaa0cb944483d54bf4f84858be7df44de65125383695a671f90c739d6b,retained
cnews:5628,5628,时尚,1aef5f85f71435abdd67aeed8dc0e69604315346556bf2e032e88d2181ea1767,retained
cnews:5629,5629,时尚,1fcfcf63363438bfda9df3478a0d667fb5ab3eccb44f0262685ca54663432c9f,retained
cnews:5630,5630,时尚,0ebb3c7053ab6ecaf5c36e71dd31fff76d98f9ebd2119b78e423b5d09904d242,retained
cnews:5631,5631,时尚,b23d5b16fac8de1ce7f3f4712d980682876665b8664047877e7c076699ece063,retained
cnews:5632,5632,时尚,96d8e975ffd945ca7da733b1684e6470c7d9505d1a58c15717a7e1dfea206124,retained
cnews:5633,5633,时尚,7318cc7a8b85963e99d48a76ee79ba3a41d4adb79901dc397ad9e2d8f091d042,retained
cnews:5634,5634,时尚,24dd999b016ddc06374bd40bc26265a810a19d45cb6dba94afad55bc696fbe02,retained
cnews:5635,5635,时尚,74216c6248cbd48c471ae25aca7cb5c02082aa1d6cd803853988a7ca684a2242,retained
cnews:5636,5636,时尚,302d96287d8e903dbabedbd248a307ed08b686260f16bae63900691690308452,retained
cnews:5637,5637,时尚,0d0cee82908668249ba0d7fba2f3621829c60de5e79e6b01208419a105474836,retained
cnews:5638,5638,时尚,b4498964c1ea216d7cd5ee33aed92ba1e832187e55e095dc26a2372a6a933586,retained
cnews:5639,5639,时尚,88de65b24e1b61a6f5e826abef997207a8fbd53ab8f12744a827fb05051f921e,retained
cnews:5640,5640,时尚,9ced2c5bb567773726642a70963e958ed02332eb7e146b2b5ab86f97c861e545,retained
cnews:5641,5641,时尚,2d5600e0597aed22b2567d40294a8d87d6f91c4628d1eefee3438d19c7f6b5a7,retained
cnews:5642,5642,时尚,c54d892ba7e222d3f3bd051b921fe5f88192cd126b1c37e50a8e938988547a94,retained
cnews:5643,5643,时尚,fc2400742811a872a7dd0319a4e065c5d2a3290696ddcefde64c4e8fed14d223,retained
cnews:5644,5644,时尚,48033da8165b86158946307285ea1937380346a7ae1cebb75a9039f77d1621f2,retained
cnews:5645,5645,时尚,ba6d9b322e003198ac2a88b5530e46a3d4fe2da01c2882803128087a5f651c21,retained
cnews:5646,5646,时尚,e2fdba0e91884d8d58591a4b23614d449ba8a9d42da974ccb46a15ecb859009f,retained
cnews:5647,5647,时尚,237afc07b22afef0bd7d945c7613fdae687d7e6d98c114073c02c3ba7f364476,retained
cnews:5648,5648,时尚,a084992555dd295aa7d7337c75fdde498d0f81a7220e0ee36138fc2cff5a5c00,retained
cnews:5649,5649,时尚,8ca3a1605e8c6c3539ecd2c523079530741c88aa546b4150361f0d95e12e16e1,retained
cnews:5650,5650,时尚,71c015ab638f4531a680f2b516064c7b0cf872d5551057322e826373ec705e95,retained
cnews:5651,5651,时尚,962bd62e39ed720812252672b78db434faaca1b4c57d718f747a4d1548604247,retained
cnews:5652,5652,时尚,32acddf5abaa2d8cb45584a84d1ef4a1ac5cb1f730f1e43274bf050cd4fbac8b,retained
cnews:5653,5653,时尚,954dbfa6205cdb1b4239825cc5e489545717a111f5a32da5bfc8f3d7a6fcca34,retained
cnews:5654,5654,时尚,2dd328e8e8b32e6b831cc321cdb5bbc50cd7571aab376caa863e19581387a441,retained
cnews:5655,5655,时尚,2511b8281af9add9d4591c52d1bcc91c27ee258372865fb5a4af1f031097beca,retained
cnews:5656,5656,时尚,79eb88edaccd31df27415312aeed864e92b966159536f70585e1b55d233830b9,retained
cnews:5657,5657,时尚,25ec06b8a2efcd16971c4105e026c0af278b2a3d80a27697f73ce184ea69ae53,retained
cnews:5658,5658,时尚,91b1e8336cbb8aa3691e48d3b90a45af505af4f7eb5762b6b5161595d580a9dc,retained
cnews:5659,5659,时尚,794b139e1bd9740c92fd4379806a795d6171e753d541e0b381e5d09f8932e045,retained
cnews:5660,5660,时尚,d28d96413bfa2cd545db229a69e385452abdccc0ff34ef7b19b82b9660fff5cd,retained
cnews:5661,5661,时尚,ebe26c81dafe857d0d316baf4909a38408d42736455498c453b880ec17df0637,retained
cnews:5662,5662,时尚,64e51d07b10d4bff5ceffdd012ab52373c67e62ca141e5f21fb9a2e99205e5b0,retained
cnews:5663,5663,时尚,5647416411a4f760fa5ec214d2d2d5633af5731e916f3ae1d4af95939fb7f542,retained
cnews:5664,5664,时尚,dacfbba6e73bdb6eded2f9ce2b55911015fb231efde93d5c634fb7a8356c2b1a,retained
cnews:5665,5665,时尚,fa4d5a36b6a2489ea929df3768b013ccc1226d486b8cc37d8617f8f5ef62b04b,retained
cnews:5666,5666,时尚,5cf31d28686681facf7c3b3f614e0143de3b261219a1009db91f033ae66509ae,retained
cnews:5667,5667,时尚,1353baf43faff7a42da2a1c4fce33885671fe3b1bb886129450c3b593848148d,retained
cnews:5668,5668,时尚,771d43fbf32677c6557c3a64580965cb422d0c158b1dc205b39f08fc61b5e3cb,retained
cnews:5669,5669,时尚,b38d06c9cc1f003e0243a66d84e86112a279c46d1bd26393e278d660e790c49c,retained
cnews:5670,5670,时尚,afe1e2aa1ed0830af45f5890951213471f131d0964424ee0c9f05c0a092e1811,retained
cnews:5671,5671,时尚,298933611d34fcf70269946b449d11cfe2214394a87e5d27d14547cc3d55dd0e,retained
cnews:5672,5672,时尚,097dad9dbb20ca2bbe161ff7ff22a3761a6e92b6f0131cc0eb34f4e3d928805a,retained
cnews:5673,5673,时尚,1303f9923c38468ec97d9f1f1a0c9225dfead092dbdae4d940be1cc6ff2a537f,retained
cnews:5674,5674,时尚,d3f0dc50845489f462c306fa9d2fb73b93c083ec029b57b0da4f03011bb50f16,retained
cnews:5675,5675,时尚,fcdae5a6397577849e1d7b5414107675032bbae5ca7f2c57a1862ce79f6858da,retained
cnews:5676,5676,时尚,ffc3c0a428d6da0472c2b1b656071e5b9c23b10d3b3f801d60da3f612cefb7c7,retained
cnews:5677,5677,时尚,60ca2c258d0a9451f916d1a17e0f186a8d3bbd25e84904758b0c8b1cc5532eeb,retained
cnews:5678,5678,时尚,40cf52b4f3c881aa49756921927ba2581b482df0447c802c2bf84a3f408db5cf,retained
cnews:5679,5679,时尚,e65767f50ca12e30d7cc14ff16bc8a33ac1ccfb6fda26db90af0aa74d92fd40f,retained
cnews:5680,5680,时尚,bb2bf661b937e9e2cd1d6104054769cc7f6e400893a60d9be6090efd8ac667ab,retained
cnews:5681,5681,时尚,94a95e76287bf257ad55f7094803513836a49c573ddefc09233a92ea3ee72e2f,retained
cnews:5682,5682,时尚,029fa8a33ebea85e079dd87aee08a8ca131e78fe493d625aef0dc020cb561ad4,retained
cnews:5683,5683,时尚,d63af5281e6a3f900440bf16b7e83a656ae35e4e7c8489a302f27838eeeabf17,retained
cnews:5684,5684,时尚,fc9400905b973cf81f4ed665b443838da9b5bc905d03bd322317060e3170f7d9,retained
cnews:5685,5685,时尚,05a2bd0b87f5e02f8b042f344d35f54f98056f1648e947de5c7ad8bdd9a2d3fb,retained
cnews:5686,5686,时尚,3f82f3f670347be0b7657b2705617d899404d90938c230b685b9ad20f443e666,retained
cnews:5687,5687,时尚,b0b5468f37188fab2dcadc2ef3f7e279a12f7246f3eff94fc1da30a9aa085b19,retained
cnews:5688,5688,时尚,50821fef0cede761495fa64d46c3fb81fa4bc5a3a6c47395723f77fb54ea8e06,retained
cnews:5689,5689,时尚,63550a3fd0bf1a4415ebae4bc3222a0e9e2f7d37425ff02096326a254eaff61b,retained
cnews:5690,5690,时尚,e1a091fa0f1416f960f18614e29a448216d95ea25ae207949032f299856397c4,retained
cnews:5691,5691,时尚,9da9f183919f3b087b96769f5d9a8aac5f08b7bee2ea134d5c72e432aa89af64,retained
cnews:5692,5692,时尚,951c672e7ab47cffff4f25140db153e508f166b69787cd3c8a15488a4a6e520e,retained
cnews:5693,5693,时尚,dd37f288bf2cb755d7419e8af8b62b23739bb954f5e63c57dc69f156038ac7d5,retained
cnews:5694,5694,时尚,8b93d47aabd0abd031c56e5df5df0da3ae5958351f33c402786ca21a6ab27748,short
cnews:5695,5695,时尚,2bb85d911253f8cccb8c921278aee6b1ddd26785798dd6e4ffe251a402376761,retained
cnews:5696,5696,时尚,66b782dbfe36a39ad475d88dcd53c3758940d137f04e08fcb456aa66b7648891,retained
cnews:5697,5697,时尚,1b9973611f80a3c8428d435a680924ba5e3c2e3ee8c48169c8735e860720d219,retained
cnews:5698,5698,时尚,8d4fa37063aef61e51e0d608b746391f254e7a6a4045eb18cd987dd3dcb37049,retained
cnews:5699,5699,时尚,c04472b432af7a11957804fd6da3fc0be60c9d1249a891e8eefbeabf93c68652,retained
cnews:5700,5700,时尚,603737039bc291463a687713e4f8862d0761dfeb0d40eeda8d3667bd56c28742,retained
cnews:5701,5701,时尚,83e442319f4ccb1fe2d04c8a8a2c37db6432ad6bdcf1d9e8121a5006de3c36e5,retained
cnews:5702,5702,时尚,56a389171e1ce1aa1d2c580f10e357a985c295d9bc7f6f44681dad8b1cad7150,retained
cnews:5703,5703,时尚,582e09da7f944dbc60171a552a7c7a5514c648aa775cab55622cb10a113a1c09,retained
cnews:5704,5704,时尚,714f07bc36ad05b9f8970aa1b868b0c9a8a799cedf99594d92b71fc6cd700e19,retained
cnews:5705,5705,时尚,10731fb0cab20241750f7844fc23938f7094e009c13f6bebe1580a87d339d9e4,retained
cnews:5706,5706,时尚,4543089c01f61dbc7285dd4dff06cca7ac647431424ee2b5f2069a6df50f9e03,short
cnews:5707,5707,时尚,0adba0b3b240c53b9a592e2971ee1314aea4bf690a502e84fdacd493e155d6ef,short
cnews:5708,5708,时尚,b011466fad7720e8ceb755a830d413008a92bf349e41ca057aa860268f0d28a4,short
cnews:5709,5709,时尚,82a27b4895e4693c7fac5340b65fd1b18d3b90aa51cb26fb2fcc8299d7416066,retained
cnews:5710,5710,时尚,855a03db4a9fae0875c0bbd0af99e028e35f1b24e42f2c2f6ef45cf88bdb223f,retained
cnews:5711,5711,时尚,ba0c035c537978d7f1970d481573426f74346cb4c6c80e423016e9af0da25eae,retained
cnews:5712,5712,时尚,85cbe6e2364ee4df5a99f71470310063f70fadf58e452af54c123c7e96a51571,retained
cnews:5713,5713,时尚,e05cba556f2d7cc52f3d35f01677688977c19c5d5c40b0fa155fa37ee1ed30bf,retained
cnews:5714,5714,时尚,33d1555ce16b987dd7f9b3cbdd3e422f48d0265b4d8b6b5b5128c1f4a164ef72,retained
cnews:5715,5715,时尚,eea7405a1ea4b95c2724922566d44296535a5be2b156f55ee9c6d4c1024f242b,retained
cnews:5716,5716,时尚,d5cca8b14bca501b52228488eeea60d9cca97890b3e0a180695d79c62ce16f52,retained
cnews:5717,5717,时尚,d5fec56eac0ea9ce18bf3c597dfed39bbaf833553928ee7a676b8e94fccc2f06,retained
cnews:5718,5718,时尚,970523a5c4b7724d15d4f4878d63a114205e168e0114ba8b6a84375eacf34a37,retained
cnews:5719,5719,时尚,682cc6b15c38e35fe545c6bdd7834f0276a1b8455a0fb25070531ab44c295ba6,retained
cnews:5720,5720,时尚,45c64653b3f9f693dc23c185b8064565100a2bea043e77ba5ebbca034340f6fe,retained
cnews:5721,5721,时尚,480ec2a29092dd8a70fc35a9b1765a2290616828dc47befa72667e18ba5609dd,retained
cnews:5722,5722,时尚,db6de342b0d92fe7a4de44b04fb876c13b9f1a4a47d6d9c158a122d3c431b706,retained
cnews:5723,5723,时尚,97b404d3163deb96d1b7947d068fa60883a459b1881e2c3bb188b18c3893100c,retained
cnews:5724,5724,时尚,6cd4934a1dcc99cdfc8a3a8f5a781c388e1c49e4ae6cad2dceb9b4a4516d20f4,retained
cnews:5725,5725,时尚,b3289d5c8a189a8af01f9bd92b6ffa90c9ce2518682ef3b95663102313442de8,retained
cnews:5726,5726,时尚,c0ab7cff39e29b5d62ee2b74b933367606985626a468c44ac094b212e19a9d75,retained
cnews:5727,5727,时尚,c248e31b1b6cf528b0ef9c019083884f017b1b8f3973e72d68cc9b754a92e6af,retained
cnews:5728,5728,时尚,5e7ae15b3d9ab8a1750a8046351cd94d2e5755368ee2d25d08b889f2892373ad,retained
cnews:5729,5729,时尚,33810aaa9cb9356737da090e2e0321a4bc06a8efda6d24077274498da3d88e26,retained
cnews:5730,5730,时尚,4102bbac5df46f9b996749548744f4083b7384172cd218460d7f7346d71b86e1,retained
cnews:5731,5731,时尚,7e9f684e8f3a5f7363844a5a54159a12f46e8e6d4ca4d9fe0d5ab1a8c62720c9,retained
cnews:5732,5732,时尚,02af53a0bb0a508941bf3ec2aa1ffde2c4a0ad941b49a9359bafb7cc5429449f,retained
cnews:5733,5733,时尚,616fa09a0c0ba44bbeafb4cf120027da63218f7e3e4269b3522ab6c99973589e,retained
cnews:5734,5734,时尚,6867294e9cd9f5d2c942bfe5cb5380797968383c9c6a53e8fa1eb8046e14197c,short
cnews:5735,5735,时尚,2a380c88d44e44058f2417cf3ff1c975a9a82e0cbb59fac2506a7c174085f578,retained
cnews:5736,5736,时尚,3788ea9c0453ce8e574c132d14b1ef64393e0285a87a6ff6d26ddb72332bc59e,retained
cnews:5737,5737,时尚,822e8b87977de20e2104edab08898e638f39e2adbb411a5ab42fb817e40456cf,retained
cnews:5738,5738,时尚,0aeef0672830ed5d6602de7ebb05f3767c7b48d8de5d4ce990fcde3022b04fb2,retained
cnews:5739,5739,时尚,45e50623231f79f939bbfabcf553d8d646f191e5c345e740234f7ea96c1fdf6b,retained
cnews:5740,5740,时尚,906465425a27bdcb91a1fa2f408bfc28241ca30406ec1432db43fdc8a07d0117,retained
cnews:5741,5741,时尚,2f73c9c0f2ef2e3b1f0a7ffcadbaf24596b4e07167d12814f444b5164bfb904b,retained
cnews:5742,5742,时尚,6621f560626b7600e98a2e2a0ed0644135e3b1afe3bccf11370fe7612743162e,retained
cnews:5743,5743,时尚,d4e48ce057314cb8677f9dfd0b271d51c15c7456ff26eff2bb17df85527952e8,retained
cnews:5744,5744,时尚,0405c7deba8b533583772dc928a8617dd2ed651c54226d724db5592b0b162e3a,retained
cnews:5745,5745,时尚,9909841afa825be39d0e134749b05fe22fe80997839a1da9dbdcdc1de0f33ea4,retained
cnews:5746,5746,时尚,b630d8607de39649d6dc17b9463719a6ce2c2beeeb2c4af3739b071109570335,retained
cnews:5747,5747,时尚,97f3affc06473fe09b82dbbe58e995ca8d9b430908fbcd5951d5175280a5ed02,retained
cnews:5748,5748,时尚,48dfe7d85dcdc4fcc89aa9a5a7af140b3d35b2ba3352bfedadd509d2791740b5,retained
cnews:5749,5749,时尚,1d3cbec9122bebdc997910db021d957e4052dd398765002390d9ae7c34c83837,short
cnews:5750,5750,时尚,4302d16f28e84281ffe011994006acc24024734ce888c2dad55b01ac06027d0a,retained
cnews:5751,5751,时尚,16b05e31c2da7b74679971c9eb072395e004f2188fc26df49d73a33417f81847,retained
cnews:5752,5752,时尚,2b33822bfc1b9b867f088827c24ce083f88ecaeb4683e1bef37429725776635c,retained
cnews:5753,5753,时尚,f09af94893497384b071b485c4ff25dffcade2a3052f0fbc7283c3efa26474cc,retained
cnews:5754,5754,时尚,42ee55e1ca634ea934cd7e57ef59c451a8705c725651f26835ff4df02288af3c,retained
cnews:5755,5755,时尚,093896643e10a8949908ef21009853f5af3858f3028b29562c598348d307e1ff,retained
cnews:5756,5756,时尚,e0656980f597123ff6649fb3ea3aaa1e6d831f417556e3d31a91a90531e99165,retained
cnews:5757,5757,时尚,c4873db81e5464a2f96de593edb6b36fa6dde8b7259edcdaf88b9fc3fde34054,retained
cnews:5758,5758,时尚,96cf82dd7548b1483140b0afa3f055ec789eff6fd65e634a15c0cbe4d68232b5,retained
cnews:5759,5759,时尚,dd14070e93d7d1ef5016fbeca4353a8538f7ad277c6bc631e7d4b06b381096c1,retained
cnews:5760,5760,时尚,65c62da27ca4780c1a97f6c5d955883d94cb3e84c3c5247e94b327351e8863fd,retained
cnews:5761,5761,时尚,1d6efc2dba5696bd38cd29c5ed05d562e11f98bf1dec0823c9578e08a5a20118,retained
cnews:5762,5762,时尚,740983d315a04c3e853db6b38075dd34234c6323155e6b5fe24ea2788f2553f8,retained
cnews:5763,5763,时尚,e9db449f434d3ab705b9e0dce9356fc6a926707718fbe5e8c881c01973450890,retained
cnews:5764,5764,时尚,004fa19b156f20d196e88ad9a610cacdbba2a3ed2ebae53cc19d6e5eeef7f5d4,retained
cnews:5765,5765,时尚,433d12f7e4aabbd3dd850591e5acaa19b01cea96bdd466f5942a4d88d249ab2f,retained
cnews:5766,5766,时尚,8b1b0e7ec6dcf808c566a994374eca6a5c246dc3f2704e3787e2db37d9a8a673,retained
cnews:5767,5767,时尚,0901186f80332495db310e9dcb5dd6a8f75d1c3465f6d495e1c35edc92c42e1b,retained
cnews:5768,5768,时尚,66a55db7e5935e9e202b2f8e238a2b937874cc399adc92295500c85cfff5f7cb,retained
cnews:5769,5769,时尚,7bdcaca1a0256f42e99ee7f85a4160d8a8e30b5ef3814d5a68b8ab73ca5aafec,retained
cnews:5770,5770,时尚,55144ea9e94af8f36a4ab8bafd0d7ef6fb92a005dbed5fa46962061542cff706,retained
cnews:5771,5771,时尚,6ed0043186a9311158d18c8ec9c3f799ec2388a1c199460e4f1d2c79c2e2193c,retained
cnews:5772,5772,时尚,4ac688b7235bf30f5fe823c59435e1172960cfb29c062af0a9da8a30ec63da38,retained
cnews:5773,5773,时尚,a1b647f3149c5f953ef215e8484d46585211a7bd11a4c02f3f9e96bdb1db8496,retained
cnews:5774,5774,时尚,c088e901d41246c2aa8761a497cf7273ca5a194a3c65bc4e29d28ffb40b09959,retained
cnews:5775,5775,时尚,2191b616dbc77d371a33245f447812f7245e0a73bba89043ca31bb1430fc89c6,retained
cnews:5776,5776,时尚,027a94f8c70339fc29866100db153df3ca497fa3ad27b89dba662a896efcdc82,short
cnews:5777,5777,时尚,4e0cee4c92a75e7a3e4f342281bea71883315e3deaf77ed5ba1cf5dfa7528dc1,retained
cnews:5778,5778,时尚,8b9b5f57e09143cb10832e079df2738319de81b35a548e9b0c584974e1a9702d,retained
cnews:5779,5779,时尚,b7b8cc77690ed191e7fd427d3bd459a381cf46a55c2eb97feeceedd5a9a4c7bc,retained
cnews:5780,5780,时尚,106cc904ca7b76a7291846847a881b8bd97fe503906ab427bfdf1df2bc49615d,retained
cnews:5781,5781,时尚,633cfb244fdf33e0acb505a293436890463da13aa3b5ac613c212d50c894540e,retained
cnews:5782,5782,时尚,9929506c0292956861f57de109aed8160f70b0f34753811749866439f3de0b6f,retained
cnews:5783,5783,时尚,1f148dad9eb132e915d227362a505de455c999e33dc26cd5000c7b29b9a7acc1,retained
cnews:5784,5784,时尚,2b801703dc5e1e6ec27cdb3817daeb64cb4657da2d8670cedb6d437868c004fa,retained
cnews:5785,5785,时尚,dad0024af0da827e692a6b1ce778dfae0a20ca2afff91904a5d6e22d0c97356b,retained
cnews:5786,5786,时尚,55294e18d240d887302ef8acf9e82a7e1ad953a4799372ebb82b79e16a55efd7,retained
cnews:5787,5787,时尚,c725e9b148f84936f3095fce94fc5b8e42490fdc12c902f9edf7a893e6839324,retained
cnews:5788,5788,时尚,38017b46d2f0524a58a5648a9409756a3eca8e0b65b86b1662a54cfadf48b511,retained
cnews:5789,5789,时尚,437369eb14f2db89f80d4b4e63ade3e401228575af95931d5a83524116422156,retained
cnews:5790,5790,时尚,856ece908445abf7d9bd0ef66827949874405995c6d7d5c75e4afebbd2a81846,retained
cnews:5791,5791,时尚,dc094461a8eee270064b41267d17ed6260b617c2c00018aa92bf4bccdc9129a3,retained
cnews:5792,5792,时尚,eb950516b45c0fbc02407a3cf48c4e1ac1f5baf5289fc2369fedd2b03386570f,short
cnews:5793,5793,时尚,2bc4bd4cafe23b1674cb7c24d394eabbc1c124d510c98e84a4a828bca608acfd,retained
cnews:5794,5794,时尚,5bc57f64eb08df7cead7b21a79fa215d74f46e7dca88bc03ce8a74feef27700d,retained
cnews:5795,5795,时尚,4389c5cbcc5921ed6ef47563d148ec402f08402443388b5ed2ac8bfb6edb9585,short
cnews:5796,5796,时尚,3b49635c1886d8eaad138ec7d7a97fb8c431e0a43a3edd4402fc5a9397b36698,retained
cnews:5797,5797,时尚,0a93383be79282c08485e1a809bc8609a2b8b3fdb5853aef6a2eff194d0af7c7,retained
cnews:5798,5798,时尚,7a99c27ce5a7e310b7a372df28e53cdc1dd8529323ad4202e6911470888717da,retained
cnews:5799,5799,时尚,4022f7a16492ea7ae00ae0ecfa58ba1bd8aba239ae6705e981e661ef5bdeccf0,retained
cnews:5800,5800,时尚,7aba093a2ff73963e0ec11a9d983dae6d5fd673e1d507aa8beb2559ae0366a3e,retained
cnews:5801,5801,时尚,35b0fba96ddc222530c2a2d358f36b56d974284b134a530061873ae88f08f86d,retained
cnews:5802,5802,时尚,a79c8151ace8bd4866fa912eb8047882d1c4e0a1f1b0255839f9b272893bf1df,retained
cnews:5803,5803,时尚,d725f09cc749e92d76cbde60c4376baceb39a30ec1da104b798f0a250842c09b,retained
cnews:5804,5804,时尚,d85d9a4ced7172d2e9d2a4443d75240faca2e33e2e67f303549119170223ec05,retained
cnews:5805,5805,时尚,0aa6f4d15a20f7d290c16da61f009f243e7abf509ee3cc50f7d9aa3940347634,retained
cnews:5806,5806,时尚,731c440b37f86cf662a2c678554d684d0d97069677cf990a053353036f85e826,retained
cnews:5807,5807,时尚,b58ce1769a21da2ecfa872142c68f0a004e833a6d12486919e5ea2bd27595939,retained
cnews:5808,5808,时尚,850da55c3db2eb24730ae9f1c1281a8ea004f61bc110fe009e3941370f3c1118,retained
cnews:5809,5809,时尚,5b1914092e38c7919efead803a16e8b46e2d90b2c25bbadf0c3eba5562ca6885,retained
cnews:5810,5810,时尚,33dc4335921f761d823dac92761466b7d174bd4adaeaa5ef80e4ff9973f08f37,retained
cnews:5811,5811,时尚,bb9b3818d0a2cdf98c7cff5a73fd230df72f75c7915eb1355284fdc0bef2f5b5,retained
cnews:5812,5812,时尚,a38ba2bb98b0c09e8baf3a443b3d10c4143a0faf6ba8ea7b42ba9b5b89e654bb,retained
cnews:5813,5813,时尚,6f84a6da55d7a2d11775777e2a6d1e8c587331eab7688d0f54d8f387d529a1ce,short
cnews:5814,5814,时尚,5bfd3ba54be837892b13d140471b49259e668f55355a5c6fb1089ec27a500d1c,retained
cnews:5815,5815,时尚,8ddaa9d2c82648d91c685e774f1a8d6ba1f96551348efb49206255b7eb19a690,retained
cnews:5816,5816,时尚,799908f5cf7b6bdda8dc4dac13184713cac0b80fd31ffa00dd25d119fe14081a,retained
cnews:5817,5817,时尚,7ace8550a8d7bcd072869f5a719c8b138882271744db1b79db888b5ea6fa5534,retained
cnews:5818,5818,时尚,624ac362643968731a5911ecdd3f6252282f2f69c7fe59b93951d19f2624694d,short
cnews:5819,5819,时尚,86ea1a10ab3b8c8ce1506ec01325607e4e43fcc30f8029fa82ebbec54709b067,retained
cnews:5820,5820,时尚,0c45b1490edde1e067418b203591cbd9b9b998319f53d5702969f66c44cc19db,retained
cnews:5821,5821,时尚,430bb4dbd6531faffc4a62c05fabd88628da27cc9ec644be4fd3b560533c49e6,retained
cnews:5822,5822,时尚,abb4e5e6410a24066a753e42372d7077c90cba3a9f78b247217a0f1e05dc404b,retained
cnews:5823,5823,时尚,174d33ca9a8a59f4d21778559edeb47a4e241effb534d37c5450dc6d864d3f83,retained
cnews:5824,5824,时尚,83dac3991c0fadbe544b51b20e9300fc409e7d44fec8aa88a561b8caf709d681,retained
cnews:5825,5825,时尚,4ec0265c3f2b965730e28600dca04dfa757d528ff1b454afd612bf430484eb05,retained
cnews:5826,5826,时尚,66f49bafcf8080b93f67d03a234da7106dc3ea35887fd1024fecae3b37b3a031,retained
cnews:5827,5827,时尚,5a6f162074ed0face77cf3841a3914eea7a6cfeb730f4e5b53f3f79805c0a4e0,retained
cnews:5828,5828,时尚,192943671310b62cb00856f2b496e571af0d671980f0d5f8dd6e3db6151354e9,retained
cnews:5829,5829,时尚,a77f310767907e7e69d05abe924b89d40f6ee3f996e58c96acc6d988ebbd1585,retained
cnews:5830,5830,时尚,094f7b06435b7af1eaff508f9c23dcbdd5d7358f9091eba4e7dcfe508e8866b7,retained
cnews:5831,5831,时尚,979624b076d4252ea56889322fdd28f1ea56746790590356a9582bc335ab4caa,retained
cnews:5832,5832,时尚,9e9bff6e37572c0d0ed144dcd86c2307ce0bffb40c1e77a1d6821f6e6ff80e8c,retained
cnews:5833,5833,时尚,4762781159a146d01cf7348a735a6b20159e04b3e7d462e09497f9f40d644f43,short
cnews:5834,5834,时尚,179e26f9c584d6074197fcc2df46b1ed6e7f6903c16abce60d165b891d662539,retained
cnews:5835,5835,时尚,7b11c6d4df7aad8c7a9d10710b0efed0819cba18894f8fd06aca47ae49a72582,retained
cnews:5836,5836,时尚,003a2dafa42b3076a058c515a211c2b26796d6d0023aa87f953355a24df93416,retained
cnews:5837,5837,时尚,6f34d6bc8e7b100ffe761aaff8455375ca5b40d863a37e55024860a563c9302b,retained
cnews:5838,5838,时尚,89a9a73a912e4f5e174df979931d454a77f10e302b35f0b9e4f1a1a2aa2e7793,retained
cnews:5839,5839,时尚,0967e22d747cc728930efd0b07e37389115523c49b59cfe0a1f4163ecb88a8df,retained
cnews:5840,5840,时尚,d08d1b352caff8680aa830879d222b2abd40fdf5342fcae4bd7f7b0029c1321e,retained
cnews:5841,5841,时尚,137dc0b9addaf595009e053e95360e2f0a1d12fc8b6db643bc025d5cbe3c301a,retained
cnews:5842,5842,时尚,bb73e1b491719d05cabf9e8d63b49286c5c348ecadf308b0aeb0491090f2a12e,retained
cnews:5843,5843,时尚,295f850cd9ac7c127a7adee4d27a611fed488e082c3017de09ee2b0980c34f97,retained
cnews:5844,5844,时尚,f7d005dc60ec2a5fd05e23f5a9fa61dcb8523eed2941a9243fa291fb75d49a3b,retained
cnews:5845,5845,时尚,2a19b8253f807ad1da9147403ad452e347e2273fadfa14f9f8c9bba2942b6853,retained
cnews:5846,5846,时尚,0f9e988de7f5ce29637ec6e3f7d687a574b29d6e92b1b80d5725c31a4b2be9e0,retained
cnews:5847,5847,时尚,20b28099d27b666b18a2985298e7973212ab1f0286d62db53f34e6f57f16d893,retained
cnews:5848,5848,时尚,a42a227c8f0c647580e8b10eb284ece6a9c6e170816e842709c84d1f5c53504c,retained
cnews:5849,5849,时尚,053ff88b3a69dabebd21f3f5647d453913b1c852dd1c81b5a2c9ee34d4a0594a,retained
cnews:5850,5850,时尚,14a946da4e8b56779552472dddad99bbbb4d04057b71b80467aceb135c1bdeec,retained
cnews:5851,5851,时尚,c11bb7dabeb71a1541a1e89cabb03c970cd1c5a29d093431dffaa278426094a9,retained
cnews:5852,5852,时尚,f6a953f67760430855696c8fe4382f7825ec72845c0f97f9bea86b7c86bfd738,retained
cnews:5853,5853,时尚,df4dd52e7c8b7267db2b818226f96a36f229019ec02fc1ca179ccddaade7c5ef,retained
cnews:5854,5854,时尚,f4366e1fa89b79c980a45b718fe8e17384c63586fe7411cbb89c5d5ac66248ac,retained
cnews:5855,5855,时尚,8c653689cffa73bd3662855e57789c3984ab4c8cf3df471a9f5b9a40f70086bd,retained
cnews:5856,5856,时尚,22b2f345032a7cb954d43add1b84ea0f1a94306cc5306dd90fb29e8a7c97ece8,retained
cnews:5857,5857,时尚,1c88242d61b257ebb5b88a14fb6a727f5395fdd08258dcf9fe192af2af5459f9,retained
cnews:5858,5858,时尚,5a62ace3725b957911f4023c04fbe0fe56d83f3c484586ae4e65c0d02956b83f,retained
cnews:5859,5859,时尚,3d0137818ac8cb16ae5f1b01d8bef907ae58b2f5ad2b6d65dfafe976699a580d,retained
cnews:5860,5860,时尚,787e3775f7a08ae312fb20ed78b594da57cebddd8b5731ac062e133d6185f1eb,short
cnews:5861,5861,时尚,66be22612fbb1f9d0f1ed2aca568b23c9af486f98da992840f6eb3052c67469e,retained
cnews:5862,5862,时尚,62d43d8923de143b7db9e0e3a88646831e1963b064ca3f51ae8fc390f33e1f4f,retained
cnews:5863,5863,时尚,c7a4ba0f276ad621a9a52fa546235a4a7859f0339e195e5430320679fe32fe07,retained
cnews:5864,5864,时尚,f911b511dc46fb66d844b90dcabebb4ee89499b3426fabf2fb906a68851659cd,retained
cnews:5865,5865,时尚,99537dab053e9de5cbdb2cdbb6a1ca74ff2e18eab08c544504aa223f7e102bf4,retained
cnews:5866,5866,时尚,8c619611034d8538c383427a5db9c9da1000a2882e1f995c1f1ab940d6150f1f,retained
cnews:5867,5867,时尚,ffebdf698c4fe63c083c6f9e21a3ea8e8749220112e77c82e7324b8eb9bbc886,short
cnews:5868,5868,时尚,02a1eee8b860ef9f8e613d2ef354e58c41af40baaef3e9900f45250e1c56cccf,retained
cnews:5869,5869,时尚,2573fd33618d0773b950a0e13e5a81efa744a43fed108a277aa3cc95bc344799,retained
cnews:5870,5870,时尚,91d15702197785f38d3095832d470ccb8e2ebcd1cee3d481bd1a0bf6c8060efc,retained
cnews:5871,5871,时尚,04fd8ddbcf925f39333b04705e66973cfc95d9f9be1d4f871be7ecffc08d5b56,retained
cnews:5872,5872,时尚,f0e6566ea6f03d006a31bd2f9a238a0f3bf3fd5008bcae2b4012a182f1e9f07c,retained
cnews:5873,5873,时尚,82f44191d788c195566064ad869db6f31bb89cea887f563921d8b66b904baf2c,retained
cnews:5874,5874,时尚,6fb8f4163769cc919850ecbd2f30aa76277bc5dbdec23658feee55ff58aa66cc,retained
cnews:5875,5875,时尚,137e2578cdf751e08e3c40a80d9ecd1d7fa0924354e54913bfed7b4db3c3a247,retained
cnews:5876,5876,时尚,acb531ad6865274f461db4c781255506f19adb092b80247b607b8f7b3f286500,retained
cnews:5877,5877,时尚,24202541192eadb9c042cd05dcddb9beb04d3730db0c9f4fd8553e9c0d556576,retained
cnews:5878,5878,时尚,946f8884555b9b55c9cb94412875c7baba5f972fbd5084f1d397ce45b53df6c4,retained
cnews:5879,5879,时尚,8533a73458083cdbc6f3bdb9b913a9cc732a3572ac3bae93f712f687840ba648,retained
cnews:5880,5880,时尚,5f7bb84d752da2156b26769e22a0dd84fc2c3d1bdccec0742d295fbdd52c271d,retained
cnews:5881,5881,时尚,54e23f8bb1ace088eb5a65cb3292c73eaa3f450fb5da36e2b51fc8357f2d74a1,retained
cnews:5882,5882,时尚,c84d8b52fda7e9b74f70467943f325b848dc84fc028d229e5f42015e805bf884,retained
cnews:5883,5883,时尚,063c570bcb687eeb44ba0effeabb33f2957abdd98a32c76825d390d875f5b583,retained
cnews:5884,5884,时尚,d8b4267877f06390839117c240d80dd95d269360b0e4fed6e6220770734ee646,retained
cnews:5885,5885,时尚,ae03da0d79a171ce287889e683b104b0b5a18638bc1f7f09492b1330ffdf0e62,retained
cnews:5886,5886,时尚,253ffad104b564bde73b257d2a790bf3e2bf7a251c4139661fe5793a5b190250,retained
cnews:5887,5887,时尚,c5e881c355a7f7c1531905ad129af31902f5be62e172cae1fc6933f133d26c59,retained
cnews:5888,5888,时尚,5d82599c488aef3120bf4afe6eda420f5cb94ac83b77671b564fcc7dda185cb1,retained
cnews:5889,5889,时尚,9972c33984a0f7dd3e6257d157b9c346dbf3866502260d796f034234c003b1a7,retained
cnews:5890,5890,时尚,5b0ef372e6fd8d66f7624e2f8944bf4b56555fe38afd92b848d30b64f2c289c1,retained
cnews:5891,5891,时尚,5b91f50ccfe50c8c0a1c2de2616e9a75f76cfd2b9c3af8cbc668832c18ffb654,retained
cnews:5892,5892,时尚,2c3933e545719be9e9f64e6e3f4974db8778874c20334aeed78fa69f68774ffb,retained
cnews:5893,5893,时尚,1d39dcf60b861d43dcef631639b15395ba28a14e3614985a1ee07ab1b9c92111,retained
cnews:5894,5894,时尚,1b73659e04b430ff75338a54b9a40295fca88ce192f560c636d5986f1b09ee7f,retained
cnews:5895,5895,时尚,1b6093d43e013a07bc09cd8c9c693a7784211132a8dfc2792a579f8b60196e29,retained
cnews:5896,5896,时尚,743818d535ec26b2942463207b073378054ffd790ab16c75acce4f82b1089ae2,retained
cnews:5897,5897,时尚,f7be0d2745f9d07eb494fd3ad26df481e08481084d91e337a03634d5cc82ea5e,retained
cnews:5898,5898,时尚,9156e63ce4ab727ec14421bbf6cd575146ca8e265b93ee374b2ae6474467d3c7,retained
cnews:5899,5899,时尚,fdc91a7d6fd16436382831a606bc8793b2de1dda7b333fc74b7c77fd3da7083d,retained
cnews:5900,5900,时尚,8b44f7de11d399f240e068af44b1e37ff0e1390624152e81373fcb27b6219d24,retained
cnews:5901,5901,时尚,dfe5d15361b34c83782d8a446a2ccf8d6d4b5a6a3a810d67cc2d888b487fc7ed,retained
cnews:5902,5902,时尚,714ec6b2dffdd875c5add4f6d64c380d5e554fdf693b79410ba8f494c5b9cc5f,short
cnews:5903,5903,时尚,640904ce895d7ce062a8a1cf9b2a952ccfdbbd47763ed865ebd55a0480e9c29d,retained
cnews:5904,5904,时尚,6cf703f09662db0e0a25ccd9749f9a837e0409302595c99dfa10b5163f57c00d,retained
cnews:5905,5905,时尚,9e94912e7db3da502d5ce96217e677e9eb1cb7ef29b39b4f05eb2f487b33c8b5,retained
cnews:5906,5906,时尚,6947d6b1b1d0b121c6bd01b950573f58d741c0b6ae55fb721cbfb9945395537b,retained
cnews:5907,5907,时尚,269ada8a16450a97a06111e93e7c0a77c7519e64ba3d69c786b8ce7674d7462c,retained
cnews:5908,5908,时尚,d02c5623731b75cd9deaa6403b9af81d585f1bb5e3cb0662700ca2d5e721ec7f,retained
cnews:5909,5909,时尚,073d5271803b9a9011074641b7aa496f2975758d9a6fe9104d488f2ef7abbefb,retained
cnews:5910,5910,时尚,36a5794a3a63180540f7d9605568ed2bc7bdd3d7a31b6040dc2331c8350d18c7,retained
cnews:5911,5911,时尚,017e4c4931ee42a2ccbda5003d7899cd709382c8d269506657e47e4b640b41ab,retained
cnews:5912,5912,时尚,159d12783772c6c9518f17e8a5c56447725067ff2b3482459eafa9d649452e4c,retained
cnews:5913,5913,时尚,ac0a24781f5564b797b7a24e97e6e5660333127687c76d7fe5233aac3a9203d8,retained
cnews:5914,5914,时尚,95e7788fb7a099a596f8de5e6a07c569001a6d2fc3c24e198a1a62ee44115187,retained
cnews:5915,5915,时尚,f40b3704290ee4a72d5f1fcc0a735efee50d1230b2975ca0a6728d197df0d249,retained
cnews:5916,5916,时尚,f7c2a5b5ca4a5afb74fcb491e68ecf0cffd3315c4bb4d1dfe19e881438b6bc41,retained
cnews:5917,5917,时尚,fdd183846745bea60117fdb4afe0be88928b33b2bfaa21265a7a017517db1105,retained
cnews:5918,5918,时尚,6507bad5aff763fd1d49788b0a1b9a1d03b156196c23646313e6c29f0386e6ec,retained
cnews:5919,5919,时尚,c345ebcd4a016adcce4a404c425d8a321c9b87c3e166ef3bac2217e99819aee5,short
cnews:5920,5920,时尚,52438a9a9ff918b272620866ac565ea2cf0f6621e4f19cd42fe178cefd49551b,retained
cnews:5921,5921,时尚,c713da201933ab7322b1696f0acaa3e36cff71ca29681f88a47945e2ce5c4949,retained
cnews:5922,5922,时尚,cc7e6cedaf409211b84c348af8c0d4595918f98cf892f3fafd0bd8e084d227d6,retained
cnews:5923,5923,时尚,cecd9e54b672c41db04029832b11bfd91a61ee972afc313127652e4edf1572da,retained
cnews:5924,5924,时尚,6c8600c8cdcfb6fd18dad1994055972955c03d2ada3a1ff4086f4186a4fde9c2,retained
cnews:5925,5925,时尚,97f5759b442050666239cc026c837b5f21803a76fead0147544f1f447978d075,retained
cnews:5926,5926,时尚,f7ddf4bca2a19c11c35c2aa092061f20050017c8878db0234b9ee573e0faf5bf,retained
cnews:5927,5927,时尚,2714ab076c8840a442a6589fb27337775517361b03c10c2e38acb5950166d2c0,retained
cnews:5928,5928,时尚,36c65f2a99118e2e7563421108ef2d8f1b88fb0133074988675011eda5947c82,short
cnews:5929,5929,时尚,435cb1f37c9fde0fa7596d35fb88c382401d1ce7d57ae140c1577f98944eb1e0,retained
cnews:5930,5930,时尚,71c688a9394875b9eb5aee8bc373951a1c36fe4c6ea39baf7239febc0e6b910e,retained
cnews:5931,5931,时尚,c84690bd4f2d01cfd4bee758c4c5f78c6e089e9239aa649520ff38ed4e9b6ea9,retained
cnews:5932,5932,时尚,f3c3ba751a01aca0a7397ed301358ba857e9b5d1108acce496a0136d4e37c899,retained
cnews:5933,5933,时尚,b5f8c962901f13bbfce2456c4c7592466b99bb2ee7ca625c02ad97fbcfec2ffb,retained
cnews:5934,5934,时尚,65bba0b609ba7155760a7d6e4a729bfb00be3a56b88885e90bd37972283d2e1c,retained
cnews:5935,5935,时尚,f1eb6e1eb69b38838894eddd8f3edf33ca7bb7e33a6da30e53683b26c1cec4c5,retained
cnews:5936,5936,时尚,41d9720611e746b7c48e7bdfed4e501d2523865fb796f59bc9c3e45a5b284476,retained
cnews:5937,5937,时尚,779c336a8a3d9cf4c64f774415236345eeaaf3f34151549475352a92bbda4cff,retained
cnews:5938,5938,时尚,21e9e4728a2729814f0fbf75a7058e0fd4c9244e4a3664052ba2d1ea2f4b38a4,retained
cnews:5939,5939,时尚,56d0196e7c76acb64f0954ffad17a4e575271a6dfc6f5b25b9baf7a3645824f4,retained
cnews:5940,5940,时尚,d75555332137851c78b9455c98424b2e3070905a70e9717cf531d8536e6bd63f,retained
cnews:5941,5941,时尚,f13b2e669b659b580b2bd91ddd94bbd8e937dd5e038ee9616caf868dde459e9b,retained
cnews:5942,5942,时尚,706a7578a5f3a725f008d79604595b9fbb4a2568dc279a395b881bcbfaeab0be,retained
cnews:5943,5943,时尚,8c374fe21af89706e39a7136a38f4ef7994bf2a9663cf929b4c3deb3cb170e61,retained
cnews:5944,5944,时尚,039394dd78974a6b5d5c30e04c3f9eb09a2e45f0342f39ce2adddccfe39def9a,retained
cnews:5945,5945,时尚,91e6e3175a84de24153afd7c92b319e6317e5eecb6fac1d054e91917578d035d,retained
cnews:5946,5946,时尚,d1fd4c79d947f954f977383a4013f1f1e53f1044e15acb8a41aa0fa6b7015dc9,retained
cnews:5947,5947,时尚,554f0cde32bcacaf4f6b4ffd03ef26afe4d0cea5c2f7da92f2f7aaf2144feb3a,retained
cnews:5948,5948,时尚,36db5f5454d29e33149a4c24dca57ba8891004e6f2bed88b069d4992a04db07e,retained
cnews:5949,5949,时尚,6174542c1bf36a953b5c769d5bad203f7c118238f5fdb4d6093a97f982207996,retained
cnews:5950,5950,时尚,b8dd5ad6b1e7272ee8ef904d0c3fde58a818262b93b315f886231e51b09e9a6b,retained
cnews:5951,5951,时尚,1806560d6226711e0438af965aa9d85a64dd819ee8d2102ac8c367cf5db82645,retained
cnews:5952,5952,时尚,9eb70361f308c0ea1ad4d9fe05ba94376857d6013af5338eabf53d33283b8bcc,retained
cnews:5953,5953,时尚,6394dec44623f860c722e56860298c498fec1be8dce3e446980fa5b6874a0020,retained
cnews:5954,5954,时尚,b55a903091432bfd7ff6aabe7abb95801f1b767009ccf5cf8aa6825562b846bd,retained
cnews:5955,5955,时尚,19a2300d12c1c7ede45d221fafab893643fced3f10d867b1e1d1efeb3ef188c3,retained
cnews:5956,5956,时尚,286aad48257e4fd4de97140bd77abbfc458c38bb44190813cbb178ca3b1d0a33,retained
cnews:5957,5957,时尚,a7e5d8b941af423083a5b6f9e3cb3d23d743d316934f5e75329e9954736b53b6,retained
cnews:5958,5958,时尚,6a64fd82174d9d501a2418dc76f2f98d002836fcd803a2394064b64d705d5667,retained
cnews:5959,5959,时尚,9f02f2bc0a58d087e56d6e51fe148976068abd209b0bea52266bf3689f622d1b,retained
cnews:5960,5960,时尚,35df45002348bb970ad5382b0f3efbeb4269670e9908221181b24cf0109cd259,short
cnews:5961,5961,时尚,fd46eedb8af13704845da66295c2ff956537207aa984ae886f6cc2aae7f9b59f,retained
cnews:5962,5962,时尚,4128007d4be46e43763bc2bbbbcf2d269a5445d67b9ec01bdb1f4a413c3e4ba5,retained
cnews:5963,5963,时尚,5a2633640aa673a1c9b6247d751c7d836c6d97083bd26f7f7568cb6787e4c47d,retained
cnews:5964,5964,时尚,491db0123a236462dd8d14b62c07bd5b4efa1db438fe2b6fa0058cb2cf58be62,retained
cnews:5965,5965,时尚,acbd4121075d9fb2620b385c25488ffacb1bf0d84e840443c19d24038983efd6,retained
cnews:5966,5966,时尚,96d59961fb7780ad46c00188ee14c92b509f3fed0e0ff2fa6c4b210ac25d9462,retained
cnews:5967,5967,时尚,06d6d2df80c54b3d44ff0d8bd3e04cc0ba413a9e0b0653bb03bdb31a0793c3ed,retained
cnews:5968,5968,时尚,816d04c4d8b4ef1aee91392ff228b498fe80dcc6d5b1547f9ce6b496cf968e51,retained
cnews:5969,5969,时尚,d15745514a90292f20b903adb148ca5e2ae7832ef6b93bef0ba366525afd2bf0,retained
cnews:5970,5970,时尚,471ee59f9ab77a1b20af91510c7525777901d21fafbe4afe56f44253fe411abf,retained
cnews:5971,5971,时尚,47324f700c8e9857f785b2b5842870b24db5aa30a2ce167f66fa96cefac5ab81,retained
cnews:5972,5972,时尚,2fd532d56ff1592e6eb5b20cb218a0f534bc8475ea52910e2ced61ede87a5ccf,retained
cnews:5973,5973,时尚,787faea91b4d1b7948c6e419a64c33249ceae3c6bfe98e72121f1ba437ecdccb,retained
cnews:5974,5974,时尚,7b0f4b633f3048eef855696c206cd7f2da3beb76e2a73080ab4805aa6718b2b0,retained
cnews:5975,5975,时尚,a9a20fd7d685501331a94743be26719c5ac0680eb46155af51ed7e9b8e8ce9d7,retained
cnews:5976,5976,时尚,bce8a63c0171d33d52a2ba52a067634b6ce4bb3ea38cd3c9668dd78a2bb09a4f,retained
cnews:5977,5977,时尚,709420229a7cef5cf45b036fbf6886a728f65852ed5d198b49528e02de516caf,retained
cnews:5978,5978,时尚,1c41a693613321f78d34e25de091a746293156b4c2a3dca2be9923d63b09cdae,retained
cnews:5979,5979,时尚,3d7b9f8bdf645f72264159f7a341933f79cc7132e199a320bee79fac71e2d8a1,retained
cnews:5980,5980,时尚,25df670c9ea630b92121675efd8cfbc3c5d6cc2eae3cb557585163918ad82ac7,retained
cnews:5981,5981,时尚,4df0f79d5f2a1dc643f616f3a10348d47501804d3d30e91941d695e64b7f6136,retained
cnews:5982,5982,时尚,783e40e6fa86c4c8c4f0014a28dc5c6f9307a20a0e510b3bbe8b472361260794,retained
cnews:5983,5983,时尚,bf838e281c757cc5390371cd5446d67e86e50f0414c45bde98b3ef6dd0799143,retained
cnews:5984,5984,时尚,b8faae7496b63ade007a382737f4daeadd0db2f1a5568ec19d675de069463267,retained
cnews:5985,5985,时尚,e090909c2ba095f33f4d7913ec1bf453bccf6ae4ea1480b69bec4800457b029e,retained
cnews:5986,5986,时尚,870952ef4b0e97881892f6302bd91b562b309d4de9422977b6ed184f7c8d0487,retained
cnews:5987,5987,时尚,2bca59c2fafd5db39f9c2d3d20171539361fb2f3495899d089ff370d7a41b265,retained
cnews:5988,5988,时尚,a1b17126991f5d84f9582444d4e6d2f4121598d52ebc3c1166146bb859827607,short
cnews:5989,5989,时尚,e46f2f3254159ef74bc0aadf0cbb44a7f90ad08127ea11740850ba3d670c14f6,retained
cnews:5990,5990,时尚,7d3c48c43f842e2fa22de79445c8dec04884a2903c689418ce12455fead90e85,retained
cnews:5991,5991,时尚,54cafbb3b4291c5e3242c8521becd5c4297909414fa5b1d29cd6d33387367a26,retained
cnews:5992,5992,时尚,921e3315f6009a4be5585582b6de05268ceba37e3c8263ba83c2e64ab55f6ba2,retained
cnews:5993,5993,时尚,bcf9af0883b01fc78eda94c6bb3791b1a75b85ee298b0f86f87e6024a9573b8d,retained
cnews:5994,5994,时尚,636ea622d91b4fc33210fcf5136847e32c8e6c341a6e355f84d7db04c6f5b789,retained
cnews:5995,5995,时尚,bef2b4188017525169b514ccad0838b1828e2028fbccbc7b50c969e79f1e054f,retained
cnews:5996,5996,时尚,372a0ab83dc0fc08469a2fe46319f04b164817bd1345eca01e77d1e082929d48,retained
cnews:5997,5997,时尚,8d067a3933a581f04a70b309c7033b56edec4fff6943bdf223ea67c12a9ecead,retained
cnews:5998,5998,时尚,5f1cd0d06ca26bb3866bd17a4c23e8ef217caa12dc65da83b8eba096655d7245,retained
cnews:5999,5999,时尚,ffa41c909472c6907a79b25e7e9700a3f2df69a1d5f7f15c53bf8738a47c56c0,retained
cnews:6000,6000,时政,35d842364545b820a8d5bd578e9864db471e5c1785a44c93a3bd54d6c7e325b4,retained
cnews:6001,6001,时政,5e8adecb95be8832fa01bb41dede3ffcae7ee33baf52491f86becdbb25fa1ed2,retained
cnews:6002,6002,时政,2c045b51af8b21f8a44645cbd763cc3dd6022c630e05369c3fd9855354baa757,retained
cnews:6003,6003,时政,a8c517fe4271ea7189e3c7eb022aac5e489c28d06185d14612a11fb0858ac460,retained
cnews:6004,6004,时政,5bb891eacb270164194543a3604ac7ac7eff640abdde9f4d5110ccd44814d1b5,retained
cnews:6005,6005,时政,090e067c02c04a5739259d66522b7de0efbc5122b9aa0bbb0ce3de8fec3f0ec5,retained
cnews:6006,6006,时政,f675630889b8e83169ec87a70e95d2cc320f1a62f8a775b48a501ec90f46500d,retained
cnews:6007,6007,时政,9e029435db4bdc7b86fe0ffa8b87482f4f58e50066b0bfee3984892e3136561e,short
cnews:6008,6008,时政,bb4d0843b512d48999e28ae1f7de52d53c97e66ff60bb0b72118b433b1ae3814,short
cnews:6009,6009,时政,2ba82e7c433bfe7605d3d24ac84c0fec2c58835f69e854863296f90fe0dd8c93,retained
cnews:6010,6010,时政,ddd15296cecd3f5cd6dcaba4d53069cf6843be570649878fd5cb452db887a41c,retained
cnews:6011,6011,时政,afcb412d3600c306c3fcc53edc32c04d751cad4fa7bede4f061c96cb039b8c83,retained
cnews:6012,6012,时政,92984709e0e3c94a2c2d056e4d7cb020bc9778ec3f83e18ba752325f93ae0b92,retained
cnews:6013,6013,时政,b427483d181ef9aa3a0eb5a1ebe8175f314cc6d41a103e393164bf25572aba3f,retained
cnews:6014,6014,时政,700606f7438704a5ea9483992a098c37ea16f91626bba06b593c376dc1b8beb0,retained
cnews:6015,6015,时政,9bf336936fb6e3ea6544508341858a39746523905112f49177f0bfbb7ac12ce5,retained
cnews:6016,6016,时政,9603ab4adb29158fc3a9a112c69fcd7e4bc5c503f10d42305536f0551e4e9eb3,retained
cnews:6017,6017,时政,defc4d4b368893243108809c7172c91b7e09d5a9f8312aa366b2d549a5134787,retained
cnews:6018,6018,时政,a65bdea5e3c8dd7a3493b26324aa0c675b686be1c0ec7650d9f9b2839f78b6fc,retained
cnews:6019,6019,时政,08b55fd411eaa063a8f70f2fe051bb04224f30b4caf848fbbf3b2133278d20cc,retained
cnews:6020,6020,时政,0c7ae2c7b001a5e0f3d602d591dbb68dde2adf9c48540cbab6096839863f6de5,retained
cnews:6021,6021,时政,168a20e9a1a2c1ac067fbbea6d8fceef76c1d199a3a842a59077e6e68bcb1ff9,retained
cnews:6022,6022,时政,46c6308615a53535035b318ec03990b549155924ba54516274e06aba9ab79e66,retained
cnews:6023,6023,时政,b09d85526d2b65c507367319a363759ad406fb3a87cfee1dfd0b396f05e60cdc,retained
cnews:6024,6024,时政,f712af2e3cd4e1ea9e12587c2c6d1ddc622eb46100087ace670e9a0646fe15c4,retained
cnews:6025,6025,时政,5e30f314b223174227df46777c5ad3de96d2d5d3b93b0e955786d4483d6f867f,retained
cnews:6026,6026,时政,11b8cec0d453f960f797d8e77d0172fdf233a5c2433d3d4b8079f5f3c7516259,retained
cnews:6027,6027,时政,7a3b117969180d33eabdfbc0b9a63b5b3e684a898482b5f85a609eb14029b6c7,retained
cnews:6028,6028,时政,928dd361e31d3c05b7ee61be8b2f578c99b0021a47047e40f5d226ecfb87b8b1,retained
cnews:6029,6029,时政,dfd519998b39485b6789c33ea5620e15311e4903a2338986832de85bcc42f9a2,retained
cnews:6030,6030,时政,02b2700b7977668891b2467ec2dc0fde1e70a74c81281a290e83d3ebeca84a9b,retained
cnews:6031,6031,时政,1b897ddc91440577120c4885d569165c66148454a0f87840881f1345d31be517,retained
cnews:6032,6032,时政,fedb37e0b7a1258006e260f6a8ac0798926f1d4a208a6b91b6bccbf248a5cf16,retained
cnews:6033,6033,时政,4e7804bdddfe5818ca254d20409fa1b8983627aac07fa42deae5defbdb5f46de,retained
cnews:6034,6034,时政,ad84919e7acb55a0911fc9fa40f23a305d82a02fad4a31b374885a76a7fa1126,retained
cnews:6035,6035,时政,9fde6812a1193f3b04ba08ad0c35c8f4261d789352098a493d26bf6ca2a182d9,retained
cnews:6036,6036,时政,78e23d6e2613e8b9106f28ba38c35f7ad999facdb68192ebb315039d2081b056,retained
cnews:6037,6037,时政,4de3832ab3ee6f48e9d3c4938fc7a31b8388bd3cc9d5676f591ef128d00e24f7,retained
cnews:6038,6038,时政,2d6fa2ccb4db0d62431ce5aa5f12cc5d79955fd4e92df6e07b9074c88ffa9c72,retained
cnews:6039,6039,时政,f247e79bb40bc0a867e267166b6470a271898a0eb4950253a3c062276bd1ff06,retained
cnews:6040,6040,时政,fc6f977191eac73cbaeeb9f122620d4cd25360b620753809eaee5a11aa50d530,retained
cnews:6041,6041,时政,d86dc936b7d77d15bcae90f8f016f4071b8de172c9f3406b310d5bd23358e118,retained
cnews:6042,6042,时政,4c8bdab0b0f1d8e6c9e3bf183afeaccf0b4d2c5f61cc97e62cde064620631027,retained
cnews:6043,6043,时政,6c0d9320e460b0dd5a20f34ecc712c0580acc95493e1d3c516422df1801e6ffa,retained
cnews:6044,6044,时政,c5e357ef5c178697af141f88ec4cb46027f2ee4efe2225bf6df37505eea78c9d,retained
cnews:6045,6045,时政,54eb22899d15d73bb0d452f059642d326338f012f087d5ada1802291c17fdca5,retained
cnews:6046,6046,时政,214daa7aca32a56a162040106a123fd13e93acfc7cd060d9d355e55e61db0906,retained
cnews:6047,6047,时政,1153e38766b2b56180de1b4b50a90c3a42eabec2988afa3e38b7fafbec14cb1a,retained
cnews:6048,6048,时政,4d4d430848e247529ab5bed68e6325827168ca5b249bc3275098fbea0d7e89cc,retained
cnews:6049,6049,时政,bff589c15d09f15c2e2e334fd881acc6d85712410684f2aa739b6bdab3e8c015,retained
cnews:6050,6050,时政,1039e1318eea5efaa1352e4a4291ae889ba417f2374f52a689f929fab11a8af9,retained
cnews:6051,6051,时政,b6dac796ad1965a5919dd75a78b841155a223e157830a560c9c3b7cf2c9694d3,retained
cnews:6052,6052,时政,736612f06e98e76b770cf6a66d1f597ff9e92dea88b0a30f84e5a694c2a24ea7,retained
cnews:6053,6053,时政,82e98a76f3f0591011802e377947f01ab5b31fdf650325e5d3af700be40b99cb,retained
cnews:6054,6054,时政,4e8bc47fe0e3174bfe2d553814eeeeeb393a199721637105b60d6d423c087bbd,retained
cnews:6055,6055,时政,07ffa4554632851aa07b4faab48319777cc1ec191959cc2d60ba3ce8ab0e9c0b,retained
cnews:6056,6056,时政,e41315610fd8e7d9ad89fc156407dfef919000973d41cd615d93fb01fcec008e,retained
cnews:6057,6057,时政,b6cabc8f15b7db1f1ed93e262443d20df07033c858aaf6855f488083e8def966,retained
cnews:6058,6058,时政,18285210cc2d770aad15efe8c3c9882083e621d8e1afe872092d26245d603ed5,retained
cnews:6059,6059,时政,f72a65522bcc4654132c5d2fcdc3a151817a20b7026f182d8c39046132ca2c4c,retained
cnews:6060,6060,时政,0afa5514189837273a8bd5c28dd5eaa817bdf1a628a8a81a106dbf84cc53710f,retained
cnews:6061,6061,时政,64d7420656dd51e4c5c7b77c3bc86c841c4547114a697146be0ad4e261e52221,retained
cnews:6062,6062,时政,3a7741f1c59c2f229b69836aa782edcbf55632365b6d286eb26cc39f28e39fd3,retained
cnews:6063,6063,时政,f1d9dedb0d19a359b04aefd1bfa7b313d4484ad77cb8c185ca5ec72fd6b9e9b6,retained
cnews:6064,6064,时政,b1ea19979d6e103fdfaa87552ce225dccb503639a048c7ab919a523cf6eafa4a,retained
cnews:6065,6065,时政,a81e1bcf585ed4cd279bbf1b9451c93ba213c3b9b4298543097f84d005d72718,retained
cnews:6066,6066,时政,8d465c09323dc8df1ca699a72683a237c5659fad17f2b83af427678e720a9c31,retained
cnews:6067,6067,时政,6203597595e4427db6c7e1cee035e0baeb9715f8f27153fc036846af872c0c76,retained
cnews:6068,6068,时政,6810901d7105889e3bb1e572e0af678bcaa58ce22a53b561f61bc891713f7ebe,retained
cnews:6069,6069,时政,31623163d759e3803b76563f87e8f68398833c1682c9d02655611ffddbb3415d,retained
cnews:6070,6070,时政,3ba254740d0fdc0845ec79bf6a24ab53bdacea08e1e4d846aa0ac1f2b6919490,retained
cnews:6071,6071,时政,db214bb821d106c13278cf8e0a4342dc4f8bc807285248c0a0073be5fd96c78b,retained
cnews:6072,6072,时政,aa9d58d053f6e95a11f9417084c556989437fd85da16af2fa017ff8b336b7592,retained
cnews:6073,6073,时政,315667fe583d4f4d60ee9036e8564e665aa89471536ce9d3d38e4ca566d55652,retained
cnews:6074,6074,时政,7b9649835504495b2220cc11813d44a9b51a8432add52b261d25f1e1e75a0f14,retained
cnews:6075,6075,时政,a12acb11129775d102aa102f0de7335d4ed4652e779e5f788922c907d6cdb208,retained
cnews:6076,6076,时政,b8d5180a900fd0488af06810c8408b7e36868aefe31a0313080d63ea64f89e97,retained
cnews:6077,6077,时政,21fd0d8d5eff392a83b93500f213318aaceb2bccbf92094ca0aaea38a4e861ef,retained
cnews:6078,6078,时政,459d1b7e2cb540c676da9526597d24c7f8a4440ca67efe9828da68ec3f393a77,retained
cnews:6079,6079,时政,65c0a10e9d0d12f3db74f2ef3170eb772bccb688f49c1676aff5dea122c04f07,retained
cnews:6080,6080,时政,0af9662cf2341d29ca45fd15e71f20a948dd7d12b42b19915286057bd55564dc,retained
cnews:6081,6081,时政,7813eab7146558fbefa4fce6a8836fa2fdb681f6f997cb5e77e9c67d992b8a92,retained
cnews:6082,6082,时政,749d555409a990a2a0ec6900299e3d3c1661b68a00c154532306d7845b1ff727,retained
cnews:6083,6083,时政,46a7813e76c6c4509be9ffbd98c6963ccb5540036a4006c70c6a6584dd48f2b2,retained
cnews:6084,6084,时政,85e5fa9104846db5739ce1a3b6f6dd0615e6307a6db5b4338bac12b57e9da926,retained
cnews:6085,6085,时政,81eef21e1611b6c09f4716ba381f91b3e4f31f3beff27b3b291459a33fc28486,retained
cnews:6086,6086,时政,8b1a14b4ae76899014d7726632f8dd4ac903081bb460896e13e53f146aa7f774,retained
cnews:6087,6087,时政,5ac0089bda8a8f689853b0bf644b720b7b5b310ca48f49310321c575902798ee,retained
cnews:6088,6088,时政,a9c7a2971c0a8ef6fefdbaebab0c8e71c0bd87c3a181be0c5318224a05e735af,retained
cnews:6089,6089,时政,2de449b02ee80ad2052973184a77ea207f27034e603c4727afc8ce43a35dbb3e,retained
cnews:6090,6090,时政,51c8b852654d3b555a98f629af146188cc1e7586f695eb39c8a7b8e0abfe6f07,retained
cnews:6091,6091,时政,99f260f80d8266d28b1e8c04ef42f4ebaa9cc73070942931ab2f623a9d154644,retained
cnews:6092,6092,时政,2aa9a584684629f96c5988c7a6f75a6815fafd28eb08535c9930b7332f927754,retained
cnews:6093,6093,时政,294f44dd8ab1a3526f4575095c7972f23f8b4e71d6c6562e93a6216f3f89cffa,retained
cnews:6094,6094,时政,e8cb597d135d785aa84abae305f2fccda50a1cf1ee4ba278086e3fb60edc1278,retained
cnews:6095,6095,时政,85174e7cac40693c10dd36419ca5028848e5f33409fe421794e609c9a8ae0975,retained
cnews:6096,6096,时政,f555e1dcaeed59c21fd145edf68092fe2980bf07cf715fa527a306b65c70d503,retained
cnews:6097,6097,时政,6ce15e6c9db177847a65ba1a6cdf5bebcf569e8556a992458e257ac01869e0d6,retained
cnews:6098,6098,时政,6d086944efff5e2bca97948efda707f91bdf286e24d9ab910b97be00d50b4271,retained
cnews:6099,6099,时政,87f782e495362c7e33db33676525964a585360359db95a0677fc49bfa3dec99c,short
cnews:6100,6100,时政,998b987659e96e07a68e5ed473c28e104be97b73cba018ab0ccdb04134469e33,retained
cnews:6101,6101,时政,36e49e6cefd62aa96d4f922626f9cc61cbc4d47a09a8356eb5934edc62b13ec9,retained
cnews:6102,6102,时政,bf68a0505d45c707f4ea677c7ffd717df512fb02fb791e9f0726b1047591d508,retained
cnews:6103,6103,时政,ab00546d8a0aad074bffb0ac49126ae051b5b078e2d7b28e407cc3e11b56af72,retained
cnews:6104,6104,时政,9f2dcb852789b6c3a329af43a917678014675fb281324eda29502dc521b3bb2f,retained
cnews:6105,6105,时政,e2a23484dfa92f8d8d79a8897e0747df914cc992a9707fed692f9ed63afcb9b1,retained
cnews:6106,6106,时政,dd8853ae5c6f40368bc5c25f0acda06b39753206ae29a88a76bf494b86776557,retained
cnews:6107,6107,时政,7895577724e80b5968eb57e2fc04f7e3caf3f2ce5ec98d99760e6b35aa024ddb,retained
cnews:6108,6108,时政,c4ad4bdd13fd99371e05bf8e9f263173547117072ba8d6b908f0ab508b4d7b57,retained
cnews:6109,6109,时政,a469e0628f094e651e7e685fe9460585c479d17db1e4c9c1dd172eb27221ab09,short
cnews:6110,6110,时政,d167facad8e54531b16bc6e7f72da7ba78ae8ee37e1479556539595bc5930700,retained
cnews:6111,6111,时政,3816513847d5cfc118124308ceea457863b39b8ca1d6764b193f072d02f1a022,retained
cnews:6112,6112,时政,f1413316e7627d3d200ca60b4277dede1c6626d98227757e3406eb8d35108f38,retained
cnews:6113,6113,时政,a9e0efa8248657c5047603c874268d545406f789c4aa501a5ea9eb54b0a36815,retained
cnews:6114,6114,时政,5bd8dd5200c665d21320c5ee8ab2a7fc66a4a4359e378bb0d45b66f2beecfac7,short
cnews:6115,6115,时政,e07c0da1c2396d3a14e5db1c4cfa4e6b991e37e4bba9a66f0887976924b4fe9c,retained
cnews:6116,6116,时政,f2d9b3cb877eb9c992126b94b3aa3b87895adc271df49f2f230ea432f90d6c28,retained
cnews:6117,6117,时政,d6ae08c33ba2e5734b8153004b7e6df418c5b957725626b105f9d226c186c89a,retained
cnews:6118,6118,时政,05ebfffab5044d1c64c6ffca7fcb8f3f556d1316a6bc0a6f1fd6db83424968ed,retained
cnews:6119,6119,时政,d8563faa7f4b755afd37ced637420f900d7cd3edb1a34c3fc5dedb85b35b11c3,retained
cnews:6120,6120,时政,0c849591c7e353a21f809b378854a2d00a71d5c843911797948a951eac784d3b,retained
cnews:6121,6121,时政,8a2c3933a5902a5e4b3f3c7d10864777039427e166e0e27c534419fe396659f5,retained
cnews:6122,6122,时政,36d9fcc605c4ab65aa6aa017efd3444b7b098aa15e07f1c23c21fd5d40a745eb,retained
cnews:6123,6123,时政,5eb62f94d1829e993277439b8c98609f146aaed8c0ba6df063cf60b9578396f0,retained
cnews:6124,6124,时政,26344432764b9f602c54beb00da14a953378ecf99f18ad869d7be77f51ca0b8f,retained
cnews:6125,6125,时政,ac80b5e73b2fa0158db0f06d2607348a08f1f87a886cfa2871538fcf43022e98,retained
cnews:6126,6126,时政,d3dce44033326b92863863cf5e37b5a9b536c499a1dcc834d6b8c0e1c38d88a0,retained
cnews:6127,6127,时政,bb4c9dc1563b625142fb28ab6fea22965f9dea0027be9eb1a7bb4c9faaa900dd,retained
cnews:6128,6128,时政,f06d1f1e247431b0d05b6cefb00c9ae8c3d8059651634ca0d5c5cf2d57eb92ab,retained
cnews:6129,6129,时政,09012073ca775236ff9dac1e7b0dade8d2147f083d568d30c3b2d2762f1bb0aa,retained
cnews:6130,6130,时政,b015af0188d1d80519de7b9596f0446113845c52d2156a777847dae2974a9cc4,retained
cnews:6131,6131,时政,1fdc8faca5079baccdc0e01a540a9645cf575ca66f865bd53f6234bd5f9beb39,retained
cnews:6132,6132,时政,4bb27b4a08bfdbe209a9f355ffab379624381d30d0e35923237ef2720cfe6b98,retained
cnews:6133,6133,时政,0b2d6b9ead24bc9d1e669989a43625a4f16971c5eaab90045f67bc56ff509be8,retained
cnews:6134,6134,时政,2ea68ec397021136053062e33850fcc9e3d804059eb136166d6f08e11509882e,retained
cnews:6135,6135,时政,c5d10fbae6ccac6b94cf738232a3dde1394e1b8a77f4647eb1de2f407b3f4eba,retained
cnews:6136,6136,时政,87dce89d3ce3e82c68bf95be60051bd37452a0555124d9c29af467c9048d9238,retained
cnews:6137,6137,时政,25092b9f3e5fe3be5cb2aeea3cef9c8254010903cd74db476e289038c6e3f41d,retained
cnews:6138,6138,时政,98dbeacd316a7d123db3fc6420c2959b79fb21f157068a74558cbf8ba98e0be4,retained
cnews:6139,6139,时政,6464b39d7880d287eed72104d13533e46fa921bfc132169e57e15973331a4104,retained
cnews:6140,6140,时政,8a4f1f8cf9fe2cb153d496eb1a7e229cb66773b4f6ca5540804c289384b9a404,retained
cnews:6141,6141,时政,f6a7627160c3ce9a0d0649bbda75fdfd11be365ee3a02f5e4178e061fd13bc77,retained
cnews:6142,6142,时政,ab0b4ec0849d1c7c688fe408e6204355a4fcb1d66eb48e7f0fdeb9f85b52c6b7,retained
cnews:6143,6143,时政,5ef7fd79612a2edd94b9df70f94b2fb6b7da1f52a5716932d3b1d1e541a24ef5,retained
cnews:6144,6144,时政,af1c0878250d8de9ac45e5b6f66cc5b295b90b613365d20c137cfc5c0035ba54,retained
cnews:6145,6145,时政,f58de34504b16a51c5fb25f38c1aeb388b6ebd4dc80a042b79d08ee92459ad79,retained
cnews:6146,6146,时政,f712fd9404d56f6853a6cfac2eeb1227fb23570f8c6b881c97b4146245841b8b,retained
cnews:6147,6147,时政,ec5feffdd2fdb7e75807abdb5764e8c97011976fadf7db356c883012fa1e2d0d,retained
cnews:6148,6148,时政,d7484e1fcd7d1d5b032c65266bf1d2a0ef7f602e05f6aa555a073892d61da1e3,retained
cnews:6149,6149,时政,5d83ae6462769624809cb1047a2da61710db9c1d2487ea0aa8d51a5abf08afc7,retained
cnews:6150,6150,时政,2bbf693edc63fea16f08d38135a54f43f23389c1de8c270a4afcd203bc18bc61,retained
cnews:6151,6151,时政,e7d330e35006d17e2afd4a8bf47cc5240379b9f2c68d35bf450ef6d894eba2ee,retained
cnews:6152,6152,时政,87b3b33926bef430ecff71d6a48818b49bc5254e85b964c249ca314eca749455,retained
cnews:6153,6153,时政,77daf4310ae039f799e24336ff89615db699e00c7342ffe3b96ddb72198a7515,retained
cnews:6154,6154,时政,340788a904ee8acd8831ceabb9f7976f1352fb8a56acd7294580b0ec3da5a25a,retained
cnews:6155,6155,时政,822a22876b93712ac67fdcbf4b75c1d22f9ceda6dc1fb3ed0f4764ace16b5f8c,retained
cnews:6156,6156,时政,fc2ece4abb5729d4e243dd3ba32e7ff75bea56ce3d9fe8732bdc38c3b6995aeb,retained
cnews:6157,6157,时政,6482ba8ed4a46b48ceebe4f809c5dacf23d79f827e9e97fbc99079f0d207a353,retained
cnews:6158,6158,时政,ea4bdb931406100c7334289b8a91c87a1d894144d4ef6ffd4a6f1a7911e6fd89,retained
cnews:6159,6159,时政,a676cafa469be8585327b75880a13b7a266517ab9b26e0de31d79ce55178e791,retained
cnews:6160,6160,时政,57e2b337c708dd92a9f1fb555a1bc1a8d29c865523b2fd6153508e1d388a93bf,retained
cnews:6161,6161,时政,7c356aecfe7ce2e9c6b51b865f91f57d602def764a3d2557f121abf72c53f11b,retained
cnews:6162,6162,时政,43bef93af597e6c43d1cf80a64292548207241c94ae96ed4717807cbcf966e8c,retained
cnews:6163,6163,时政,9ab274f2e653acad64b19fc72bfa81d9c988039b3204e391c8101a45be3a8d9f,retained
cnews:6164,6164,时政,82b58e5f57d53aefacd92597b0361d31497c00be54dfaa14224024b8bf4e6cad,retained
cnews:6165,6165,时政,1626c1f4b5e24c412fffe8de1274731c126745350c5d25609ec0958390b9513d,retained
cnews:6166,6166,时政,d90a55523b3a63771952379ec7890c190127b3e0529070620428dfc1eba45a32,retained
cnews:6167,6167,时政,1a2466dd53b9556586d8e536862dbd0d4ab2cf9458e54513868be96c4ef8521c,retained
cnews:6168,6168,时政,f989378cef347d8f8d194001aa7428bb6f1d769c632d9199d027f65538cbd3f5,retained
cnews:6169,6169,时政,89a0fe5f9790d053a253ffe77ec24364b6a8fc3d40e69e03ee918fb0862cca32,retained
cnews:6170,6170,时政,8220f48c8676025bf0382319a43125039a83bd1ec390fe8eb78d9dcc227ddd62,retained
cnews:6171,6171,时政,08a7063de20142c3f0bf7302274a71d9a1600e910246ba56c73ee9d6fb0f51c0,retained
cnews:6172,6172,时政,0de0a602107e9f3b49c309617c261a97168407781e189d4534bdab476624e51e,retained
cnews:6173,6173,时政,7c03413b73efddf0cf88fc57da1f601307e6e5fc3d882a87fe060af7437c0a00,retained
cnews:6174,6174,时政,763fa7a07318b2b39aab2618b24a44066a83b3aac8a00c988671595c31efe111,retained
cnews:6175,6175,时政,a4a6b7af24cb550fbb35add8934ad4ee3bd4a0c856556bde3627dcc04a43bfc0,retained
cnews:6176,6176,时政,51621bc8bdbb883953231e9c65aabee44c768506e2ddb1bd4e84a57bfd647f10,retained
cnews:6177,6177,时政,e14a27615a3a83c12853f06889aeea5a821cbc299a93e6c86158907afbeab2e3,retained
cnews:6178,6178,时政,f17a7592274016ec113ee0579ac2673af8f7345efc2eaba609d4f695dd85de6d,short
cnews:6179,6179,时政,9080dd9e3ebe398e0cca33bf8ad6b33ce303c27c1e45c056592e734859d5b810,retained
cnews:6180,6180,时政,943741742159dd221fd6df177b8edd2dd2e13162efe39fb948258b0657b96260,retained
cnews:6181,6181,时政,ba725a9d439b8b1837e906c74c3e38d0bfa1486132d32a2a86b857884a5a92ea,retained
cnews:6182,6182,时政,9e065f6ad794055305b30a23f063cfedb78ef1075a094ec55d1014ead63e7f44,retained
cnews:6183,6183,时政,2c305052882bd3bafb5f448e17e9d325a17a8156ab99cdda63ec6a673ae84de7,retained
cnews:6184,6184,时政,25f7d56e1bf7a7c8cb3a1873d133d4d5d68648831632065ab8228e2df99de9ee,retained
cnews:6185,6185,时政,38142ef820b217ac81d52f657fd1bafe59bbe7809cf045b980a487dff85aaf76,retained
cnews:6186,6186,时政,fb5910dce2121fcf96e2a7ea32c97a22f8ee8690c114da976630314ca761ee68,retained
cnews:6187,6187,时政,e11d97cad76091ddbe1419fe44b65214c30de2be5a202434b4596be21e831075,retained
cnews:6188,6188,时政,1e50786d57e75e1a834305b4b231c12005ab6689462f96a5275fcdefb1c3e8cd,retained
cnews:6189,6189,时政,302843e2271b5defe24ab149d741adc773dd777177379394b8cc82df56d54530,retained
cnews:6190,6190,时政,3df087db78f6df796644698a32d9aaddb5ae4be6603195da78794e7149de3d1d,retained
cnews:6191,6191,时政,9321752b82d77c4350db2c1209f72567e5a62324caacf16de49b45f3e7a2f229,retained
cnews:6192,6192,时政,9acb29ce5bb2d75007dc3644eb1ea4e89a5203fdb249f599421cee34b8b2be3c,retained
cnews:6193,6193,时政,14f842348e27a3eae287dd39a1f1302333b40fef5c6c2209d7c766f0a77698e5,retained
cnews:6194,6194,时政,bba31afe5854781d578bc57ab333a30d2b15e06f83d319e2c6a42c121f54e6c8,retained
cnews:6195,6195,时政,f44a4d62b677098c2f4744e6f85b717c44999387fc93250526553941c9be38f4,retained
cnews:6196,6196,时政,6ff8ec9c905c14f17bacda0357d7c6365d4255c25e0055db35977c4f8a5a2283,retained
cnews:6197,6197,时政,809b1dc483fab6ff525c69f6a6059731e2ca54f5fb06d3abf97a721ebd22a0b8,retained
cnews:6198,6198,时政,6b72af38cb95c8c4a67ed610f1104a43aea041502a9cf3fec83a06a56d6237cd,retained
cnews:6199,6199,时政,b872092671f38e8efbe274dbd874939a93c1514ec19c597bf8c94dc23a5b6496,retained
cnews:6200,6200,时政,63b7a514a5c6125ee6fb41ebb6e24a38cd082458208f44e96dfca42666d81e09,retained
cnews:6201,6201,时政,de9d0c6cf15d5e58965b165d47b9250d4f4de9d5ffbb4e53baf9fc5aa4575da9,retained
cnews:6202,6202,时政,e20b1ae472cf7e36e49f3bafacb9442326a8ca71612827c7a98e3883ae45fd67,retained
cnews:6203,6203,时政,0854b66f2b2bc7040bcfc66b9377d486acce612276057882af8efaf5b3f5c6d1,retained
cnews:6204,6204,时政,ec638f7893faa8ed3522f767f74e05ccf2566b973ce66f0d02c67edc9aeb58f3,retained
cnews:6205,6205,时政,82381ad9f7ed4da89b7c26be3791ee325eb8991a694c91ad12ff9aa87c65ae43,retained
cnews:6206,6206,时政,e82d0cf2eccc0b26835bbdfd5624ac03c825c4f209152f5ea88cc340d2a08893,short
cnews:6207,6207,时政,14c4e3ec842fb9be66ed2b558a3cde0aed9c1c604ab41490bc0e1b072bcfacb3,retained
cnews:6208,6208,时政,8525a69254f516945b04d5d1b3e0f5cfe7d3ef7270b9c2c4c249ad52d3e3872b,retained
cnews:6209,6209,时政,3907dbb916f2ffbe0b56b4ec6e31f773cbb5bbbf34cfc9e1a791a81f8b97c356,retained
cnews:6210,6210,时政,b18923f1936845d8c5dcc07cba1021983bc00e63b1489570c58acdd84342d686,retained
cnews:6211,6211,时政,b5ccecf2f14257157aef1a5d0994eff53fb0095f04bb7e865335be753e24ea73,retained
cnews:6212,6212,时政,199e3ed74acadea9d320a121da5dd199c2355dd7d3f70bb3cacb4b05cdfb10f2,retained
cnews:6213,6213,时政,bfd00f4396a4b86649a89295fb31b6b53bb297df597ee1602d040b67db68b51c,retained
cnews:6214,6214,时政,b3e61981fe8eff40beaf28457fa025325c62cb495ac401cb18ee91cc551edaab,retained
cnews:6215,6215,时政,e9438f1ecfaacfd6c153cabb97d2e2e2901dc0c6170f5f6b02b33c97682a6464,retained
cnews:6216,6216,时政,e3278bf5bb256189a203e5666b136ddbfb2e9d7239584c3da2903cf6ec6dbca7,short
cnews:6217,6217,时政,9e45e9134387dd475afcfc418686d3c490436e12e4382a61631c106ead97b3fc,retained
cnews:6218,6218,时政,e641f3b45eeea849f505e9b0a13d0a875aa9d2632aa941a380b847ff6d4e92a0,retained
cnews:6219,6219,时政,4337118ff321f38c8ff5e64263edff8bb06f19b8ff5e561b03c1c5815b57e4a7,retained
cnews:6220,6220,时政,aa950cf95d58fcd558ecd6ce58218bbac6808190aa092e30eec07cb1d34fb2d7,retained
cnews:6221,6221,时政,3d42642acd1d7a0ced83c30ab713fed610650ab401741f2e3b596c99a67c8ed1,retained
cnews:6222,6222,时政,0ed924c9f8d09aac5e9016f5d9ee620a564dce865f25e1224ba178619f030c9e,retained
cnews:6223,6223,时政,5f2ef03fe288a760450b3f934f7cda32e0b8806d1c657165cd4e5ab2a0d32879,retained
cnews:6224,6224,时政,9f59d93152591f95f513962bfc92ff52e2c80fdbe9faf5da1ab6bb8938e66ee5,retained
cnews:6225,6225,时政,9012a4a7c118ebaa081f2775c50f22cf5d61ce1cbc26aaf38ba9ce51107277e3,retained
cnews:6226,6226,时政,97a44e1f6b08edf64fd53bac07226773b2ee81cce35de60edb76d8af581ef7d5,retained
cnews:6227,6227,时政,3cdbba52e0e555175e044d6e925ffd34034f0b1c214b1cd2626231b1b3d97e70,retained
cnews:6228,6228,时政,6ae11dda2671637772455aba59558a8d890b6e32bff91d574d1da64fbb4b0ab9,retained
cnews:6229,6229,时政,f00cb90750873a3c3f661453aa5ffedc535371999665ce21c7def217787e7891,retained
cnews:6230,6230,时政,9b38b92879f3b7e10de978ee91a09fd00c077b701d16f5275cf26caa1cfd8bde,retained
cnews:6231,6231,时政,3fc8d2f42c303980b7aad08b7766e3de95b8bf9dd7f557786e9df99e47e725de,retained
cnews:6232,6232,时政,8373c70a44c72bdead2375a26fe4871ef3f7c10be5cd72cc80d00fd748cc16ee,retained
cnews:6233,6233,时政,09eef87876a48a353617245cdb7aa1ae4ff7a172554974760d7bd69c51cae0fb,retained
cnews:6234,6234,时政,db42a84156eb5a667f3375e05436065196c722a388bae98c55cc7ea0d43e2bea,retained
cnews:6235,6235,时政,2d09fd6496d4c630ccc6d607e5b8a8d82f4d168da844479208c3bc10ae62e56e,retained
cnews:6236,6236,时政,1f4b428e81f73a999461ab91bc1b1755bae1aef0de74ef40527288966b99aa39,retained
cnews:6237,6237,时政,3807049590a0bb2222a6cd99ade33a4c9c4e8fbdf8c831217bc5b45602afb4ce,retained
cnews:6238,6238,时政,ba7aec9cc139e0fbf8752a06deedad7d648969b3cdcc938e541f366e575ebe1a,retained
cnews:6239,6239,时政,75aceb99fbc62e99b6220cd96fe012bfe8d32deff1304121ad5224bb0f7677a4,retained
cnews:6240,6240,时政,9dedd34a524842f1b4981ea0213e1537c5831583f682474899744b5501b3f9b5,retained
cnews:6241,6241,时政,6d1d4d5cea73429e3151d06216c31857cb55f01dcd81493e979790e8a9632ced,retained
cnews:6242,6242,时政,554f444424f2b7c801f47c0eddf6fa5b727bcdf7bc347d005154cc1ef0e242f3,retained
cnews:6243,6243,时政,b7e6ef8b16c91de892198ff165175112d48cb89a0e8a77788ec34b2b5573b052,retained
cnews:6244,6244,时政,ecdbf3619d6a8bc1e960b1904a044ac5bc1504a991516c346f5c4ca5b7b51bd7,retained
cnews:6245,6245,时政,04442226160d23e2db711376ca8533c0a7fa9acc05764ac32d226585a01cbd2a,retained
cnews:6246,6246,时政,75c3ca318568d301b18d149efd63001a9fda3d783751b8a58c13bd66ee708e5e,retained
cnews:6247,6247,时政,dc7820620e61781c9594706e08bbd7023bfa91ffb74e9363840d43001e48a281,retained
cnews:6248,6248,时政,0496c8e2130dba5997b4ba6b6860a614a22fb4a8f4d93e00c17196f0a8243eed,retained
cnews:6249,6249,时政,e362a3e62c64bb6a700cbb8c1c7f7f38646c99d95ac2b0ee1c9b62ebd4f3652e,retained
cnews:6250,6250,时政,bb8d2415b6421c7f7935fee94e04737cd4fe8739f014e0042cddefa1e9341d8d,retained
cnews:6251,6251,时政,473ceb8e1c1986a6c05ec607489920fe98ffb1029d5cf5347a34d8ea8fa4bac3,retained
cnews:6252,6252,时政,a55cec2694c221b2276e3cb4ab34e52ab0a6b46f3791f5e97679bb71b61778f4,retained
cnews:6253,6253,时政,6bef6ab1ca7fcc6f6729992e8cf829e5d01337ea09519f07dae3a628c9b792a5,retained
cnews:6254,6254,时政,16b35c07380536699cda0944413ad0bcac10338f0b50d0b7ff5731dce7364912,retained
cnews:6255,6255,时政,79a2a2685b9e4ce204876ec0b7dc4ddc148885f54fce6f83a3d68158e5176e44,retained
cnews:6256,6256,时政,79af1c4823343de737d54a6a59a95c5ce070814e7931e42648460e5270e4f6e9,retained
cnews:6257,6257,时政,f19c69e9b316000348c6f88f61fa74a294dcaf798760f16a607fed19169a7466,retained
cnews:6258,6258,时政,abbd400753c7b08b9d258bcbc6a2076b22b39bdcccdff43af63018440826b35c,retained
cnews:6259,6259,时政,8a578a3147376cd0e2f96ca1d276321ef4e44fbbb5f82927ee81cd67629eea9a,retained
cnews:6260,6260,时政,feed2ff60ea4c02ed989b9e33ceb793ea9ffdcde39cccd1bbc3a39a9fe87acd2,retained
cnews:6261,6261,时政,80074150bf7f1faff76b2ae253f133805fd008b2af01f4cd202417d6390eb9f8,retained
cnews:6262,6262,时政,6d91276050b5bd4214426a6703eb85f8436f62d95281986f595bc046efdf8b3c,retained
cnews:6263,6263,时政,8d1874cf4a59ba87f5fb3931be7788cbf4db20bb0efde22c4b3ad04dbeac860c,retained
cnews:6264,6264,时政,b968aad1f9769e984fe6a7e3e512cb5e10a6b950c2524880fedc894cde92a87d,short
cnews:6265,6265,时政,82aabdcd93de94f98146b8e8bf501257ea54c092eb4ae4af6e7528684b2b8671,retained
cnews:6266,6266,时政,48f38638980047b4487e47b7af848e78c037ce1594d0a8eff0d1f37cb16ad8ac,retained
cnews:6267,6267,时政,8eed1436b4cf343d895c9a81c502a7772550e3ab8c8928a540ebb8b9928d5aeb,retained
cnews:6268,6268,时政,c0422ad0aeeaa594380195022b77bb40b2317e645d4d9ab66835e256bed11c02,retained
cnews:6269,6269,时政,900332cd5f57f45c75e723bc19b4d8eea59ea4270962e83877a5d0dadb515ebb,retained
cnews:6270,6270,时政,3d976435d6d546cb187aca5b5b5990e6a21f61b764669a186178469fd3718b9f,retained
cnews:6271,6271,时政,9539964fb1717bb8c22421c0313bdb3cd5454cabe79bf1004cdaccc8869fed19,retained
cnews:6272,6272,时政,4a16e522a4b26e077590e1378ff058b454bfdaea4e8b0edc6db02b6aa636f32a,retained
cnews:6273,6273,时政,41eb2ff57ad53b067b2e6c8fa84d22864af9b6124dad50bcf198b9b74ac3f4ac,retained
cnews:6274,6274,时政,57b2f635a2bea795bc4a6cca60d5d411fdc31a0d1f45ba1ba0f22f78e8118b97,retained
cnews:6275,6275,时政,e7fe2ca7c3fe5a696c32ebfd1ab0e311dc87c62787242b0058927bb812d334e4,short
cnews:6276,6276,时政,f000061761bece7070a471757cc2e1e2029fd2e568fe1154bf02d53f73482060,retained
cnews:6277,6277,时政,493fbad45fc42921ab0dc2d899cdb561bf2c5447bdb8c10c1e5c9b4ed941b062,retained
cnews:6278,6278,时政,ae9a182a72b3b88a40161fcaa79e0ea8d86f5092b06d6a71683b7c73d6f2fcf1,retained
cnews:6279,6279,时政,56ff8d42864548b9a903c1ac548ed2a5049e8e9e64aab7206eb55398c990d1af,retained
cnews:6280,6280,时政,0d6c738dd9f38dd340f9c7367b4dae53ca8a157aa2098f4f8af3a0b9ba8f398b,retained
cnews:6281,6281,时政,487995d4ef9fcf79631807220ad103e30b437192b59aba32f0174bcaf6a86571,retained
cnews:6282,6282,时政,04166b847ab01e0690eb77c7905226743e4ad6d3dd664d1044d40d574b0f389b,retained
cnews:6283,6283,时政,c79e623754bbe191fab11ba746fda2f305584fa85c74b71d8b7f19eaa8b8a600,retained
cnews:6284,6284,时政,4d8209838db9528a425be2c324e53e8a3cf6fd3b83dc02d1abc595a25ef8fee6,retained
cnews:6285,6285,时政,b10292334652f82f0c472f0ee63ae7a29f1fcf66514f271c1cc06e5708e01961,short
cnews:6286,6286,时政,1f12165329db272e61b735c33403e2f6ffed60811bd1e844cb4cd262bf88d6a3,retained
cnews:6287,6287,时政,3b3298a01df81ef928ddda30d88b1c37d67645e97da15c7487f8f9e1c6d6fcec,retained
cnews:6288,6288,时政,c9f0b86349af3545d0e9f6ce04c7fc0724d221e8cea62758aca12ef304f21eb9,retained
cnews:6289,6289,时政,d97261c64bd3eb0779de9f4d39ef6085e1dbfefce03f79ca3721d0eb1f09e162,retained
cnews:6290,6290,时政,06b60d94f0ce435ecd44fd33ea8f15f1d671b44ac4870992afbd8cdd727e501d,retained
cnews:6291,6291,时政,1a06924e775f68ce6fbcb9113d53927cdedcf094a135f023404d527d6fcb4aec,retained
cnews:6292,6292,时政,4a84c35c3e800ca67d25d2d3a46b0c4e71b4f028b4e2f3cac93adfc31f1588c5,retained
cnews:6293,6293,时政,f3d07a0735d5a022c47d21103c94928b86f91d4954639acf48befe0ddaa78a46,retained
cnews:6294,6294,时政,7c6a8a9802132a844752ef264c8bfb50f39e6d08d8969a553f114d1bdfb8fbde,retained
cnews:6295,6295,时政,ceb7b1b792b768b54437c2adaa0ce37d715e7d380abb35282b471192deaa0270,retained
cnews:6296,6296,时政,5011b23fdd50e5477d12c29772ea01f0291d724a7dda991a466a047a4aa78431,retained
cnews:6297,6297,时政,4a0f53278644fc5970d5829d9ddc05bbbb514c7a7d09bff777791266d834de7d,retained
cnews:6298,6298,时政,d4fcc525c7a371b1cb849e6f77c0a87752f493ac224dc91617f82436d3d3032f,retained
cnews:6299,6299,时政,d3c4ffcd6e01cacba248b34a0305a6bc0bde32a322e24a91b140e1c62313b7bb,retained
cnews:6300,6300,时政,cea239c52f308593f1a3368e90175ce0eb0009d73b9e6ef87ad92cdde56951c9,retained
cnews:6301,6301,时政,6abd1f7644ad30952ba1c4001f00e8ec8ef713ad066f2e1696f40a4a25fcdfb5,retained
cnews:6302,6302,时政,a5f1cee52c021fde913c2b3968f3c01602cd2675702f66b2223b1abab330c3a1,retained
cnews:6303,6303,时政,3ec44f0f959e365bbb5cae66c62d979d6b39b80d52d85908ea6acea73097a256,retained
cnews:6304,6304,时政,ed3c2353f786df61108cbda7248c0698f865630e1893e32cacf4330e0fbc48c1,retained
cnews:6305,6305,时政,5758715ea295f21ecc127191ad8f24931f1f2e9e976b73538dbcfe7aed6ea056,short
cnews:6306,6306,时政,730c89c1cfbaf15bd1b65de00708e72ea9c51860edfbdd3e9b1b901a1179e7c1,retained
cnews:6307,6307,时政,c01a2dbe8177efa9466565808ae3434077b3ad62b32c3fe67428dde37e8e828b,retained
cnews:6308,6308,时政,f0b14d2262080b2327612d47a7e5a9cc067f7f0329a38234f3466fd5ceb98acc,retained
cnews:6309,6309,时政,3dd11f2db93a273c015e540b880f9b669d3db29638b121516b8a79cc89ec1ceb,retained
cnews:6310,6310,时政,af0f0c1da076ad0ddd8065970b105f275a21c32eb620a351d561942a92e47266,retained
cnews:6311,6311,时政,25eaaeac4f51b634381fdc914a9b5adb69c92c4bf627aa8aa32270cecce84e7e,retained
cnews:6312,6312,时政,4018969cf78629b01dbb9dc58f4dbaec945a3b25f723a535d736d6db7474b4ae,retained
cnews:6313,6313,时政,9924fd943a8f58ba3ce4d6f181e2691221fc0166578e5c1469a2c5fa150d044f,retained
cnews:6314,6314,时政,1019978fac27517ca05e6d87b429207c93852758a052f1d775e0692d41d1790c,retained
cnews:6315,6315,时政,015be9f0135012cf8ca0cf8339148dfc58b76bd4daed1d19a88a4f5d227e55cf,retained
cnews:6316,6316,时政,1b97a46aa374e1a3d3de3e4dd41ee1b1bad49a2a76bb6bd2ebd034888e42eb94,retained
cnews:6317,6317,时政,af88bb959e6c33dfa99ebbb2e0c8ca839c057f140f9941bcf8cc1c0e7abc9135,retained
cnews:6318,6318,时政,7c24a0a48b3615b462e80f8cc584da2db22ceb92f750922ca6fe692f5b9a64e9,retained
cnews:6319,6319,时政,3ca5e045c9287d258b143cd1edd3baa7238d28cbb44402e837d01d1810a1d0e5,retained
cnews:6320,6320,时政,4617ead6cac053cd8ca188d8e812eecd2316f9766d3b7be6e52cd01398c88ee0,retained
cnews:6321,6321,时政,78a7615127e684d5fc961ea62d208d7fea5c781d81b9a082e3c95bd7b624a080,retained
cnews:6322,6322,时政,6beeec402933e94d3b42d563d7bd11ca8f01f14b1e854c553ead3d0236be8df5,retained
cnews:6323,6323,时政,6be486f9ee90d1bd5cb417a3d264b2dc5c223659ada85aefa2f1083075190668,retained
cnews:6324,6324,时政,9bbdb48a9ecd4d077c09030be31f4a61df008318799ab08df24f36555bdd7c90,retained
cnews:6325,6325,时政,c3c702e0696c1efe8cf9ac96bc9fc79f4c8465d9564904246566567b3f04e03c,retained
cnews:6326,6326,时政,5adf241d1924ebaea4020faa022fe719106bde09560994d0991ca950293d11e8,retained
cnews:6327,6327,时政,564b30119128e9add1effbaf3886f390e427cb9d2d15dcf637c7c33df070ded9,retained
cnews:6328,6328,时政,161c0cd3c353cb3f84fffe19e9b371bd4d103c7a4289cdb0c71cc12a161349a0,retained
cnews:6329,6329,时政,18cf5f990c632eb73dec4d1b1b9f34913fac117512f6cb50a2d018ed857d3eaa,retained
cnews:6330,6330,时政,cd1b2ea8a564336ece4d735f4cee604a8700c2094e42a4285b0f9a72eb1eda4b,retained
cnews:6331,6331,时政,34b1a2e51464afe9ed52783d967f4df0d0fc9c056fea6567a9680667dcfc4c8b,retained
cnews:6332,6332,时政,aabcbced6476110f7a3fbf0369cf630e4c26e801d047148aec7296acd49ec2e9,retained
cnews:6333,6333,时政,814bcb13a26c20661493fc8299762e7672021c405c5fac71ff182c9e63302fe1,retained
cnews:6334,6334,时政,8ddb998ea36e6a86bba2f3d4e6b6cf49a4d665166b329e2a7258b1ad7939d43f,retained
cnews:6335,6335,时政,f9fed6bbe0d67f60501dfd688aeae479775b4acec40cd6887631c424f2b9f86d,retained
cnews:6336,6336,时政,5a2d8a5c7c2cdabb7dd299141c754534c21955e1625c7b5ad0872d0908afeb5c,short
cnews:6337,6337,时政,e7549e034503d0e9bc1a91849485a0b9fd1d504aca283ca8bdcda4ba5dbe45c4,retained
cnews:6338,6338,时政,f80328bb3132b3a7a9e34eafb56f4264c9627dcb543b1d4060298b827d3f917d,retained
cnews:6339,6339,时政,080343d359d922fe64b5dd41a9b31140246f561f19161bcaa42e5218ec070100,retained
cnews:6340,6340,时政,953589ecc077fd5123c37ccfd0b8dc89523d7b02335e618743ec020818630ae3,retained
cnews:6341,6341,时政,ec8b2dfda368191a4015f34c01b208acc02f58090ec9f10f93f24cc48e7b2611,retained
cnews:6342,6342,时政,3da38301901a1b7ffa84492782ff33288a0c93971e651e7e5d1bf98acbd5e91e,retained
cnews:6343,6343,时政,8e6045fb70aa4ddcd60086eccade8d014cdcae62770370482037f2a06b1e371d,retained
cnews:6344,6344,时政,0cea4cb99fb7993992183ea86227c209139b1ca96204115d169c837f4be2b4ed,retained
cnews:6345,6345,时政,fee0f1c5a20e33a643bb3073c1b24d16189bccf085fa0c3cb53f69d6a3de9a3b,retained
cnews:6346,6346,时政,13f330c655b9d61b8fb0c52582b87e3c5197874171b02b8bd853c88c37fe7f16,retained
cnews:6347,6347,时政,ef4c7e63fdcc8a53da88753cca2b419cfa75762b3a0160f9e26a88b63a213539,retained
cnews:6348,6348,时政,23b5178ac0ce2463535559a53256a85ec856ea3351e0e8e98ddd16e266cccfef,retained
cnews:6349,6349,时政,63a46795f16b492a5be48625167f8053d5846b8988e0483f9cadc65b5bf47091,retained
cnews:6350,6350,时政,ecc7d67bb4585aec428bb7b6e9eb6dcc40c3e4f5658bbd8d8e7cb433eb1c817b,retained
cnews:6351,6351,时政,205ad77b32273384f4e4e299bb65d0e73ca2969cbe9d7527cf06c0b829010e91,retained
cnews:6352,6352,时政,30883cfe1ca8dee42822055e16518e1a8043f24a37c1f1dcfe61b254db3bdfa4,retained
cnews:6353,6353,时政,81859cc29c88483a1edf9f895d1e57cb28cd6518f09889b0084676853cf13180,retained
cnews:6354,6354,时政,5e6a3488f87b68a241a84c55175a3069894d246fb0ccda7586133c67ad7feccb,retained
cnews:6355,6355,时政,395644e827cbaa59dff0986d621681ef7adea6ac9e6c7649225040a25e809fd7,retained
cnews:6356,6356,时政,903d40d13fc65593cabae18e85a9c895d65ac028761e8bf3095734f99018213a,retained
cnews:6357,6357,时政,edf46dfaad8819beb97ec688cc068e5cfdbeee82b73583d67da9588ffc9f401c,retained
cnews:6358,6358,时政,7b4484a4fc5dfe0b96da58cbd90393e28fdb06d1ee7a18b7bbf994c527d3b920,retained
cnews:6359,6359,时政,730b1a528d7bc86d49a3dfe5d380a726cec9ce941e0a4147072d31c79ef568be,retained
cnews:6360,6360,时政,1e873e079feb17643215f4da7c31c1011ee3901d3092452cf8c8a4b3c13838ed,retained
cnews:6361,6361,时政,8a74eef84432b6e5f125ca43d842ed34a1fc767edcabfd6d589db7b2c61c0fda,retained
cnews:6362,6362,时政,b52d1738c64a33718e209b1714eb5c65a97e1d75ac1dab36f23ca5954fcf76af,retained
cnews:6363,6363,时政,a97854e279e373fd7d64ccb910646b857f567088b06fd2241aabbdf94e8a0ba0,retained
cnews:6364,6364,时政,177433523ccf0f18aeb3d15d84348e6c5f57dc6f836db3300320f614157a12ab,retained
cnews:6365,6365,时政,7a6269c0b8f400689e45a259979d068b1fb3f97f9e9ebfcbcc80bcd2eef239b3,retained
cnews:6366,6366,时政,1712ef3f49b742b8ff5dddb1937b2687a34cf5350c0076be299885ccbd6f75e7,retained
cnews:6367,6367,时政,57351c1434ffa3eb5341f15e65dedc0398c26fc7c078bd2927da4fb6173cafc8,retained
cnews:6368,6368,时政,8398b1c817f44f5e40bcb6a717cb401a0c0ac98cb61d9ee8a882911c129c6953,retained
cnews:6369,6369,时政,0b55f89a118cb1a06918b4b1a8ad9c003a9d5d889b50d9c260973a804f7a747a,retained
cnews:6370,6370,时政,45d5501837069d21691d7595a648c9ab75c4c58e059dff5db1d5e0c396bbc6ce,retained
cnews:6371,6371,时政,4fccb55cb8a918db398ba517c7b16dba249e3ec43fad40e57f7238e43cd413ff,retained
cnews:6372,6372,时政,40b211c2be6c62ef87e4a6edd9295f2008a4361ce94f83645c387866b780320e,retained
cnews:6373,6373,时政,896522fa13d61be19c7b0df677645a5a1d0e0eb67cc88f9049c2a4bacf0e60b0,retained
cnews:6374,6374,时政,1183e38546c5704c1bcfbab48810930b9e9808141f0807ea08595e4465d65d5f,retained
cnews:6375,6375,时政,cf0d96e2fa85fda4dcb1eec2b429bf685d3d9f6442d19aafcb731de04b3f4baf,retained
cnews:6376,6376,时政,5677325df7636671d95d1f6c57687bbf0f588a8d4c0c931877d0fda36b5d8892,retained
cnews:6377,6377,时政,b755a1acd313395242b4b1bcb99095d75356373c3a74900fd6dfe422e45b5293,retained
cnews:6378,6378,时政,ecd50568b0cf1a42d7e6e96def2cad37e69ddfc7b16739d99067af4263672d29,retained
cnews:6379,6379,时政,e05fa4f7c2edf3bc8a8754416bb6a30b484bc8c22ecfca3008934cc1c3d428cc,retained
cnews:6380,6380,时政,49712600fc730634e62b93c68d4ed446fc49e8ce641d38d87e72d051e1bd411d,retained
cnews:6381,6381,时政,ddcb9a5c676d58012e869331abf17d6fe049bc05fb6e75e7e3858d6a25e69888,retained
cnews:6382,6382,时政,63156a4f0ff85863758240b382ceb8f35cf7e12ad69d5eef0e39fa112438ee88,retained
cnews:6383,6383,时政,be2987fbaae4490acdb48f27e6ffa1545e9c698a1c35360f860ab920718ada9c,retained
cnews:6384,6384,时政,0470be133825a2f67d4d1d632f2b400e27806eba5e2b2e2a1d370bb59817ad3a,retained
cnews:6385,6385,时政,3263cb9042e5167175885231bfd15d172cf48e7b70015338c365973fac176a0f,retained
cnews:6386,6386,时政,5eeead47ad3e2d07d5a0d48c32772cc9d5ab39264fc8add271afdd81d858bc08,retained
cnews:6387,6387,时政,94c2266125ac851e70620077103f168120151500aa2bdd76dc32564fe4b55246,retained
cnews:6388,6388,时政,cb0f184b35cc6810379f7bbb3cf967614a8fa553a8fe6b908efc1abd8f316ec1,retained
cnews:6389,6389,时政,7a610beb0c8fd82cc23f35b0aff9300326790772dfae4786f98c2a398e46d871,retained
cnews:6390,6390,时政,31d7d4b235257dacebe71e1d2931911917d7a07ab2becaef035db7232edfbc70,retained
cnews:6391,6391,时政,9d8df89e994a09cae15446b0a249f53dc76baf918edb6a634082e9bec3d46b57,retained
cnews:6392,6392,时政,383a798615937da32a7576bf818ac6457a55778802fad9396d677965e2b6bcb4,retained
cnews:6393,6393,时政,2dea6350407db84a416ab25af5cea3a791933808818102f6e4166c6ead66c7cc,retained
cnews:6394,6394,时政,6aada5d35d19d06947735a0e4c1d62ab658282d6319c2dcce6a0a337f4289160,retained
cnews:6395,6395,时政,a9d055b7a093e6ec88a07e828968adcd3d9e0f2953ce4f1c18d0f6f1b2bdf563,retained
cnews:6396,6396,时政,6ed6b01e139ec47b0f0fbb612a93867c7182914a49c0a1cc01b420167456f4c4,retained
cnews:6397,6397,时政,60b5f551ebcc678a6d6b43e3cc3c81528f5a398d75f23167e011fc4296cfe4f4,retained
cnews:6398,6398,时政,cba09bd1101e34ef21cd8391df5aaf222d28db59aebb7883696b87d797cf88a1,retained
cnews:6399,6399,时政,a84efef12adff2e98b90588dc56e4c4b730025ac1e9d9f0b216517eaa396fc8c,retained
cnews:6400,6400,时政,c07e869192d71a0772936b7f0e8b8c9e01eafda335890be96646afaf039d98ba,retained
cnews:6401,6401,时政,ed38922d0458108e4f1079beaf80417a311751a7d088974aa1adb9d14056d8e7,retained
cnews:6402,6402,时政,119468cf96ea7e7011b8090ca27fe9582ca09efec2c34eeb9f2c69e6a558215b,retained
cnews:6403,6403,时政,3b72326b647d63d2eb82565eca7685880d721eafe998cfb751ba2fa371263385,retained
cnews:6404,6404,时政,491a12dbd1f60ca3d95942a90a4a7939ce558463a87b55a1df558565a26ff807,retained
cnews:6405,6405,时政,c5a32bfe4f597c6826ed7a303dd2b165658658a08523c9eca6d76c3162695860,retained
cnews:6406,6406,时政,6f9647f74445b280742eac043dcff15a69649cba8b519d1d4cbaa042ba816a6c,retained
cnews:6407,6407,时政,7467c16c33a1c3e5e5f197ed831ce5e334ff3fe46695b3bb4609c004b3e7a2ce,retained
cnews:6408,6408,时政,8705a5d8f1591d4fbf4defdd7b9d7514795f40777234ac991f33e28c44a676d9,retained
cnews:6409,6409,时政,9a65958d32ecb3884dd18669cc772e661aeb6ae2281cafbae732451a862c66d7,retained
cnews:6410,6410,时政,72b9112ebe17de9800d6611262ad5a1daaeb0e6656f543d2b1d273072873f24e,retained
cnews:6411,6411,时政,3bcfb7058df113b87571f126a83e111e8465510c4e71c6ba211616ee8ee9ff0f,retained
cnews:6412,6412,时政,cb5ee19bd57d55077f88b87e3ebd8ca555b0bbc0eaa15c34231f05fdaa790eb3,retained
cnews:6413,6413,时政,44ed8b445277f13d8c71523dc69f796bb3dea9d36e93dcfaccd08c7a8dff6b12,retained
cnews:6414,6414,时政,55524b4f82e9c7ecfd65c01df99cef8f06b0bf18fbfd72c1101864c2c1136953,short
cnews:6415,6415,时政,cb92141e28457011fc97c22696b6e137f2535283011098ba9b7e52c7e9d9ee77,retained
cnews:6416,6416,时政,f8f2f1322d5dc30f73957629c40c04cd618a0ad9e0ad1ecacdfc01ffdf405dbd,retained
cnews:6417,6417,时政,2bb67fe893abf5974a545b4aad05b5a301025a1fc30b5ad6dec3b686579f528e,retained
cnews:6418,6418,时政,2a6c2d5e8cbd325d8b0bb4b57ff7a4e4cb945d6f1973e8f1e3f890a7182f6545,retained
cnews:6419,6419,时政,1624aae5b6979ad3f4e2b1eb12f79b06ae78145cb25b1eb10834a6bad5b4dfd1,retained
cnews:6420,6420,时政,0921c26148660c48469f6eb4bac6e5599ba00d113b10a6e0c7caaf3473cc7864,retained
cnews:6421,6421,时政,df7605cfdd38b8908a38df699b46c9c1f1db51a9598d8b2ef4cfd037a3840c39,retained
cnews:6422,6422,时政,5f391a5590c1aa9a25aa703b58ab3a86c7ed6b482a4c9eadc9d1a52939180f66,retained
cnews:6423,6423,时政,435b551c154f9989b971da6c9e483c4e75cb8e141ab80137e4e4c8ffcd5c39a5,retained
cnews:6424,6424,时政,ee5626c8a523d935fa054d54a0affa34cc02b79d28aa25ecf93e658b75bf7ca5,retained
cnews:6425,6425,时政,9783cde69458c7e6672c63f8cd2f98e3985a82f851a3596489d1132b6efd8916,retained
cnews:6426,6426,时政,2054b0fa8f7fa30f33c0bb50b05f08357407353d9a2c0e269abc8d627d336c76,retained
cnews:6427,6427,时政,d22b7619f1e435fec6f31cf2eae541d44589cac0188d4225b8dcb1919d02972d,retained
cnews:6428,6428,时政,4c1e156f53dfaa968600de05039722535781f2a48ae9d69fd79d0a42294b9ba9,retained
cnews:6429,6429,时政,27dd29378da753e816d36d2f7dbd21157486d690ac3b2654f90d97179d712736,retained
cnews:6430,6430,时政,e267ad1b9af5c56ef5a01d28b8db5aa926f3accbd3e46d75773d9b1aabe1588c,retained
cnews:6431,6431,时政,aca26c6cfad00f7a3fadf5edcdaa0b8d4f1078164046170d1a6413f344b4778a,retained
cnews:6432,6432,时政,447bd48d727523a43c7613b4ff1c813d4190e0d309e211f7fec8bc0c2f9e0853,retained
cnews:6433,6433,时政,7ddb08f4aeefa0ef1d5e69f9906d1c3f067b6853462faf907fb75578a89715af,retained
cnews:6434,6434,时政,150def1ca31957af388034073902f16e50adccf2f69853f71c5c28557b88908a,retained
cnews:6435,6435,时政,e621fec54d9101e333e050f6f467f59233226fcf096ff5a2c1b335c05591fb37,retained
cnews:6436,6436,时政,a33cf98ebc0123c085274fda5f6fba294cd33a2118ba69ee01b6330d4f983e88,retained
cnews:6437,6437,时政,d9c93ad772dedb8d5d8af0a2065e38718fc372f04bc103e340fe125e9efbb3aa,retained
cnews:6438,6438,时政,d0fe19119e15045b3ca8aa170479f0ef26e9594c4e193005acafbe44b11af8b7,retained
cnews:6439,6439,时政,dd5936f58a1a88ed580e13922d939f95e490c7102117e451372be997c974d9ef,retained
cnews:6440,6440,时政,4692ab8db422d7c5bbcddad0d464aceca84a71fc93a3b62749140adb44097981,retained
cnews:6441,6441,时政,bea99f5f71d53a14fc0b2249257bebc7fd62d6c38e10fff69b5e9d26ec4ddf75,retained
cnews:6442,6442,时政,a20fc6325f0cd65918e8a6c78c25321e18603b6f0741b48ecf41a0c8a21f56ca,retained
cnews:6443,6443,时政,294257d7ca986b76928eb71892db60946e2a249324fff55d72e986f2b93a9ab8,retained
cnews:6444,6444,时政,e6bd79ceea6974846b43eb243f2b611323fba5f62b0b848ddbf66c3a66d6b0be,retained
cnews:6445,6445,时政,f7f702ca4d9d28c90806293feb94472515875d625a9460aebf0ef92e71657ae0,retained
cnews:6446,6446,时政,403b5851ded4bd7c9939bff21b43e21e7f430df7e1472572aa5939ffc46dc346,short
cnews:6447,6447,时政,7bece1014b6ea81e769f283fde86281016d414844bfd48c7771d25d5179d61ae,retained
cnews:6448,6448,时政,c0d7dc14d832e0d105a29839da428e85946699fbfbb6e1f870c11bcd532fd3bc,retained
cnews:6449,6449,时政,700459ae576c71490115ecdff12cce9aea48bcd85ad381a0bf481dad894b2990,retained
cnews:6450,6450,时政,d482ef33bee247b1431fa0d2b5db0c59bc095926e5aea34d4adaeaa2fd1e45d3,retained
cnews:6451,6451,时政,0840f0871312d1b7935fed6ab1cb1106b63ad39954a1943540b1c300eefddd52,retained
cnews:6452,6452,时政,1ce4d9ce02ebf9802c5a3cbf859770d3d7f566d1c4a41c040c27dff16a6c3582,retained
cnews:6453,6453,时政,f9cf4f684ee2a4ce3112e132952c4c22b7db9cde9621da8a215229b63c4960d3,retained
cnews:6454,6454,时政,f3c73b82197a9ecc2a24f644d173006f9a37e54a05c2bb142871e36863389128,retained
cnews:6455,6455,时政,0e6703835fd8a922c2c6f6cf440720303aac6a5f4049023faa9fa18ee9f1179a,retained
cnews:6456,6456,时政,7df9591f9be7175c7fad1af3d9f72ad0a53d83829bb369d4a60ed782830b1e30,retained
cnews:6457,6457,时政,e903e4a23339aa79bcc9c14588da31191a18c6427a90aff19b253b2a4d56889c,retained
cnews:6458,6458,时政,f0b365e316348d6d23984ecdcf9c13285e32ef82743397ab19c39bdd5517418b,retained
cnews:6459,6459,时政,95e7c1e1b51955f6e0dfb462c6f8852344564dc354b8de3a34e76bafc6c9c2b4,retained
cnews:6460,6460,时政,74b24f01fdb81f8363f3213998f53d6d7c55cf584c5cea92d3b4efd238319277,retained
cnews:6461,6461,时政,57b163ad4a955a5999921a9cd282af7e634529f1613c477529fade4a0cab9eed,retained
cnews:6462,6462,时政,68e82c404190b37b8eea3c4fa86bf8bef37bbaa8e15b1bf3ffc3a92896aa0147,retained
cnews:6463,6463,时政,12508fed7c90a94c06456e970b140765e5a0af934a67195419076959b9b33ba6,retained
cnews:6464,6464,时政,b970fc48287ad54f5a74540f947f60d94a2c1759ec44208c835908958969a797,retained
cnews:6465,6465,时政,f127b37a8ccce084023ee02cb1285ce53ac657e351a0fef5376bf0a11c21ea71,retained
cnews:6466,6466,时政,1bdac70038eea21487439d121192d28acd1d396ee51648cca0bd8538ee5cd463,retained
cnews:6467,6467,时政,7829a912b1ca31d19f1aa3ed00980346f4695f401045f9abb489097b95e09787,retained
cnews:6468,6468,时政,3e9ca58e94a979ac471562ba3a8db54ed66ac9d83f3e5d16b48401140298d644,retained
cnews:6469,6469,时政,b205237bd2d8febfa4c0870685ae5e14794cdc58fffb9a353843aa38938c23e3,retained
cnews:6470,6470,时政,e5b00348a783bdb1e3badeb7f648737ff1505f4d72b29e1852814c923ace1dd1,retained
cnews:6471,6471,时政,351f9438785d5c5ac45810c40252dd1748fbbe5818fe918bf2f2114b12d724d3,retained
cnews:6472,6472,时政,1c6ef550321697d23af20cf3729d3b86b33a3ddda30fcac6482467da8fe34e04,retained
cnews:6473,6473,时政,5675b86bbc30709561d45c2ab48b62c23605eae03f702590d0cf650caadc96a6,retained
cnews:6474,6474,时政,df0a65888fce76f4d6a859193762f727532be5f125a95f1690b86f72ea21e853,retained
cnews:6475,6475,时政,78abf7bc7e92de95b6872965485fab5fab34d4a3487640607dc0231604e27ce7,retained
cnews:6476,6476,时政,fe73c9abd1628fb90e450b0e7b0777da976ed4fe7096c64714855252fc87188f,retained
cnews:6477,6477,时政,c95f2f815388497917172041f757992ec191c2641240a1eb706f5261ac9a36ac,retained
cnews:6478,6478,时政,128e36236816228d8927ec9fb1c1bd45993f3ec4f233aeebc22a32169ba9c2db,retained
cnews:6479,6479,时政,2c45cb8dd0af3c97008c6f77f7faf315831a048c12b67f80a6340aeeaaf7ca4d,retained
cnews:6480,6480,时政,f56f61ff73942720030097467d129bc5c5457c0760df1ea7219ccfe98fa76765,retained
cnews:6481,6481,时政,def4e39db4352dda250b82b7736f5e5ad50b284986a64c37a03d11d8a8719333,retained
cnews:6482,6482,时政,730f76e28757edc4c83aadb797bbfc4d7f45b464c83b53573fea49c240426769,retained
cnews:6483,6483,时政,f9669201957d286556114b02ad2136c1a4c1dd4120e20ed36eaa9dd8646fe0dd,retained
cnews:6484,6484,时政,d8a3fac27ae9864361b2afeb98923780d46d17e9c1f66df9c99419179e07fee0,retained
cnews:6485,6485,时政,1e63a2e0221dbdb48a6efcc5ec8d31796c70cc2cdfa74c0d6cb937e2c2a84a06,retained
cnews:6486,6486,时政,ba7965e2690824a96a5881c92b2d252988533c99acd37b98678651be7317684e,retained
cnews:6487,6487,时政,33d936b21b2f27f148eb53bdd517bda19891cbf5a9b14fa61b2b09a6520efcb8,retained
cnews:6488,6488,时政,ac273c298cd6c8698e7db94d289ddc6c77934f73bc9dfe816e5c88b292211d8f,retained
cnews:6489,6489,时政,01fd81fc351c650859ad7e2be203bf146b893cf9ca41422f5fc3aa15a545111c,retained
cnews:6490,6490,时政,2461860f86158a2b2cebb1fc1dcf15a541585548fb26caf9fc8e6277c3daa1f8,retained
cnews:6491,6491,时政,90826c3a08dbefb9638c708a8067eacf4e7f2623d7600d94631696a429caabdf,retained
cnews:6492,6492,时政,724003dc51d779f0eac54260a344468b8fc65b3e685105a32e2ec185cb88b61a,retained
cnews:6493,6493,时政,42b28f28640a72c5aff65696987b5cf2aa105337df04b74c791be674cec4a015,retained
cnews:6494,6494,时政,23dc05cf518a3e603df8872cdce62896db8c7b05e49e3078edc5c51d4ae5ccfb,retained
cnews:6495,6495,时政,c12df2613566cc8c678287e6e16fe0cdb370fb7eb19931e1a22371e4273ce9f4,retained
cnews:6496,6496,时政,94f9712d05b69732a8cb9dd80a0040512a8c9a96ba93a514ec20854f1016d734,retained
cnews:6497,6497,时政,878ab8ff05763060c0aeef56dd3b6c2544850a71e8edb1b27df436180f896477,retained
cnews:6498,6498,时政,c9b67c01dcec6ef371a944584af03ee1bdf724043845aefc901fd086f4e94ea1,retained
cnews:6499,6499,时政,95cf9f5a7e0e7a4439e7510eb0163a5e8d47aa2ef4b57c78d18037ff2416ff48,retained
cnews:6500,6500,时政,283401c095926261256ccb76590fc18e114d4b247ab502a214f7dce8821bbcda,retained
cnews:6501,6501,时政,2b692131cc282b54069c408c7e890112204d733b638add41642e4d3c893deb9a,retained
cnews:6502,6502,时政,824bbb343f146f1b6f902ad54579809443f94c48cd75bdf93a9390f124ce9e52,retained
cnews:6503,6503,时政,18e473aadf641849c481851ee00f73de37b666e0cce03d6eeb02ad5ae341f76d,retained
cnews:6504,6504,时政,39b358900d27ba0750493a63c3596ee1474a35c1b194dd154a7d412fef5210be,retained
cnews:6505,6505,时政,0f1565c7b0c7bf5d0fe48c0deae9adbfcc6b1c68a1f55d09e50eaa4ce203ad69,retained
cnews:6506,6506,时政,0ba836127353228b5d258436d6308060a1f7001db8f333879ceb0298d452db34,retained
cnews:6507,6507,时政,41b7560e0b021e01bc55f44602af09f2c7f4ba9eae92098d42584b88167ac4a4,retained
cnews:6508,6508,时政,2917d28859f405a3daf5bb319e74f67a0ff5368f5464985f31ae1031bf5bc27f,retained
cnews:6509,6509,时政,041dd037bf89f985df9f4951f76e5003cf7cc4d5e25cfe4e4df0d9618aac2faa,retained
cnews:6510,6510,时政,3311f5458a312b693335edde039bfb9a54323cbfdd61e780d4f53fdabd141948,retained
cnews:6511,6511,时政,ddce2033a41138186a5feea313e2613a8da7f6fc2ac1266e9be63438ebf8d372,retained
cnews:6512,6512,时政,a0cd478d8192355c24e15bf492665ca603f30c645c2bc4ec05f3e44079a7a8b7,retained
cnews:6513,6513,时政,787631e2490ae10c0318907fdbfe2e51d8de3fee813d953967d941c9370b381c,retained
cnews:6514,6514,时政,ed1cfbc38688810be4ccac69bd9ed5efc32ffcf354b8d18aa41f2c42e37f2e22,retained
cnews:6515,6515,时政,1d52fdf718dc310df8bd83b19893b1cf79a40a8e26cb463ccc7fca891e2b5208,retained
cnews:6516,6516,时政,3fc658f6e62144fafaaf0beb69ebb561f380c7aabf99512618044597ffb78c96,retained
cnews:6517,6517,时政,13b48522561b2dc84a76b71124ebe15347ca46dfea7f78b067efe0875e41edd7,retained
cnews:6518,6518,时政,7f6977e378b36d8cc8320c32cbb948f258fcdddf975e0092ebe202015bc2d8eb,retained
cnews:6519,6519,时政,273b578044dd3aef9aa9bf70224acddb155a64e831986741ca0030843ca6b6e9,retained
cnews:6520,6520,时政,bab53f59e7f204f7d2f1f7d4163f8b51fef592b1e436f75e40684a96f3bccb10,retained
cnews:6521,6521,时政,9de71a4a31c4dfd7652b40b53588a94b097c992c382bf71e07420c8b58be0e7a,retained
cnews:6522,6522,时政,ff65a8ee87371c33ff3c8a3f5cbc09293bd574c0207a30f086b1da2d001229f2,retained
cnews:6523,6523,时政,5fbb72f677a9dd2e96db4f5406df19d89b11cea103a2dd9eb0b803befa127bd4,retained
cnews:6524,6524,时政,c04888be1274c8be409a4cc6a7f63bd235d9bc091ec57f62b1b0e102ccca68f5,retained
cnews:6525,6525,时政,216fdc2bd946080546ed026ef43a1cb3c9c7268953c88ac321b23ef65911a6e1,retained
cnews:6526,6526,时政,8e9918b56f5c5cf374f1aff8e78d05ca5424ac0b92771afe9d85d785a334cce8,retained
cnews:6527,6527,时政,e24aa13b145bf5faa6fdb88f3cfe3678798e736a98ac1b2e9a1faedbbe9b32f6,retained
cnews:6528,6528,时政,3b5ffce68ef0934a0c91ec12dd18e3a9ea09d4293cf6c22f9ed906b58b1bbd01,retained
cnews:6529,6529,时政,487ccfe554756fead7034f44da40e3589703221c5877c3b704556ad582654a59,retained
cnews:6530,6530,时政,0672fb4770f92a6a794e3a77a0ab72a0f1d97926993f96a70220f9479c5750f6,retained
cnews:6531,6531,时政,6daa4a35e93b13a1cd5a4f07d64bebee175cd3b1f8bdf6a3f00c1f32bbe5d03c,retained
cnews:6532,6532,时政,c78e6f1b37053f29c78c2fa88c773d92b90dd2846a5888fb2eab70dbba51fcd9,retained
cnews:6533,6533,时政,598ca39b15df12eb55588d9af3339c358d2777973e7e9098aaf90a1bda9ec653,retained
cnews:6534,6534,时政,33d7430c42fc65fd59268a86c480626cd40b2fe9a69df17d9f4a7edc62f9cdbe,retained
cnews:6535,6535,时政,dbbce3349adb4064955982d434e4db21ce018cf99e9310982f3bd1c937c7557b,retained
cnews:6536,6536,时政,71c8219d8f06539c3516cc4ff7a9d045297b227bf497c6dcefc62ad1d4432663,retained
cnews:6537,6537,时政,ab93911585010697b3db68a42f74fc336856769c1884d61b211b0e81f51b3f1c,retained
cnews:6538,6538,时政,991e69f38efb5297e86243d81faa30e89a4404d2fe28d602ebbe8029c598089d,retained
cnews:6539,6539,时政,4238dbc42a6b2448b0e7ea6f7a6b82db76cf6acbfd37266a11adffac71864756,retained
cnews:6540,6540,时政,39b8eb1d77065cbeec08e9ea048fd8014e56fc661c40314397ad4b127e5ae98c,retained
cnews:6541,6541,时政,64f4d3c5cc8187a08882944dce6ac358ddd0ef7871f094aaebb264d02db8b62f,retained
cnews:6542,6542,时政,89af9bcac79fe610a8e617f296c0400cafc4c8e526e5fa74714d18c2487d1e19,retained
cnews:6543,6543,时政,0baa4fe5b921e68c8f6d1831a8530b4621091f8c537f06b69719ac12694c28f4,retained
cnews:6544,6544,时政,60a484c4e1c419da8fc3fd0969f8cb52897174e365df5ac4c3c6bc69afa04c93,retained
cnews:6545,6545,时政,8c9ef6e1fa950f1049aa9a1a562dcf7f8ac711aa8ea8c3cff4c06d64a6ccb041,retained
cnews:6546,6546,时政,a1caf4097d994d9b4b296ac559bc4b33c72aabf50f62b018ea821be89d403ad1,retained
cnews:6547,6547,时政,27fb79b7f05be5fe32c8ac80afdb86a54e17a2e00089f2ae565ff3105b99edbb,retained
cnews:6548,6548,时政,7a872821fb6734dcde829c55a228dee70a3f4ece2cfd35f25410d9d5c21331b9,retained
cnews:6549,6549,时政,baba1053f9a9729121d460bc41932ccb8b9e4cbdc02d5069717d383eb7a794bc,retained
cnews:6550,6550,时政,671ad03455c3a2cdffa96b51a38566e021015fa8955f128859ec39fdbd9bb1fd,retained
cnews:6551,6551,时政,8e80af3ca6bfb59d96704058dae32d91da4dab7d8ff18fbc46a6f73db15202e2,retained
cnews:6552,6552,时政,8d1bfb0058173f4058f32711ef63fca99ded46d588a910bbadbe6ec41d8097ca,retained
cnews:6553,6553,时政,3d39f66c0d31054eef991a1162921a866d2be76564f6bba28623c1fe972274f7,retained
cnews:6554,6554,时政,066fbbb9342422fe8cfc5f68ec9ef6f3739e2a7c93320b5d72ca12713d365622,retained
cnews:6555,6555,时政,df5cb1b51722736ba6a28b87225defb0ecd1c4a82acf02538c45b9fe7964a6f2,retained
cnews:6556,6556,时政,f881909014c3113c2bd8dc538816af153d3e7f2e1d8d6a238a7e5ebe366fead1,retained
cnews:6557,6557,时政,d1a9fa4e1f58cf48c148ff579c237f968d99b1674bb2c0f6cf1d4c2f641fb874,retained
cnews:6558,6558,时政,b5151f38f145a289a7a8d54fb300cd800bd70f53d6bb87c98e535f996a59affc,retained
cnews:6559,6559,时政,7d1240b422b5a9136e909aa9c5275d878e481abaee248c0c35822eecc96e2740,retained
cnews:6560,6560,时政,f5615b23de19f10b2b29b0ac855b15bf24677e52f08634c756214ebc44d18e21,retained
cnews:6561,6561,时政,9d43ff418a44c7b80893d5e5d01c2a7df6054f8da1460651aa250bcd8c75c948,retained
cnews:6562,6562,时政,b36db4c24dead301c41205dad068a3ad6d3abfcfed9424468af783cccf556e51,retained
cnews:6563,6563,时政,9e62b433ef83c01ecbfe3c33e2eea4856c9004e0fa4a7e090025617032f368e8,retained
cnews:6564,6564,时政,1515a69aeb42862d7718ab58485ee606d87778d8b351a4001be57490c99e9f22,retained
cnews:6565,6565,时政,be1023028f91c2c8b2f409c86dcb92b67d9745483f9efc40fba3de8f1f1cc8d8,retained
cnews:6566,6566,时政,f1198b0fc631feca822e6768fdb98b97f9736bf9e8b898ee2f9c4ce9660ce054,retained
cnews:6567,6567,时政,6b8be56c783cc7b23d7c4af1a130000704bd446c33388afdc27f821040f75994,retained
cnews:6568,6568,时政,98efd8afa60c33805a5cfb4d7a11e16f426c4b61dff5d0945c7d9b74fee31800,retained
cnews:6569,6569,时政,7b40f564d4f7013b106a6cfc2ed5ae50c726c1d6474163e7049606f4385e5c9e,retained
cnews:6570,6570,时政,1272783d5f0b6ab38896e021c62fc6f804213baff606738bf616cb10705ec9ed,retained
cnews:6571,6571,时政,77b39ba601e7448ec573df074f4b460bc38a0df1e5b079a1cceae90bac262ee2,retained
cnews:6572,6572,时政,413f7220d8b564e2288e4bef12e2120dd70435d3635b4d8ab898e4573a400ace,retained
cnews:6573,6573,时政,2c0a7d10e4f892652b09721d702999f5c3440e125908987f3eeaa3e4726cec0c,retained
cnews:6574,6574,时政,3b37138f2526fd57056a58e081eb0266cd4520dde5cdce3daca0aba27c085a4a,retained
cnews:6575,6575,时政,d1c1e6c7bd8e9473191053225bb40db7bbbd9273d273b9286aa02f01b6cab38c,retained
cnews:6576,6576,时政,aae6c3bb8bc620e5897e15ce30331801f07c563e6fdf4ba014654c65c33e49d7,retained
cnews:6577,6577,时政,6052cf2f93bafadc3cd881a194ac1afc68d79dc808e658a117589e5cbf9886fe,retained
cnews:6578,6578,时政,bdf022a6b7782ec9742e8b643a8f4dae1ddadec5041f0635656a5dfd8169c923,retained
cnews:6579,6579,时政,c6795f55971f6911e3576fc07dbfc73ee59e229b420bbc252082a9895c98f76a,retained
cnews:6580,6580,时政,a76eaea551d14d4f32d4aa69b606af7d17519c2bdde22aecefaed050b55771e4,retained
cnews:6581,6581,时政,cddf0bc04ce2c1861767cbfe1b970e25d105f0b25ed53aabb11f2dd50785f81f,retained
cnews:6582,6582,时政,da1902b51fd55a1bdd06215313ed6188f869922fa8648c81fe9900e324ba5b2a,retained
cnews:6583,6583,时政,12b69cd8d3805f06d02ba27678c9875a4bc4bb5ae38ae3e8c6664c09da5fb235,short
cnews:6584,6584,时政,47d36673c91ec9b77fcc2653996518a01dd67ed4edaf6e630f543322c760f52f,short
cnews:6585,6585,时政,30fdd7ae8b97192b1ac39101f84b7b8ce0dd996740b465ac18a54b11d6823ea9,retained
cnews:6586,6586,时政,7dcb7e81d2dbbd83bec08841bcab335fa317fc0ad89dcfca053e700d379ad9cf,retained
cnews:6587,6587,时政,1e6096f591cedd03a2761d5da0347b0c9b9173c566042d91c9133a5e94950271,retained
cnews:6588,6588,时政,59016d5d48f7481c574ec49c976369ed26ea39f842b0738beb820fb0a469ec2a,retained
cnews:6589,6589,时政,1f780cf13a349bbdca7d6385200b02fbbd18d1b2cf411235b53f6d5ecb56169e,retained
cnews:6590,6590,时政,caccfe45063ff45aeece8c0fa1ee69ab42486f99230e1084ea1293a320dd2262,retained
cnews:6591,6591,时政,4d7e59f9be159296deac199873e4a9d71c6ff48abb5f18dd8fc6d307be0541aa,short
cnews:6592,6592,时政,8e37e6321de68ac87a0fa7829b8e5d51a0935217ff734d6580a53287ed6db7c0,retained
cnews:6593,6593,时政,efc9ae344f8e393d4aaeb638fb48b7fc8c44e0c1b722bbabd5891842e7908804,short
cnews:6594,6594,时政,c0464803e47fd071abdb8462d296dac04684b0c23793cd7ef772ebbb1941f288,retained
cnews:6595,6595,时政,6da2bf503ee3349cf6bb6720ec64d2b2998d0ca4f7c69607c3e772df5c711925,retained
cnews:6596,6596,时政,196c7b17dad435f893f6e8bb2957a0b18915ba80fdc7fa98d16a4de0a2927673,retained
cnews:6597,6597,时政,0f49ab1b41c210543d40209118ed903c9f4fb043c49747a21d44a6e04d9a9c92,retained
cnews:6598,6598,时政,f8c6ceb1378eedc9508a8bc25fb1bf4ecf825f24f68605eba3b6194f44cfb0dd,retained
cnews:6599,6599,时政,75dcaef0c1935275ceaea791435afeeb49532848e67a7ff6334535f79409c4d6,short
cnews:6600,6600,时政,03d5ef4fd4fc70dbc737e486f84ac20d6887b6600be8bfcef86e860a87935912,retained
cnews:6601,6601,时政,c37bda5930ac61ac94275b134d51afff2f47ff16e4748046bd53ddd267519a0a,retained
cnews:6602,6602,时政,87494f038eb0dd0b668389f718ad87645e1b8bf76d46d7fb18c31608dd859db0,retained
cnews:6603,6603,时政,b4f1d78888ee0e4aafc2452e8cca451ce7a4be44a6714e61b1acd37b58cb6bc9,retained
cnews:6604,6604,时政,f88d95defd9172f8518006f839c510c9cb6fb36be1811c42a228c64fca0a3ec3,retained
cnews:6605,6605,时政,cd6226380edbfd0ff4fae94076577e09e60033b4fa5a1f4c9e1f071759bb549c,retained
cnews:6606,6606,时政,792f062c072c915ed8d8552bbdb08e367e30f43d9d1136688454d8546f3beaec,retained
cnews:6607,6607,时政,9ea0ca6b2fece32e60d17e07bdab40d2a6ad39de57a3df3fda52322dc392000f,retained
cnews:6608,6608,时政,ecf4139825198214fc876f4bdd7f5b87fb1543c6f1ab0f2e527fd3e75fa711ab,retained
cnews:6609,6609,时政,c8316c8a9adb956a58b5df9a63f2a37f373034503b5aabb29aeb076a63c261df,retained
cnews:6610,6610,时政,ab616d0316e20e7dbff7b819a911ab2edc49e81e3aacc552bbcf38537e0d8ce8,retained
cnews:6611,6611,时政,3fdc8355e75f21ee85af55026846268343e1e538108fb9791f7ff56f8f74b66b,retained
cnews:6612,6612,时政,0234f57b893b860d583131b8af1fbbe2620a27bdb603dbe0711bc02ea0284c92,retained
cnews:6613,6613,时政,62ed86682830d8c08a028075259fc0ab1be4814f0d252ff149e45f87b6635ce5,retained
cnews:6614,6614,时政,68d593688b797a22d49e3cbc496731dece460a22d8a84e40f56cc65b106c8443,retained
cnews:6615,6615,时政,c841f87ab0ae1729fc02926b9945d84e8985bbd962082b9d5bd7b10585b6b556,retained
cnews:6616,6616,时政,aa295cd831e12884751ed9755f412a28a70af3dcf419ec099560deb43676ebc6,retained
cnews:6617,6617,时政,cfa322508da42f556044b7fb33b53a5e00bd03126b96f4007192adf7c7d68b22,retained
cnews:6618,6618,时政,7ac5d3103a68678b87806d18aa80aee752418eb01695e06980f13c49ff32a01f,retained
cnews:6619,6619,时政,30519fd71fa865400f60980c034f3979258c5f58dcf682b4899bac80dc098352,retained
cnews:6620,6620,时政,b6b5379cac011b9b5db81bff2b48a5f695c70f7dd828b67716b20b119325a526,retained
cnews:6621,6621,时政,c416d39c4abc17e2d768e41ea18511b1e21fedf467a97e0b0588efb29d871945,retained
cnews:6622,6622,时政,16339477ff2399256cbe4cfdf1efe7c2c452af8a09bb799642077e584f49ed52,retained
cnews:6623,6623,时政,b2ce0b106df8182a6e8ab8c55b1f267b6626b94d0c63762eddae40e667503e1b,retained
cnews:6624,6624,时政,e804d0e84b8c3f790a18c26df846c8f25a464e8994fff31e3485dc7b217ce95b,retained
cnews:6625,6625,时政,b6df8b64759e86f359b19d779f9fdcc7694f801fd831bd2a64f7b21b1974326c,retained
cnews:6626,6626,时政,9f953e9d0cfceea1c49fc834f5bbf99aa656c96630a85d07513d237157b0b996,retained
cnews:6627,6627,时政,4ff09706de6fe9c6c13a52a2b2eb3704f78fe929a7fb5fa592a0cb318155dced,retained
cnews:6628,6628,时政,d36d2779bb89ebd7b4c1f01dc361a61020d211960d2ac2f93fd2d3eefb0053a2,retained
cnews:6629,6629,时政,85a6193d54470ec204c7b6220f786dfb06dcaa29f71e33634fa788884a4eb8ea,retained
cnews:6630,6630,时政,cca42970d68fb67b3b2290cbf81ea872907c21629883afbff0b595809638eac3,retained
cnews:6631,6631,时政,ad99d3ce6bbca1985ebd80b80b6cedfe0f78ca08197235e0b602bd8cfd7109aa,retained
cnews:6632,6632,时政,0e71533aef5bf26ce1d4098883496496217acc0c96f7b30e7e0689cde2660b9e,retained
cnews:6633,6633,时政,5b8a4a12e52a712c6d72528a8ddf54232cdfeead627ce217e6303a696c687c7b,retained
cnews:6634,6634,时政,6597ba7162d16d2bfbfdfeaaa6052d18f40d8e098d1b33c5d1bf15798ec3df89,retained
cnews:6635,6635,时政,013142a7779b2a3bd1d01b558f6b7c2248e321364526e46ac27d32b0f09cd408,retained
cnews:6636,6636,时政,c040d6e851862e61f1329f3a635d510ca2a107d0955821384716d21bcd50a1c5,retained
cnews:6637,6637,时政,811186d6b910a74719a666cf784889b8b9bf577a7eb9b364d0056ce5151f16e5,retained
cnews:6638,6638,时政,4bdea766d30814701a047ca998abbf109be73b09595dacd40583d16c13facac9,retained
cnews:6639,6639,时政,63f90b87ce4c9547c82a95113b62f1c20299a82273fca3d96d75f8f63fa019fb,retained
cnews:6640,6640,时政,d9e204e9efffd271bdeeebffbf63a8aac0be5158e4cac183d7ecfc566c83416c,retained
cnews:6641,6641,时政,effd65b28041c8e032ffb37e8ad7e06df08247f4ff5dfe1274eb71c8a98bc999,retained
cnews:6642,6642,时政,31f3e48a9a3946ff72a3cff0a2cd0d554d233d5b0ab06e5b3c4ea6475a0e56fa,retained
cnews:6643,6643,时政,a9f026c9f49302cb75913d3e290457a4ae5f87609b2c0f141b5c51013d10fca4,retained
cnews:6644,6644,时政,7ce003628b1ae67145ed9ed7b2d757ea6dacbc4348c96d59fc829ff344ed1db4,short
cnews:6645,6645,时政,9da6985796bbc0ed9b74b6113ef71b80ffd49568941bad9ac0b8df7ef1b794f4,retained
cnews:6646,6646,时政,8dc08318fc152434972492b9c0920dca253d249d9c5f317b75f436cd6d03b10f,retained
cnews:6647,6647,时政,265131246ca462e7c0108e4b48fc5da56fa71cb11d111943840c5b080ffc31bc,retained
cnews:6648,6648,时政,bc8f54c205018ba5c71e23879b6b0577760e4479797c57f5f9594fce97ee4f06,retained
cnews:6649,6649,时政,78ae81a511e6be857343b0ce16644fbdcab3cccd080a0acaac02bcf011c36059,retained
cnews:6650,6650,时政,5ad830036548fcc7e45424207684f55034c9aba7e0df4032dfe0af7258d15c7e,retained
cnews:6651,6651,时政,33f3394f34a0caba6cb7a6d6177d3a1527639055c85b8cf5a5a5ff2cb9ab11a2,retained
cnews:6652,6652,时政,b8f87f723bafda4228747d0cbdd5f83b7ddbfe435d73b273babe995b3d191a54,retained
cnews:6653,6653,时政,1608180a9061a3d2e6a735b752060b078654b877b076cf8185cc11b18ea90a48,retained
cnews:6654,6654,时政,7b3cf6eb75b59df207750b3907ba7c91284530fb802aa8f4c9495b697a8226a8,retained
cnews:6655,6655,时政,3bb0a38c067daf8083b88f99c3673b8bdcd15b662bf95e63a8fd80416e74316a,retained
cnews:6656,6656,时政,76e2a31c0111379ae2c821c6477c504cfc4444e62669ef01d9b5e8ab39d08d32,retained
cnews:6657,6657,时政,27e807e3b2d545cd8d53082f46ea3e6df110ff2841e5b48cf30af24dd34263ee,retained
cnews:6658,6658,时政,a4c7c5fe6bf20378206d51b8295f3f571fea76759ec9d07c77a94bf2433076fe,retained
cnews:6659,6659,时政,cf4a18dd8fed72708d0e14616614149277b51e9ba051631e7cd1cb1c8d464f3c,retained
cnews:6660,6660,时政,84406a6cb162b59275aeb9e5965c65617f7891397c988131246abac7644348d9,retained
cnews:6661,6661,时政,66f656362f5075b46d670e051b6a842d52448d78380e1ee4711b8b2ec27af66f,retained
cnews:6662,6662,时政,352545a300ba8b871405682c4d185c92b3d95729ef3b80b10c1a971e848571ce,retained
cnews:6663,6663,时政,944153c2d78b7d23040963ac7a0ebb740ae524b40b0afca6ed101058188447eb,retained
cnews:6664,6664,时政,6578c7af02ece2d017a117a51a0d5a7a247423f3f2edc51d6177e5e650e42a20,retained
cnews:6665,6665,时政,d7e159903ff5154f8bc18352db34de428f281b4b083ab1016d62e7d5505c3467,retained
cnews:6666,6666,时政,80ebe4700c4c6e489e70b4ea57c4a0179b2746ee87b4c86d068e954ffdb9823d,retained
cnews:6667,6667,时政,60e6380c0febfcd90250d8c6db9966f6f5ab9d82f4691ab09d4914ceda312678,retained
cnews:6668,6668,时政,2ada6f983adccfeb0b8804e65f2b65277403dcb36675d0dfe6e8dbdfc48c5099,retained
cnews:6669,6669,时政,4efcaa6df5c3f2e25ebeefab0e73b00da459e0730cdd27fb6f788a061864a35f,retained
cnews:6670,6670,时政,9a372c71d2d9315be2f63254076a1ecb4a91354692a5ad40bfe77472bc9dc1bb,retained
cnews:6671,6671,时政,f9a5eae51a31970fe88ff7f1d8261de60474cbc046a77b8713c4078d13af3902,retained
cnews:6672,6672,时政,4f3941e63dd207634c4def06cd41317adc5e9cf9b512b1573cbb59fb4c7a5d74,retained
cnews:6673,6673,时政,353ecbe591a20d54b4d0a1122235a52bed5ff6837ddae4106cbc7d36f69071ca,retained
cnews:6674,6674,时政,0907139b195bdea2a0bdb5cdbb945c5f395fbd25852e5e6d9d30ab39af91d1df,retained
cnews:6675,6675,时政,b71d4441b24ecb420c5aed407720a86627de6c59cdca03bc6768502ee843c488,retained
cnews:6676,6676,时政,e2d9d9dcd7746775ceb5d74ad7908f3f26e516a7382f8ba09a361e770e0474e1,retained
cnews:6677,6677,时政,2ac560caa7257cb8ed981e499d6fa6fef0a0c5010c2aa84328b778195c00cab0,retained
cnews:6678,6678,时政,0eed5281d039f4ead3be9935bc26d9601a26e0951d002294726d0f66633e8873,retained
cnews:6679,6679,时政,ac2477712b71b9b5fe06ea424982b65417e8a3ec65595eeb50f4f3b10785e22c,short
cnews:6680,6680,时政,63f3c8cab2b74a32014f37787af663fdedf4bac072c540e3119b40e66b873a44,retained
cnews:6681,6681,时政,4787ec66aa8bcf2c09f9dd9cd2689e3764e09a76dd954d0d07b9082352208ef7,retained
cnews:6682,6682,时政,3666fc4a5acd2a19f59c286da13a02c48ff1b395f877071d33b6f7aeabd30a9e,retained
cnews:6683,6683,时政,3f8e99f40acafabbc4318dddcb296e05e465b89c092c50e07186f6d7b8b8626f,retained
cnews:6684,6684,时政,11efeed0f97b430b995765df9e10e6bb4141bd33d3bcb00aa9d5ff3a7628b519,retained
cnews:6685,6685,时政,f2b33d1873095ea98ae1db1ad6e70b75a3dc5e53ddbb3bf8bc5a5bf8a5286926,retained
cnews:6686,6686,时政,045093f3bccdfd7fb34f46ca0b5da86217de65e78855ddf69fc33b464d667a5a,retained
cnews:6687,6687,时政,f211796bd0d68e7dc4d111b72829b142c885650aa8584c54e3f0a9118e699128,retained
cnews:6688,6688,时政,35af1cec4878902bbdc4c62278303f7d2ea6e97858f81ea6048da6f08edc9650,retained
cnews:6689,6689,时政,a4dff036257bfef4793bffb295b857e05dceb3ce4a9adcfd735781c18060a3bc,retained
cnews:6690,6690,时政,353432f1182dec7343d4bb8c42011f0a860bf75900911238def5c5d0f1d68121,retained
cnews:6691,6691,时政,cdafe1236dd86e4f22bb5384498905be0e63aa42229de1ad88d66bd9e53999a0,retained
cnews:6692,6692,时政,9d295353133602efc41047490aeddfb3084e63086643fbb082c941d29c244ab8,retained
cnews:6693,6693,时政,8dc1eeeface0fae4e91c5d8048afaa095c1c7d6b9ed1b5d55efcc35f7ca54321,retained
cnews:6694,6694,时政,6f02f728366abf58eaf67b7a0db7539d69fc08a7fb2981c8d4c7a222cd779aa7,retained
cnews:6695,6695,时政,a6f361323399dc056ce20eb8b89250bb2f14459cbfd23f9501ab08a06fce8929,retained
cnews:6696,6696,时政,e4304a2428968e395848abe1d87073aba191b4b5ce7f45768c348d486d2e4364,retained
cnews:6697,6697,时政,42f076cef0d2d08fbb5637e8163ff6b30bd6d2ca9d12eb19891c78c4ee54314a,retained
cnews:6698,6698,时政,0368870d5734caa2a305723aadf3b29ea62525e0e78d8a2a0be181d113f25085,retained
cnews:6699,6699,时政,448df359a9c9948e649bc321e89957021481bdbec23597314a7ee4344479aa57,retained
cnews:6700,6700,时政,d3fb555ff60fdd475942f4bb43fd55e7df1547b1d3f7295cbfd2c6f9a1e601a4,retained
cnews:6701,6701,时政,44f6f0e07492006cf9ba58498d6d4e5852726cfdebcd2b4f723706a46e5b621a,retained
cnews:6702,6702,时政,515656c597453ab20f927aba2dd43e60cc37ec3ffe0f073698826738f69c7d23,retained
cnews:6703,6703,时政,ea8231cf578f6f79ccf30f6cab01c9b1d029f861587cb7a3d68a3ba4a565339a,retained
cnews:6704,6704,时政,ce1ada62064928e09ecd36dd5e6ceaad1956c8d2fa4851af0bbfbf4d8bcad4e5,retained
cnews:6705,6705,时政,424ed660a2f036f4193c25c8b5a08534c5ff5d423aae96ba740487c4d703342b,retained
cnews:6706,6706,时政,cbef6673c4911a757c19e9ee2a5301efeb0d13fd230d2dc818dc5bc919246574,retained
cnews:6707,6707,时政,462a42d592485d50ad7446bd6d0a0eb3e66d84f4fe07deadaa5997e641cdba0c,retained
cnews:6708,6708,时政,c8cf7109608e2198186c9af0adc267952a4fd7526c9bbf87eb91dda37ca4eb9a,retained
cnews:6709,6709,时政,1ee362ce21b6db38220536baa34318752376711376eb4b34c4423d3f6c68da00,retained
cnews:6710,6710,时政,0952212fb6443d989f400e3f51a9d6271b5cdbe596852c817f9142cef364bbd8,retained
cnews:6711,6711,时政,4348ff5c56ce005bb5c2b814ede86a1f57237dc42243ee5878f695c41c513e12,retained
cnews:6712,6712,时政,a3249e98d36847891b8cbf1f478f11f453e93ae02aadaaef830e52f8775a3eca,retained
cnews:6713,6713,时政,f539de3b34d5d0fa008252410c078920198d150542ce7cc32dd359ccfc8e71db,retained
cnews:6714,6714,时政,f5c6e53681829ee64763e548179001228af5092cb51262cc9fc5f32f5fb1e26b,retained
cnews:6715,6715,时政,2fc2e0b484c254d77a2ac88e7de306baf5473bdb139459f44dc1deeb7d3cb30b,retained
cnews:6716,6716,时政,fd02e452693015acd9b5c1c6319ead52cefad33836aecdf5d76a8ae0468f6b4a,retained
cnews:6717,6717,时政,b78dc5a6f2721ad69035322ec341b60945677ab065c7294a0584efb434883e99,retained
cnews:6718,6718,时政,ec4ac80dc7992ce2b763b96a5c3c4f07cda0db3e235b4e76a71d9077b8e4dda0,retained
cnews:6719,6719,时政,76138fc084c6dfce40691a2daa049c5d78cc23209211c879b73d6a890f9999ad,retained
cnews:6720,6720,时政,96a73f75f11cc2d8984999a3e05a4a9ed721a19c453b1d4f40864a0573c3d3af,retained
cnews:6721,6721,时政,0768744d61920ebc03938b80372e3bd7498286a6f4517f5a3686d28dff880d8f,retained
cnews:6722,6722,时政,64c019e502251393a7e1049918f1b7e901331ea655a8df1396107e067c1560f4,retained
cnews:6723,6723,时政,9f37a9b466c09ec14a5911a5d5855568ccd00cdec121326ea22b01188d1b86dc,retained
cnews:6724,6724,时政,8e0a19b1c91fd79d66c48fffed01a6011143b95f010c3b6dfc4ca8781f739ff6,retained
cnews:6725,6725,时政,3ba09c38113cb86267a59a57b90ec407d326b7a9a1583c36c8f2e249434e5feb,retained
cnews:6726,6726,时政,cea0dc951074e5aeea9b734c8f4332d4f667ccb6d4606c32263e1b49193b8600,retained
cnews:6727,6727,时政,e52fb804c6c9daff226395228d0c669e925024b1af2f8f1ac444a66142d72fd5,retained
cnews:6728,6728,时政,45168bce27ac27fc1054d26d7c411e4475663cd42e71822974012d0a67db8caa,retained
cnews:6729,6729,时政,84b5b37b659779ca525d839a130cb7812cdf921d725de6f73b4e609c07c41b84,retained
cnews:6730,6730,时政,4c6d6119e6414c9767f3ecc1cb00536820ba1abef75382d1931710e4e22c0584,retained
cnews:6731,6731,时政,bdd579ae25fbe4bc3d5cf2f742c1d26a007353f35a6c098e24fb9ee99d059614,retained
cnews:6732,6732,时政,a337307bccc4f6ff1efb9e433b85a685ff141a9599e7b240eb96ca74eb6d2b39,retained
cnews:6733,6733,时政,12a20a2e46b2041b29b3526df160b0c4198f84486ef02ef4e7f120b2f0fa3d4d,retained
cnews:6734,6734,时政,6625bb9c809d5a26dba6e371ec40a891b485b4b79f2c11c053eeebc9ceee6e90,retained
cnews:6735,6735,时政,b04f948a42fdda08fcab1c2d0f56c970051085189862ef823397c7b2b92b2657,retained
cnews:6736,6736,时政,fb67a3d5c02ebd5a5580e6f2fb871b72a54a2c7c6afd2323ee751d2ac586ae89,retained
cnews:6737,6737,时政,39bc795648c93bbf335263842719f058d00642fa777b8f45a0b4d7c424bca5d7,retained
cnews:6738,6738,时政,5b7083ffafb70e72df9cbe6f27d96d7ff1dbedf9df9c12b99cc2af451a9bf297,retained
cnews:6739,6739,时政,328ce892f0d3b267d0b6ba7925d6b219cdf7ffeae762fdb8d639b3606c05a154,retained
cnews:6740,6740,时政,fe3002a2dbe389ae5e9c7c5251fbb0adce45969f5f82232ee6b0f46477d1b086,retained
cnews:6741,6741,时政,9c4bc8bdfbf1cfe7bbcb117a449772bb0c7292abeeea329f19a68ade3d957bb1,retained
cnews:6742,6742,时政,a49998ffc5a992fd2066d92610415a0922a1636c357770cd577a488f5df00654,retained
cnews:6743,6743,时政,da57bbd2654f7dafd926ea12db5e6e1cf93b35407bdd903105571487c9e512b2,retained
cnews:6744,6744,时政,4f39d0b478669d7edbf3c88cea839ab1086974f6244a674cc7dc23fa6ae7071d,retained
cnews:6745,6745,时政,e235cfe7d77885e55e6804e7ffde804b452ef268542d65cb304238544a368311,retained
cnews:6746,6746,时政,903f7ff8e5d676776e787c1f2c42bc8376b84350f61322fb6d953529e5b0fb82,retained
cnews:6747,6747,时政,0932b4a08a4ce0294185d87d2dff039d46b22ac9f75fa45f02307e6039a76837,retained
cnews:6748,6748,时政,0df9c3698bad9d25b365e39b927a81603475010f561f1994e7689b3c8ac4bb9e,retained
cnews:6749,6749,时政,0cd7d2ae026d30fb52e388d39a5073a13e91cd352fca71a937c8a842d5c4a66f,retained
cnews:6750,6750,时政,e95f76b4f32e38272d3d75dd0a2448e091d2b4079d32885ad942fc846d4375e9,retained
cnews:6751,6751,时政,d62f19014c7071327efbb8b4e59a3345f3cda31d1c15c6a991d7505781661106,retained
cnews:6752,6752,时政,04f489edd9dc79274c9431cc9936a19435f23d93613b8f2b70400586ccddc48e,retained
cnews:6753,6753,时政,d06c2d04cba7962af0f5b5fb3afa68b7a7adf2b344b5438ec7cbe7ea35b996d8,retained
cnews:6754,6754,时政,4ecfa807bc7d220bf61c2e18e5722c22aaf3b3f63486146ed47bbd005089f4af,retained
cnews:6755,6755,时政,fa30dc327c1910f6e6e7e66aa35aaffe49817f3d07c3dc99f449f64b94754455,retained
cnews:6756,6756,时政,aaeb64eaeb0ba558cce847e38848fd6b47b6438a13cab7e1cf095754d5cefd1c,retained
cnews:6757,6757,时政,a32d73c584d942bf977548b8b265c46dc8a1cc6a8f135ebfe9152bbc95c67639,retained
cnews:6758,6758,时政,d409493863d4ffc49f16450afb08a60ce3e398cee5aac2a6ef0bd9f14337d3ed,retained
cnews:6759,6759,时政,c0a4f2900e1e64d3e23c954c8403e99d5f90bb5c446cded562057236fcc33dbb,retained
cnews:6760,6760,时政,d68e9c1dc9a363e9217b41752ba723ec25c59073b8007c745c653bc39241d062,retained
cnews:6761,6761,时政,98143a6ef2bb8d47c1a396905ca9f7c2b2d8f57b63abad00ff065f709a21d945,retained
cnews:6762,6762,时政,174202a05f44b4729a015bb768db166508e83be20753d32f96c770ebd9be3df2,retained
cnews:6763,6763,时政,10cc4c4a058717591065752b83926dd0ee39e79058f0c0e7fc923b8780850677,retained
cnews:6764,6764,时政,77d7add1f6bbdb3f5cfb661609035985b0b1a4b57261ee0f1467e873474d1fd7,retained
cnews:6765,6765,时政,6fb57ca8922b252179007fc749258c5f0e75d8463f170a1b8fb76aa200145a8a,retained
cnews:6766,6766,时政,16e3e19aa4d2ad195dd941c31b012ee3f9161e3684431f4a344000ca8da5e1ea,retained
cnews:6767,6767,时政,8589dc6e86cb3a93fc091dc2ddcdc8f7ce8e6133ee79317a865cc355497c9bba,retained
cnews:6768,6768,时政,e7c53379af9cbd9ec7ce227b3ffd617cc730a11debf5d72f4fc3f1e63469e296,retained
cnews:6769,6769,时政,04b7bf209a630726a23df1d42e5be03eefb04c09c1e53034e8225f15de395cd6,retained
cnews:6770,6770,时政,df0c09629db3568be34452dd27fa96405ff26c6e969e1a6e5e5383e595972488,retained
cnews:6771,6771,时政,837fea0375e827b9ba42ac33b78fe2c837ac4301ca921d967b754d2a4739fcd9,retained
cnews:6772,6772,时政,0a81098e6baa4e77f8b35e8cfbae18ff2c9737e668859d447363ac4447be2663,retained
cnews:6773,6773,时政,58f3e1d71b7606c4192b9401f586de4c63d56de8adc9a83a2e60fd9dfcfaacf7,retained
cnews:6774,6774,时政,0a8ebb52106a5ef31010f047e486a4085f5e846b05d97b74a0d67f97e839810d,retained
cnews:6775,6775,时政,66d5bf15a488e775d589ae7cec9b55a04694ce9b121c6f6da202f70b459cf2e3,retained
cnews:6776,6776,时政,3faae8f5a18723d7ec0bc3031e9b525ef5d1260d8acbf1be95384a52fe9f37f5,retained
cnews:6777,6777,时政,a40f9d1eea8423756160f0d0def0ba3739ece5c1e322a025b0a882b701f8943c,retained
cnews:6778,6778,时政,e7b3677f451136cc55a28ba5ffa8955b527ed8a56bec440493963515ce892f89,retained
cnews:6779,6779,时政,048102ad6738d3f8132e716bc400c308a51d2abc2bfd9369d86829df061c9650,retained
cnews:6780,6780,时政,1ac8845b64fa0d2e94b799de7c292081de80bbfdad216aa268cb139b99e5c1bb,retained
cnews:6781,6781,时政,22a1f10389bd8546ee6e60e77f2863ce8d85a547a4dfbdaf9fec6efbd116a978,retained
cnews:6782,6782,时政,7257086a7460b0eca755a7ce8e41709fb121c987e78e6a54121ca089a69f8bd0,retained
cnews:6783,6783,时政,97315520bc0cda67d1d91b87cba57e153fde69fbc5dfedc744f25ea6b25c6312,retained
cnews:6784,6784,时政,d603b95c05f3994f4c95003873323b757dd9368b1a9a6f782a171ca51adb72b3,retained
cnews:6785,6785,时政,cfb612a5f7fbb56137334b688b8c614641cb83d2e42c77f8c9e4cef550887bfd,retained
cnews:6786,6786,时政,c63feb20f101cd6c6c4a89985b92ef927eaec6c2a86cf920b2502797fda44a34,retained
cnews:6787,6787,时政,8f1c3fd14eb0ffcfa3007e26353d061c815089c475ce0c223fbea43fee3f81f9,retained
cnews:6788,6788,时政,a3429a5b68fef3c664cfab33c39e2fa97e4eb66aeec703be556ce12a7ac907d1,retained
cnews:6789,6789,时政,9bd1fbe4b47943ee4c9c27d89ee5dff5b8cef8841566227d594e7d1b34d3a587,retained
cnews:6790,6790,时政,79c27b82f0623d832fd0a905f8b336b7b80a127342e10aaf47da505fb96110fa,retained
cnews:6791,6791,时政,d115b5a765179bda7edef377010c149c06690076e03b24e8cd945260335a60fb,retained
cnews:6792,6792,时政,060ae6f72626a75f1c2bc88b42d5113cd6e1d3df0bc1909dc3d568ecee2bf3b2,retained
cnews:6793,6793,时政,945514ceae88649b3de8e8f8fc8ca8bb210ece589d299e70e11ff97bc1809be5,retained
cnews:6794,6794,时政,1d497782cbcf0a029a70d0aa1eb6fd3086e3cdf1054412a4ffc717e5e1447f92,retained
cnews:6795,6795,时政,e6ed6a531dac8b7e1ca772e6ceee83c0480e6fdb77fb2dfe43309f2327abb652,retained
cnews:6796,6796,时政,2375f9a4f497f3280fdae7c554c7eedafe47073aa3e4ced039aab9a916e69c0f,retained
cnews:6797,6797,时政,7421f58708a5368e10769dff545012a0be2ee06d39027444db6494e655c09ca1,retained
cnews:6798,6798,时政,182b3809cea19f2c0fb9f53f0e9487317a9be3b057db378290b704f6674cd667,retained
cnews:6799,6799,时政,1bcde6964e5da35710bb8298b30bf1cdb6178dc6a3bc6ad6d1202185cf1d5c4f,retained
cnews:6800,6800,时政,d814ae4777e0e8d02bfb1c2a8203d8b6223de874192dc61d8242e63f1524961b,retained
cnews:6801,6801,时政,8d165200cb0823c85f0ea2e44a5ec3821075af24065d51f7205ddf523ea4b949,retained
cnews:6802,6802,时政,2dc51db4dd0039f4aa082a580248cb880425090c8528ddc8dd1301a78e46088f,retained
cnews:6803,6803,时政,2fb925140af0ddcfc159e878232af5ca4a991dd41a73b17812ca7860d1580160,retained
cnews:6804,6804,时政,4d0d9c4d531a0ec246b84d5778d1c4de195c1e3970bf0e225c83d42ac0134007,retained
cnews:6805,6805,时政,feef43a0cfb75e57b9269f814368cfb2ed1ba36c47a2d2d2ee2893d76e942f9a,retained
cnews:6806,6806,时政,36bbd9b644c57e72c34d0a1f1e7e7be45b3c4ea5b86938bb8fe01af1941322fa,retained
cnews:6807,6807,时政,f5943899d8f5f148aca73512ec40a21ead68ac8b8a66f6f3c7bd783247edd5c1,retained
cnews:6808,6808,时政,dff53b1177f8e4c1c5dfdc088995ae19cdb22ff1649a7022f83e86c1b2cc1366,retained
cnews:6809,6809,时政,1e85e991727b6c82825dc85ae869b6ebd019843eb6703d204a9d8e6e2504fe7c,retained
cnews:6810,6810,时政,fc87fd7da28667ebb42e2073ffa3929a82ae151c6362c047b9cb119061f37eaf,retained
cnews:6811,6811,时政,b06ee37be6688a7a067a5955ab525f03ebe4491660ea1c943bad2e861a82d5d1,retained
cnews:6812,6812,时政,10ba2a16a6d23e96336058ceca0867e27951776610fbbc7386efb47d1a9fc783,retained
cnews:6813,6813,时政,6ef181a6cd808a9ebc74c6587c2d8a5f196b11cdf2072b94eff0caf6e1027521,retained
cnews:6814,6814,时政,14eb98c856e82ad3fdcd3c9ea078a32787ce7bed95ecf0d4ec7c72a128ff4424,short
cnews:6815,6815,时政,93e690877edf645a5ac545faa62857a36dd9f6daad5b535d8817685d5674a305,retained
cnews:6816,6816,时政,345c7a4e65d3fdc29f5fbe1555fff43696db9a9a5dccb8557b876a4d4ade8a64,short
cnews:6817,6817,时政,a178e856d0adf6c107f43fe52892d729c12d4badb4aea6d12591667308e00366,retained
cnews:6818,6818,时政,8fec46f4637304f4a188aa13c348c1e74a0896ee24613e891fdf7fbacaf6c569,retained
cnews:6819,6819,时政,77a90596b1a7596a360cd1ea4610bf9760004bc32a1955d78e8325aa058a0583,retained
cnews:6820,6820,时政,bdb9964ba9773628c9d69ce46a1410a47ea71748b044832b50083d4a1f6aadc8,retained
cnews:6821,6821,时政,5bed261d648de98e9397b8ce92e02a975faed66b87d21bbba2d317490d17fb1c,retained
cnews:6822,6822,时政,d9aa9a9552d0d1f43a29b04e84476530e6790f5c9620b26926c945eff823f22f,retained
cnews:6823,6823,时政,dc0fa319b26c18f9135f9fa4b069f24be942f9e95581841943fc6003adc9ff8c,retained
cnews:6824,6824,时政,02cb4742fbe848f8146a2348ba274b68f0a211523ffe00b93691bbeb64b5c85b,retained
cnews:6825,6825,时政,9ef3a228c37c34ea06a05edd052c9cada3428e81a4236e741321e82132a8f0a9,short
cnews:6826,6826,时政,5b7321a3149bbe694f9973855523954523d0bc5c79af890222d1453b534fd7b4,retained
cnews:6827,6827,时政,3a88b3cc528c79bdec69102747d76cd4b400ab18abca834d6304f7ce3525f6d1,retained
cnews:6828,6828,时政,c648761fc17e3c920cbd0fa36c25acced702df671af74911a59445a4202afa9a,retained
cnews:6829,6829,时政,460c682fc9d4b49ccdd1d745c9e37513b76098e6895a09ae0908c0487b4678f8,retained
cnews:6830,6830,时政,747d099a55858987e888a9597626325ce8bb2daf3a169a0a5de3cf13750bb6d6,retained
cnews:6831,6831,时政,cddd5734b4282ff9d4f9addf94281797628220d364d430440a0bd01f4a08be8c,retained
cnews:6832,6832,时政,f026ed48cf2355ba8c374c53e330fad481f6bc7c8935657758287fff14b3286c,retained
cnews:6833,6833,时政,158955b087ace0a644c40428e1c7adb69bcb29da0da62ce5bf654b45146f31d0,retained
cnews:6834,6834,时政,5589e98694c29fc7b20d2f1b51f69eb9653da43f45ba8757404df5e046f0015a,retained
cnews:6835,6835,时政,ecd8888426c1c87807068b91c96c382eb2eef779066177c2321785550c7fc991,retained
cnews:6836,6836,时政,01798c1e847be3aafabb127b860ce407df8d3fda7f5c22fd23cdbba946b383f6,retained
cnews:6837,6837,时政,cb1f5142471ac7d1d9e7202e612cbf96a0d1bae7e62ab502418b010803bc49ae,retained
cnews:6838,6838,时政,ae4cdbb95d38ef0b2d6652f87517e8667a8e9050d3e3dc277713511011ce6b5b,short
cnews:6839,6839,时政,41f0e0a316e41344eb1b43824350438479e370e5f31021fd1f88da839247330c,retained
cnews:6840,6840,时政,b580167d836c5e6e1e6fa60695a9441e73afeb010cb995acd3c65156098c20fa,retained
cnews:6841,6841,时政,9a9c06758a5acba68f24b67c175b07eca8d2c3b3ac59bc116a32e64b646b4556,retained
cnews:6842,6842,时政,224224fe5ff568777f33443744d36ff71ad014960f44f8cd60fa1b7665799ea3,retained
cnews:6843,6843,时政,5ea514eefa21e4082efd9c3166cabf86a0ba30b9089343e687a52662dcfdf068,retained
cnews:6844,6844,时政,06171bd38491b9f124fb7ff77dd8f609da05ace6e4e5d8f5d2a35ed47cf1f768,retained
cnews:6845,6845,时政,0577874f01f196b713939dd60726bb3c615afa2fbc15187260e861c0cecae9b0,retained
cnews:6846,6846,时政,c9bdfcf7443ce0d83c4200fb623809c1a68fccb8ac685a283d4227be62738726,retained
cnews:6847,6847,时政,bb94290969bf5c78cedab9e34b6db0b151fbbbbdd539ecbd9ab13a0046b9006e,retained
cnews:6848,6848,时政,fd15272fee0783c9837c69d2ad30c661ec8a0b17535cbecbd7567b823219bfe1,retained
cnews:6849,6849,时政,af182343b330c8fae88b076061165b0b97b2b6eeef71dbe87da7aaadb97ffc84,retained
cnews:6850,6850,时政,8d0f0ce2807c92ce7bac862252d746a7d6634c15b10ecb7c442b81cf24d69a82,retained
cnews:6851,6851,时政,0f393ba62f0014845a2191ea1022a18b6851da5b00b88a56491ebb979d8d95b6,short
cnews:6852,6852,时政,00c5b8753d7dcb5aeabf0286d558b98d549094bd695e8050a72a259b1cb95044,retained
cnews:6853,6853,时政,71a5fa5b5d43042c35a8e2ee39c726644149913f11b6ba6680c30e136f22c33d,retained
cnews:6854,6854,时政,5ad5b568456e47c953902e716153fd72dc0dcaf568b861e969afdca5c292e235,retained
cnews:6855,6855,时政,cadcd194d5f1ebc4e6f2f91a3a5bfafd54b109563942b1c459492ebba48f3ff8,retained
cnews:6856,6856,时政,d28051cc81192af76c05b8ad54856086812285cc1f829bccea888371b931b2aa,retained
cnews:6857,6857,时政,67f605143fbd1ebce825fac84c8aeaf1da149fee94e9b678cc5766d9e969666e,retained
cnews:6858,6858,时政,b983f6e69e76c69ba1d6f84119be23632b70f58b31f64746c1e46b3b3c8d4930,retained
cnews:6859,6859,时政,3e636d299263623ec93b2a85f01c81215fd969c0da704f00b8a93a8851b5a2f7,retained
cnews:6860,6860,时政,2dc08b38bab67b2c4a6a128943168bf11bcee9462ea38bcc31908ba787aa9515,retained
cnews:6861,6861,时政,bb3b1198863ff1c0be048e06bcd3e26479305fe1e2cd5ea5d69396118fdcdf95,retained
cnews:6862,6862,时政,0c5428d6e2b3e662bdc8549f63bdec11e26cadc26814e6a6afea082c7eabef89,retained
cnews:6863,6863,时政,df33a72c8a968e247f36128dcbfdf9d998589ec35632ccf2adc9e5fbfa03047e,retained
cnews:6864,6864,时政,485af7739ee63cefb3abe44c98b7487875211dbad04dd22b0823707b6691355d,retained
cnews:6865,6865,时政,4b7a389fa301a25c90ce9adb1d62bdfaaee077255228d1dfa4980d58b3a323ab,retained
cnews:6866,6866,时政,4105c62c8b4e103430a08c250e403566f185278ec1b84a983234eff9ef6b7832,retained
cnews:6867,6867,时政,6287d9a12c93abe4ec2c3f358d38e9e5f9bc5789976979f3cb9cf54f1cfe9cd5,retained
cnews:6868,6868,时政,f14412e0150c1c1eb9dddfdc9760510be89529338f1d115b3800a75e4ca59772,retained
cnews:6869,6869,时政,8867805194f4b53e614eb766675fd9cb7a79a59ea7d244d99aead0438d63710d,retained
cnews:6870,6870,时政,9c7ed78ec3573a91b81ba97755e9b3ae9dc021fa474609d7108ffade6b0ddf0f,retained
cnews:6871,6871,时政,3ccebaed5630f31d30c3cd2d1431e85f3146476d0adaae5173f8f3c636dbd5ae,retained
cnews:6872,6872,时政,69185d65e8c2039520a47223083af7c451bb6cd4cac4cbb914ac5535ec9692f6,retained
cnews:6873,6873,时政,e1974fc772757a11c14a2976fb348df6696abdafdde61c23f12eeaa5306b29ed,short
cnews:6874,6874,时政,0221b5cd55024fa1ad6912da97e78e19fbf49560bae8b73bb52055247810aa5a,retained
cnews:6875,6875,时政,92623d966d814721c0d04d5446168274d33db213ea61d42302e6dcdabd240575,retained
cnews:6876,6876,时政,f6e5919ebee6655d29dd550dbf9d9ccac0795a284313894b5e6fcf7cada12315,retained
cnews:6877,6877,时政,c3ad3b2809ba1a4a8bf205d0e3fe9cc2974f0fb29141082d3098ac9db2445f86,retained
cnews:6878,6878,时政,a1e16229564ad256614b05304dc302fb06dbf7504955c9c181ae42462e3b24b4,retained
cnews:6879,6879,时政,1a6ea4a4320667d6b70e364d37300e59675c358f7f99ba1a3000613e80e7a89e,retained
cnews:6880,6880,时政,65837e56876b1fe8cdbaf1e646927f95b6d316130af02f3e8e338370b6806599,retained
cnews:6881,6881,时政,f14a611c3d706d8cfc95dc1a9a6702a9bf9c58b19a8c8bd2470b1a8c9dffc479,retained
cnews:6882,6882,时政,a888769f13b202cecc460a747726d8148f53335db88150fbdbeddda9271bbb5d,retained
cnews:6883,6883,时政,e2bd3fa70ad6a3bd465e414b7da06c7c6f945fa0b36028cf00c4bbd160142c93,retained
cnews:6884,6884,时政,eafeac01a3e94136e4cd4736e77691b9184d28f069c45317907be88176de3358,retained
cnews:6885,6885,时政,0e9db24a7590d2d78931de3b1de6955437150c920ea0f73a3ce1ba1d54ad7969,retained
cnews:6886,6886,时政,ca5be34a3cbb852cc27b2a7821dcabd0c248243152cc54de44c4a029c6c3ae8f,retained
cnews:6887,6887,时政,bc947548cc6626069f819b6e08d5d31157459b0dd214f3ed11de3e69bda123c3,retained
cnews:6888,6888,时政,2106f57cdce25b3e3de2ce103ed7765301813066c26ab25ed8d7ae2350e6b63f,retained
cnews:6889,6889,时政,d600f95f4d8fcd6091c44968d708debe4d337040030558a2f0a85605fbd163b9,retained
cnews:6890,6890,时政,4a86f6414fc9309187bd4390d10f53694d046b3d65bd511ca2892dee80db4391,retained
cnews:6891,6891,时政,ad31505807589f1c46c92cbf5dfe81559f678605ece7fadb4a45984954d316d3,retained
cnews:6892,6892,时政,f74db6bbfd6dd5b19401ff67e8af58e9f5c729d29850136e5ee369575a4a123f,retained
cnews:6893,6893,时政,0c35c46f07da26b64b7dae8ca11dd9f2101dde1e5b13303206fd8b35707d64ac,retained
cnews:6894,6894,时政,2b848088ec8859b4fb29ef84a4a2b0ba740c7ccb5b186c9c7b21ce0e75a740dd,retained
cnews:6895,6895,时政,174cd786ad1e2e1d75967ebae49c6114431aa03812df9040caab0973cb80b5d8,retained
cnews:6896,6896,时政,23a41d480649e5e77ea0298ca4d18181208ce5dc4d8e90ccd172883c237fe7cf,retained
cnews:6897,6897,时政,69b77c74438ed1a7a03f55509b7bcc82c707b464bc60727b5ce931a180f0a544,retained
cnews:6898,6898,时政,fd9a628402661740b8ae7006468c91d0981c0c273810a4773d89c41591e9f5e6,retained
cnews:6899,6899,时政,61bac29a9b7943add63c82467b1b41429d2b9b8fa13189c246cd02766b85910a,retained
cnews:6900,6900,时政,b3bc880a2e708f805a5c51593141af4db00dc64f65831ab8c94f73bb67b1f476,retained
cnews:6901,6901,时政,94958251736884f8aa4fd6877937108b451f50ef1fbc79c3e66359d80dff623f,retained
cnews:6902,6902,时政,42e28a740c1dba2587ba913055939fdc1e38271b9aa02cb31f86694c17ab7f70,retained
cnews:6903,6903,时政,76df5435c05ea4c50b171c35e2f2a09aaa104856e52a9e78d13d90af08d50c28,retained
cnews:6904,6904,时政,441b649b8d02e242cbe518ad6cb8b5581e228d21fe1e2158c81eec183759105c,retained
cnews:6905,6905,时政,7d0ef048d1e8f3b0d8292a469024176201dd4e8adb6e0327c08876f0b9a70f3b,retained
cnews:6906,6906,时政,02f6549941fa770250bf9e280ec4a27a50c44fcab7883e43fad847f74268268c,retained
cnews:6907,6907,时政,c01d7ff0afce8da1bd74178858a6a09822a87db0f67fa4324c9ad238507d8464,retained
cnews:6908,6908,时政,ce743184a726951c552f766544e95110868ee3e37c546687ea588a33168a4dce,retained
cnews:6909,6909,时政,7244e920e3832afe2c02334bfa094235298e59db212a8c3c02831d6a92eb678c,retained
cnews:6910,6910,时政,42d1d9f272a5f3071a6302df6158b6be1b7ecf737fb0e4312f9b08599e03a800,retained
cnews:6911,6911,时政,a52718c5ef17e8a6ee4be37e4eef62ed225bcfb07c51e2d07b752a901634c8db,retained
cnews:6912,6912,时政,8d71bb648ce8ecca594f847547d1792ed987ef5420a1b0ced9a7174e894e3fb3,retained
cnews:6913,6913,时政,e952f96fea9dda6318ef8e304efdb99d27c2e206506f5f12878d5b57ea2eb889,retained
cnews:6914,6914,时政,a6db092d45b134d0d139c997462792bb4523439a80a4ff57f47c82eaa66fe680,retained
cnews:6915,6915,时政,8fd4a45198adc2540278a7e9f27d1dea922148b2b424a6c8915fff748fa52053,retained
cnews:6916,6916,时政,92fbad4cf387a59df36d2b903234d2c0c0b4d43be0d46a9a4483dacaa7bc03fe,retained
cnews:6917,6917,时政,b6a65972d0b0957abc220463160a48b9da1e43d0f11e5fdc02b60873bd9008d3,retained
cnews:6918,6918,时政,08cee1f566b79b8c01696090230f4cd14328b4bf01dc2c03435d343229208f93,retained
cnews:6919,6919,时政,af6a662d58373e599a0d6f467d837af916d10d743eb1287a84a62ad52a267eab,retained
cnews:6920,6920,时政,2487932dab68eeb5432565388e7eb5f8174c10e91ea62e79137437b9a58c5749,retained
cnews:6921,6921,时政,4f94c7fe6f43c5adfa2b465ada08c14c9ff2f80424330f599139634ad5488310,retained
cnews:6922,6922,时政,c9ee50d936aa92ad11113b251398ff1cf493ab3d5fc0e3e40e7b0aed019b1dbc,retained
cnews:6923,6923,时政,72adae0277632bbc95d57a516e3e791efe2c27301f5a9ec14367c0be8e55cd71,retained
cnews:6924,6924,时政,e41d896609f72e71111df541b957d4231aa44e78187aa0f49d1cd27d3a8799a1,retained
cnews:6925,6925,时政,badaa703e08fd0d870306aadb423cac6e0633ff693507e2d196b54cc04da731f,retained
cnews:6926,6926,时政,f0026bdf1f41c64396208b79a88a81792b65946f452d277e613a08ae0ab5452a,retained
cnews:6927,6927,时政,246c5868a972f88a29eb89ef204def7134e3c2ac0c582b280b581aa72ad787c0,retained
cnews:6928,6928,时政,c43ecfa72e0e83a9c18e7b1d590dc4583f9c3fe8c491d2e97dd2e589271d99d8,retained
cnews:6929,6929,时政,6d866277628a1b4e25b3ef056eccae3e84fce4eb66c2886bbc6779351814498f,retained
cnews:6930,6930,时政,577425d32cdae9634b3f0fa3f8da43aae596b022789bac9d44ea41085f0fbf85,retained
cnews:6931,6931,时政,1cbed1ff18a794dee33dad64916af5605c02cd6047aff82c75eab9f3261ca908,retained
cnews:6932,6932,时政,d514547d3ccea1a51712d698d2dc808f61714460f80e956f5354d81200424934,retained
cnews:6933,6933,时政,42d1ea1a8e8b33341c6b6320922c9d0d028bcf9a88f609277c8a7ddb5ef73bb8,retained
cnews:6934,6934,时政,ef8765f8130c0dcf095607ab5a2cfb695647683ea235b50c4772f348b9b4b9eb,retained
cnews:6935,6935,时政,1d73494697f5bc4f86087c00b45784f87c16d162e7cc384a50b6a2042abf6d51,retained
cnews:6936,6936,时政,1f846e9007a7bc27bdc3b364b0210f8e7030984e82a996701f2fe387b683d5ab,retained
cnews:6937,6937,时政,fb87058b0414de10ae42177628f76b2235d0315fae9358d6e4bc8a97668a5efd,retained
cnews:6938,6938,时政,6bddc9d6faa96d9e2ddeba679bc231ad51583eb2e5f3d599b2e6e9d57efcc7d4,retained
cnews:6939,6939,时政,f8e2f326f3a9b6c908d88e9bc4d39fe8b6dfff2d0690334a67cd422d8fecf1ff,retained
cnews:6940,6940,时政,129fcc1672a58e3f9037bbf83598f13dbb2ffe5852bac1ed48015e3398e2fe71,retained
cnews:6941,6941,时政,a50ea47af2e8ec67af59fed913ef75b1aa6daa25d15a12dd85467958e1c5f532,retained
cnews:6942,6942,时政,c898a6787e96d3177669d73818a94a34e71254fc80f85bfec1c3383dad962c5d,retained
cnews:6943,6943,时政,81ff2da98ec69bf9fcba7d41ec7dbbe117fc188f9ddd9ca39aea6fad1055d0fc,retained
cnews:6944,6944,时政,c4539299cd680d20dbea9410690b8658c6f802a470fa440a009f2c8ef21fbacb,retained
cnews:6945,6945,时政,31e9a4ae020b4a5f5ab722dcd78772e736f078b7566164766196704aef753dda,retained
cnews:6946,6946,时政,b28d97de1e6c19454f985f2b46feabf5ce6db5254bd7fb1f4d9cb23729a6b16c,retained
cnews:6947,6947,时政,08e44d382d4a3f8fe2407ed2ddec21df0bb2fb0b495843378132433ed2d104d4,retained
cnews:6948,6948,时政,42d3ea71d9d3e0ee6c4318f59aa2d19d119f106159189933bdb2a7948d0d9627,retained
cnews:6949,6949,时政,0f6a3e0de889eaf7abcec2ee05ce5b465f38ba29e20de5d133ad110ccc3eec48,retained
cnews:6950,6950,时政,cc5d186dd57ae1a903bfc8119ab90baf22732fe20a64811e49844d6c2205e09b,retained
cnews:6951,6951,时政,3db5a4af555caa19d67f29b20be6aacfced20c7402dc285f6b96dc40c7534d06,retained
cnews:6952,6952,时政,c502ed8a51570e6b72989ab44601b762d4ed49f0bec08efa01a948cba0ff4603,retained
cnews:6953,6953,时政,ca22a966f15166cdda9312ef9b74b3ffdbf3120330d678cc88c05f95a71fe94e,retained
cnews:6954,6954,时政,0116d99fddcf30fd3e78df2f1a927d354d1d2162b034751966e318ea6f031f20,retained
cnews:6955,6955,时政,0c435f9110ef3c19b24583be951d73318879036219005a01c2e22a1562768ea3,retained
cnews:6956,6956,时政,b3b32d0ada5b3e15152188632b0cdc39d1ec0f580a0debd926034ae37d6865c1,retained
cnews:6957,6957,时政,d9ea7eaf992504f7859da2c7333943021e5f9afdf50573f62324199ecfc085f9,retained
cnews:6958,6958,时政,ee3ddaad2c639acea0f6072e05c6e5d617e7510a46744ed9997a920647f1aa83,retained
cnews:6959,6959,时政,bf9b8f213df81e991e3e10b29a26d73c29c3304ef15c709a5623a99afb15d5af,retained
cnews:6960,6960,时政,5d648c17872cf64e762f73fd73f5e10e06d010d1421d82d270898feff0938c0f,retained
cnews:6961,6961,时政,99f7c3f77619cc416d9d5b6f2b5301fab77d388d62995356fa3b53ea0d45c9ae,retained
cnews:6962,6962,时政,9b877cbc9641db497f55e75c3616bea3165df40c35f7094841abf4b3575359f2,retained
cnews:6963,6963,时政,8d81304ded193efecb2f0450d770b374426f013bf77eda15e49a087b88b8082d,retained
cnews:6964,6964,时政,e1474cc6539316d0655aa5ee0dadb99057dc9b6badde0912d8e2f475d8c9ab1d,retained
cnews:6965,6965,时政,7a01ee37c2e20dd45b444ad4e2bfcbf842b769d72ae8117c8787954c872a9659,retained
cnews:6966,6966,时政,19a590c852abc753c1c64cfadd3ba8197676932681d43f6093ee73a93ebbd337,retained
cnews:6967,6967,时政,d15b879fb435dfa69b15af61cc9dae9ee9cc1e4becbf42699ea3d947ac5139ca,retained
cnews:6968,6968,时政,97cbe2b5857066abc0a446d82cc051cf72d0e6e8da02a200f74edeb6875e9f22,retained
cnews:6969,6969,时政,56cf927f2aff596eb15d0bfb3c9781a882366132f4ec8346dc22f7c38b090063,retained
cnews:6970,6970,时政,b13982cc5c6dd3563c53b7a0116d581133d8aed96402254e6db4a7fe92d8de07,retained
cnews:6971,6971,时政,be01d5544550d6a207312156fbd60926c99b6563212a6c456e7a7d6be9290139,retained
cnews:6972,6972,时政,f31c73a33ff172507496dbfce9f5a14982ba8f61fc0df0e0b41e44155287bdfc,retained
cnews:6973,6973,时政,0203ae2eea13e204bff1e15977657881cc8f4c86fa2fcf25e06b4674b0b94e13,retained
cnews:6974,6974,时政,4c33f028691e7859e619c1bdab6faef5b27fb1dca2527c76e986ca379922c70e,retained
cnews:6975,6975,时政,038f45342e56967e187e06b83773720a9b6459b62054defbda3e38a91a9b0a41,retained
cnews:6976,6976,时政,5ee7de27b468f8e4a0406762705d646104a02eaedb2645433fa4910604f5e073,retained
cnews:6977,6977,时政,5e489c0b963bf8e6ff102e51ed22a73b084c4894df8df758e6458f0368e04024,retained
cnews:6978,6978,时政,2022bb302df9873731c16d3aa3d4291f5709820f71cd54e764ad43028bfde35a,retained
cnews:6979,6979,时政,8debe334f14eeed1b18e20e223ef38f1c1ae8b0be4ac93ab7036a4bfed1e8896,retained
cnews:6980,6980,时政,87987b3a34084368ab7526f2366200674641648a22fc842618a945b49097ac94,retained
cnews:6981,6981,时政,f327eacd56a11b824ead4d074a5e618ffe7d5623756fe20fe9b7dec95d9ae448,retained
cnews:6982,6982,时政,a652aa6610def05b3a9aa54a7e112b321612c264b209ca31fe64ffaac665abb4,retained
cnews:6983,6983,时政,12258c37917fd52e3720d7a5524817e2b009fad8f45336fab0b2f2606faa91b2,retained
cnews:6984,6984,时政,538b4aee8d78e5e907d3db360857e88fcf1b21ff4064b89705f8cc12b8e6babf,short
cnews:6985,6985,时政,9a305f43c47105802fde70bb0e5afc399ebc421122776e86d553f1cf2d98e4a3,retained
cnews:6986,6986,时政,91f75397f6945f1798c184ad92e693f6d7702cc4ccade5355c4cbba5ae08810b,retained
cnews:6987,6987,时政,0d1db39e568b888807a1a5431724f127ffdc5a76fcaca67b3f071ed568731a49,retained
cnews:6988,6988,时政,fcaf603b1937b00fe1fc25c1b81bda717ecbde4a93ac2dba425fe3261b03fe1d,retained
cnews:6989,6989,时政,a31dbad5340be6333fd3106cb30873685a72ba197f14f6afb4959e3664a35e06,retained
cnews:6990,6990,时政,1d3ffceb8031a64839a7f8ddf7836d73f91ea8d05d432e250a13e49d35ac6094,retained
cnews:6991,6991,时政,880e423e114fc714d32e5f997b9d89027ddf44b7dad3d6fbef804728e8ce7902,retained
cnews:6992,6992,时政,3ee3c82f942676b5a8ab0ad9ee51d5d2f9267b583ede10fa15979e2e38801feb,retained
cnews:6993,6993,时政,cdaf7f623136628166e7921a3732176ca056a5617657a2ff70bdf1adb81f9a06,retained
cnews:6994,6994,时政,0d61e5c24aec5759264a70defab76c556705e671f92a4235484710fe3a6f1779,retained
cnews:6995,6995,时政,2401938d8ebf3da260331a2d758462b80431b0d9f55d75189d333805f2f56ff3,retained
cnews:6996,6996,时政,a6c75345f05b0e1a6e8fb8846fa96218dde95a9247a9e56a99dc8691bffb57bb,retained
cnews:6997,6997,时政,f5cf5a7557872bde3934bdefcbc3865b1fcfac6baa869b2ec447fc026cf1f7a4,retained
cnews:6998,6998,时政,2784ac5fe7708a22c39608aa38d073b96f31e3bcd58752314b5ada4e0499cf70,retained
cnews:6999,6999,时政,829cac30bfe2cee7b195a3a073c59eccb531f3c8f09e0457807644a9810f5e1c,retained
cnews:7000,7000,游戏,e6241ef7e418132d336b0ab5fdaaaee0a414551602dbaceb20b0bfe185625f11,retained
cnews:7001,7001,游戏,b30a1a33f4cf2c96fb3d9953b6847128f18c9087f54abaa05b10811f2ee8193a,retained
cnews:7002,7002,游戏,53c11d0a1d0ac687b1496c16b62eedceabb695bfdf1586e87ffb8f4728988083,retained
cnews:7003,7003,游戏,ba585b58a121339de7e47df756bf185c07ab004e87d8df51c10b43762d9c1a6e,retained
cnews:7004,7004,游戏,73b2af7a64e8720c3d75782ef72ba12a321f0e2feabd6f380b35519b417949e7,retained
cnews:7005,7005,游戏,ae5ba8613cc2e2b4fad4d3b359ee0cf56bc246ca7951b379586489c8aa4d135b,retained
cnews:7006,7006,游戏,afe1b85c0e06b0dd98cca5a18c8f5ad9ce334ff24b3a50ac991ec31bbdbb0b5d,retained
cnews:7007,7007,游戏,fe15dfdc92affed5bc16024d19f00012d9254ae5b87af91cf5c0fa4efc7425c1,retained
cnews:7008,7008,游戏,a6ad200197339c89be349389b63202328a281e419da8a98783fd90dff2b02f96,retained
cnews:7009,7009,游戏,e62347f1bc91258bda210776d2474b2f49bcd0d6a2da1f2a81108206a5449441,retained
cnews:7010,7010,游戏,8b170424fd90ddea03795b4200cb536d94826b4313e1860fce2e488c16afdbc6,retained
cnews:7011,7011,游戏,b5c08b6d98fe3c7ea491e4b9128520b1169b6fa575e7e685d6f223dcd52bd45a,retained
cnews:7012,7012,游戏,08f8ce7e676431532944bd5e1f36aa8855be87fada50cbac75ed7b8fa4bdb881,retained
cnews:7013,7013,游戏,06c0e60e79acd218c6449dbe24ee217247167a8a83bc6af7df78cc9e8b37d5f1,retained
cnews:7014,7014,游戏,a1a8185e0bf9d5e71a8b322306d3c3cd22edda01dbed69970804d9353544ec43,retained
cnews:7015,7015,游戏,b0192bf3abbba9d269d3bc477a57856fa99de71a275a67e8b1518f826f436cc0,retained
cnews:7016,7016,游戏,86875bbf707934750e79a1cd8adcf4d8642db04d21d1bc106ae56872130311e1,retained
cnews:7017,7017,游戏,c3c69dfdef4e9f7d2bfeecd9e134029b06b6d24ceaa0619d735d7a82aa9c52ca,retained
cnews:7018,7018,游戏,b7802b5becfeb0bb8c9b80f0c85432a66c7839611353a71172800ec69928a294,retained
cnews:7019,7019,游戏,7e8225c34836b7a56ef48ea458067a339e9a2967f02ea53105fd9627eedd6497,retained
cnews:7020,7020,游戏,bd75330bc395c3e7383ab02b48dc936ad0862a31bbd8e3b5641641c792222047,retained
cnews:7021,7021,游戏,2bc7ce59f3856feac842c272a68f1a7c5d97d7b05030fcf34556a6caf4524c03,retained
cnews:7022,7022,游戏,8b85d7a6e5f1f2c9b932da145d8d0b35112a3a24f6d9aab614682f829a358d72,retained
cnews:7023,7023,游戏,d813b640dbe3c8b212daf06bf1cf3b25519ea10ef5dd337e036ccbe47f23e959,retained
cnews:7024,7024,游戏,153e7d5c43daaca108f26b91b46248513b216a8b43a6468e451a991135588fc5,retained
cnews:7025,7025,游戏,e45148f51d3e5254c073b8e94db05813465da7920355ecc9053d15efcd8e7ef5,retained
cnews:7026,7026,游戏,5d11c934a180691780ceb1bce68022766dfc9cb6b6c0776a24e4fecad24f26a7,retained
cnews:7027,7027,游戏,b1cc2d3aa73cf6489f1d0d42fd7dd3c000ab646c05b2f02c75b7a7daadfbf380,retained
cnews:7028,7028,游戏,6f7810a09448793280f6d1d4263822a13fe85f1a05d13c4665583c742283028b,retained
cnews:7029,7029,游戏,04350f8064122ea962695cc4558000ae400ea2de7ecdfa51fbae8dac47164f64,retained
cnews:7030,7030,游戏,9e15767964929d778ba48824c9f57ef66680c68c3096d71527bc73c1e9106c25,retained
cnews:7031,7031,游戏,0804087f7eedd9afb9002ed1d53917440c9af6be8ff92433e2ea1d9c269026f7,retained
cnews:7032,7032,游戏,af99fb547569a2cd1892f8c1ba207a0b468b3ae54f9532b0062f580ecf1853b2,retained
cnews:7033,7033,游戏,feec5bbf800d0e234d21ca19eb3d9b360146bc03f10b44d48775c4408dda4c1f,retained
cnews:7034,7034,游戏,e9e9ffbf53a2bdb0593280ac52c5513a7b8ad9e8d96eabfe43edf8e7c008db68,retained
cnews:7035,7035,游戏,0f8c4b435ba5f3ee5f42a9b0e0d6f5d5b05501dae982cadb2e6ee61fa59aae77,retained
cnews:7036,7036,游戏,381ee36994b5022ac8b59e3b34999906c1aaa66369b9921f80e619f5ac2350ea,retained
cnews:7037,7037,游戏,489e007008bef1c71bd9efa3c393f47e65858ad39b5e9ee244f143dfa73feaa4,retained
cnews:7038,7038,游戏,cff68b561bdde93c17f51ff604f0f4d37cc0f610ac2993fa1392af383cc2fcfd,retained
cnews:7039,7039,游戏,5c7f87d55dadb99a6bf1ccd36dd37cd4e781e59f0d83c26791ebe58e11c5ad37,retained
cnews:7040,7040,游戏,63840e715edb4a278639fc6470479f5427be2c4bb3dee4180f93e554b0aff5e0,retained
cnews:7041,7041,游戏,6be03fa3f0f737c46aeea73b3b8071626d6310c64ec763cb314125ef965ee39c,retained
cnews:7042,7042,游戏,ad2144cc9f6a9da4285bb39bfac1c146d6557af32e7f848ac5421843eb41ffb5,retained
cnews:7043,7043,游戏,a3b347ac45817681d835bc77f3f0ae97762e4e01cb59e3450bf831b08ad2de0e,retained
cnews:7044,7044,游戏,6dd0cb8640a91b4347241d3d194dd8f4f0fca0cdbfdbee28907890c3e714a21b,retained
cnews:7045,7045,游戏,4b89be5de133cc104c5e1510dec907c5e2f8f6741f4fc81deca6c6dca7839761,retained
cnews:7046,7046,游戏,cd27ee5d89a0d4b41281f507599f2784bce7e8cf02b8170fc6f203e858a0ddd9,retained
cnews:7047,7047,游戏,680d63cc82fb6e5283f18118d2b811dd0374c2be85a165e1dea0c1b35412eb2a,retained
cnews:7048,7048,游戏,1b643cf0177228b75e0b13cc70e6141f71ef1dbd74e78dad1d89491a466bd6a9,retained
cnews:7049,7049,游戏,ed35daea744c485291e790ea68e50d5788402ed52a7c5b871745818b6e698795,retained
cnews:7050,7050,游戏,f33ab85ef67e443806e80beb3e5d775796eac14bbf4eea283fc59b2e0b70691d,retained
cnews:7051,7051,游戏,b452d15c5b4fe20391d931fbef672f662426ecb7d0c4e7df9c1c45cd33a23ab3,retained
cnews:7052,7052,游戏,eea1f07970b20758593b548a15726c554889e958434da6048886e871d78b8181,retained
cnews:7053,7053,游戏,158284d8a7befd21217a571100b9beb5447f67c11d5a18c6a1ddb05591c0891c,retained
cnews:7054,7054,游戏,a2aade252c498720fd8b082b0b057303856eb64a689f89e4c0e8880003418590,retained
cnews:7055,7055,游戏,ea5ed74b9f62e588639e4b35993f2815d025fd837cbf9d1605fb97307a52ec4e,retained
cnews:7056,7056,游戏,e7084cb7a10f68f8a987b5f91cfa76435a726a710c7a280a19cde1aaf4e404e5,retained
cnews:7057,7057,游戏,2790a85265874235456dcf59dcc35f425d821720050ed7cbe37d3eed873c141a,retained
cnews:7058,7058,游戏,153861c70a2890a1025301d721e773c95050c2a58b4829636c476f71e086277f,retained
cnews:7059,7059,游戏,9aafa13d322718eda8c24ff5ff4f0d070320d0e2435e5a87f5d82603a35a69c9,retained
cnews:7060,7060,游戏,f63644b1afabad34f6486645cdef1c3eb96f087784498b7dd80a3688dfba2742,retained
cnews:7061,7061,游戏,54acf5757fdd81665c308a0fbe06d3c805fec84b03e57013126bbf31c7fd0b34,retained
cnews:7062,7062,游戏,3a2f2a1d804af37465d179d71d6f37b34d814b8b888befab12284ae14a2fa059,retained
cnews:7063,7063,游戏,88c3dd3a32f22b2cd99965e986c47c4a8150cfc0656b1aee470b88eaee811660,retained
cnews:7064,7064,游戏,d2528197cf2b37d0d0d6eb83e5db190db465187a8d4aa982fb99e030ce9c9b71,retained
cnews:7065,7065,游戏,a0648b982e4efdcf7f923efb5ff10fb0dc163f666ce24e082cd4dbff49987443,retained
cnews:7066,7066,游戏,9cd587948775e0e8087036ba80fb4edff76a74f53c35b44ad578954d9fa5387b,retained
cnews:7067,7067,游戏,d1a560fffb395af9f21aa09f9129e57619ba9259255ed3c2ae5cf2e363e73426,retained
cnews:7068,7068,游戏,ccd2c23228eed8d2a2457a35d41652c866b87ec2c182711c20de4819fe53c89f,retained
cnews:7069,7069,游戏,33b83fb4289add51b0feb2404fa021500143f372970613edc611a811fea5591e,retained
cnews:7070,7070,游戏,cddf842941c35b362bab047467f70f41f9625004a0289a5a33f14f639f55a079,retained
cnews:7071,7071,游戏,e13cac979b3be0cc910600493e96d501f2ec1d289f71725e08c0b9ca79afbd8b,retained
cnews:7072,7072,游戏,fff1131704c26f2427e0335266a1be38e32ac0e1d26da4c29b4eb041a3c4e1ea,retained
cnews:7073,7073,游戏,72ca0bf9e96ac62b974acd7f275a3dfd654c7f8e479a809b3a1b6e9fd6d41180,retained
cnews:7074,7074,游戏,b16e665010383193c4b059fb431defe8cf0d0908eb9c56806059b9bae173903b,retained
cnews:7075,7075,游戏,c655619c5b29b91d3e6395278a53f4470b810cf7b0d3f149d1be7d2255f14ed4,retained
cnews:7076,7076,游戏,659052ad6c39817fd8e7eea7825a3380396bb5e8e3fb9ecb1fb4dfb3e6a18d7e,retained
cnews:7077,7077,游戏,95027be1c2573a71cea2463c010c882b3e27ea75f3fbf87b201940fdc81341e7,retained
cnews:7078,7078,游戏,676700b4548c08a0f3927bf925d0ab81c348425515469400122b7695fb09b8e8,retained
cnews:7079,7079,游戏,ab6cfb19cb998a4714ef8f195f9e669914fdc875267fb502b1d220cc4cf1787c,retained
cnews:7080,7080,游戏,d11159fe8cfc3ec2a70b3e4e6411041a7750ab5369c3ddc617b1ed72298f6961,retained
cnews:7081,7081,游戏,60334be629e0fd2f7df5d2e136c528695e6a6d6ea1d400438ecf6e387b1adeaf,retained
cnews:7082,7082,游戏,15d731d503ed37237932df74d63ab9ed98dd340ba88f4975a0a4c743c6f1c625,retained
cnews:7083,7083,游戏,1c288971f97bb452ff411cf5c30a2d1da35e337288554f23c94acf7dcdcff321,retained
cnews:7084,7084,游戏,d21e42c2099f6300c23fca25f74d3424de612f0479939b4da3218566235f0d79,retained
cnews:7085,7085,游戏,bdd8295a81fea883d07879f424da58b274ce5fada2518c8ef7c81d0b2bc31d00,retained
cnews:7086,7086,游戏,6e3e9c10b1014f49035ad97bb215d78cf72fcce79a1fe0b891ec723d9e8898fb,retained
cnews:7087,7087,游戏,ded857d86795794a3b394bc36c057229cb0c1dc82967be717a3642effc6526f7,retained
cnews:7088,7088,游戏,9528d5244008f67810e18d5679d5985190a37761daa9cee50c1c2d84e713e00c,retained
cnews:7089,7089,游戏,6ecf85d16b1c84a2970cdf4c8cee18f70199e70a9cfe870645d2c13d9c2fd883,retained
cnews:7090,7090,游戏,5672b549ffb7ea79b13305359cbe609f69d3f515bff890cc488703d67a472c20,retained
cnews:7091,7091,游戏,a5755fcef0354728c916915915514c974eecc16228369f4d01e86c7c8f0b2cf1,retained
cnews:7092,7092,游戏,b77bc24149923d164c01b8091ae63a5c0ab7bd435b8b482e297463f5845c8792,retained
cnews:7093,7093,游戏,64f156921b423573b3ede6e1efdf19f67a6032478d4e7788d5ec3d9bd645fcec,retained
cnews:7094,7094,游戏,fe6af5364ecceb4b047ac03e53e03238d2bdf81bcd3a031696afaf3dc2addc66,retained
cnews:7095,7095,游戏,6b4cbfa77424a2d31f07cc98c1a33e2e9fafe6c4f63edece03f493b665f900df,retained
cnews:7096,7096,游戏,0437622b57e744d653697cada39691cf09dc7f624303ed6cfbd483274e25b955,retained
cnews:7097,7097,游戏,4ad562404d1aadcc2080e3c6c75f4c114e6b178c7d45a58269c2dc67d32c6418,retained
cnews:7098,7098,游戏,b8ca80548e3f76c496d0bb943f313057e24ce614d09a872f222acf4eb492d400,retained
cnews:7099,7099,游戏,9c63ae52e4c924bc4f1af13bdbed765f7985febb6c94bd006e740d670da1631d,retained
cnews:7100,7100,游戏,15deec7057949c6d4b7c78aa429fee21d2be73d684074b8789cf02f4fe472241,retained
cnews:7101,7101,游戏,afa1fd18047b3a587e515c6c1142cfc273e6cef66ffa44cc15814991014067c2,retained
cnews:7102,7102,游戏,672125bb1b06b6ad1682ec223a8fc849f3393aff887564bc9e2baee1fb901e56,retained
cnews:7103,7103,游戏,b3cd6012906b38369542e8f1da9ba7a9f6d93417635c39382cdb11d0c8bb08a2,retained
cnews:7104,7104,游戏,e9ce37f4872a8293fb1cb4c3db41cca63351bb2a21553055d86b7f834f0dad40,retained
cnews:7105,7105,游戏,3dcd90d0e552512be9bf3d5ffd84dbb217bbd65739e8d4b38b7d0995f03a7ce3,retained
cnews:7106,7106,游戏,146e374ebf30a12753728f192c31b3d21a316bc646710973fc129c5ab6a3c288,retained
cnews:7107,7107,游戏,f6598279160a0b6d61a116a3d63f11a8ad44bb2dbdb3c9ef9ac4d651b221039f,retained
cnews:7108,7108,游戏,7d991a4e52f9909578c1ecd170b798b4b1b8a2f1abfdc257574dfc7b780c4d9e,retained
cnews:7109,7109,游戏,c7c38863b54f46bd6e7f79e0401c6457069d23c0f288b109288aa11947f325a3,retained
cnews:7110,7110,游戏,85b0003aa984829a57924dc5ba0aa54e4b5f6edede5a3d1089eb9b25abb23ab8,retained
cnews:7111,7111,游戏,605ada39977520f073f01dcae8f2f992eb089db4acf8f45342e839a39dfca2cd,retained
cnews:7112,7112,游戏,43c0bd1950efe935b9b2c8ff2d9ab16ff2e7982ea842797e00270fed4f7c9201,retained
cnews:7113,7113,游戏,0c99ea1065755810e93a92e1e58e82d81ab8764d2557673fb5efb0a5bb3e6a72,retained
cnews:7114,7114,游戏,39f636a8c933ea5a89417cc824a7d29f100b7a55b5bcc4727fb3e8b4e897d786,retained
cnews:7115,7115,游戏,a784e5c59c908d12d76de1c3b7764f28b94c729f376802197310e342d0d86d47,retained
cnews:7116,7116,游戏,912f1af76fe2264862cb50411cf1b5d13b40ee671c056ae9cd49bee563e26aff,retained
cnews:7117,7117,游戏,8f7fcf64b4f554e55dd425da0b16ba5cdae62429d70e3c726a9c32e6d6b28590,retained
cnews:7118,7118,游戏,ee76c71c9a070adc0d23d52815385e41ae478fcd25098469d5a063a6e1b6487d,retained
cnews:7119,7119,游戏,07c64c49ac844fc958322667845e485797f51ac31dd4973a582638a6f373fd4b,retained
cnews:7120,7120,游戏,6fc1fee20601a957e7d931f46cfa326732a8994c520b3afe61d4f835eb1870b0,retained
cnews:7121,7121,游戏,8ff697e14652ef894a7fc93eee95f855b8f5387618b2f68258aaacdf0ef028f8,retained
cnews:7122,7122,游戏,2f032d4a4358b8bcd1dc6bf6b7e68f5318d269b78a88a7e2dfb6f3506260631d,retained
cnews:7123,7123,游戏,f4e24fe490a10f6517c73fb10d2543f928110f2b58ef69042cc8c1efc6181569,retained
cnews:7124,7124,游戏,bb38a0355fe97300c8e0c9eb4d62ddf81ce452640238cfa9af6d730de2a57ac8,retained
cnews:7125,7125,游戏,a9a847769fb70132a081d5948001dca9ec27a8a154e7043e67a8f3989fb3f48f,retained
cnews:7126,7126,游戏,2cc60f228d72279e3f7b6643bcef99d64d26178037a6d282065fbfaade5a731c,retained
cnews:7127,7127,游戏,d47b9aeedd99823c814a3f3b2a66fb3bd426c1c327f82807897e1c7cd50c24bb,retained
cnews:7128,7128,游戏,0845630e85b8256646487c66ecf23bbf2e2a4fbd2abf365f4d2bc3e81e17e71c,retained
cnews:7129,7129,游戏,7a1e54faa15a1469a2140e7b1e3663920ff7c80a75abbb8e016a9c45e79c25c0,retained
cnews:7130,7130,游戏,41f88d17abf5505ceb6c5e162689d9eb0e29c05c01c37eda178217555479e49b,retained
cnews:7131,7131,游戏,e8045d07e3fa32975ac03546b34c57fdd65eb78c94e3e437245f7e165945cd46,retained
cnews:7132,7132,游戏,79670667d3f9b72d76ce2a78c18f054c548aee1f95c6f0bca708adbb650c3c64,retained
cnews:7133,7133,游戏,526ac03072596713f521fd7dcdfb04dbc2a84dfbf5afa2f9ed669c352bd86929,retained
cnews:7134,7134,游戏,7c08734712e1332931beabeb5ac0b0f9471d0e9b710501a26229103e0bedd5d4,retained
cnews:7135,7135,游戏,5525247ec47d720f1f44dd242ddc13c8c983623b52325d1d340acb06032c7d56,retained
cnews:7136,7136,游戏,7b44b6afee68f243185de1eb733547be1b2472b5f59dba046760923d7edebc44,retained
cnews:7137,7137,游戏,cff8e2738194cf143e9164eb62f5972767726ed8416268e04ee43cb30a02a4fa,retained
cnews:7138,7138,游戏,0432a0b52e5c391aed5b182566f973399da89f47bc05b89d65dca80af4647b8d,retained
cnews:7139,7139,游戏,aa840e19a178cde8fceb7fd35464448747b1b72157691161c1c595a52a4b6585,retained
cnews:7140,7140,游戏,0e0f3174560b9c0cc7c105494dc7df47a9eba789fa8e8921eb513b022f0e103f,retained
cnews:7141,7141,游戏,2dcba330cb5d359e6575b75236a52c2684a3c4e01fb0b89e5210c258e4301bde,retained
cnews:7142,7142,游戏,792cd400b181b9a0746f4c61f89706eab172bbb67ed0cd004ddba9009fe5692f,retained
cnews:7143,7143,游戏,83690069591341e2e00eb5242413680bb57b4e2fb01fa5fbaf2cd0a545f68919,retained
cnews:7144,7144,游戏,65967eddd00830b67482a78eec26c619f5544700d171233baad0451ed1b56de0,retained
cnews:7145,7145,游戏,ea37fb2c3eef269d7bbe0f9d80a63feb9638ea61637466a62f6e2dbd1a976724,retained
cnews:7146,7146,游戏,f7d465fa0831b4b47df33582b2e0d8d15e3e35f325c91816323fc4aba55ab061,retained
cnews:7147,7147,游戏,5a78ed772f25031eec21313208d15980f3fff4f91e1c0943082d9d2e74170d4f,retained
cnews:7148,7148,游戏,be3896872b9f0a4961f36f3049ead692422e536558f12bd7b1be1d6e52a98748,retained
cnews:7149,7149,游戏,88b30885e513b5066748aaf00d366e3d1538ae96b9a3579977593ab9b4ad1838,retained
cnews:7150,7150,游戏,eaed6819990242f058eadc3a2ee263344afe4be439db0bce27ba8b720289018c,retained
cnews:7151,7151,游戏,01d5054abb254836b78a4406a7a3c15918ce16aaaf90737c087c881e64a8eca9,retained
cnews:7152,7152,游戏,f84b1c1e8ab2ad7d52b708a643b4929976d18a5ca17aa94c91bc42f21699a008,retained
cnews:7153,7153,游戏,b56d0cf78ca0bfd6e8e65852be211dda4709087f7df67ffb539bbb38120ad059,retained
cnews:7154,7154,游戏,c103cfa2f5e6909356cca6d8faa698620de0488e52c84711f7148240315cc199,retained
cnews:7155,7155,游戏,58969872130136e62a93c1ccebf161a217250fbf5a48823f931c0ff8fb07cde4,retained
cnews:7156,7156,游戏,524e4f99cf544117ffc678f9d744bfb2b4654e341eef08a434c43c0e76036a77,retained
cnews:7157,7157,游戏,388fd114539ec66f58e8e710071c4e91f8050640a6a25efb58fe63d024079f19,retained
cnews:7158,7158,游戏,9fd97d43be18fb5f7612acc1f5c14c12c1619f6d585c21c1918497be89d23218,retained
cnews:7159,7159,游戏,df8c899976a8478f1070a45a5d91e78e005f12e07bdc22c0fb47db5056161a69,retained
cnews:7160,7160,游戏,72ca3cd7664501ce8981983ad0900ece25d53931275d6bec28e72b93c1808c50,retained
cnews:7161,7161,游戏,a623b0d8bf4cb0c172bf17855db888fe78a5aec8a428032a0c54091411ce5df6,retained
cnews:7162,7162,游戏,32ec646d3edd0153feca41bb0e84797552c873ed7f553bf96c1840a2917e7292,retained
cnews:7163,7163,游戏,3a68cf1e1ed6c404a357178f4385b616384418e946eb9a62b7c5f23e62a4a89b,retained
cnews:7164,7164,游戏,40dba7022fe899cf4eb18394fedb5718c7a1087076246b4640ee8f504a7c6a93,retained
cnews:7165,7165,游戏,1ebd06a939114307c871d79e2aac9d1c3bd373349dfa5a10549578abce979f1d,retained
cnews:7166,7166,游戏,b4b4b41a1764197b9b8bbacfd40a21b08d04abce9fdcd530ff00d90a924809c2,retained
cnews:7167,7167,游戏,c89124af9015ee85b778ecf24f7125a8a4c0bf7851929c775428a8eedd3672a2,retained
cnews:7168,7168,游戏,de134a4148b45b372d52bce535f05fc0824ec8daf54a35bd04d566972418dade,retained
cnews:7169,7169,游戏,10ffd251a67dfe7459ed44c06d40f04bd1b0e879079f06726a1c5c1fe1a5afda,retained
cnews:7170,7170,游戏,c74e074cfd66104dbeff5f1411127b6a471e1f4049faf09afc939c6ac11765c8,retained
cnews:7171,7171,游戏,08d520618d56f9993d1f15557a41e4d5674a248b32d4e22d9a745d90b0caf7a2,retained
cnews:7172,7172,游戏,b3c383029bce5ebfe527440a30a05da2da3ee710e71396432b1d2cfae0b74a24,retained
cnews:7173,7173,游戏,f0abd0c9f0aebc3e5d7e5872177ac12b545044e111c93790bd368ea38b84e36f,retained
cnews:7174,7174,游戏,dd41a9fa5c02629919f8282a0fe456bcb6f35950d07a048d8270aadb3d4c8ecb,retained
cnews:7175,7175,游戏,0cec9a2355d9df1e117e35b9372332a7ea9cca5b1e9af13cec9d07250625ee83,retained
cnews:7176,7176,游戏,420f7cccd52d484b4a4a44121039a0d51929a8fe7861fc6edd66bc607c319864,retained
cnews:7177,7177,游戏,c847fde5612596dacb3e1ffabf52d635a0f12b168a0f138f876116571270449b,retained
cnews:7178,7178,游戏,9a2166fa8cb01f051459b9d4a552ab4f3d85512bd02257df0afad31654b5d580,retained
cnews:7179,7179,游戏,be08fc016ef4017dd6651eee4d55f74eb2e14f4dc2645311ac17c4e3515f1160,retained
cnews:7180,7180,游戏,c6c6887d673cd14b68bbc54a8246431b201961b74b7d468808cc9e36c3d96281,retained
cnews:7181,7181,游戏,98759f4fe6b8a7cada6c930a3ca4fb7bd2e6588a6163f98dd6663c20c2188263,retained
cnews:7182,7182,游戏,298a20951b94c0bcc117eac7d564a044e078466b46484fcfdae1ce1b5a75314a,retained
cnews:7183,7183,游戏,26a3289ba93ec62b9cdd5832cd2d869c27e269cac8b5c6a57dc0d78a615ba5d1,retained
cnews:7184,7184,游戏,71043cc9435cda0cc53fedc53dae51ff8af1c3bafec8b40b8459567256ad6b2e,retained
cnews:7185,7185,游戏,77537a0ad61542a6be90106ad1f5b3b824a93c9b9128e45a57989e6ad0fd3290,retained
cnews:7186,7186,游戏,aacbe7710e05324d52eca6cd2745ebb06074486685bf4a26d705e20f99ca5135,retained
cnews:7187,7187,游戏,36cfec99ec24c246c66477fa5d4c2899123ff107c6ee784f2ff650e560aef170,retained
cnews:7188,7188,游戏,12aa7064c7837079f0260d17220a8c8a8c379f39d5340a0ffc58f0bf45ebc55a,retained
cnews:7189,7189,游戏,62e3a5d39261895fa31931bdd88e5d920993dbdc978c566d062cca895bd14e48,retained
cnews:7190,7190,游戏,a70a655cf76fd120413a4393042f88bd7ab710d9af779b9d8aa1c8c7165b0090,retained
cnews:7191,7191,游戏,db597be881920dff9b0dad9c116d5cceefd4beded10a20f6fa4e9ce24ec9c9f4,retained
cnews:7192,7192,游戏,36cfb18640aba9aa31745d4db29d449dcc1d08fb31a55963af1d833381535cd0,retained
cnews:7193,7193,游戏,a82efacf73cc90e9453d002d5d2d836a6cad7eaa0c20694f464302ba22cdf110,retained
cnews:7194,7194,游戏,769e2d7bb64a76713980f417f4f800184d8b2d1e88f183e31aa68b3e0f0b1e73,retained
cnews:7195,7195,游戏,bcfcc270b92fe60e7b70c988cfc3d28d1bf54da2fdaab1b80a2b2cf1bf18b5a6,retained
cnews:7196,7196,游戏,3f9f1b82ab57968ac6643bfe790d079338ea7ae4db36d188b8b1af4ef0ced8e9,retained
cnews:7197,7197,游戏,e3b9fadba13395e4e7f5355021bb662e429e428dfe13af313c019407c27f4392,retained
cnews:7198,7198,游戏,f76645a0c50ebc385dad24e8ab9c8b2cf4583f96574b0a209cfe6c5be44abde0,retained
cnews:7199,7199,游戏,8d637a3b7b0ad647562626daee71dd5c060428d834d1661f878331546a27337d,retained
cnews:7200,7200,游戏,07f3b91ddc464049823198b38a98a62597ae070387aead1105d31bbf08f51f26,retained
cnews:7201,7201,游戏,e5309a239071e38aadbb3963f6aa033f1f492579df704be09ee73dee52a744c4,retained
cnews:7202,7202,游戏,d5acdbd3e794dab6cf1c6d614a9a3904866bcf3d1a1e45a6b019fd2fa297ed17,retained
cnews:7203,7203,游戏,c9ad2d9df9c4dcda19561419ab679299354952d0a3a3a71e289a2aedd6d17b7d,retained
cnews:7204,7204,游戏,57e2262014183d7ac07c4aaa85aa78858edb986207e223982327b5b6cbef4156,retained
cnews:7205,7205,游戏,56a696cf80f3fad6b441012ebdafe08da70127ca3e383d2d2fbcaaddd50a5c43,retained
cnews:7206,7206,游戏,98c8c94bae0b9c2571be21601d7c390c9e347c625dbd22478dca9d7e1870329b,retained
cnews:7207,7207,游戏,01995b56aae661d2f8d44ff3559a4d052ad7d57e2fe12a08dc1dadb6dd2a8b0b,retained
cnews:7208,7208,游戏,dc472523eb2107993a5bb1fb9a5f04bd3f3f2a280be7b7f346f2c0fddd8804d1,retained
cnews:7209,7209,游戏,13b477b9d90aa9719c1914471c3193100e8f2084d8cb31e81c4756d7eee78ee1,retained
cnews:7210,7210,游戏,599f46d9493d6df633087834cdc4752a048fb31e51720684f54601c29c033871,retained
cnews:7211,7211,游戏,34b1decfcd1d737e47487d955e8859644537232982e9407600fe81747fa0abcb,retained
cnews:7212,7212,游戏,c9af42c76358d892fcb21ab7713ce46a4f384edee90249b837e397b33560e8fe,retained
cnews:7213,7213,游戏,e4876cbc0ebd71584d5b5fa495f79f6e7977650fda6fbf8d3e9eb8e2bc51f3a1,retained
cnews:7214,7214,游戏,15463b1cfa281352b929005909d7411ce410b168fe0eff9962c858089af6c43f,retained
cnews:7215,7215,游戏,cff2b7d274208a313238dfed71ddb30640f70e01caf1137acd6a158f6b1040ea,retained
cnews:7216,7216,游戏,0b9686326f1cc63cc15d4debc84780f2a07f68e98a0bb0aa64ddf5e34434305d,retained
cnews:7217,7217,游戏,dc81b9f17fc144020302ca97d0040b6ded45ad80f74680919dfee083912767d2,retained
cnews:7218,7218,游戏,ef013b5bf01c09c73f34821b9af96e818c3e3aad8409d6b53475ac72f81b4d07,retained
cnews:7219,7219,游戏,8ee5bf351de6c01c8b725da9372cd9ab126349d6d69dc150476149aeda94490e,retained
cnews:7220,7220,游戏,4dda9f8258fe97b69a400a66d16a2d7d20ba08dd471edc19e27b8eafe8736a84,retained
cnews:7221,7221,游戏,2c7c6ff2289258642366137c0f43625a6e78e55590a707b63b3f42b941ad7974,retained
cnews:7222,7222,游戏,6dd0d1768afb023dd5bb9841c87714a9c1d11d8d63388e48bb50d293a4b00fe7,retained
cnews:7223,7223,游戏,7bf8853d2b04bb0e9ecda6ee40036d8453bb934d1a8a717ec1e096134b7e52f0,retained
cnews:7224,7224,游戏,b6f7d01230d26ed8a279413de5f97de06ea5745c18baef7297bec8bb9d33041b,retained
cnews:7225,7225,游戏,121904a252e0d594a1233bc7aa8f8350c89cb811e76bff218bdc2963b3355215,retained
cnews:7226,7226,游戏,f9b0f83a43fe89e70082b9776bbc02885ccb6f2bfe163fb1de6e2b2aeea2ae6c,retained
cnews:7227,7227,游戏,65590b89fc6fb3871ddfae28de28da349f7ead5dfbcad30439d5f95129a1c3da,retained
cnews:7228,7228,游戏,5dcca1329d21f08abb37d2987443f2542a8d9326d186ff6f8572732a79b3f39d,retained
cnews:7229,7229,游戏,c287d5ab7141272878b821e17e100b0d28ff3dc8768ffcf1f1535ceab52bf93b,retained
cnews:7230,7230,游戏,538e5329271c9fd156677118eaa657b8bf9af4fb4f2d5b340f7e4ec0fdaeb2b2,retained
cnews:7231,7231,游戏,bb1bb09460fb8ed575393285110fcbdd23cdf92c9d5804c7f7b19d624711fbcc,retained
cnews:7232,7232,游戏,46fc4d09fbe378c6808522d139201bc827c6a5598aee691c15c356e5045191a7,retained
cnews:7233,7233,游戏,35ec28c7388a56a0b95eb0a4a6beb96a34d34f787e80f8783c6bec310aa3434d,retained
cnews:7234,7234,游戏,94144bb0d891ee6747ede54bc971375f517c59bd7d532ecf680fa2765965603d,retained
cnews:7235,7235,游戏,a5594eee607b05ffd8c22f97aeedcd969b3050c848c78fa0b73766b585d797af,retained
cnews:7236,7236,游戏,db6257fa1d720df1ab2f2afcd6d89494fc09d1178e44c29f44579e42273d559a,retained
cnews:7237,7237,游戏,1590444a65483895bb38905ec2d5c11e76756605893d28ade7028776b59794d4,retained
cnews:7238,7238,游戏,d071ff3210ea10dbdcfbdeb4f6ff6bd38e8bf16bab49ca252294c44ff9260197,retained
cnews:7239,7239,游戏,b2a3fe10fe3bd584efaad49a35e9a3637a6c000d09fd03e59dc741979a3184dd,retained
cnews:7240,7240,游戏,9a2eedb69475d3239f0b45acf558e683a467315c69e8081f074c1074d97a5023,retained
cnews:7241,7241,游戏,86bcd93d1fb3a91a3dbe72a8747000698c77057ebf690106c819b4c45f6c5fb7,retained
cnews:7242,7242,游戏,641f643e0e18dafe86b2f23f96c7632f96e512b1198cfcbbfed5ecbfa52dac91,retained
cnews:7243,7243,游戏,d7d4fae0966675fac92c5217ed0bd741c000f24338e05d3eebd1231f040196c1,retained
cnews:7244,7244,游戏,6c3fb89e0f980a5fa851b8a21f0f88fe1967d83add355aad7daaafe0ca6898a7,retained
cnews:7245,7245,游戏,415e6d71f8e0eaf16e2f7aa4012951d53852409fbb248a88d0895a78cd80e821,retained
cnews:7246,7246,游戏,d39bb99e857691508b37bc00165dcb166368f465a20b8b7f568d56680a706ca4,retained
cnews:7247,7247,游戏,a898bdb2bd638c63f0192ede37ec1b7f161fbc442ec944ee3cd58aeeb301981a,retained
cnews:7248,7248,游戏,a2ba32ce3d7027802b4e6a5b8d82377f84a7aa423ca8d4e44448594358cc60ec,retained
cnews:7249,7249,游戏,2408999f321354c33021ba23e0ab8f9fe88a51bb50a3f3df73e559a2d0843cfb,retained
cnews:7250,7250,游戏,01514809fcc98ea49f7bd1282abc8a97780435cab179cf3ab9d2c9692e595ead,retained
cnews:7251,7251,游戏,9fa4150279ef0f9c1f373b5260b079967453fc35851482af594c90f6aa470f8d,retained
cnews:7252,7252,游戏,38234b2a998cade1e90179269d7bf0eb17f4493f24ef588470e27e902334d20f,retained
cnews:7253,7253,游戏,7824629c451f476f1e98dfad3de6aefdc1e15a3d055958f96886af616595b165,retained
cnews:7254,7254,游戏,c58b1550fc954c53359815fb30a8e2a0c4565a115e058ccc4c7b6f25c8f79784,retained
cnews:7255,7255,游戏,fde5a815e75c4c58fe063577dacc9de9124ca2b529bda822bbf6065ff00baeaa,retained
cnews:7256,7256,游戏,6653ab3b268f7d421740b269a95f3ca2cff5db5203c285269912558990e67883,retained
cnews:7257,7257,游戏,cc50eca86b01dcba9b60625818f1d52a49127ee0395151ce97ce747231039a0d,retained
cnews:7258,7258,游戏,587b18f09def069669fd8bdecbfd2d65efd03eef474190ac133182a48fda0b24,retained
cnews:7259,7259,游戏,b819b6f861ec5786b9f6dcb71100405700c6a5cb5fc97b48c77d019f79dca2a0,retained
cnews:7260,7260,游戏,cc3bd04be0dbc46b8a19c0b29eb3127eccfc5a2c59b270d63f8e3335b3a0f344,retained
cnews:7261,7261,游戏,1947a65bd9b9fc1f10600acc70724677c880d517bc30c9488c3ada10b808b96a,retained
cnews:7262,7262,游戏,48cb22454883766042395274dba7906ca949b2fe53fda9bfeae7aeaa056ca52b,retained
cnews:7263,7263,游戏,dca5914a6cac7de849d8a32f6462a9773db09b22e7a6543595fd9d96eb054a8f,retained
cnews:7264,7264,游戏,c2dc42279ec24a959f44d781fca280a6d03aa92563d00f4160db7b262d6e97a8,retained
cnews:7265,7265,游戏,79510a32927fec1a9ad4d36599788ea7b7444e0616be0c2a39d05451f9656df5,retained
cnews:7266,7266,游戏,64b62ceb23eb3023d3ccfe5076d72c60676eddb2e98a34607423ef7e7f92eb71,retained
cnews:7267,7267,游戏,f7e89bb1ffddf9b99f0c85e913715113bb418a6911d252812f963254395377bb,retained
cnews:7268,7268,游戏,c249d328c1eb8da62de8155539b827809eff9df90b512d6818016ff2f2741416,retained
cnews:7269,7269,游戏,947bed6ea0d8dc5ebed2466175abb92c58996b7c2e9075c3b85a6167c7d61f62,retained
cnews:7270,7270,游戏,471bc5254a7bfb919b6752ccb063ba43f47529318638187d14b87cf2c3352377,retained
cnews:7271,7271,游戏,df7e7c4ed1c6f6bb44187ac706da53b064e800cabb8c80dabec7e1049f8c5fe9,retained
cnews:7272,7272,游戏,7f6521651b7573418a57c4a650b48e99fe7024637e73b18ffb221ed1903e2671,retained
cnews:7273,7273,游戏,c9d5c1588d67fd1e904f09a4febd655db35ba2ce3a5d8829ef8ab30454b227b9,retained
cnews:7274,7274,游戏,395a590464c6a54de87f890ee12cf685d541078309af0a24ee51d7d58340b262,retained
cnews:7275,7275,游戏,a6ca628d7203a617f84afac6f2e1ce1cc014f76338bbea31acd754d5c8554751,retained
cnews:7276,7276,游戏,9324504c571468d77d2f8be947047919cbedf300ee93ae7dfcdf2c51d79e403a,retained
cnews:7277,7277,游戏,89564d0c4e2b9af25ff864d74228755771167487c875f3c04c8cee3109efd45b,retained
cnews:7278,7278,游戏,d337ebe35e03a0381e703ac92c01938095b3dcf7e7433e149b5b86e842d8ecdf,retained
cnews:7279,7279,游戏,451ec8372cf24cf97c9b57cdc22474181207e84175de975658c6c53014698dc8,retained
cnews:7280,7280,游戏,ec97cdd9d59606eaf28ad75f281d9c5692887c4e5a668855689ec02c944fad25,retained
cnews:7281,7281,游戏,e0b74631959fa2c7674ad3ee447782b28ada9f542ebf242ff628e6609c23401f,retained
cnews:7282,7282,游戏,841eabf37df1e9e9b52ca50a02213eaa2b900791b94a57d95fe3e43351766f68,retained
cnews:7283,7283,游戏,071b325151a5e16171f81fdcf9e1a6baa914f3c095e73bf0e29684d84492b537,retained
cnews:7284,7284,游戏,4dde8cf2c9898fc57e663d16d27f640e9862b7107813974745a8992d7a418089,retained
cnews:7285,7285,游戏,420e77b6acaa8565230fb5f6d32f2d6ec90a0176fa495f64cd53e0d220c45a96,retained
cnews:7286,7286,游戏,5ebb333baa7ef9432078de702460dc635af7e04480ed1815359c2949e9ca9c00,retained
cnews:7287,7287,游戏,50f9e32fa92ab22eda657eb6b0bc5af9576fb6f106356a6b0f5331f76b35558d,retained
cnews:7288,7288,游戏,132a9385e68cc7d58c3567733c9437ec2c86de3dad389593159c93e31122206e,retained
cnews:7289,7289,游戏,75a9a793a46df3c1fdc7fe96b7e17a826143f6173edf1d9b50579b68df4fdad1,retained
cnews:7290,7290,游戏,9caa72fc64b0655ce08848d2c5bcf6c7412b011267f8160a3da233651d2ab301,retained
cnews:7291,7291,游戏,4f13a324af80ec65277fd963f66c07d706e3620acf59c9d835e8e17165916315,retained
cnews:7292,7292,游戏,82919f162c158e9ec2ec5840eb28f24377d9ac338a5935463281b5c61a9e61d1,retained
cnews:7293,7293,游戏,3c49fec4365ebfaeb5ed5f70678265f4b61e9c02d7bca9426a0800718142eac3,retained
cnews:7294,7294,游戏,75185bdedbb7fdfbcffd5dc4eea142c7e65f23001437e7bc951ff3a705334c71,retained
cnews:7295,7295,游戏,c090a53cd45719e2f3fb16fcc47b38083a9fcaefb778739ae52b03ecca1a41f6,retained
cnews:7296,7296,游戏,67c07e0b9dd7b23d134c08e7149fe118e3b49ff5676a82cd55cdb66a38810123,retained
cnews:7297,7297,游戏,6bfd298c0528cceac21b4e87c15960f98d989993df3f99f0469532a169471b1b,retained
cnews:7298,7298,游戏,25e4551112635428cd2b32f7ed7812112b4cf73bc08ccfab0c3869298ca7697a,retained
cnews:7299,7299,游戏,2046de476bd6c6ac7e48458072c070e7caed817b65450ad683ea62fc31ce521b,retained
cnews:7300,7300,游戏,1c79f4ec998abf0abcc5578ba6642e335a37852b1975d3f789da95eb7520c314,retained
cnews:7301,7301,游戏,27035bff5b79e27f660f54195a64c94f34ce34346638832cbaa8fda538ae734a,retained
cnews:7302,7302,游戏,205e58f7e778aab1edeffbfc33f6cc3a134da9f4d4e0f356376a061b22a2bca4,retained
cnews:7303,7303,游戏,553d0e838e12124a1f6f0cdd042ba231c3238a4f57f1bbf8604587bf345ee14d,retained
cnews:7304,7304,游戏,eba5247da41c64f463739686e850e539cabce2f4efa1685e795801c58bf27384,retained
cnews:7305,7305,游戏,e10956ea43991bf3756f512992d9281e619acdb0cc365952d2d333edaf7e2347,retained
cnews:7306,7306,游戏,d9448f59916067c8b28e1bd23199b40bb320b0a97781ea12c9a0513c3ce5557d,retained
cnews:7307,7307,游戏,56fc85094e3c058a0d47ca8397f4f7d9663fcab16929b23e771821f6a1f8f6df,retained
cnews:7308,7308,游戏,bbdde9b1764db7228b806879e6d61faa7652952aac57e2945868dcd182a7aa44,retained
cnews:7309,7309,游戏,8de5a9ab6611d3e6cbf6ecf6387af81fa131233e6093fa1c3395e54a370890d0,retained
cnews:7310,7310,游戏,ac0a5d65f98965014802380600ebc0803bef813d3040a2c4cd28f365dd7f74cd,retained
cnews:7311,7311,游戏,3863009b3a27796e57d73f88eefd6326ec5ab07f8aba200dbf91c18bf0eed0b6,retained
cnews:7312,7312,游戏,e3463cb9cab60f52849d4238d9ddb9bcbca68ac59434a2e937a0bab177eb49ff,retained
cnews:7313,7313,游戏,1cbc160613cbe8f4110ffae92e144720d032f73142729707747918aad0f5bcf4,retained
cnews:7314,7314,游戏,7e9ab0201e97f0675f4fa80baf0a9287784eaac22dfbe50656a529313f61534e,retained
cnews:7315,7315,游戏,299383ec9a587b37a6229dd878a54869851ca18841b6de797e23b60f4845f4d5,retained
cnews:7316,7316,游戏,1564acd17d233186e58c8c9e31e3ece3c565e80bb5fd64adffc5a43969b1df1b,retained
cnews:7317,7317,游戏,8f5d2ad2deb309ba5f5696932f388d56c2ec7f008b8d7d3251868a74ec7fdb1d,retained
cnews:7318,7318,游戏,01f435225d5c13b9f6f186c2ff596c9262c5172fe6f715bc85c0138cecd47e8c,retained
cnews:7319,7319,游戏,89a5687f0e2b01e725f59526d612cd9915ece5c16a1b150b720900292ba488bd,retained
cnews:7320,7320,游戏,9aee12db674cbe4da5437aaebb9b5f0f6ace862d9ab4a8e3cf3262062d9f0723,retained
cnews:7321,7321,游戏,6158d084caf3dd8737f0ae5d6151d45e4668146b0cb0c7269e78b800f22c0480,retained
cnews:7322,7322,游戏,d5976ca1d6c9afd9019fec90c5fd229f9987a56f809a675baad17aeacbacc154,retained
cnews:7323,7323,游戏,60d619050b8512842d988441b0651f47d54e3a2714eff05fbe0f2849608f899e,retained
cnews:7324,7324,游戏,d4405e4c1546a282d70d71a6bad8953bad0cfd580f4dc625c6819be2a3be9dd2,retained
cnews:7325,7325,游戏,7384d1d29905ed8577a865c3211d4ed22a7bc162ea802c9488c69828d9c7fcfd,retained
cnews:7326,7326,游戏,b5b0691f58dd1fdc01b9c0dccfcb70f1d07b1fdeca470c11d32aa96bc90d38b8,retained
cnews:7327,7327,游戏,14446cdcd55067ae34f1713dcf373424b9b4bc52844526d0438c8f55d12c64eb,retained
cnews:7328,7328,游戏,1ea52014b4b80ad2769c8cd24f5f14715c74a1fd90bbbf7bf91c274ea392084a,retained
cnews:7329,7329,游戏,c2f91ac3cab307b41c356e4e0490c5d078b2ed7dcb79b2cd52f59fe3d8cead5b,retained
cnews:7330,7330,游戏,2f2ec4dfa90c1dbe671a98f03e4097e5a80d1002039ee90bf6300e35d2b2ee9f,retained
cnews:7331,7331,游戏,63ed59c7e23a9ef75c91dd54b737223d088358a280ae1b620214facf7634ea87,retained
cnews:7332,7332,游戏,0a9582303a5df73fbafb1c065b9c22948d3cee7b557fb430cbd8a1fcf11f0d54,retained
cnews:7333,7333,游戏,01918e789eb1890591b733c0373d8e846179f739a3b1192102fb0f4b297334cf,retained
cnews:7334,7334,游戏,beee6004f49698a02fc85e1d86f2f3253e228434c95788d790d313c15f09d9df,retained
cnews:7335,7335,游戏,0e794669129d23ac0d176f1ac18f7c17b3c61679c34e36891c38cbd7c8d4b18b,retained
cnews:7336,7336,游戏,60e8902144fe16a92e65921e5d0eb7e4788d20f8dc53e2fd36a37ca7305c92fb,retained
cnews:7337,7337,游戏,274218a91e93b3eebcb5e8198866c1d63120a34b88e415e7f66e09fa186ff05a,retained
cnews:7338,7338,游戏,5d589d3839d8d50eadcf070afa45a71d9f694a055631f993faa04e36a3453771,retained
cnews:7339,7339,游戏,970df62d5bc91d20873c603bc6741087ec0d62f88bb3f7845bba09655f2d22db,retained
cnews:7340,7340,游戏,9ca10fa310bfdb3600b0fec8c872999dcfec139fe6e86d31ff2868319facd69e,retained
cnews:7341,7341,游戏,a28bb4775c41ba51dc6e29bcd3e699f7fa0cbc248c81c30a66fc41f5535c4575,retained
cnews:7342,7342,游戏,c47e2903ad61ca10ec5cbc7d7c8a28155b6e665430064db90e08602c165990ea,retained
cnews:7343,7343,游戏,990c9663c02f13f475d1071d7749e700d3d15763e7e72fd044c30fdfbf91d8e2,retained
cnews:7344,7344,游戏,318c0ed5aab5ae14f66b0e948bb921d3894b0ff74929645a15a14356b5d4738e,retained
cnews:7345,7345,游戏,2b2d64bc0c593aa86b7e795903b16b1cfcea9dfeb07f989e0f442879c1c8988c,retained
cnews:7346,7346,游戏,962e394da585ee12acb0256afc5723ef36878f9abff8c42c9b54c862f002437f,retained
cnews:7347,7347,游戏,97d7d9c5a77880a84994bc712974a9e6c039df3209f8a3009eaff8aba05396e9,retained
cnews:7348,7348,游戏,3626b73d241b194d2159dec038b04a169290f667c9f5764e771f33845ea65b6b,retained
cnews:7349,7349,游戏,626b94b68d04b97f3746c89b75c61bf0d790f2b12547af8941f201c54bc382a1,retained
cnews:7350,7350,游戏,7740a300078a94acef4b5c227fc673c8b368799a6c4036bc6a45425e03159a7c,retained
cnews:7351,7351,游戏,5c11e48b4ea7267af00ca15af6e67f25ac3eff271b89e912196b490dbb2e6053,retained
cnews:7352,7352,游戏,9322008c5302ec289d7c7c4ad905bfbd2dc436488b7c249a348cb0949773c7e6,retained
cnews:7353,7353,游戏,12fa6a2eec0aa66e0ca0b022defbf194d665c5787bf4b5b33d5ea2f2cd501d2e,retained
cnews:7354,7354,游戏,90a894598044e02bfa81e83841a950c8d4617488d961ac512dbfc6311234fec5,retained
cnews:7355,7355,游戏,f225a913b7c976dd1b274cd06745b9f44f4f02deaa56c4ec5bf1f154db728eb4,retained
cnews:7356,7356,游戏,946adaccdd5886f7b8aacf14473d34d7b26964af299d47f4f4a783eaf93cdd92,retained
cnews:7357,7357,游戏,8a31149a7563d6c3cb4d438126fee61d28b9b798b1f2d80d35eb8efa0ba5d3da,retained
cnews:7358,7358,游戏,46fad8fcceed6e4973589c5ed23e08a508a5cebafb034c9d6c07dbf875a0c9ba,retained
cnews:7359,7359,游戏,28e6aefffe492c83a608830e1c121b9df79ef5f0f0a03de7284a9c450d7720d3,retained
cnews:7360,7360,游戏,b1f03655fcc6b76c376d1bb898d79fdc3704bcf6b019282b805eeb76be51ec94,retained
cnews:7361,7361,游戏,0ba5bf16e23682e7eacea9c024a44fdb08889cbfc61387a78ffb8cd7d1d36ec4,retained
cnews:7362,7362,游戏,b83634fe2d362766c86921d4a479a6d133ec70e03f55bed3112f6dd05e60846d,retained
cnews:7363,7363,游戏,91064c0ff090852765b5d5d11eb67eb60213d6aaca3e3d3a0bc713d3ad0bb6c4,retained
cnews:7364,7364,游戏,1e3129c04cb66c6479a098fb8af73f76785c6b0ce4362ff39dc352a2b67c400d,retained
cnews:7365,7365,游戏,b231f6b7b6d532a2d45d56009de7e24fe49591c0240159898d9b3785d23a8104,retained
cnews:7366,7366,游戏,f823dc7220ebe173b7e7d55cb060bc5eaeb573d046c3b4f8ccffe30eac52a7f2,retained
cnews:7367,7367,游戏,d882ad85848d81cf86e8d0cf9f8f388ca0b8a3afe69e317e2ac345a2fac9b898,retained
cnews:7368,7368,游戏,e6a3a4198515ff0146c98ecb2f428c2322a2a6c368777696b66ed4e9183ddad9,retained
cnews:7369,7369,游戏,bf9c5b3e1b583e065e7fd402b1024e0ab1d74bcf91a232efd85e7c54f9439170,retained
cnews:7370,7370,游戏,8b118f06dc6520bc267af7969aff4f13e92cbbbf778586614f61fd2c104b32e6,retained
cnews:7371,7371,游戏,a6c9ae804e579669516a3b0c5e500ff0ce84275534e914d8030db865fc7572bf,retained
cnews:7372,7372,游戏,bd53e3ead145c26e0c254fa154722c484bb762f133984d5373665a8188a51940,retained
cnews:7373,7373,游戏,2b157fb94e424b0c15625cccd061d7e956797f9953e88754efaa127cedf79f7f,retained
cnews:7374,7374,游戏,4e2ffdc36432916a0a32b76af97de8195e493697d0d5fb520a92b277717d7593,retained
cnews:7375,7375,游戏,f1e829873cab11a9f075db8f54b9eb8097aec2d3a0cb617892d35a72971f10f4,retained
cnews:7376,7376,游戏,1391bde36e35598b62319e6c84d1a059bdab05f6873068a8c117d2f77a666957,retained
cnews:7377,7377,游戏,846c1f07f7c376e809e4877c699aad7a02497edaef16906cfe6180e959719194,retained
cnews:7378,7378,游戏,90b8d4307d2d072b22b9ef70e828f7b5c719e9f1c7d36ed56959b02a966132d9,retained
cnews:7379,7379,游戏,c15b590c2c616ac19be8f89ddb8ed930c153405d4e513926709b0542c42efa26,retained
cnews:7380,7380,游戏,379d19cb9ccf67c641ae44579cdfa33bab1f10bb7ab1c3479db2a6efc6707af8,retained
cnews:7381,7381,游戏,8b118f06dc6520bc267af7969aff4f13e92cbbbf778586614f61fd2c104b32e6,duplicate
cnews:7382,7382,游戏,31846422bd9936ba20bba19fbdfe919f7e3ac4446efa0a2c4c91572d84464f49,retained
cnews:7383,7383,游戏,18621d0d332970f168c15c145252e198de37c76c6ef414ca7a9a64d58c811e14,retained
cnews:7384,7384,游戏,5dcf065ea791d9000d12dad95d7f813bcbe32d249b604a982ca5bf12307dd90d,retained
cnews:7385,7385,游戏,4478d64641d3cead2d1462764410b13a4abf0667df005000a1b0c1d826f64461,retained
cnews:7386,7386,游戏,ccbac8be95b07978c6c7a76724991d4d716e312d9c89da22f582e61b161a5c8a,retained
cnews:7387,7387,游戏,89e6fce21385bac0633a5ad33085713e9cf5b6284421c0551331c20c228dedce,retained
cnews:7388,7388,游戏,06f091a740526c2b1639e83c7e85f837a2bbc1eef758cb8764d1ffee133569fe,retained
cnews:7389,7389,游戏,fb2fb05875acea611e91eb09787baa1ff746989ca9b037c13cdd53f42617c1b9,retained
cnews:7390,7390,游戏,aa76e6f22555ad7cdf2ec2f3bd376d94e3b50f0a069e678ef115d8b4e535bf4f,retained
cnews:7391,7391,游戏,5eb64e0975000457d0a56fa0449cd924e9308d99882513643de8eac00d8c79c3,retained
cnews:7392,7392,游戏,a099274f6ebcbfd911e04a8268c84815c1cfefb68769ac19c6bc528e579c301d,retained
cnews:7393,7393,游戏,09bb00cb66f0c6334139e430cae4cb2aee9d8835e2007987c0d351a602b50de7,retained
cnews:7394,7394,游戏,27574b5426edf4288fdc4428eacf4996133254b8eade5fc53ee092e78f178f7c,retained
cnews:7395,7395,游戏,b36b7538b07952213dfd1d0eadc41b689143c6f82150cc0ed88de58100271813,retained
cnews:7396,7396,游戏,78c14b6c86cc59f3e4b30b806ab9f410c2517684d01805ca6f00998c5129f512,retained
cnews:7397,7397,游戏,dc2789c89083b6df6eaefb4acd2080092e672405c8e344ce94363d1d2a45a116,retained
cnews:7398,7398,游戏,d2741090f30dd8c802f7228298a992ec89a18bfab5dc3349b5ae1ef1ca78dbfc,retained
cnews:7399,7399,游戏,39e54d69af1a9c6c2ef1df85bbb60568a95b4d09e94a22fd418d7f73d90493c5,retained
cnews:7400,7400,游戏,df94cbcb9bff8ba8b0aba8dc1df9a9eb302a440da1d5e9c9567584730a80dd20,retained
cnews:7401,7401,游戏,7884f9e7a2270c0d3c3e8e67b4b05a8d5e1e067eb0f4b83dae7c2ff08fbbf890,retained
cnews:7402,7402,游戏,4d413f132bf6b4decae0f59f91763cf2434b0a2739f41e80dbcab163cb8af900,retained
cnews:7403,7403,游戏,d67e1fc60a975cd5c7eaee2c5e63a2278b05435bff7fd31e092365cc3e0c2fa9,retained
cnews:7404,7404,游戏,300672caa43448b3c45298e565193df3bb8cdbd48d6c0fea4c23f6bce1713a39,retained
cnews:7405,7405,游戏,fc7429556ba85defc7b4c4b9a8cdf36cc401fc57d52c8611ef4dc79613c390ed,retained
cnews:7406,7406,游戏,e06d52a0cdffe8c03128eec80261d8ddc86426be8d4ad926e640e08e726ba958,retained
cnews:7407,7407,游戏,dcd2bef0fdb88346422e7057338fe14e37ca36ccf7004532d95d2d3e6419b5eb,retained
cnews:7408,7408,游戏,9778869ff17367fbace325cf667c96b1bd516fc55a5cd861f98e8e42f4908040,retained
cnews:7409,7409,游戏,780d140df897ca685a7b520b137be927dc3adc194569c053ca026021573feafa,retained
cnews:7410,7410,游戏,f8da397f6a9805309eded131b9d075f33bf84a9630d41a7523d9d2d069fc61d7,retained
cnews:7411,7411,游戏,64b3c91f5f8abccde0dc4dcfa1abd010288cb16b74649006bf7d759c7dd80fd3,retained
cnews:7412,7412,游戏,a43877bfe41b9b6870af18d1b45ac740e3800ce88b5a64313773dec885efd00c,retained
cnews:7413,7413,游戏,fc21a5f4d965cafa4cb63d89c9d3df87d9d91856c4030673ba57243df388658c,retained
cnews:7414,7414,游戏,948232d4829585d046a6d2329d584e3f6b8556c9fcd8d2e914d0ee978edd9f6b,retained
cnews:7415,7415,游戏,1f4fe15b00afe03a4facfecc5805539d482331dba05140731fe0b14d5a5d5b1a,retained
cnews:7416,7416,游戏,10c3b550daed502efb4bcf962e842e2c3b68da492c9c8a431222a2a8b30bdda9,retained
cnews:7417,7417,游戏,2ad0d8e3c4f101fa95f4bafd3ec78033d2ce759b60d6f8df60d14f20a83324a2,retained
cnews:7418,7418,游戏,242ce2d19707fec97f22d4c5aa7d63e93b2eed8e960d2ad8ca1b62d077d7e790,retained
cnews:7419,7419,游戏,5c230cb67e9330faf861ea0395ae674da59665120944b230f7705a7e07078123,retained
cnews:7420,7420,游戏,58a62af26f25ab3f208d9a6c88a9a561fc9188db479a4046efb7b72b86f4ea9f,retained
cnews:7421,7421,游戏,bba34ff9c363d97c133a397083c6d713ba3dee226426597b0f551c1b46fae532,retained
cnews:7422,7422,游戏,1011979cbbb7ae729bacc18f021fe63f25749cc6e3ee326c1be953670a228c0e,retained
cnews:7423,7423,游戏,d6031bab040be59fe274b3c57a6a5abc950fd6066dcfe035a3cfac93c0a81846,retained
cnews:7424,7424,游戏,da72e57e12180e04d3841b73c5abe3ce6524c2de31852c36d27d68433900a121,retained
cnews:7425,7425,游戏,19c3d64b675f77270c94c895547fe9bad0b729e54ba297ccaa1aa2e2b9245d40,retained
cnews:7426,7426,游戏,7183ede50b96e4e854284c38b26a953f019e2c26bc5a10715d24889223141a08,retained
cnews:7427,7427,游戏,7b788ffbf252af85d21c95daa499286d9858d706d5e78f4adce4f8f840c5c0be,retained
cnews:7428,7428,游戏,7f0015c64f70893c884254a2dfea8ba7d7cb3c3700d7318bb5828791291a8424,retained
cnews:7429,7429,游戏,e6b81095491f7d7731221d1b11c38d801701736d7ad59b3b259e67c0a02cccaa,retained
cnews:7430,7430,游戏,a7f94c3cf8425d2da522af9f0fc3f0badc514b3fd3bba846272aa3dc39de4bdb,retained
cnews:7431,7431,游戏,8193ad67da012793962fe8a1e2688a37a827d0c42f119c33b343109f8d2a581a,retained
cnews:7432,7432,游戏,02bcfc645ed901024409c4ef97cec1f6be276787040ace2e4189526328d77705,retained
cnews:7433,7433,游戏,15d14773374740b189d32032763b376b15e9ebc5fe17ef0282445fed98594262,retained
cnews:7434,7434,游戏,7cd28d8c5c5db000afc9f54904e2684d9528224ff82ec5ebeb3aeba88cf9f80d,retained
cnews:7435,7435,游戏,17f060db9ff237bebf1aac8137e82687be76a32103b58e1dc5a4e22f3167c1cf,retained
cnews:7436,7436,游戏,0fe4ef838276c2a39a0f7a566f956ba06a01f04da5e445925edd7c82b8b0c5d0,retained
cnews:7437,7437,游戏,c6b3cf1d72c025fb10e38c652f4b7b55b410a3d47adb75954bc77ddffeb138e6,retained
cnews:7438,7438,游戏,a92f7a56d8d3063731962537a91ad78efa0c8fdc5d4468fdfd6124d85601b75e,retained
cnews:7439,7439,游戏,dc82e7512178daf653d45cb2e18dafbaec97a62b4be5578b127a12b28b3ccd77,retained
cnews:7440,7440,游戏,5b1fdbd06e3ce9f8de525fa502db1ec6b019a9aedbcb421d96d44e337b276a62,retained
cnews:7441,7441,游戏,14d48b1a6e51535f1db75692f19b430dfb2f6ebf6f5886363eb0b855723c2a66,retained
cnews:7442,7442,游戏,651b5e58462e36d3df559340a6eab2f85034901e3790108103b9b26226d4d35d,retained
cnews:7443,7443,游戏,6487060d8f3ca0aa8ce62a691317b8c56ea8979c540e5b723e1c8dec895b7705,retained
cnews:7444,7444,游戏,de18c7a7ebe5e6eaf7f913352914eb03d2d39a7fd84ad78e992ef852a90ca6b0,retained
cnews:7445,7445,游戏,5e46c84ce8ebf9040b8c8f2e353b84aa59f8e08d2bc7338176ca69f932b4b122,retained
cnews:7446,7446,游戏,a1ad16448c0752cb2475c2ec6128ec625b44c2c455de46afeb5090b16a262edb,retained
cnews:7447,7447,游戏,47d0795b5570a2f849b7207838b7495c114a8d118e05396101d7f6452dcd3c7a,retained
cnews:7448,7448,游戏,98e42dcd8a5df2f990233e631f35e965e5185872977f6a79cba7d0d710f65b1b,retained
cnews:7449,7449,游戏,4003fcbb6865d5a099078e4b18600bba9450f987a9c3f8c027c33a9a8ac93cb3,retained
cnews:7450,7450,游戏,8d4369da21a1bacd91636f07d943eb2969ff25e824e3cbf357b1eec6b060cb65,retained
cnews:7451,7451,游戏,180d45831f7a1e9ac7697ee9f7cd7fca32fd631da0e2b6a054e7040b0b48a708,retained
cnews:7452,7452,游戏,b11fa89a4a27a422c0d7d171e95510d96e3e46801a59be156781104a94507ed9,retained
cnews:7453,7453,游戏,aaf028864592bf0400398e2a553a2b29f8802c89dc412006b5310b42ce2fbf3a,retained
cnews:7454,7454,游戏,0e0248502447034c01e0bc683854bc62c2b594154f00adfff1f1dbb655671360,retained
cnews:7455,7455,游戏,03e3f2e5aeec60e2a64616f7af62d1926c402370daab615a0da7108e90eda061,retained
cnews:7456,7456,游戏,3cd4412ee60672661e5fc6858fe564685a91cf1f54ca1ddd7dd9d23333eeb599,retained
cnews:7457,7457,游戏,b76983a62cd045e315b3615512328eb01ff272c4561a78f917c8850ac4e20cc7,retained
cnews:7458,7458,游戏,fffd90dbefe93bf363ac4b778fe21e098d94d9d83ccf13cfda6f3f39444326a7,retained
cnews:7459,7459,游戏,fd62aa20cbb2e885ad6b32ec1cdf5925fe02a4b65584836c243b7c26fe938efc,retained
cnews:7460,7460,游戏,38488f683381792ace8b53f0bb655438fd904ac5db3efa1e39d279b8a665d40f,retained
cnews:7461,7461,游戏,67d49f0a321d841e2377999775132d85df7bb45506b03f4fe0c9fb2a68010036,retained
cnews:7462,7462,游戏,ac9fbe7a7ace403c8c0bd3408cb416bc8656c5c15df0e450d7fa2cd64b1a09b0,retained
cnews:7463,7463,游戏,55f825c6992f916e59584526042ef6e9485b71851ff7a78acae9d9498456cfa5,retained
cnews:7464,7464,游戏,44356859f6375fb0f8b8c1b9967c5ec494721c9acc986847c92eca95177118a5,retained
cnews:7465,7465,游戏,d5bca76c81dcd22ef39582c8720316150b0d0fa05c32c29b16b856cc712d6953,retained
cnews:7466,7466,游戏,c43cbfe5a2bcfea38049c8c5daca7cae60545e0f0f16e50865923869cab3821c,retained
cnews:7467,7467,游戏,ad76a6a76f07e67c80869e3176ea78060f6d4a0e451c0e53f4b66947bc5cdbff,retained
cnews:7468,7468,游戏,ececd30b364d8fc89153ba9c410cc1daf0aeaffabe2a62a7ed728cef7c0f1d24,retained
cnews:7469,7469,游戏,52188fd75546e4d0700918534c3e338f5730ed2ff4392c611b36d44e2be11df0,retained
cnews:7470,7470,游戏,9566f255aea22a3d934285f0a0c34be161e7913a3553f56f8adeadf9f895dcbf,retained
cnews:7471,7471,游戏,6b1d65cfdc98cbc86a66941c8deeba6b6a2ef96c414d7bfa6b53f9ac19ccb3a7,retained
cnews:7472,7472,游戏,a5921fd5f234e8c2130826d695405106476344128fa3b2c09c900feaae232040,retained
cnews:7473,7473,游戏,57f6fea65f2eefdd3ecd2d331bd9c08cd6738093fb2885544cbd41d54ef18118,retained
cnews:7474,7474,游戏,54120ec54fb8366d3fca762497eaa0cde1f6972772da5c41f0a23c6594eb1ce1,retained
cnews:7475,7475,游戏,5761247726af652367c1561c2288725fcdc10f6a0b3eb0627bb3435d505ac62c,retained
cnews:7476,7476,游戏,ca8be7716764b13842edd3b33e185573d423bb2bc2aea9d38725c1e91d1e649c,retained
cnews:7477,7477,游戏,d2dbd74b17ad2826e6a781f153ebd85e1ee297fa3cb2c2c48284dcf7467bd94b,retained
cnews:7478,7478,游戏,03fc32d6a0cef0ae7dbd54bb79058c3e1e6d59a208ab0027756356891318501e,retained
cnews:7479,7479,游戏,21ae94ea438373765539852688be13053004082a60390a56e4eeb9abec3e2e57,retained
cnews:7480,7480,游戏,8e7149725baf372297ca436c93dfc0955f83390086fd9c6acec8d7fd2d3c98f9,retained
cnews:7481,7481,游戏,e0c2e0fe33446d9c13ffbee3f604c00145635c17b2565de71dc298437ad70173,retained
cnews:7482,7482,游戏,8035ad113c6efc6fbe392a92b59b1b396058202d266b5353ab5da4a0da6be369,retained
cnews:7483,7483,游戏,e5eaaa5970ac134abbde5843785824abf12acde7be6587da8f53c539fdf0b5e7,retained
cnews:7484,7484,游戏,6717f33f7ee97cf0584f9998ddc59ce010c90090375897f2a0cbf7d1b55ad89d,retained
cnews:7485,7485,游戏,fc3737af6dfbae2903a03f32b528696ff9a0affdedc4daf3e7c69b2add4f18f6,retained
cnews:7486,7486,游戏,9df19c1959dd5e5201e9bf887115bb15db27a5dcfc347f4649e417f306bb28c8,retained
cnews:7487,7487,游戏,5d86dd6ef6c609c7f0e6f0d2e35e6afbc7b724bc50d576f649fe18a7f8f29d6f,retained
cnews:7488,7488,游戏,2538912eddc0578d35a260f1c418898e7dabd5b17c8ec9dbe95dafc14c474c04,retained
cnews:7489,7489,游戏,5899112ecc30e15dffe10218cf9d830b56667b0e90c31b5a66f5ea52642babbc,retained
cnews:7490,7490,游戏,e2d899e78645e4f4a2998e204f5789f78e39013100abb0f03cfd609f0ca5f29a,retained
cnews:7491,7491,游戏,3649627d5c8f7d3d6359df43b4bfbabb3eb0a485d13915d49ca325270476fe21,retained
cnews:7492,7492,游戏,c0b348423cbe9735560c680887108c0f704f25c7fa7b184436da1f2e6f67cdf3,retained
cnews:7493,7493,游戏,8f6d8338f5b378c46d532914708044b5c5958d71364f891c5c3ed9ce32014400,retained
cnews:7494,7494,游戏,4023ef394ae56c787cf06a670005273eab950ca939b80db5d0f5736f71174523,retained
cnews:7495,7495,游戏,d8229ca4360b75d0a3bc9c423446685ab77f78c1b6c9a1c26d04d35f5f427509,retained
cnews:7496,7496,游戏,44baedcfa3fadf53947d944cde08264ba00f349236b1bac2bbd286ae5992686f,retained
cnews:7497,7497,游戏,40d8f961e955385478d9828f61ff1942fb9bbbfc7d8396a9e6c4f9f0ccd9c1bc,retained
cnews:7498,7498,游戏,ef526ee1a34aa5afdf7289dd74c842cf33db7e5d5830463170ded31b93c249d2,retained
cnews:7499,7499,游戏,ad4a149948b9ce295448424f182530ac47cea902aa29c7fdabb1c810147da70e,retained
cnews:7500,7500,游戏,e9f132244708b7b32fb33e535b1f693390026bf518f7e7a449cf1a29ad8598ae,retained
cnews:7501,7501,游戏,6bf33b09161b67c574501fe556d279732eed982eb46983e1016bc13c0bc1a8ca,retained
cnews:7502,7502,游戏,c0e6cfa3df0a8a8fdbb7c7ef78f1ff6d865c2f6d13c06fbab6a0ebcec7d63184,retained
cnews:7503,7503,游戏,65e12ca0a18dc6b4a1b931b04d9934b222a548ba0127a772ac041fab832343a7,retained
cnews:7504,7504,游戏,8d3b539dcf3a878055c717681018a4b1c7bcd3fbe600fb248e9f0c02d3b470c3,retained
cnews:7505,7505,游戏,cc1f523fc2c97fd5bb11c52c7fecd78aa8d6c786ee3a78518f4a47e9c10e6dee,retained
cnews:7506,7506,游戏,27b80a6195c363a6078ad59a6617545c561f8eac345dbf4ba2c87e7845ab5670,retained
cnews:7507,7507,游戏,eef4e6cfcbc87f9c94af6fb9e678c3cfce228ad0341645eef3839187e52afc81,retained
cnews:7508,7508,游戏,f5a3f248c4cc60c32e9cd31610f9772cc59b212e6bfe56abbc9901587f9a1149,retained
cnews:7509,7509,游戏,264ae2cafcceb03cb729ee7bd8c5358f35654d9e7de0d803d9c876cda10c62c5,retained
cnews:7510,7510,游戏,82c503dad2bb544b361714a68f30ad283922c2f65db5c94e7bd857a76deeb5ff,retained
cnews:7511,7511,游戏,96ddcb0c7e8ab70a61dedff55f8cb545dea008fc147bdad2c128155ba542bbb0,retained
cnews:7512,7512,游戏,65bd9cafa59b246a8d27a27a961f03d2339eb1d2a3d840519c29ffec4946e846,retained
cnews:7513,7513,游戏,488d7c4159bcdca592aba0e8b2530697d0c842ee1770ee60608af7ccb9ff4d7e,retained
cnews:7514,7514,游戏,7f33ed26526b3c4d69071e364738807921d1cf340a90633fdb4a276933682b88,retained
cnews:7515,7515,游戏,48d8a1e6d3714ed165896dbfd3ad6336197239a12dcce7047109d3750102cd18,retained
cnews:7516,7516,游戏,1781833fc5cc460b1a4e08d8047ded3f782c5462ef8aff1eab1461c3a42018e7,retained
cnews:7517,7517,游戏,5af09a838f6b68f6046990dd4205aac226e087e5188d9cb213777ed29413a052,retained
cnews:7518,7518,游戏,03c8305f07a9095e6d539b00a4dc812ca7a702e4a91ed372bd49640373186e2f,retained
cnews:7519,7519,游戏,65dd8e71d4bbed0fa455e06a08f5831e1c21873cb254f6606f4e8b5d5d13d51a,retained
cnews:7520,7520,游戏,1351ac72c00a16cc7b172b1acdd64b57a0f567cb8da7b2d963f4aca94eec7727,retained
cnews:7521,7521,游戏,06fd886770fd3bb0421d72810345d005166ef6f37e2d6afd2cb540819124004f,retained
cnews:7522,7522,游戏,10abead3031d1e3ae8b981dacdca84bc5057b4eca3f3baed1dfb641d5015c8d3,retained
cnews:7523,7523,游戏,aee18c62e3b5c4848ef15f3b4bb4d0094a869dadfc62cb2f53d19829fb25e18d,retained
cnews:7524,7524,游戏,7cff263492b2630781b09ed9337e0c59b3956e46215a241259bc4d15305fe543,retained
cnews:7525,7525,游戏,568e798fb3e73cceedea7c5c45196625432c9edc4965350c1c9ace06da7c000a,retained
cnews:7526,7526,游戏,3b7c155b46cfee5fd314336161bbacec4cdcc330fa0a6b80a3f852ab3faf9908,retained
cnews:7527,7527,游戏,c1dae2ca0da6b9dcbed3023bb7991e738058e65cc1c9d5ec268947f17e4143c5,retained
cnews:7528,7528,游戏,5473f6adb42a8bf961d2164d08d81a760aac826d969db8bb0e43794eb607ea55,retained
cnews:7529,7529,游戏,730778981ca4552118ba20463dcf7c6f360c3b1227363b71e00b657ead163424,retained
cnews:7530,7530,游戏,e3d38bfcd4dd690c26cbfbceeb7721ebd260a2aa1c2ee26b3e5d2c4f245c4a22,retained
cnews:7531,7531,游戏,a6cea9a3730bb0ec554539f8e9da05266fd53dd18e7fa49dc14163c28cff3b78,retained
cnews:7532,7532,游戏,b9b08d352619dc5486e88793601463b1860fb28b868c1e91b072987c08228aea,retained
cnews:7533,7533,游戏,8010f8d33647094dddbb0cef06a39172f49cbd6ed16565e5eb15bceefb5eaa48,retained
cnews:7534,7534,游戏,950c7e2c1e8a5f004522fcec0113249edbd8b6a85b53611b314d8f452f1b7394,retained
cnews:7535,7535,游戏,0fa0922a6b84bc66828d92e7aa02f0e4b90fee129e516749bba45a6893656b10,retained
cnews:7536,7536,游戏,ce2c215c6bb033e535615ff289347adaeb1bb28066b59f67f7b99ac6fc1d11b1,retained
cnews:7537,7537,游戏,e417173b0b46f933bdbe4d760768f440ccd75648e54f2dc56628d8d4a5f41a8e,retained
cnews:7538,7538,游戏,1bd0e4760344d244794b5b4ac08702d103c7cb8d2f994b532f832942106004f8,retained
cnews:7539,7539,游戏,46f06ac4a43e0ecd9077d3fabc32f086ea1dd6ce627276a9b864b8cdcf9618dc,retained
cnews:7540,7540,游戏,c93e65739e9d0519313650cee69a63166c5cea40ec6aacef1645f97547692fd4,retained
cnews:7541,7541,游戏,50b1241aa02ee9c3d14ee4d442440d501dda53521cd3bcefaf31d6a1b150e341,retained
cnews:7542,7542,游戏,613015f6c81be4d2f0926d883e8cf5450b04f8327b29d859f9261ec2415cea8f,retained
cnews:7543,7543,游戏,cef4f090de0c67580e6aa9fb608a11ff4aeab71cc4e97af97405be6e3be0e0a6,retained
cnews:7544,7544,游戏,e993ad4aa8f904a4395ff1f245a2bf8b2daa321eaeedadf14ff99536917e9f9d,retained
cnews:7545,7545,游戏,ad02f96f56feaddf045047d7a75a61679225a03a3bc690e3f0bd084bf9ea3319,retained
cnews:7546,7546,游戏,ef1a45584c8d3a2e413504709fcdc2befb618b143facabfdf0c847335199d9da,retained
cnews:7547,7547,游戏,fe431bf40d8b90569d1a8686746234d392556076618235826859ef8dcafdfaa8,retained
cnews:7548,7548,游戏,8dd83e10dc2da01dcee034c65f85e943fc7619cb22b22979b7bfd1d1ca81f3c2,retained
cnews:7549,7549,游戏,92bc9e53131d8ee5ff9ba3e0cb0fa016d5668ca60379540ab44f603a0b252fd2,retained
cnews:7550,7550,游戏,5234b0dbd73bf53a917a7aae7f82d3ed584df4b31f18d78629f47f014a87cf63,retained
cnews:7551,7551,游戏,25bbb584f73b2328553ba0ea785712ea0a6d88dd4855de05c7fac5a73a2bd2a8,retained
cnews:7552,7552,游戏,5c36ee6733648830b9763b2b2d8c49f75626966cfc98136f9b88e6e53b4cd1ad,retained
cnews:7553,7553,游戏,a2b454f22068a81ed07e7a2613565445ee367f0394f7376c227e051558c19181,retained
cnews:7554,7554,游戏,c63813624a588b093203da989fa3322564283c327c37f37313d1cd1710d1d243,retained
cnews:7555,7555,游戏,69c06044fee0035e15a3873469ae303c7b9e62723a2a16a9abba3080979d4d73,retained
cnews:7556,7556,游戏,4c0e6b0a47e892706695cc14004c67eedfff3ae665e0d5f3f9123f8f3477ef8c,retained
cnews:7557,7557,游戏,399aeb9f45772cc73ceda0454d824d0e0cb8ac30e7490aacf0d1bf08c91a84cc,retained
cnews:7558,7558,游戏,c9dbff09dc975319b1ec4ead8253290f3179325f7abde62ff70df56cf17cbdf4,retained
cnews:7559,7559,游戏,49076292833f3c10b15935ecabcd5a9272771606e6e74eac5c778eddb69f3447,retained
cnews:7560,7560,游戏,28b476b52cc2fbcad8013191e025d79def020d3ec5d45942fb69ae7f3e59d91f,retained
cnews:7561,7561,游戏,a987be6b9390d3bc55446e1fed7bae6e592849608e09b2bbd9e404166835a08a,retained
cnews:7562,7562,游戏,6a7d32f9f4aadb84061df8d1366d611d6b516cc2971220df3463026b75a7da1f,retained
cnews:7563,7563,游戏,791cd3d34f6b7e54e6b000a74228e398182c008f16f8d90d7553a756047acde8,retained
cnews:7564,7564,游戏,a3a4671bba322c887a50891e54a4f645fe5acaf2ef67a3bea8ae41d7b5ac2355,retained
cnews:7565,7565,游戏,a17d643b05afc5fad24bf228d039fbfe1df298b330bee8ef8c51c1ae06dbbec2,retained
cnews:7566,7566,游戏,a2226e6e98245a18b459fbd8b7ebed016d71991ef55de664bcd0943f06d2cfb7,retained
cnews:7567,7567,游戏,6f5d86f7495e6d5e99463dcb9ba2410ee13d6d091a1530b61d44f29588f61346,retained
cnews:7568,7568,游戏,10563b8a5e030e8f1d6460f0479cc41391621cc94ea27bc88ecf91e8798850d7,retained
cnews:7569,7569,游戏,66cdb8f21a3cf369dd0dd9e8106fa500e5f4814a939d84cdb5166e90b3acc7f2,retained
cnews:7570,7570,游戏,8466836f581d04ea365b820d5fc36f7f49fab25f489dc368b7b50d889a189b94,retained
cnews:7571,7571,游戏,5436c1f1089fec8dd14a54f2f4d3c2659043374d7aa838cd2dce4d5b1b597e04,retained
cnews:7572,7572,游戏,bba6f89f9c3c579b1dbcc8658a0de848d1e7c1675adca7c4b29ba92f3b4408c8,retained
cnews:7573,7573,游戏,0ce6d55b72405f1c0aba921644ddfcd743a78b89eccef001467d5bbf63766e60,retained
cnews:7574,7574,游戏,597d5be5d50a07ab9b3787d4abb16a21522e299ce47c08b48629578772957be1,retained
cnews:7575,7575,游戏,30514cb5320fec852a6d8cf42301d9f8004e93273e216486744cc3a3fd0986b2,retained
cnews:7576,7576,游戏,00d6cf117b5d2f2a7c601698cd2cbe69162366c5fc48e5f96c6c3c90bb85753a,retained
cnews:7577,7577,游戏,9956d2df0d6f290057031e151ee8a6199853fd75bb0d5ede68806f27b3ce9618,retained
cnews:7578,7578,游戏,ed952f83fe646e3a19a53ac21e27b832229164422cf3c7041468f5be19479b84,retained
cnews:7579,7579,游戏,6546c29082540b121c4dc6d86346c9ca448259e0ef5676da36ea9eb57dad481e,retained
cnews:7580,7580,游戏,d64a31e76e234473647a3dd755c7dd67923db25d28bff3ef81f535905f0e8de4,retained
cnews:7581,7581,游戏,8fa0dd3fe7c5751f41a908d85fd0610a815c9d3be85ff57f9a580fd289ec3ba2,retained
cnews:7582,7582,游戏,7fef12eec5e298ff177dff538efb9f97d00b7fde7d9a8915d3c035c1953f2390,retained
cnews:7583,7583,游戏,8e74ab8ea9844cbcfecef1b8b3f70687b236d7a0e8396cba1f8cdc1531063d48,retained
cnews:7584,7584,游戏,092005cd882a3521e82e356ffac118ea62ebdcf7a05157ff1002f0dde6859058,retained
cnews:7585,7585,游戏,d4c4c23a9b325550cd67ab35af118d736febdaa7d61b7a479b32cb2689064c7d,retained
cnews:7586,7586,游戏,45cb1a7f22f91ced5aa648c85d0b20723aba7ba20e0df83d2434dccee41e8351,retained
cnews:7587,7587,游戏,e5f95bf5be12643968f9ab176ea8c31d51ed91bf3eb0acfea6cd2bc1af5bc653,retained
cnews:7588,7588,游戏,9e7c4a964c28c16183f49965f671c6f561a9a22f9aa75c963a08478c3915d018,retained
cnews:7589,7589,游戏,f51daf3a61215a3fa7a030ceec0e22bbaac0be33cf7e6f0098bbf727fb726b42,retained
cnews:7590,7590,游戏,fedf95be084b6fdf6f20e9ffc1156d10678aa4f582a701d1e4c5934cb5d33064,retained
cnews:7591,7591,游戏,25aa40f47646bb1259cc89aade4178f3b27ad7bc2e4937c465a23ded49d99bac,retained
cnews:7592,7592,游戏,449149994266889d09269b16c22a8878348f84ff5727b0ad584b145b9b9f9fab,retained
cnews:7593,7593,游戏,6a39a12061e94c367aa6bef2ba7398e0b77d57065173d694af54121e3fd6216a,retained
cnews:7594,7594,游戏,e77416dee4f43b7c492aeb5def39d7c6d02a385ba4101346e2034b877b63dd94,retained
cnews:7595,7595,游戏,2d367875b73d353a9bb9458216586e046644f5b18e44410db75a2d3bb9993ea6,retained
cnews:7596,7596,游戏,fd635cbb048c719dff8010ebc99b2ca1ead8822fcf6f224a31bec95443e4bbdf,retained
cnews:7597,7597,游戏,d55e1fe7a6aff1ba0da414d4d45f9620c0be624d23399abd7fd91163f8040472,retained
cnews:7598,7598,游戏,dcbd349076ac9e0df57f8c76d68429c02671dba6d5c21de29481de4d1bca9156,retained
cnews:7599,7599,游戏,3b32fab505931914f5d7a33c24192c43a7514d07d4565c3d9fa10b3d9182328f,retained
cnews:7600,7600,游戏,6d582c37a4833505fab7da16666d49bf0d11f26b3925d8547e205cd8fe921ced,retained
cnews:7601,7601,游戏,c2bb5ec773ce2ea36cb4604af7dc0d17e4ffd126c005d3bfb73411e6006739bc,retained
cnews:7602,7602,游戏,1abee77149ecadcef2884ff281eea616008404c2b841ac694af7cae6777e176f,retained
cnews:7603,7603,游戏,8c8dca3c24ed9b055f1c9f668d5a9a73448cfe592dce01636dd311a3157b6896,retained
cnews:7604,7604,游戏,3f9f25575285d9f89f693023e44fe2de46c1333e0ec1f52b4bf4a223a0aab4e8,retained
cnews:7605,7605,游戏,4efa3bfc16b469190777e99d155b10f90af23268a7303405cd4c68fe7c83dd33,retained
cnews:7606,7606,游戏,b11682b6b6ce5c3428a4dc1eaee44ec05dd1b610bc65b27213df28a45545bb83,retained
cnews:7607,7607,游戏,7813373a685def9a3cd227241d1ce06f9d6d87bba4b9f03ab4e4794a918c7c7e,retained
cnews:7608,7608,游戏,55020baa33cd09181d89d95368c6f62b88a705d23dcc92e209ff7658b38972f7,retained
cnews:7609,7609,游戏,4495e4b5b426f3e60d9f5d0f2fe967e25cb0363bbaf38bcb9a0a6595abf59184,retained
cnews:7610,7610,游戏,b81455117145fb77a8ee690c39543e43573ba0aeeed622257308c5c84a5e08e8,retained
cnews:7611,7611,游戏,d6ed10a5ac4fac0d7004fc93f841293352443c4d03c381a43e7e6ebbc948ab94,retained
cnews:7612,7612,游戏,d7de48219d9c46d9d7e6d47e8e14facf27f70e6435d1e821a8194c0c8e436abf,retained
cnews:7613,7613,游戏,e636cd0040848abe868f84c5b3c12f0c73d4df429afa5372928c0b8df4d088c0,retained
cnews:7614,7614,游戏,1da41e83135396a906e03f93ee8dce434eda676a1c750ad9babb6a65c39b76c7,retained
cnews:7615,7615,游戏,55e2c850023b764d7dbf6edbf1ecd76034fbd37eb90558c101cd7235a9ef30f0,retained
cnews:7616,7616,游戏,f777c762739cc8372b8bdb51106aee928de08d46762520a4dfc9ce5f32dcb7b3,retained
cnews:7617,7617,游戏,2c50e203114ce1131f7683c784870c8faf5904b19226bbe6ca1316e2375d7d80,retained
cnews:7618,7618,游戏,f2ed1a7ce7a2bbb9f6f97add5d1c1a67a18def7782145e6c401afeccd038d7a9,retained
cnews:7619,7619,游戏,2cd26ec8e5a41460bf43f3818ad5a7a6b5ca9de02495f1413213c5a86643af78,retained
cnews:7620,7620,游戏,83d83157138f73850cf48d086278e045c110b37dc792ee004a026a2d34f6ff57,retained
cnews:7621,7621,游戏,6e70b5c11158a0d27bc49670010ad94d4a00bfa9cc10c4ae35f78ce935265a9e,retained
cnews:7622,7622,游戏,6d41e5ea5f6df9324e25431a0802f6ae80e97907b9bcf62b31500c54234e2062,retained
cnews:7623,7623,游戏,27b9cd21e06f7bfd916ee5d4d556c0a9cadd2f39393f8815e23109770811a1b7,retained
cnews:7624,7624,游戏,af1aec1acc985d627fc70bbd56b80b107945e186a6d020a5d9ac7810131cd6ab,retained
cnews:7625,7625,游戏,6755da5867071e48dc61f0fc176f73401ed0546d63844aae7f410a51dca645cb,retained
cnews:7626,7626,游戏,dba9a21cf3c72feabb9e5a4c4e570c12dc16aeecbd510e2793575c0a7f9b1e13,retained
cnews:7627,7627,游戏,d9981041e21fc4f7661cfe5979d77a04f3ae601d0f1b3515d319da99d3b57934,retained
cnews:7628,7628,游戏,b0685ec900fd6262892bf56785b3f1cf88332c8851179d9ec116d5b03b6bef39,retained
cnews:7629,7629,游戏,f8ec77f10b1e1d14610f20e8e9202cc2c14f57e8e655e17ac26ffa59f395cf47,retained
cnews:7630,7630,游戏,8e3381875606bba013503c5dd190e53c2d36c5ee8eddcbeec70773759a0717f0,retained
cnews:7631,7631,游戏,48ff126cc6b753316646c1ba9142fcb6a897745465bb0034897ebab166055a81,retained
cnews:7632,7632,游戏,0f042705ea0dba630344cc27c748d2b10dfafef8a045d972aca7d6e20d7fabdc,retained
cnews:7633,7633,游戏,216c79be075fbaa6badc12a2e5f96efb314c95b0f2780eb1f69fb687fea63df7,retained
cnews:7634,7634,游戏,9606725a0faea88ffab86f4074efdfbd4d2b3f6a6e52fb3812998977cdb9984d,retained
cnews:7635,7635,游戏,5727444f95df491a2ce09c74939d6630e535d0708e042a59e67c59e3969d54f3,retained
cnews:7636,7636,游戏,4a75bfd7fdb42d0eda13a5d4a5b15323becbdae07ba09f763a20590ee3f0e56a,retained
cnews:7637,7637,游戏,243e0183784f9bb96701f7b4689f9ebae678936ac4a2e02ddf50ff99d612e6ba,retained
cnews:7638,7638,游戏,dd278845c8463ec09516e1578acdc67f76c24642373b64c6c53acb4dfb8acd13,retained
cnews:7639,7639,游戏,1f2e46d98dbcec349593d501450a09abc802f5ca61d952566835472d112cc324,retained
cnews:7640,7640,游戏,e5627ee2d2ca7a03c257f86d29bc35eb01803e22f7f3158fa9cac825dc5d9da1,retained
cnews:7641,7641,游戏,8df56a1cd6fa69f049c8fd31d387b98aa6938f46397f72401b0e34490e76e06c,retained
cnews:7642,7642,游戏,c293a9c154cfae0bea93be659584019b443265c64d635b2cf2f46c6e0b747547,retained
cnews:7643,7643,游戏,46defb1beb0375a039f33d444cac6250a5561727207e804b8e96af519922caec,retained
cnews:7644,7644,游戏,1523bc8e033efc958940681b8da3814560fad4c82fb155751f59724805f99737,retained
cnews:7645,7645,游戏,cb970eb9f9b1f91e173be7074481f1580085ebd5b6d17e5a1335390de569e508,retained
cnews:7646,7646,游戏,3f51b09e45dcd778ecbb11918816a509847201a112262159abe213fb3ef1ca6c,retained
cnews:7647,7647,游戏,7b27cb8458fe545bf14f7d7ef76c309acbc932347b50cdd02f404bf5b596b9aa,retained
cnews:7648,7648,游戏,5efcfcf43463bc4fe63958256501821edbaecbc6541744c688ea10e323812efc,retained
cnews:7649,7649,游戏,4e908d27bba43b1cffcd212bcab130dcb9b8b4defcb656d3885aac6126f0ae10,retained
cnews:7650,7650,游戏,e1f46e3e0b800fedc9e9a84198aa21c7c5a2d481d0b7114c7cd81d157759f6e5,retained
cnews:7651,7651,游戏,52102efbd43c9e311574ab2ebff783bfe43e6854dc56980e354936eb8d57c512,retained
cnews:7652,7652,游戏,4995f059e4e118c5c2a594278f56f5983ead48ba9e690e360fa3feb4e594a0da,retained
cnews:7653,7653,游戏,623758dfc0e58384a7951b5b8c1698d6393a9dc9e698d1e5ad2c447e94272ba7,retained
cnews:7654,7654,游戏,adb192325f40e26814966de1cdda77a19f1820bfe914c2b619d2b569d5052d4e,retained
cnews:7655,7655,游戏,afd98a7213c105bef323ff3eb750b5c302054ab04039432e602c329ad4180145,retained
cnews:7656,7656,游戏,3a251e16f1996c516344a24e8e2315acd972756a37e64e6675676cd29c957283,retained
cnews:7657,7657,游戏,df718b786b2bdad7143f471c0ab5f111aeb458db02fe51f69976ea670818eb27,retained
cnews:7658,7658,游戏,246e4a3b293a6330d6139f064ff4de7ed70a7dec151b5a7c6335311638b34095,retained
cnews:7659,7659,游戏,0017f89da1a4fb29a3165efb014103241c966545b24b104763b1e617734ffa3e,retained
cnews:7660,7660,游戏,289659f393a134afdb9075eeeb56e667f1384eb54e59fc5159e81c7bca3c3951,retained
cnews:7661,7661,游戏,a25cd5fccd436097f9b40693353b7b4d27752d31a14cbf646ae6514410610ec0,retained
cnews:7662,7662,游戏,db943fb62c085556f4c14ca6aa2a1c415e11b1baad34bf04db9fc52fd8718d46,retained
cnews:7663,7663,游戏,60319eb08682f36a0873fc55af68e3b43687c4ae963bb58fa13191c20cedf457,retained
cnews:7664,7664,游戏,2b2572339f2fa3a2c9906341e5bcbeca37cb4fedd76bf1ae1dd9d6915f09d3d3,retained
cnews:7665,7665,游戏,fa81782f895397c8aa83fdeddaa7bc3f568064a41db730b69ee34b9579233881,retained
cnews:7666,7666,游戏,7c1772fc91e9baf5362f0d8b2cd8f4abad1487bb6575b7c1179ed5b4a6ac71bd,retained
cnews:7667,7667,游戏,eeb480d678158a64c08faa279e84627206d215063e5058c5683dcb017662e2a7,retained
cnews:7668,7668,游戏,7d80034561ff388de9171126e81282bb699e87d11a21bcca6a22fa996c4bc184,retained
cnews:7669,7669,游戏,741cc515ce2d9c7e471f20d419d34c411dc79d7caa5e43d813ed399b11b7653e,retained
cnews:7670,7670,游戏,8f2d721743ea0c4732b08bc9c0ff9bc0737e87ab7dc8dec1e09e04af9338b55f,retained
cnews:7671,7671,游戏,f11764f11f2150369bc614141d3c38764225391d88ab809fbd03bf110f34c483,retained
cnews:7672,7672,游戏,4d1562b5bc5e52d747bc12945cfca7ec38b0ea57838c3790eceb919a16cf36fa,retained
cnews:7673,7673,游戏,340a389a6c785a0b0b71db087660579b0c35dfba43e154ea2506ac9c2289574a,retained
cnews:7674,7674,游戏,1a3b7c174383c27642d299c88e70478d57f3fb3b0928b15a445c4afac9d8dfac,retained
cnews:7675,7675,游戏,1466a38deab3900495c13bcfc7a93de1623efac783f8d4a86a0709af287a18aa,retained
cnews:7676,7676,游戏,63151ac2e5a8df7234a42165f1805de2273af8f5d0017ccdc6e5febd5a930a67,retained
cnews:7677,7677,游戏,5f441ab74bd715ce747832d2faec0893c0c8cab95d7d3a14290a77fac4c61a84,retained
cnews:7678,7678,游戏,9806f0507ad16fd5646cf9de133a1cac616e24d50e4b75ff701ff8cdb9e53300,retained
cnews:7679,7679,游戏,63113018b4dbbd99ca9b36a43fc9d83e16f53d03639378e42926b80d5722d7a0,retained
cnews:7680,7680,游戏,738ea8f6e7f27a29bbe095a32b0d05c6e7e62e422e3950a398ebbd87ee1747bf,retained
cnews:7681,7681,游戏,3915ec6cda289098b0a3799c6b034151200bc7b696a710640c7b1db7ead0343d,retained
cnews:7682,7682,游戏,05d2f03192ce8f74f0a3505f6625902739751538273d80b3b75a5a13997995b2,retained
cnews:7683,7683,游戏,c72e14c86e25b424e990d234c6da87773431819f023ce466205f10618e814c2a,retained
cnews:7684,7684,游戏,ed33214a06377eeb9ce13c2de0f15411afcc14650aa4ec2244be57fb44ab50d9,retained
cnews:7685,7685,游戏,cc08ebdbba53a1283830ce75dc2e5fc8ba6d0a0196e039e77233e42995edfffa,retained
cnews:7686,7686,游戏,f8032b9875fd6402b4f3ff5f5961ebb52d8c9a1097ed8698953b8c1b8dd2a96d,retained
cnews:7687,7687,游戏,a151ffe70da007af6752619455ec1cd1dbd1e86b90df04b408f0548f2608d76f,retained
cnews:7688,7688,游戏,437fc3376344aa91aae712e002f4f949b26acd59081b598dc6379a4a09564195,retained
cnews:7689,7689,游戏,8857215d9184db01150d3f8b0f177885a45da69480b32930b34765c1869400a0,retained
cnews:7690,7690,游戏,4ab88a630ebb09fcb2b7b7624d24dc68c3987c5f102748b73699a5317e9afb98,retained
cnews:7691,7691,游戏,2d91dff3329d7c87fb827edde549b1bd86cbde59e5bc65b233432ee96868e62f,retained
cnews:7692,7692,游戏,427836785edadf14d046aea9fceffee86da3283ec6bac677945b93573fb577b5,retained
cnews:7693,7693,游戏,318e9364b04b32b1fda7efab9be5f8a910f89840296863142a5d497ee91d8f92,retained
cnews:7694,7694,游戏,8efb820e9b0f2cf9fc6237716f8f1f3a6ec0f8fee8b8de4c631ac082ced0b05b,retained
cnews:7695,7695,游戏,7a6f48b376267e0cffd1bd5f14bc1a0f1e89ef5d836590bd21f472ca8377133d,retained
cnews:7696,7696,游戏,e32c4520c71ba228d8f44dc062272db58ab22ef5b708a64003d727b2f0b28137,retained
cnews:7697,7697,游戏,d5d14700037724010719762d6bafd7b3c798d10c48d0dd6cde899d1ad45b10fa,retained
cnews:7698,7698,游戏,193dfc84bec76d95eac448ca276cb52dfca213d28f9585ec9bb4d74c52856fb9,retained
cnews:7699,7699,游戏,c31c00307c61b0e8dc90c4426b0556e2c3a9de0856a7f2a510c8cd45e457f749,retained
cnews:7700,7700,游戏,982b6b75c9cc15b5c1cd5afcf544cd34570c6565af4ec9c55426bf3d9c4c35b6,retained
cnews:7701,7701,游戏,0d36f66ac78b85d98d51fda5d25ab06a13ef890617b1b4ac40c350994ad41acb,retained
cnews:7702,7702,游戏,72abcd391588c8ba04863a7457d5e9786c0e1f6e2738ed4a8a768b4283abdb56,retained
cnews:7703,7703,游戏,5fb293221f05353d28e2694371aa54169ff44e48d50c0fe4b617bf258d8464b1,retained
cnews:7704,7704,游戏,e7d110f71ee2eeb888df451acfaaf6d33af696511a536c0ba373a27aa601891f,retained
cnews:7705,7705,游戏,6886b11e2d4acc4df2ee8632aaf6ca26dadcae6399eb0239e211369946d1ed01,retained
cnews:7706,7706,游戏,27e8061889c45c7445b1b36b41fd6ef0cfbb07442ce63239408a77ff357cbd6d,retained
cnews:7707,7707,游戏,f428d1b02ea0a67cbae1e8fde237372cba663f6c4a4010ef69745ed714c4a31f,retained
cnews:7708,7708,游戏,f2ce50d6ebaede4f5507e2e8e14a2d4abda3b657c4be5e38d7564a7801c7a720,retained
cnews:7709,7709,游戏,eb14263f0de7d1c00ceabeba21f27ff7b0ef2ea19802b62e078aa612df1ef76f,retained
cnews:7710,7710,游戏,5e17e648999be7460d6127ef474db4eb6c22a85441bea605c3c9432f9a243b3b,retained
cnews:7711,7711,游戏,3b506df7b277c806d14b159ec1245336c831325dbd850c3a5024510e2e67a9ae,retained
cnews:7712,7712,游戏,bb60f41a3ecf207b235ff1064328941459d12471680dd95731d6e95b5fb38fdc,retained
cnews:7713,7713,游戏,2c4b13ee30371cf0d56867704d2099e38fcb399d29a5cdea66fee13281edc7b7,retained
cnews:7714,7714,游戏,dc837167c9de9a1bd2e481e6ae9f014459b301564b518f8fad075b72c56e19db,retained
cnews:7715,7715,游戏,a0293b473eb2d0b8580e30234ecd4ec3eefac5154ba584ab23dacf5198970776,retained
cnews:7716,7716,游戏,d95a42a0b3542712972e7085274a168168638e7251b2fdc290e9ec92e7ee174c,retained
cnews:7717,7717,游戏,b135e7aeaeae431d20b3f6cc2d5e3e3dc3339624d3dac3098e272058647b4e6a,retained
cnews:7718,7718,游戏,0e872ec0e926173a2c52a9c10fcf980c4986f5852c4deef62b0cd6edd0df1794,retained
cnews:7719,7719,游戏,a27f2373e5a9ce72c248e5ea99ce78f2fecfb5e9605bcabb3861005ac6e168e7,retained
cnews:7720,7720,游戏,2f850814df951c7062907b4ccc12467ce94cbe0d277532f01113d82704fedb5a,retained
cnews:7721,7721,游戏,fd74661bb5112806741964f43621b240a28699e22dd415de3fa97b036e1fc85d,retained
cnews:7722,7722,游戏,e30c885e118c77c4e1307dd43360ed533f997c027d1a6ae4e2546e02ababcf03,retained
cnews:7723,7723,游戏,a19965537d0f473ce7501d3fb96321cfd7afef5c8696a980d16b466f5c754f90,retained
cnews:7724,7724,游戏,ac60021e37f4487f4f29d840933f726adbc367522355bee9e0a22f96dc784b31,retained
cnews:7725,7725,游戏,af9eaba001bfb519154ffa377d922b94833447f96339de1cfcc99a028bfa1cc3,retained
cnews:7726,7726,游戏,bc7600a36f7380fff08f3640be3c5fd38fe03b9f228b510f320d8effe49ee67c,retained
cnews:7727,7727,游戏,89baf0ea85c8da638d6cd42618220ac3f1230531cb501c783b3068de43fa83ed,retained
cnews:7728,7728,游戏,c479407da34156e1065edcdd9f3d517a124170772bc104ecad8cc4548c57ebf6,retained
cnews:7729,7729,游戏,0497a195f9fbff6c3bb25ec75d8ef79c615deabb60d892f8701bfa04c640e492,retained
cnews:7730,7730,游戏,7c35c16a97828b594cdf5cd08cb94f662fca4020c656a5af153333574539aa20,retained
cnews:7731,7731,游戏,d77ae6adbadfffe526ea7a7b2b08d0eb7e55b2c0f86a9e364fcccec4c3a416d8,retained
cnews:7732,7732,游戏,2afb97e7fe83e031b001d8cb61ab674740d26033d6468dad4375af520b7908e0,retained
cnews:7733,7733,游戏,56b640e88838d166168d9ed6b802db76cf2f8ea68dad7dd718592d4057ae2d01,retained
cnews:7734,7734,游戏,59a2c4335ebd69f53f93bfed9c0951af5a904cb46d5b6d193f3f7b3588438639,retained
cnews:7735,7735,游戏,9a7c3b0ef709ca9423d5fc81713989301e7ea85be09aa97d2b47191a7282a710,retained
cnews:7736,7736,游戏,beba922827a18297cd5a70e38ce0e3c6dfffb583b622ec0bd01e76f09714ddb7,retained
cnews:7737,7737,游戏,f033fcbc11abe91f3c576209e1e0971b9cd406d5e64cbdf471271356259c16ee,retained
cnews:7738,7738,游戏,ce3a8302960fb08f81b4eed6de3f255abb6dae14520f0b666cedc8098561f3cb,retained
cnews:7739,7739,游戏,43c1c27db3272115a9544bbf530e6824a4503c0a53302bcc4a55e30a717939a0,retained
cnews:7740,7740,游戏,7326acff5fc223d2de6e9fc4f6219bc0d29bd3f372772d115c3be297d0b4cebd,retained
cnews:7741,7741,游戏,a228b5bdce2f87c446063bb7360373f075b15095aa7977c5ec749b3df44d6398,retained
cnews:7742,7742,游戏,2be49e20674acc9a549733f2579ab1ef81d9af251c205398f22cadbeef843505,retained
cnews:7743,7743,游戏,49106c692478441e55a7a7fc6e8cb21f0e79a632ed8bfad97bc518257df4e78f,retained
cnews:7744,7744,游戏,93238516f80e9f0878c7224023be901b16167c947b94325dd458399f6286c39f,retained
cnews:7745,7745,游戏,87794758d8bad1343de8f8a117cf9fdc788e1ab030fbbc6a6f5b56d53a0d758d,retained
cnews:7746,7746,游戏,419a9d8dc5e4240c97bbbe46ad9c4996170698675ddb861648d97e05a482dcd2,retained
cnews:7747,7747,游戏,78de85cc3b930912b6a2c9aacc936d36c5626daf01309b59c509217d2de2f42d,retained
cnews:7748,7748,游戏,78008f6cf8959f8057931df614699097a2906f676d768ffa7c3084cda7fef5c2,retained
cnews:7749,7749,游戏,352498812de47b008157adac0752b4edbc8c7156b0819fa66ce1611e1d361847,retained
cnews:7750,7750,游戏,59dabaa5ccb81385659fe75f40a1c932fc47c00e429d1fb74b2e6203d15d13d9,retained
cnews:7751,7751,游戏,cb4b8956ffd2a41a0102aae75e21b457fb2a1ef4ca95c4f67c73fd74058975a2,retained
cnews:7752,7752,游戏,8f89a81832c4e66b3c96ec02c0336ddac813179a657f221e0ddd4859db0ecf83,retained
cnews:7753,7753,游戏,ccf5dbab463b9078f72e15d1213ede1ca81eadf6c1afb6562f4554c75b061f26,retained
cnews:7754,7754,游戏,1bacf43f141495537ed3af2d4f121ac7c7d95f526f76afb0ca85e848857d2745,retained
cnews:7755,7755,游戏,cc8cca227b679271d7bc099a97e7d79e5a3e1f2e9471f072a242238fb111d329,retained
cnews:7756,7756,游戏,5328e54d56f25f34c39026bfafa1a1c8ccd521132dac103621fee5eeb7fa3c94,retained
cnews:7757,7757,游戏,4a592764b119dcb2d97d3e70b972f785d6b3a710849221b6cc2c4e85d162eb6a,retained
cnews:7758,7758,游戏,b0c3654b88ec292216a98c0a196bd0808e3b1865cfe63e4f5be1fd5f33077025,retained
cnews:7759,7759,游戏,11eeb9a0e9d88a81e42acc0991ed575a5944262b5696cf6ea8aa294f100fc7c3,retained
cnews:7760,7760,游戏,05748515169397e7f30d74f4f808596b309cf81094baaea10ac02526f0396457,retained
cnews:7761,7761,游戏,252e86c47bb5dab51fc8aa0420ea6b49e5e303d43ca69b382ba19151c397265b,retained
cnews:7762,7762,游戏,069f438c8b077dae3c0223eb246462e08d5f55e4ad392578e1c6b36a7c800fb2,retained
cnews:7763,7763,游戏,1f2384d89ae1497c7b1d94792d64007a97453a754225ae3121b8621ea7413464,retained
cnews:7764,7764,游戏,ccda2eac22f91705856130bdb8f5151e09b0c74670fc9a8385dbe21341f9bc9a,retained
cnews:7765,7765,游戏,89ba51a2b75cde0af19d9008ea1dae1267596793714b4b05165657fb5919212f,retained
cnews:7766,7766,游戏,7bc6a4385fbafc076a122087073e1eee10bda14b0ac3ae38af109e8063613117,retained
cnews:7767,7767,游戏,50a0a4abc30e90244497f35cbdb34dff07eb934d84bd468a181bafac2278c7f5,retained
cnews:7768,7768,游戏,0f7e631fdc4ea57968458476656cac330ea61f6925289d5906acac3ae1a299a9,retained
cnews:7769,7769,游戏,200aa13b8776b0e63e64bd7bccf71b056108d3e8f18236728c19b98bf483c63b,retained
cnews:7770,7770,游戏,f7850e2e27a4f53022eb54090166e0f682c44d833ac97b001ad5a2df49921dba,retained
cnews:7771,7771,游戏,e0aa7968fcefe0bd199036c261111686254191c635b8a3536d65a8f908801f6e,retained
cnews:7772,7772,游戏,0337529778a55f12548d4a701b655d90a4da20abaee5b58027dd1289292b6f8a,retained
cnews:7773,7773,游戏,e4bb32a4c0498df714455d703a9701f96c57b1b085909c1d7899968c0ae8d42c,retained
cnews:7774,7774,游戏,37a9491b9b42feba2f0b0e886cddbd4c3e7e64fcd11804b7e9f82623e4d35495,retained
cnews:7775,7775,游戏,d83848745666cd42b3f5149227593e5afdc0b36ac77d4a5a718171af4483983c,retained
cnews:7776,7776,游戏,069f5bae6038436dac92cd4eb7d63e33eb66b0413ca79c7b19ba27d929b3bc28,retained
cnews:7777,7777,游戏,3f1d7e9df65b4c0d9b459baf77a427aef104583b41eb1a39cf49a9e0d5543aeb,retained
cnews:7778,7778,游戏,5ad066c1ecb542d145f5daf657f08d8064433288a49711a4dba6aa7562aa0b74,retained
cnews:7779,7779,游戏,8569613104f317043f0dcdd7098bcbb8ecbd031f1381d619e800e4407887f077,retained
cnews:7780,7780,游戏,acb34eed95a49e4dd542c7ab71341dbfa67c41b368dcd16886dc83bbe02e545a,retained
cnews:7781,7781,游戏,cbcc8cab28e035d45feafcdd080b4ca94079e5f91c871b4ea347fba0183aac5b,retained
cnews:7782,7782,游戏,a78c6ef43a77b01fa4e686e014b2e462a0ffe57deba90aa71817082f1fd073ea,retained
cnews:7783,7783,游戏,671ba9f23ef4e8a323f46b6f4bf999431395bec8ce18802d99d0763517546f04,retained
cnews:7784,7784,游戏,a1d280f8adfee14fde596a4c044cf7cecdfd3089bb33e10e0b60e4f2947b2d79,retained
cnews:7785,7785,游戏,ff3842ddcc22be5e0388dfaaa50373000487700568aa3d7da1a56b712f7f6c2c,retained
cnews:7786,7786,游戏,d5befca35726687baf1e23c3e6a701a877e0328116fde0e5d5abbfb6810b9c4c,retained
cnews:7787,7787,游戏,1f45b1285ac9414cdda0453ccb9ce6c46712a9458b669f0be8ebf31d4551ab09,retained
cnews:7788,7788,游戏,c63271318ef3bc05ac688aee8983e6a765a03a64082885862fe768eaef605b1c,retained
cnews:7789,7789,游戏,c02cb41b5271ab35244cc4844aebba106dc5d30d1861cdf837e6f1366fe8ce77,retained
cnews:7790,7790,游戏,41f5fb0704373594eb016910e81e6578a66502b977f8eeaabb3ed544c7ff74ea,retained
cnews:7791,7791,游戏,d1cec6272d44ca5978c4d81f441834282d47c7ce4e93a31ef29b39d774c8d8a2,retained
cnews:7792,7792,游戏,a9d5f9dff7e2d65b4768414927b52026b4e92680b9323b5c75889a6b164702f4,retained
cnews:7793,7793,游戏,91a772e63caa2d13649cdbcb11ddde6f78ab9d5531d1a33391fc57acaa9d01dc,retained
cnews:7794,7794,游戏,bad89981444dd15fbc69d16772b350247ec87d2cbec2f45e6b46310643e6682c,retained
cnews:7795,7795,游戏,69957cda6d97742095048339394c56c28a5c8f4e3572aff97f21f023b92de5ad,retained
cnews:7796,7796,游戏,b7781c81b0834b5b78d57b67b9dd39155a0dd46bf3e9b84caddefc29b0f946d4,retained
cnews:7797,7797,游戏,1b69a96cff2bba33f39bd0b5036fd3a4a3b4ea328e4eacfd9356086fbfac412f,retained
cnews:7798,7798,游戏,3b02b0ad0213150a4b6ac7895aa14d9b826d1cf6771675ffe2568e543a367a84,retained
cnews:7799,7799,游戏,9ccb4c4250b32596c65ab3e85a647d545ebcfcd293af750db8efe0cd8c443057,retained
cnews:7800,7800,游戏,be35d3236372189d98e4b72550a0d6b1a8bd252a148029a294c76204697a5287,retained
cnews:7801,7801,游戏,7c6aa568ab9e38adc79482d81ed361c65ee5a255971f0c40d136e012074573e9,retained
cnews:7802,7802,游戏,479e7107832186443ab88e1f5c2fe9292bfa70c39ffe1f3a37f26e2170acb759,retained
cnews:7803,7803,游戏,745f0d554446b746ae306ba57564e81dbfbca506f3c418c5949597673198a7b1,retained
cnews:7804,7804,游戏,a5aa2c2e5e0a47303d374c7c9c0d6c6118897dbf0de58b4eddf42cc879704ba7,retained
cnews:7805,7805,游戏,b4726576ff7ac28e08f9221a6a77655aebf80c4f37b85bdaa12c972209bf65ae,retained
cnews:7806,7806,游戏,d2b1e730fa82ded351fc13f5c82915ffe42507f991e1587893503a12bcec6fb2,retained
cnews:7807,7807,游戏,a7fed63cc9316b3a7c63cd6285d8d1b807b61430a4d94f3295a92dc9756223c8,retained
cnews:7808,7808,游戏,f28f4978ddae1d5207c6f66ffa12cd76d8e282adee164deada17d246d0b63c8b,retained
cnews:7809,7809,游戏,604ec1dc920aa9b5e5e8f7e02cdc452a93fce8cfc3d29e6a268a3fbc2f0204d3,retained
cnews:7810,7810,游戏,fb2366f75fd726dad25c482818433c89e02211ae5bf93c9b14fab4d3a34e48a3,retained
cnews:7811,7811,游戏,aaae3a9f6e2e2a141006c9cb0a1b7b8f60cb02b90b06862e742093122b594ada,retained
cnews:7812,7812,游戏,93f8362c16e64af5b998f5cca83f6b3f9e7b19cc1943d43596b7b16fa0fa95c1,retained
cnews:7813,7813,游戏,f0dd86ecbf0d3efd38a7c7668451e6d1920cd8f55f4086890ba38fd639c06e80,retained
cnews:7814,7814,游戏,4462980637dc4663669a3672b21c3e4991fb47bb4f277fb58aab983cce43ae86,retained
cnews:7815,7815,游戏,4ef35b795701c9e5632b50065f4212dd24a091c517f75aa1cb4248379142996a,retained
cnews:7816,7816,游戏,11ef469494a42fbb5870559e9562e9fc28cd1df53f7bb0b85c489b043d11a468,retained
cnews:7817,7817,游戏,7d39e629a4cd6fc7f17509e1eb8d4b48b04ea113c54c097491def13a57399017,retained
cnews:7818,7818,游戏,6c7ad13beeef7d79a2a77eb7fb827569eb71f2acd58c13591f14032749b9c0eb,retained
cnews:7819,7819,游戏,18450e52aac493ad2c9b90898ebd87c5c6a9c332e52445ce7851490853ca7285,retained
cnews:7820,7820,游戏,948b3da835baa0fa611ddfc7332bf8395c4c412cd2c9b4043e38d94c72334134,retained
cnews:7821,7821,游戏,fefc0316e0fab69f42a9d452a1316d85c1e438407a5a30b9d8e92baf2a615a29,retained
cnews:7822,7822,游戏,d8b89189b8b6d0aec3c4aa43185c5e07a6b9d73ba5d71faf7f12f6c66f8dcc2a,retained
cnews:7823,7823,游戏,7cf686b443d184854eed9e5cb7e19c6363fd809ccc08dad7c76f7c8616e4f091,retained
cnews:7824,7824,游戏,6d30bc126313090f0f1a323246e65e3cebb8506e184ab5bc29f22551d6d3a22e,retained
cnews:7825,7825,游戏,2afe82e970d564a4ff6056725e005d84c43f89c49afd519d23e59babd7dde3f8,retained
cnews:7826,7826,游戏,3d2ba7be4a32f7e0ff335f97ad160f6cc130a2b71d032fe4dbb12a27db842c4d,retained
cnews:7827,7827,游戏,3254ddf6aa685107790ccd0c3d5fbc5a784d09f468691b1a025a1169c64a4ab7,retained
cnews:7828,7828,游戏,94769b08c05a6a7dc95eedfbcf0b5dccc39f1efd17076dacbad445d231e9ed85,retained
cnews:7829,7829,游戏,e54440e6a7f37ac28ded685ca4d1177840971ac20e95b3e1d85ca74526d35fc2,retained
cnews:7830,7830,游戏,94a9933c3115f8880440f49cadc28bc602c8eef2eef1dcdad7f4bdf56c22f421,retained
cnews:7831,7831,游戏,913aaa674f4802adfab00aeb7c62e670b6ee38ea05fe2082f56feb8b063d2949,retained
cnews:7832,7832,游戏,bd06aadfd2fa83abd45187b49578ded874db4f94f7ca92a2e2210016df329193,retained
cnews:7833,7833,游戏,4501348382836b5506a89c0e83cd887fe47be57d82b9c9a8c923b9ff869ab0d3,retained
cnews:7834,7834,游戏,c7a60f64b6966baaff97ce1527152dc4029c70449b85c094827e0c8fa99102f2,retained
cnews:7835,7835,游戏,bd00ab06902e28b0872404c97f4502078c17283fdc3882179549dea904526ec3,retained
cnews:7836,7836,游戏,a1746b10798aae36294fd922df53c1a1f205d87012290a8cc10ece4be8adb01f,retained
cnews:7837,7837,游戏,e7ecb2a700a28fec2d8dec2cb437f5a654b9810437be38c8366eeb953c1d2377,retained
cnews:7838,7838,游戏,480c1875e99c60019c9bfdad398cf200e8b7a7e9245fea070ae6d85ee8c9f239,retained
cnews:7839,7839,游戏,570e9bf9c0090ff934d1a73720dd878cc1225fc0f85fed720a9ba3e822d34027,retained
cnews:7840,7840,游戏,757f843db5f74622214d30645d75b6a8edb795c4a31dd3fe5a6ad28a29e4f6f0,retained
cnews:7841,7841,游戏,0d2c7c676e7d1a2cdda40ba8a07d5ae4d55a8541920b4ae47915c85f6ea42187,retained
cnews:7842,7842,游戏,2131c5a6bd959c173a1e5548f7f0ae10c7bf9f2cc1ff7d404c45d0d70c0aeb75,retained
cnews:7843,7843,游戏,4d3baa04262348e8c5661d8d58c44edc8acc2f482f650994f7b3aa86f44cede2,retained
cnews:7844,7844,游戏,7ea119e029018a2722fb1211d445c1b6954ff3c50984eb41f761b81c652215ba,retained
cnews:7845,7845,游戏,567ed5a59ae744a2183b36dd15ba76e7670d6511782b4029dce9d29500e5e99a,retained
cnews:7846,7846,游戏,cc41be2610e0c6dab4d1297b256f6c6201198b3157094664bf9c96201e0d5e67,retained
cnews:7847,7847,游戏,b8fea05738284070a31741186a0ba5f58287a89d59a4d5092e708a4e3a12715b,retained
cnews:7848,7848,游戏,08d63073151d0a6a6d300b2dba7100cf948c377d45b027cc4cb51513d2e8ab90,retained
cnews:7849,7849,游戏,0e0ea371651c3ffd8e43ff9950171c3c7dba1474fd7ea46eeaec0dca2d536313,retained
cnews:7850,7850,游戏,6db0e00936235de767eceb88516e129a28004122ab1eb8a381b238b830206e0f,retained
cnews:7851,7851,游戏,6bac725ee3ecb65a25f27a342bb877461f51a62c058bb42420344cfd19b2b35d,retained
cnews:7852,7852,游戏,3de4f76386565476eb1d63fd82274279743452ed596d9abea9c36c20a674d7a9,retained
cnews:7853,7853,游戏,e3cb932f118ce9a9bf8249e9e678376469803d77585ac182ad6be04968c95b08,retained
cnews:7854,7854,游戏,98e16d9436aa6d67c8a6e47e6a4949c9992357d21a746394964ad79565fc523b,retained
cnews:7855,7855,游戏,23d7840ee88b649a6d7f51d35723a7372a7dea7fd0535490b387ce04e4ffd8b0,retained
cnews:7856,7856,游戏,fc9a51a5faf941810fdff891e9835e80e562f3c6b562478d9cee8169adaba22a,retained
cnews:7857,7857,游戏,99c82170f9bf7d056869db53cb0e42fd1185c6ea0d78634946e4c53832e3c218,retained
cnews:7858,7858,游戏,bcac17309d64c67e8d8e8eac88d883d54c4697eb581226e9fcee16132ff49c10,retained
cnews:7859,7859,游戏,9a5fbd22d8a6214fdfddbacc125b9c7f1ff2da4db41aaf989d97d4c71a5f7fd3,retained
cnews:7860,7860,游戏,a63f3dc40f0af2082406eeb1d7f2ece0e3c3e00ddb82b9eabf2cd35a3021ab46,retained
cnews:7861,7861,游戏,93f637fed234766a8b074f963d337ce7e8ec174a6aa4ee0338963fb3c4da8920,retained
cnews:7862,7862,游戏,138b4232069a877279dc3e263d2a3f411911cd21adf7baef0bc5ce79ebba2e2d,retained
cnews:7863,7863,游戏,d3aa973fb0366d90a3d2950a2825161ddcbbf6c1ee259110aca1304b81c03c88,retained
cnews:7864,7864,游戏,3c56b0afef85f95b35c2b928bec92c4a19cbfd9dd5d4feb3189d2865041e94da,retained
cnews:7865,7865,游戏,5a7e8b08f3a69e8e137a29c16ece8f9bbced62c7f51109a5d93f27989bc9ae97,retained
cnews:7866,7866,游戏,f7761a19eb072eb617cc2c9e6027daad8385ec5000a48be87146ce0b08808adf,retained
cnews:7867,7867,游戏,e062a65082cf12499cdf3073099a1683190c3267e7b492771127394b7c986388,retained
cnews:7868,7868,游戏,96a1b5f84f353cda6d44ccca2b0fa50395f8ac1eaf9379bdf9e1d2d7f4188413,retained
cnews:7869,7869,游戏,7cc7309d56e5fe1ac2e59e6f9c90479999010099ac5998702db0eb6f8d33e77e,retained
cnews:7870,7870,游戏,6ca948483872c4aa1c81b4c394723e4abec0b70668b4341ddd54de4568dbdbdd,retained
cnews:7871,7871,游戏,1927fef4c0e64f242275423dfc4f6b42e05a88ac0411d3b059a786a817c15fd0,retained
cnews:7872,7872,游戏,3c327c505bce371de467dcede999ea398d4fc51f0621fcbdfd6542d863385e6e,retained
cnews:7873,7873,游戏,d7cda129bf84df67b6ccf14c3dd272237d55dd85e5c303d204d41107247a01c3,retained
cnews:7874,7874,游戏,618d43a8686bb86797da901b5ff6808b7c918e5b37ba372cacaa17368be5b066,retained
cnews:7875,7875,游戏,862271263f05b8729aadfedbad5cffc38a862ab9c0f64c86241029be8095cd29,retained
cnews:7876,7876,游戏,a4192f9bf25ff1650dd00f3f174a062db1f6b4959fc74250f9d6576be11ceb43,retained
cnews:7877,7877,游戏,986cf7fbb770377ddb19628f388f8c82a190a6bdb9778a08d709796225bf5021,retained
cnews:7878,7878,游戏,27eff5fd60505b633f9f0f5695ea8f0b3427defcf84b87c115a91003607d7060,retained
cnews:7879,7879,游戏,7df50c3263c5c0598c4249e16259cfaf8747792621c0fbacec7de4e902e19915,retained
cnews:7880,7880,游戏,ade9e51fc6bc0278b4f65848945360d3437191f5413d09abbe0f8408a477bb27,retained
cnews:7881,7881,游戏,5f8a516795f5a308e674c6af3e98f288ff378d691dd7c54fa41f1b49cb539779,retained
cnews:7882,7882,游戏,c03c87bfe9567e2d839196bb7e9ffedd1aacf63827920b261d550a585029f564,retained
cnews:7883,7883,游戏,1951d1be4c9c99036daf07d627ab69a25b2fcd7530ba06fede3d4395a36ce0e5,retained
cnews:7884,7884,游戏,466f6900dab3290d70c358342fab72871bbcd4d3506b25d76676d4744c741d6b,retained
cnews:7885,7885,游戏,5fb71859bf4a83aa3d6ec47d8048a0929964ee309f5820ce6798c148a275bc4c,retained
cnews:7886,7886,游戏,c20b0a7777d9da7efc40e16dbc5bbff3099e6c5960f5ef14f1ca9806f77bfc03,retained
cnews:7887,7887,游戏,d94f5a9eed8963cc7db8d12d36f47c41eb38a216745b60d8c5ec3feb1d62f52d,retained
cnews:7888,7888,游戏,66253106fa735112a2bef8702b8aeaf4ed54fdd57e514ffc4b33f2a4daca86bf,retained
cnews:7889,7889,游戏,e80d61935a0ce1b9ee1075bfdbb7e9f5e67cc1e12c1b36fc92cab83a22afbec7,retained
cnews:7890,7890,游戏,e97cba571e77f8e6d02bd74aeb305aa65afaa58ca613ddf7318c298150fc3e2a,retained
cnews:7891,7891,游戏,96a78236eb3ecbc692020f21dae939dfa490eaf7dc446a3b31ef3bd038d5b05a,retained
cnews:7892,7892,游戏,fb8f3d15dd36610578c623e33b606c0248d3233abcb9fff61e27184359ae6d56,retained
cnews:7893,7893,游戏,e123a2d2fcee4e785757ea947215b1fb8bae2cb84e433feda8347dcf3a35fab1,retained
cnews:7894,7894,游戏,997aec5bb0840a9d448d475c3eb355099ba6c9215801eeae323a8b196b7048ca,retained
cnews:7895,7895,游戏,af4a97bab9477c7965199012fc7ce6b9829965f719526f49e1d705c4d4c449d2,retained
cnews:7896,7896,游戏,c1211975882341d351fc92a23c83f24efd1ed9c3f2bc30d21ab2dfd93d32ab32,retained
cnews:7897,7897,游戏,bd2551be7c25d93d26f0d53ecfed0e5a5d6cd1b13134e87c808773f0153983d5,retained
cnews:7898,7898,游戏,b1349cb2dc1028058a61df570487953eea9c59f116bcb397341c9ac46eb2ee04,retained
cnews:7899,7899,游戏,aae1d3b1119de3b6bd17c3fcbc31d14c826a2ba1be0b23715f5c449b92bee7ce,retained
cnews:7900,7900,游戏,6cb8c7843824367e1caf122adeb5139a670489097324d70cbef606af5900e7a5,retained
cnews:7901,7901,游戏,f4b0ee236a291c78c0ec9c6207aa9e647a320db47aa099eaa73e4570ec3c017c,retained
cnews:7902,7902,游戏,4384bd91914780b3e320632c49351e4af9f78fc58b58bbe0f19c62d5229a93e1,retained
cnews:7903,7903,游戏,9de62e0b96a87a2cfd5dfee35a0c3229b1aa83caf1b7212e1d4696d3a466740f,retained
cnews:7904,7904,游戏,c3f77450827c253263135caf59cef8ef117d6de6fcad4eff977e142d2ce1e435,retained
cnews:7905,7905,游戏,feb900a58521414d523af1a14e0390dedb3020384f968c6ed46c9994648663af,retained
cnews:7906,7906,游戏,e43169ecae831554846e071a3e3f24b6bd8c342d37c9b4130b50ef2eb6eb386f,retained
cnews:7907,7907,游戏,312839b205825844d741a707526789e661b11af7954f854199dd221aa89db240,retained
cnews:7908,7908,游戏,6efd291be9d609dd8420d474c044d8c894e0679e4aacc4b1a0c25e6a1a9d784e,retained
cnews:7909,7909,游戏,3f790743a7f715857087f2c35cf9442453827ac04fe526b4b06ef3905bf2101b,retained
cnews:7910,7910,游戏,99bbafd128a38dfc7691f925e5c5516924887e050f5827fbfd6fe107d3fb662b,retained
cnews:7911,7911,游戏,303249b4e032b56f0dd70cc3f7556033dc880fa80f0ffd132c01d72b5f0b0e97,retained
cnews:7912,7912,游戏,e5afc8be6cf8fc16689124ebaa928ffdfa6492d7cca9565ce2ac573e2e0e7f0c,retained
cnews:7913,7913,游戏,5747f0fe2a504d100e1186928b1441c69611531e7f6c50d8451f043ceafd20c0,retained
cnews:7914,7914,游戏,7e460ae1a2f22055d20c0b22b37a602640301f770896cb0e9b0d08e5a83f2edf,retained
cnews:7915,7915,游戏,fc2ac5db6e85e3562292a7014a52af297f49bf71d09ac366fd716da7adc6a7b1,retained
cnews:7916,7916,游戏,7a0123853b22029b1b80570887cb45c3c96b2b3231b79735b28ae541bb75f1ba,retained
cnews:7917,7917,游戏,ccd648455619dc161f2b3263e1dbd2f9829a94ec0722d997ffa8f031a47b111f,retained
cnews:7918,7918,游戏,3a70aa6aad015d9bcef49dd956d6911f9cfea51cf68d986cf37cf1ecdda1b66f,retained
cnews:7919,7919,游戏,8d6e10934f95872a42d061643af0fa5551027d654030ae667ad4e00c53f6ee88,retained
cnews:7920,7920,游戏,46c7d0c81026526618c982ae25dd96909da9984976189d16a74852a28f2d9a29,retained
cnews:7921,7921,游戏,d00c6c071b8724b415c3648b6b16485fca9bc7a3e6d6ba73ecd47f5418fcecc5,retained
cnews:7922,7922,游戏,fed03739fabc3b20302585095be2824b714a6df9888dd2aa2557d126043499c5,retained
cnews:7923,7923,游戏,1addb7717bd76bb2c3253ab9728d5f647b0ae7bba9e1e938fa6b7d015423169d,retained
cnews:7924,7924,游戏,3f4902442702f613d127ee33f703bec367385efd460f585e5516442dd78601e2,retained
cnews:7925,7925,游戏,c90bbfbbcfac24dafbbcc327d113fc2490c385f31ec5bc85bfd224710654cfa8,retained
cnews:7926,7926,游戏,0787639e9213f0b5b91b26ebd6d72f036174c22b420d9768f4ef738522f8eb01,retained
cnews:7927,7927,游戏,18f98ad4197d0f45ea84cd1c44a49c37997fa35850bee73c652c659b80bead09,retained
cnews:7928,7928,游戏,271c04bf8f83791de2e1a0b9221f1ff3adf94c49ef8867531e1f54bbc3fdea8d,retained
cnews:7929,7929,游戏,9f796f22be6347d65fdbd00ea5fc629b392ee576d28ae250a78e8a6ff0565416,retained
cnews:7930,7930,游戏,6e44266e27f31bd1ddfa78acc78cc22f6b90f5c9eb6d04c58b2d02bfbd0bed98,retained
cnews:7931,7931,游戏,7bf139afc8b4f9152369539f3f3545a005684816d6414340e1226b5dc47530e4,retained
cnews:7932,7932,游戏,0b3343cd0f22e50e2ca1865da1648c7903139af108cd48af3dc229c46f854615,retained
cnews:7933,7933,游戏,ad40fc65d7095f496123f15465ccc2ac0e2be357e74eb8680e15479637d2dbc7,retained
cnews:7934,7934,游戏,60cdc942b481b642964959a2bd37b24650a050589abbe3839ba76953abf0418f,retained
cnews:7935,7935,游戏,e84340577d3c4bf3387e093578e4ab54878cd8a6815a032f12afaccad33cadf9,retained
cnews:7936,7936,游戏,c1b3b008ad67fe48cb9bdd60edb9fd1c3cb2bc82ce1449adfed25e7bda3a02cb,retained
cnews:7937,7937,游戏,cf0765c51580282a098374bb10d9fc9599c04b01d83667ba6b136b69dd1f0c27,retained
cnews:7938,7938,游戏,083c37ac78c93664cb5f1d5085255a84129f21abbb2ba500e496f73da702b8ae,retained
cnews:7939,7939,游戏,58c5e61f2cdc9b90bcdef7b799dafeba2cff935a1945c66d83e6c6db02c87238,retained
cnews:7940,7940,游戏,7a947bb3b2a5c6bf8967a6667768115f1a7be4132515fdaf21c8f339d80703a0,retained
cnews:7941,7941,游戏,1dded19335af98f66f0b31c7095e85360bcab5b045999923a1ba653fd958b356,retained
cnews:7942,7942,游戏,ca206d4b916102cf94c041c7d0dccc40795d00cbea46a6e5ba0db607b455fbad,retained
cnews:7943,7943,游戏,4e5fb8b0a673d8d33e63d73d2ab29714a1cef87dce827317a86baaddc70214e8,retained
cnews:7944,7944,游戏,dff995864835b04a955e8714493c11630d762bc0033f866c5ee1afcec261ae64,retained
cnews:7945,7945,游戏,f7129c5d6aa4ec6cf25ff5d314539ce39a85be276482dc6e301f8a08d3c434be,retained
cnews:7946,7946,游戏,9053411870c3db257d013ad139df8a7aa1e286559a048c6a572fee5e25239162,retained
cnews:7947,7947,游戏,7ad1408cc5860c76e854a27651af2f940a038bf54a6fe80b7f4a50e7d5563e53,retained
cnews:7948,7948,游戏,c3802f06073c4416cfd41338b389c3d17c992b28bd008c85507f33f5c86148dc,retained
cnews:7949,7949,游戏,0c15908db98d442d05a30eb9ec61aee21739c827e48ba40fa8d640d814bc4e42,retained
cnews:7950,7950,游戏,b0c60acfbe0fa4d87693f56b978345fa198f395db606597ec7eb7052660e2811,retained
cnews:7951,7951,游戏,dd25f500154f9083d05c7255da7d8bae230bb09901c50f36d45114ae3511e168,retained
cnews:7952,7952,游戏,ec792f96c58321324c3ae6894f3c426c922b69e1e859c488d16aa50dea9ea8b6,retained
cnews:7953,7953,游戏,793ddfed6fa9ec58eae54b21c0cafbe152dbd11629d2e2156c7d8480b52fd906,retained
cnews:7954,7954,游戏,8ec0639a0e6c49e529223f5f99cf69ee30651403bd4e86be1d247814b888c36e,retained
cnews:7955,7955,游戏,b29a12b748bd4b90b55b34407e38b45c86dfb09d3892ad0eb1ed814c05d5a683,retained
cnews:7956,7956,游戏,512d4de0e0519a8aa89df4de218c7a690966e4bd37b63e5045ed914d622a4a85,retained
cnews:7957,7957,游戏,30d19b521352cf59b4a3002b6da7bfbd406e26a04a8ca68247b33f206ba77e6a,retained
cnews:7958,7958,游戏,c3ade8f2e54caed185a9915320d813feafae04542ec502d57676e4a7ba37c36c,retained
cnews:7959,7959,游戏,886e6474564db01e030512f65ff2515c686c536f05c3e01f401c6beb7272c4c2,retained
cnews:7960,7960,游戏,e21b65fbfdc097f98924d25b73d3301629a98a854773f2f8d9ba3b694cc47fd8,retained
cnews:7961,7961,游戏,31b5f2badb0a2cfae3af72532628cf63d0a578a6c4d86c33c10e4f6d6755a71b,retained
cnews:7962,7962,游戏,564662e73af3dc7aa0bc4860860d844acff7aa5d904bc152e77a18b13daf171b,retained
cnews:7963,7963,游戏,0ad968c61ff866cf2337a6fea5d4449298ab68d7ef8af0df4060e8b2ad4b6d62,retained
cnews:7964,7964,游戏,7fbaf28895e6b406e94d5a324a4289cf28e4ebe54cd95b0a002622031e40f1f6,retained
cnews:7965,7965,游戏,64b5de095b93140cccfbe153390ddb00830c28bec0f94b68cdd3ce6c24bcba5f,retained
cnews:7966,7966,游戏,16d3ed8b6ce9cc2f44b0088389e2a0ad59b21ae5b93db986a08f5cc2c6c94c57,retained
cnews:7967,7967,游戏,a706e6ca3a998daf7ec16b76157091596590d3da25b3f401f8e9671d61abe6f8,retained
cnews:7968,7968,游戏,ed496446516ce1d2b5eaa48d974cebaaeb2f3aa652fc14ca7f46f6795c419f4d,retained
cnews:7969,7969,游戏,a93141ba9a10825532e4f73ab3a3761bf22b534b620654ef0af15ca46f58cf0d,retained
cnews:7970,7970,游戏,f610abc6c46b631e7586a4e059a5aa9357c6e40dc78abefb7dfa03e5906a034c,retained
cnews:7971,7971,游戏,92436fecb55decbe8e10448f5d50cd4a5a671631e028ab6b5bc396baa5a51e1b,retained
cnews:7972,7972,游戏,c496c1e3674a98ff2fa8b0239a0c18e5a367f8500ce20075a91b6e3161da9ddd,retained
cnews:7973,7973,游戏,65d5fef4082dbfdc66c9c8d057fe49121fe868014dde53191e63face3b4797dc,retained
cnews:7974,7974,游戏,b98663a27ee98b518773c41ba9f6ae8ae38dfce6d7e4a11c0d1af57052360f4c,retained
cnews:7975,7975,游戏,25955f0dd175b1ee89909e9f47a40d81dc2cfca66a797b50c03bf1d3de500e2c,retained
cnews:7976,7976,游戏,c47d524957731144d1f8c2392c94bc5aadf59169a1aa0a9ec4dbe6eb5402b3d7,retained
cnews:7977,7977,游戏,ddaac3fb77b679e60f7403e118fe8e71925a0473f2a5134c3863c3664dec9fe0,retained
cnews:7978,7978,游戏,36d6a6aba767864aaceafe24d5353ef02da0e818f2568f833507847a964ccc6f,retained
cnews:7979,7979,游戏,48467b1b929c3ca995656051eada4d6b5513234026f6da98249f02b0043b07a3,retained
cnews:7980,7980,游戏,9fb1576c0e374d84a96aa1fdeabefc2f47317d86a61d5d9bf1a8f1d3c30efce2,retained
cnews:7981,7981,游戏,23e38d2eb4ea11b0e54b63fb4891dc96bf7d2c5913d0ec85d1948d111f19838e,retained
cnews:7982,7982,游戏,bb760ac3dea65f9deb6380a444594e7125ffab4b51b033ce895a0c44b1529e90,retained
cnews:7983,7983,游戏,12de2cd8e3fb8742f42a898f2a01a5183eaa5faaff76dd998c2ce5c2384fe514,retained
cnews:7984,7984,游戏,0f7d99211821ef7839aca74ab6d2800370527235bd39ee436b339ff75921aa61,retained
cnews:7985,7985,游戏,116b7e58bad7553432d4f6177f090f2e6303c5a07f686cf93141c7864d157b96,retained
cnews:7986,7986,游戏,6bdddcce7e87a41b9b3cb8b25542ba0692ab50cbf2d1f69f49efa9845977927a,retained
cnews:7987,7987,游戏,426eb6fbf7fb330c2c4de9ebe6e21d1c4722f1958420c45ab4828e39290dbb64,retained
cnews:7988,7988,游戏,e87463317a1c67c4b65a037a350d08f5ac2f49e63b70b061fc2c931560b67183,retained
cnews:7989,7989,游戏,65b3c669e905d3613192f183d196f6ff622207af237e43f4a421ae5ac1cc6ff8,retained
cnews:7990,7990,游戏,ce9f08355092ece7646d484ca15b077086a12d0f7b5be5a626c3703ca5967bbb,retained
cnews:7991,7991,游戏,d69a3d2bf1188184baf6f1df835a0df268596e2da412d5752e44f21cc6d8f261,retained
cnews:7992,7992,游戏,431970a94504858354dc09c14ed6857d8a088a3e59931fe9ded47bd5daffc853,retained
cnews:7993,7993,游戏,515915ef12fd0f4f8b77c46a143df3b13e746d5836546f317337d209dfc7367a,retained
cnews:7994,7994,游戏,87bb00640fb4d5030cdaf993b16b400c7278110bf60db7164b4c6aef36b92440,retained
cnews:7995,7995,游戏,e70eac8d3b52bb452828ddddaebdedc336eaf2d8ac72974904329300f247352f,retained
cnews:7996,7996,游戏,ff089ab86f6da39fecd76766b8dc30c4360148e151c111b99d782e1e2a25c4b7,retained
cnews:7997,7997,游戏,f45c2b9e89e0efc69a75c4b63d5f8b8ba4c05ad3132e746689ca1f85c9fe4a88,retained
cnews:7998,7998,游戏,a2d243742e1e37f30046f4f885587a1f1abfb60d90626d83ecd81b3e5ae6ed0f,retained
cnews:7999,7999,游戏,bb0e45816bd99b358e218e6987e9b2425a3d8fd579812fff8226ebbe61a1e1d8,retained
cnews:8000,8000,科技,177539a295564b1d41eccc7ed91627960229c018e0df150cfeec2d156a20b730,retained
cnews:8001,8001,科技,ae91c354cd3c7af97b9f87e9dee5deb52dd5fe73d66210c515aca5c880cff881,retained
cnews:8002,8002,科技,b7446c972424b8121e50f88db22ac32ae89a6d8971ba87114e3e96c2322b6726,retained
cnews:8003,8003,科技,c763c952bb8c000bfdcf52be616917745835c50cf9373e0bc70aa7b721ee741c,retained
cnews:8004,8004,科技,bdf48335d9cf830bb4d1a0426087cf5a700395755a8c4f6c4431f05c580aec14,retained
cnews:8005,8005,科技,b3e393f387b3d18a116c2dd075ccb03fcc93c6c53b12570449245bd570e7891e,retained
cnews:8006,8006,科技,de416c36a5e972e5ce00f31ca2566a45f3ae298ed34c6635c35c1ba07b014089,retained
cnews:8007,8007,科技,1faa1bbbc703093dbc8ee34f0beaf939e4be5e5156b7450d744d50542b7cd864,retained
cnews:8008,8008,科技,2713d12e16f8aba42e02d3a5f7f443353ff952be92ade1f995d60590f7a0adab,retained
cnews:8009,8009,科技,01b05bf3125fb54a4e95a05bec6b0665eb4581792effd138dd259bdbcacf031c,retained
cnews:8010,8010,科技,3e53263323267aabead9ea1b397fcd5bd020e5ab86f4b68277836866a1f01dd8,retained
cnews:8011,8011,科技,8b7a8e1786c5e02e8dcce1ef68321b2d3a4b900376cb455f1a106f3e2b1efbbf,retained
cnews:8012,8012,科技,6d6191371be196bf0a0e00870a6799adb15990e0c71148b9c963b1f40d719582,retained
cnews:8013,8013,科技,09e8ae32a3e6205778eee7211f8df9e432c368ccbec5756c45a54f7dc5994c55,retained
cnews:8014,8014,科技,ccdbdc8dc2cc586979a1937e8b712ac658d8dbd22fed2c0b559b0436fbe6c01c,retained
cnews:8015,8015,科技,fdee3c35c80f8c627317b216538da9dbf3b2fd7053553b6e32f973cb21d6872a,retained
cnews:8016,8016,科技,a51ea4456e02f2f8a4505b3750d6983f538a1b9a96347eaaca974265628cbc99,retained
cnews:8017,8017,科技,37ab574e0102852a1ec8a8c41505c2635e004ba0f47d49b4841f352c5174b3a3,short
cnews:8018,8018,科技,b9bd79f06da2449a1305b0cce0765eaa84209a3e6d610c59fdb922ee30a6d6d9,retained
cnews:8019,8019,科技,85cf43d466356cf2b98877e5831108445865932ceaca14a5cd21a0d95f18ed61,retained
cnews:8020,8020,科技,2875c47d89fc0ddd886e09c235b0645f5a96950fd35c658b77fc7ae642501ba0,retained
cnews:8021,8021,科技,e034ae7e9c4dc4fc6dd2f1a0ab0c96f756ea81fac4b3979eec6893d0ee1d844c,retained
cnews:8022,8022,科技,b3519ce5689615d2b9b12a997b3e6b8575a0c81b3e453fb513592d0413adaf4c,retained
cnews:8023,8023,科技,d11e137a3331cd9049e1c4e8af006c78a68c6cb44cb3a460076a716438aabdb4,retained
cnews:8024,8024,科技,7c81205b7e921868dc05edde83ad0a5dd9b3d359213ab4706dcda1cccea1a56d,retained
cnews:8025,8025,科技,85a27895c2d445236064158b8482b926f3819fb9bee58f7e52c72fae9cc40688,retained
cnews:8026,8026,科技,581903b9c90409dab49a35d8c584c9d0bb19bb60fc1ebb3ab0a9321e66bad081,retained
cnews:8027,8027,科技,a09c49526763c01254ee598ad902c7770c7566d5ded5dcbda066e0ff9a05911d,retained
cnews:8028,8028,科技,22c15b86eb8e146bc8dc7edf063370231616c9831ae76fdb2e69fc615fc960de,retained
cnews:8029,8029,科技,fbbf48a645eef010684a57390180bd66872190bc175eec20ab2ea13b899d1906,retained
cnews:8030,8030,科技,091d23bd6aa86adf61903e12ad3640207e3e8cc9b9188482cb11be92f8bd56e2,retained
cnews:8031,8031,科技,167bc61f88439974ab903c250b990d09bb44f1448d117732d82eedf4ff58ce6e,retained
cnews:8032,8032,科技,131e706e469957994b82f46d7c22406dc3d658e85f25b2b6debeb4514ee0790e,retained
cnews:8033,8033,科技,776cf0ee22a91e53dc3986395f546d869212048ddb2c01d800e4ad44531d7d0b,retained
cnews:8034,8034,科技,86574c49de059f41c6795639713aa0605f119b35f59935e79ac85c263284a095,retained
cnews:8035,8035,科技,2621e65ec183913bf28cd43695f3e8132f20c0003ea7b9aa7492e8298317f395,retained
cnews:8036,8036,科技,be2d833b42f03f40fb368c549cacce61fa2ad4f989dbf7291016a3f279abbe16,retained
cnews:8037,8037,科技,d58db394949fd76cded40c4c640baff7c3f58e89b39301d26b732be33851b9f8,retained
cnews:8038,8038,科技,35d532d6555614172d07b25988956f10d90c0e23a025fd4ed54066c532202d86,retained
cnews:8039,8039,科技,9548a73968e6bcc8b974bf7f89dc7c4ac9aea61f0efe86790adc93ff77c3ca65,retained
cnews:8040,8040,科技,4a774fb5d9ff20622f2c8f042959d94c571388f2ad22dc9d7dc6ca6cc45568b8,retained
cnews:8041,8041,科技,31249cb3bac7575255b9233d872cb25c401c91a7b6af7fdf7e2fed1224a8b04f,retained
cnews:8042,8042,科技,c93d2d630f9c394ee1c66ab01a21c99b31300afbf55c41790aadcf2d268a8486,retained
cnews:8043,8043,科技,bff3415bb588502c061a4f8d46065d8088819ca9938b4ae1aaed5eabef0c9a9e,retained
cnews:8044,8044,科技,e59198192492ec53a25a23658a95577823e5cb9fd626c82f565b4bd1819a74db,retained
cnews:8045,8045,科技,86508077f4359e1b9143f3ed04497c999bce63791c662fb88120dcc26366fd19,retained
cnews:8046,8046,科技,5f1d28e1f24367068d7b8871d84d07eb109db0be8fbfc0bf6bd66cdd40f945f4,retained
cnews:8047,8047,科技,e02dc3f3797d2a741e04448832c6295f712fdf3235b861ec59b55b3a7b618011,retained
cnews:8048,8048,科技,3daca41cf2bbe8d462843454d12ea2e6666973587575b77db23cafcdf54ecb34,retained
cnews:8049,8049,科技,d03536a70d5ae9784cec5d31c572eb0ced6cee51dccce810f5b149da4df581a5,retained
cnews:8050,8050,科技,19bf359feb0180426a1919331d9e6e4dbb81fe77d70d1bafe84e0d21ba63d129,retained
cnews:8051,8051,科技,929affdf5e7d7d075a146b951e082270d86652883d9cc99f6c883ad5341eaa4a,retained
cnews:8052,8052,科技,15ee660e798d7ac87c1ad53349cc9d8de3c5dd22d12bea9982c730208275804a,retained
cnews:8053,8053,科技,5bbb6c0b127f73edcbd817fbf0bf4e49e018b00d3885986abeadb0db14a18efc,retained
cnews:8054,8054,科技,2862d7746e7ebce2513d157e9d9d16db080587073a3d4cdedf79184fdaa39f34,retained
cnews:8055,8055,科技,bab18b15b754bf9f2cb5b2e327e772c0543932efeda644d3b931e064fc0eb33b,retained
cnews:8056,8056,科技,1e7eed47fabe23fc2aaaab1d654f7e2d0c4fb3c12698aa9250cf4c739538b3c4,retained
cnews:8057,8057,科技,017e2f2458332999f5766267dadece0693e77be0b7f8b98d0f049281ea9181e6,retained
cnews:8058,8058,科技,ab1eecd652de8785bd233b20dff7157d75cec2196a74e590739c3b0788cd5fce,short
cnews:8059,8059,科技,f97e7f1851a3530c6b8144c578679b998156c9d5ca3c7b4a5c99dc1b9644bdf3,retained
cnews:8060,8060,科技,5be17e68b88dc595744e091eba228a5a99685e8397048f3154777b6dea158c82,retained
cnews:8061,8061,科技,e62ce6685d7822fd31790c17900eea244b22cb65f0b467c50a71cf6de218dba6,retained
cnews:8062,8062,科技,080e32f936822e7ad58fc061c1b7ee9621f89b7fcca3218514e960f1a57fbfa2,retained
cnews:8063,8063,科技,874c64ac1fd9ce791a0f92537b68850f6d5fd68cc5ab177efc21b56fd2b4a207,retained
cnews:8064,8064,科技,f22b03d1556713e4be38087e548e8061b71e9fc3caeb5899b537e11bbc2a6c2d,retained
cnews:8065,8065,科技,b814700c1ab40ad82c6e4876fbdfdb66bf9c1366ab4efad0237163ed88d7725b,retained
cnews:8066,8066,科技,dc2254d14b81fbfa8ef1e2d05a9d3d5e66bdf26446e7ec4916ed6a61ba2bda78,retained
cnews:8067,8067,科技,1e3349e7171791bced006731685064ae6dc737576b0cd13f0f6aa9705a2a2a6d,retained
cnews:8068,8068,科技,d2ad2a5973241b95a731e4368478b3a1869a7a7956727428278808f30ac9131e,retained
cnews:8069,8069,科技,3328287a208df4c6b47e4ae0b9ca52c76fe9eb8d134d150365641a66cf717a96,retained
cnews:8070,8070,科技,2b4f9a7693636a4c8affc83a9a85b267f08c0eb5a9ec3f9ba7237409f63ab9f0,retained
cnews:8071,8071,科技,94bf3f1f8b89f303bfe981230036bc2e91b59325d9bb490ba11ffd64a8d653d6,retained
cnews:8072,8072,科技,55226549dfafcae8df6678d75f0c1286c68209b7f5b54d896e146cdb8f10e5a9,retained
cnews:8073,8073,科技,fdc8908f6075ae18601353ca40060ac65e2b50b839ae8f7dab032cad65e12173,retained
cnews:8074,8074,科技,6fc2d6123253a5567bca040b3ea31398ba5bf4a6e53df96394250d7fd6b995b1,retained
cnews:8075,8075,科技,9fdcd0e171f4c0610b12eccd015af0a3b871cc200cd667c17085911e99a3532e,retained
cnews:8076,8076,科技,eb6ba810aaf33db010facae2f294fe13b7f093ef29d440d7fc05dca7b6e2d0b5,retained
cnews:8077,8077,科技,f51b3f6d4329e35e3eb7817acc13da82d3657fc6dd0bc78357620add860c14d1,retained
cnews:8078,8078,科技,0c662424a72cecd82c094511ad8ce9069f36503e9cabfa0dfb442f16e40595d3,retained
cnews:8079,8079,科技,e157bda3ccb79189e7822c508da08664d560c2efb62c12cd3a93d008deb80764,retained
cnews:8080,8080,科技,cbb12954460ed3c9cf54b25ed7e0096acc0ef9407dfba45f35efdf8c74c6d618,retained
cnews:8081,8081,科技,277b962843ffb52afe9d46ac106b1773e3bdef810c2867381ba8d4f77b3b1e33,retained
cnews:8082,8082,科技,43fe8cea4aeb92cd9441bb209fbf21c842999f05e07e3caa9e824dd476f989c1,retained
cnews:8083,8083,科技,36cd075e7a1f658581e9cb2251a32ae5020a15d315a2450dc511e8ebaae7d0d8,retained
cnews:8084,8084,科技,dd5aa956f9a5402be2e8e84906c10106cea2723d9d2dc3f96da6239151efed47,retained
cnews:8085,8085,科技,f747da096dc88c14db76e3429ea5f640d88432f40b6a7adf7b30dd2f536d7bdb,retained
cnews:8086,8086,科技,30779ad36817cec124e9f386856519d1f02ef514fa3907eb94ff2cc020673648,retained
cnews:8087,8087,科技,841ecd1786bad99f560d82d93f5be12b90637fd04a174ff6449595becde3fb71,retained
cnews:8088,8088,科技,a44ef9a2a57a1779c167f50a6d252c6924606e365753bbb79be4a0e6385b2ff6,retained
cnews:8089,8089,科技,4e4c496ad741094c8e29f97b283cdcedad88b7a15d1b8b57ac2d53dda20d1a0c,retained
cnews:8090,8090,科技,f64f84ff2d54dee6994c8520fb1cc9d9ab8b0b58816435a90fdba10560187d34,retained
cnews:8091,8091,科技,cee9c5a5d95d2b2ca06b6ddb9594fb7974606bdd24b29830414cf0a0f1354685,retained
cnews:8092,8092,科技,dafa47046183df13b191e97a46e30ab53815a70dea228cae3fb8091c9736f58e,retained
cnews:8093,8093,科技,e80fcc25b397772666d2842ceb41a43096c7e8165e073d7c8bd03a65e707b4f9,retained
cnews:8094,8094,科技,79ce663e5c2a080f74685c06dadb01f1d3afc1afa5c070f1e8cbedf7e7a8215f,retained
cnews:8095,8095,科技,58285c47caabe9d415be0009d33dbb277edeb3f6af76dbf93c1a21166a0ad25c,retained
cnews:8096,8096,科技,e4e481c4086e94c1ac2403425faa96c729ee5697083ee01f14fb9b9f628e2a87,short
cnews:8097,8097,科技,93a27c14f0e3619a89be2efbf5d96c5077b618c7287c5e84022dbec708225491,retained
cnews:8098,8098,科技,5fbb5db3afc8526cab75a6aac43fbb6eab668a7c3c237193918f2f4f5794b79f,retained
cnews:8099,8099,科技,a08f1023c422fa932dd8af557c916617465f29faacac39c77e41173c28280c70,retained
cnews:8100,8100,科技,7b13f9f60f83fe492be82fe0617958ff55e54df1ffe178379c96b0a4e6f12f87,retained
cnews:8101,8101,科技,9c02c151e69864a69539652dcd2c82b5dfc0640cc91c7a963568849d486b49ea,retained
cnews:8102,8102,科技,118fe6f2e00c9021f073c48e80fdc2fae9d4a089a23f7f5509e35f84d04d4b0b,retained
cnews:8103,8103,科技,b37f63f7312d13ee9ec757e3cdd56d35711db50c247758a73e8500ca82bb4a07,retained
cnews:8104,8104,科技,28f1c2a433913dbd7f6e221326c0f694561834c83504c269b9ef213c8b8cd79a,retained
cnews:8105,8105,科技,a75b841ef4d8ecffdefdd1e42188daee36bb76a1c0a6fc4fac9879b952c399af,retained
cnews:8106,8106,科技,6ab0310d06393667754efd4a12e748075af33c7e44e25bc186db5e6c9466fd60,retained
cnews:8107,8107,科技,c57b9193f61a5528662807f65ebbbb9d74bd6bf7900c82f6a0a06d2861f1512d,retained
cnews:8108,8108,科技,0276618ca0af1ce5a6cac8a754470a2b2f889c805812868e152bdc0d39cbbc8f,retained
cnews:8109,8109,科技,2dac9966df64f70a90214a2f2190c4f2247bf73ed0647a99e009c7af67337eac,retained
cnews:8110,8110,科技,08d8759010f1fd809ef1e5dd0fab7bd4cce344d4b6705af79dd305b3b64b5ec6,retained
cnews:8111,8111,科技,c5ed7c254a47212f05de489c56e5dcdd63e734810084692ce1fb264937847fc0,retained
cnews:8112,8112,科技,6a404237cbe864de4caed715c42e8d637367ce3792aac21aa1c2dac12dc31f13,retained
cnews:8113,8113,科技,a41d27e3ef07acd12e2a0eb2be49b97a7f68f494a56904e115f2a66cad1f5fc7,retained
cnews:8114,8114,科技,e12f3789547e24b4090d442462959e1412961a6fbe75ff9209e96d4d1c9f967f,retained
cnews:8115,8115,科技,c48191e9af0ff8efea59418ec4053308fb7135fb844b6a6eb5fe2c761185d293,retained
cnews:8116,8116,科技,2d546413fb726ad6de6cad4e1bcb5cbc8e63649ef9ed247041f0e374b0d98beb,retained
cnews:8117,8117,科技,e40e8a00f669b1cea93c571d0c6b2cf47b24b3651fb95ef044c40aa3145f9b9b,retained
cnews:8118,8118,科技,b95fa6af71e48ecad2a9ab45284ada43472c065fe2e9c2a595ae5f5e8a4a07b2,retained
cnews:8119,8119,科技,da9e795564e3bafee156011cc390cc087c8a4e4c11212b454f2bfb0004e171f5,retained
cnews:8120,8120,科技,179dca234f0a8d83bc2bd066a1e7c3a1a1beac1daf87171d0e9dae0716fa6fb3,retained
cnews:8121,8121,科技,bdf9994bc8a898a18893854b0695747d5a3bc57fc9e30f42aad96abfcdd86eef,retained
cnews:8122,8122,科技,4e8f9916682b784ad89acf1b5a8ce24f1d0d6c759bc666d032fa184986489908,retained
cnews:8123,8123,科技,dd02b32349133b97a163bfeb7f154b1a60e52256698f9a39a1ab96b83676afe4,retained
cnews:8124,8124,科技,7580ada8bd1a456ff4ecafb13d0f84fec2c80475e67a029d83a53f26e37527ee,short
cnews:8125,8125,科技,f8a768c2575b88a0367a61e3c94c1212190ba1d3d367f373fbf70cc94a2ca60a,retained
cnews:8126,8126,科技,60459c5119a52918eb43b717225d6aaf0272be643d1675976bbea3699df38856,retained
cnews:8127,8127,科技,1b76bb8102aefaa37659ce66930212ae6423f8ce3f8bbab93beb8bd2b7814080,retained
cnews:8128,8128,科技,e222d99c704044fcff3e7024e18732f78829ead8d797b57ae33637fbe4d44bd6,retained
cnews:8129,8129,科技,13df74869f796b5353084381c6c7557d8d9d2ced3ee2399c63aff65c0e9369bd,retained
cnews:8130,8130,科技,42bfdf448d61212508d7e097a1d0d8521554e86fe4417cea96545fc69f7ce5ab,retained
cnews:8131,8131,科技,bf79ec473ac05a4b07424ce21893efbb879e0545fbad5afcabd24d06cf6632de,retained
cnews:8132,8132,科技,c3cad5045c6c1664a5bde1e20f1e468dd6a88a7450b7028b8c80734ca27b2113,retained
cnews:8133,8133,科技,b9de374da508c3eb2944978e1910486231dcf22eea8ed0ba7aa5ea787972ebec,retained
cnews:8134,8134,科技,8a647cb4525a38a1adb0b6b207707131e023535997e414e0ff7d5735c658597d,retained
cnews:8135,8135,科技,a2f90a439beed3c39992f4430214be5cc2944bfab12ac52135fab37125ac05b7,retained
cnews:8136,8136,科技,21cd16f125b02a04278e6a71e6af607f5591bd0317ac895ed0743640d8eb427e,retained
cnews:8137,8137,科技,45a119115db3a3abb2d1233ccb029e8a37ef6571cb3bb7a191c17da27c9277b0,retained
cnews:8138,8138,科技,390a43ccfb6b27dabad50573548855b36c3313d55352a980e3241f1165f591d7,retained
cnews:8139,8139,科技,91161dad51ad0c1dc07c3308bb2252416c638f09098454779fafe77b524d5bc6,retained
cnews:8140,8140,科技,2c4fe9aa651094d0cd8e771ff3c98231361aa43284a2cb159b1f197aefbd0307,retained
cnews:8141,8141,科技,d7c34634dbb437d604dda09a5aaa0842aaea4d246004bc2b9999366a8adc1464,retained
cnews:8142,8142,科技,47d8992abc64168ceced94b78f52ff6c3284c489fdfc94187fca6b93da4ecb10,retained
cnews:8143,8143,科技,f87a43becd7ac490490d98f5594ae2fd8c203e0f60eee77528b21af72585206d,retained
cnews:8144,8144,科技,28cc5f0b98965e3228888ddc880fb29a02a85fddebfc45e4e0a7e0ea1e8038c2,retained
cnews:8145,8145,科技,c65e3905ab7f17c00589b7079649f4a373f5b3472ce97dfaf181b5aa9dbdce77,retained
cnews:8146,8146,科技,730aebf42e41859cb512cca89ac18e716620d0031ec20d5f5fece81375e29118,retained
cnews:8147,8147,科技,4ebe71c10a00d8cc209d7400c3701e5f5d050eeb87e4c29376836f4ac9704bfa,retained
cnews:8148,8148,科技,3f5c0e70fe3f55ccf6f6e1e58207f192b7de2b9642d4a3935c3ebe1c265a10e2,retained
cnews:8149,8149,科技,b9882b1e3fb956a844f570085500b5f3fa082b04d0da473f4677d25e6dd8770e,retained
cnews:8150,8150,科技,55d98334024a5e8fa8ee0c5de4fedd7fd4409b709df2bc93091836961f9a7ab8,retained
cnews:8151,8151,科技,c5b02bb373116781eecee95707691edb7493d3c381b8c32ab442f84bc6783b88,retained
cnews:8152,8152,科技,1af11700f977082b599aa40fa509980aa7e8025c8f7dc86fb1086ac989ed0f48,retained
cnews:8153,8153,科技,e3dcc13a30bc5377da5ddd93c898d65ee46df0ae585052ef15f10755a6f1ecd1,retained
cnews:8154,8154,科技,9b9ad11c73383b07dc2bca08ae1e6b69e201aa5ed900a44e91c33a92e4d250ee,retained
cnews:8155,8155,科技,6d35ac417571d5274ae60c9d7984caa79f866251032cad0f22808b7a41a4fb25,retained
cnews:8156,8156,科技,d29f749a51d5aedc19deef1e81fa26b7deae48960c91746d0342d9aafedc17a1,retained
cnews:8157,8157,科技,fa8b9b61529d46ad8cdce0d320f207389d50ec8a536ad6991b133ae2d4e15751,retained
cnews:8158,8158,科技,f0491e28c4e426b350ceb1136f81870194d7f5d23ff843085b9182df3c791815,retained
cnews:8159,8159,科技,58c8f682aefa3d45ff8e4aab4cd3789dd8dc92903fdef8787615484bd32777dc,retained
cnews:8160,8160,科技,1756770354d4ed0975202b0aa4a27279cc40a3c8c21421f120d900b59a9cea1e,retained
cnews:8161,8161,科技,242c5f21f364dff87213f476261205e0ddfdb9d86afd801ff1ae826a9270237a,retained
cnews:8162,8162,科技,7832a68122377f2753c84e8a95a0f8a0e4b8dd158ab61f4c606d57bb4d099701,retained
cnews:8163,8163,科技,6e88c230ff61e5c35d49e4b8ebd6bbf048a8c48a6bc3465bd6d45a873a9a9eac,retained
cnews:8164,8164,科技,6116a945885c6db4f2b1b6697ab0abd6d07e36879f113ddd0525d8febaa74358,retained
cnews:8165,8165,科技,3b566c7ec89d7d6b1299d2c0a35870bf1da7d952c3f60f3914cac5a6fbfc4914,retained
cnews:8166,8166,科技,cb2d65b7381918f0b4bda6215a99dec24265e5e3d4343a4c13710e55b766de4d,retained
cnews:8167,8167,科技,03047328e44f701c2ec6fe416c59da42eb7ecf548de57f21bbefe04ca8ef1e7d,retained
cnews:8168,8168,科技,594dbb0d4045122a5c150af42629f85a904e918c34251a217afe0b8431bd3a94,retained
cnews:8169,8169,科技,5fe2bd838e6debcf409dc52a42980c4b08692cf5a3ca9ea57ad83ee8bc76c40c,retained
cnews:8170,8170,科技,a08562c0d2fb30e778926f480383f7a74f38e791e72ecd54aea6c4dff1d4074c,retained
cnews:8171,8171,科技,0f29bf5fe204d7ee1481999a5743aa9fe84ad87f4522f45178d2d5caec016a1f,retained
cnews:8172,8172,科技,9295784be99e93f2a24d03eca0259843461b6a8e1aba186d07ceb1119e4b6ca0,retained
cnews:8173,8173,科技,3fffc039dc1f3d19f5ba1e7b8a50158005d28400ad8b2df4b486aec7d7e0504e,retained
cnews:8174,8174,科技,efbdb6729cff03ba18c81d843d643f712990070e54d03f3963539c33e31cb6e7,retained
cnews:8175,8175,科技,07565009e1e8ef7c724b85d0beca166b21f499c75f454d4ff938e0460690a4a2,retained
cnews:8176,8176,科技,7f7ba1ec8184edddd752f483785667a2c21766e3a02aff8300a5e08e544645a3,retained
cnews:8177,8177,科技,1d2ead1c1a32cd068e2b73bdb636911cd4410ac415b3080a2459d14f3a7f4e9f,retained
cnews:8178,8178,科技,d96508b84b0be7d1f434bb8ebf4c330e7bd08cb12dddd61c96733fd12c2c7dc2,short
cnews:8179,8179,科技,8e4f677c3f1af8a072476b82e0591c5ba6e819aa613e247ee894a6292a2a3ea8,retained
cnews:8180,8180,科技,aa33ef51da6b84013d750ddba97fc69677f4a203db61474539333e27b4e72b44,retained
cnews:8181,8181,科技,0d6516133e9229ec53f55c5a9f1007738cf2e8e79f50b1127b9f6376b14e6bf4,retained
cnews:8182,8182,科技,9ccdc7c31379d9096ec40971a283e413f69df73cf5ed679b010d755901ebf9fd,retained
cnews:8183,8183,科技,bb2d6e479b9831a171f70f4c67c208fbac33cd8cda9e4ec4b7bfc89465ca2e17,retained
cnews:8184,8184,科技,c4a5b8054739860f5dfbad49a7c5ffc4880cb21f43731688d0b43d4ac06c669d,retained
cnews:8185,8185,科技,4855995279110e8c1126abb9e12f05b12a03337ff086606695e0058222126ead,retained
cnews:8186,8186,科技,9c40f53703d6a05c7c3eb0319087ca6b23eb32d08dc1abbb69673bde6d678c56,retained
cnews:8187,8187,科技,63c920db32e979493f5763f48660e422f561b1de844d5e130e0e883a582e7c09,retained
cnews:8188,8188,科技,8065d41f8dba25f2c979bde36d884156adbf754555623ec8bcde7f24b4a3bda7,retained
cnews:8189,8189,科技,4fe457d076fee23c2a74340ac4d23a629de1d5a72f2d4653409cd5ccd4c991fe,retained
cnews:8190,8190,科技,6a39ae0cb6a32bed52e378fd16f44d80ede8cff1b755a5bea135f512f51c6e2f,retained
cnews:8191,8191,科技,b2edc3e9ea5094cc9a3b7bc8655961cf4f0efa0eed26fa1b8af86f3508e84ac4,retained
cnews:8192,8192,科技,35e44577a47178cde19d3443602e8e92d494489130021f8dd27e98ec6eae9d87,retained
cnews:8193,8193,科技,2b090cd58a408583ed2facd7b250d254ca1b97ec333b9457b995481adc10769d,retained
cnews:8194,8194,科技,4dd49bad0050805c23c8894e011ea10ca129c9a892b06a8cb6964ec2ac686f06,retained
cnews:8195,8195,科技,510f8b82c518613fde6bb00b9862c03081aba8ba73d4dbcaf8d7d12e7a7ffe97,retained
cnews:8196,8196,科技,140000ffe306ea1b89907c55de2cc18d956e9384608366a587a0ddf20f36c1ed,retained
cnews:8197,8197,科技,d1c78f3c6cd9cac3bfe5a00b41fc64d554ddc85b5cc4dcc0074cc444dba54312,retained
cnews:8198,8198,科技,4948e6550e11367eb826c0772a848bf8b72cc5a80b27194f134dae973fd6661a,retained
cnews:8199,8199,科技,1298bc958382050200bbaed8be620b27eb57f1bd92610b9a8711284ef981a755,retained
cnews:8200,8200,科技,681dd708b6cc8e6e63e08c6ed6804feeaa3b87c03fdb18f4b903ed053eb5637e,retained
cnews:8201,8201,科技,4696561ac0d7e310fac2053456e79f87a72617ed305be4870ed7989f7fa3f83f,retained
cnews:8202,8202,科技,3fee75545cced10b4e29c86b9bf426015a35b093ac924325fdaddad1cb6cdaad,retained
cnews:8203,8203,科技,73942d6d8e7545fa96d3006892804bba2874dd547d8cea7d40c5d4efc783ebd2,retained
cnews:8204,8204,科技,004bf478717d1348e592c884b391a8df3a9d2f60752a373f7e9326ff4537fc53,retained
cnews:8205,8205,科技,cbdef6991e9d22bdfdd1ef913d93b3d1132248dbba3961e6a3a0fb62971b9a58,retained
cnews:8206,8206,科技,9b3a54b028efdfe343cdf45fa92d248094aaf26869764d7d2c71048ad71515cb,retained
cnews:8207,8207,科技,67488893244faffaf35e3563b68c9c384f8bd487eab3e55b69e0cdf9a57b66c4,retained
cnews:8208,8208,科技,2166af5195dba12aaec01f0610a728e27fd40a9ea9245841e3c2570d37d7fa5c,retained
cnews:8209,8209,科技,d1726e01727bb019570567cec818725975a2e8baae25180949dbcb4999c750c7,retained
cnews:8210,8210,科技,b396553b60fc501e906e2c8a8e5cc6d057686794ed10b339df3b69bc8e8182a4,retained
cnews:8211,8211,科技,7872d9ce355b95e7f84a25775035d6c4f8fcbc8d68d2c3eccc89f023112af6a5,retained
cnews:8212,8212,科技,4df7f8532ac92ff47973bb1ada02add3bd95a7400bad4dc29511626fd8186ccc,retained
cnews:8213,8213,科技,3d748b3ccfdfa96dd93a81fb0b582dfda289b965433a1a2d76bb441438d3e7eb,retained
cnews:8214,8214,科技,5dbe7c990bb01940cdf469481c93d66ff9b4f9d357dc6b18ea835f486f342a00,retained
cnews:8215,8215,科技,a03a8d1a9d426113e78eef6dbf49323d7c863b8eeb52d13b5c5c7d75a7bf7005,retained
cnews:8216,8216,科技,877e6c35a71aba5a736b2ecb53733632820f626b236ff6d9267c6c0b72eb612f,retained
cnews:8217,8217,科技,73147a7948222e184ecfb12cd8f4aa2773bf065c237beeab9dd31b1448466002,retained
cnews:8218,8218,科技,fbe56e5eadbdf90a5f073bd08348ee79bb9229f7ee1870a6bd524418da58517a,retained
cnews:8219,8219,科技,0d6e13242a5d67737f7a5a47a8d2dfe671cd88472602aa963f44a34a268b08cb,retained
cnews:8220,8220,科技,75b3c0325aaff42a2a61da0e1b387c190c7017261be14646a5bab6be93dc5617,retained
cnews:8221,8221,科技,d72a14d509d11349a89f1c01bd964b360cadc5459b139c9898fdce47d789c679,retained
cnews:8222,8222,科技,e24c1219cb102373b2720ec523e912a8df30e6ee7a9bd00f103c9942dd483965,retained
cnews:8223,8223,科技,9781cbaacaeab5ba5f6d57e2a4cd2f88a248d8160488f537396e7adc57c01445,retained
cnews:8224,8224,科技,080505c306bfc4c91e4f86fdcecc700bb19af54b4f776d0d466982bd0a5f5dff,retained
cnews:8225,8225,科技,e5afce87890293f375af066f75ec2e46344c284ac37920fc79c1e82709322ec8,retained
cnews:8226,8226,科技,979a7a7543bea5893af310c73e052bfcd653f46beab56de7f1255cd740552529,retained
cnews:8227,8227,科技,afbeecc66f8f070ccc49db6f854e2b05211eb35b068f7b12aa69a44a3994383c,retained
cnews:8228,8228,科技,09e1495e1e158715a3ba11757b55b9c886b9f68989bb3bfb672512b8be0c2176,retained
cnews:8229,8229,科技,b73d5a6499100ab7af5a772855039da43076a912f72ab822f12c71abc3aa036a,retained
cnews:8230,8230,科技,d1e3495804a879067023cf5718c9398441c38ec62b1e314424fec05cdfd44751,retained
cnews:8231,8231,科技,272bf57ac5ba3a046de48bbdd494f47bc25df6490b1c57578ed02f96d4f94707,retained
cnews:8232,8232,科技,96c588cfb2e52f1ccebf8fccb5ceb8eb3fb32442d682145523d3b87f60a11520,retained
cnews:8233,8233,科技,83b377d2875c29654252e530182e140e0c89cc2cf5949b577f311633aef6105b,retained
cnews:8234,8234,科技,501d828400c6e2bbb65f278b7a23df28988a1a9b3554ddab652b65b700600f79,retained
cnews:8235,8235,科技,ae126baccaee128a00a295e5f68cd1dc2b6bf8851dbd7d64f12b13e1ba728175,retained
cnews:8236,8236,科技,06b92b7a13f31113d388c90612107cb7d4973922c33d9e4d24416fa9885ddec9,retained
cnews:8237,8237,科技,f8d5a58e52d059a65cb7ba2ec82be1e625c63f154c9cd308758ad80ec57ff812,retained
cnews:8238,8238,科技,f79a3b2742ec34b7c49780d8151e52e568983679abcb7acf018ee57210cbcd4d,retained
cnews:8239,8239,科技,8ee27280fc8938f67d917721d7da19ca71702a75fbb90b91b87c7eea1d82dae9,retained
cnews:8240,8240,科技,b2f5d650d72fdc380925600143d9c073788e4c62852a3fd2ba7a51ecf1bdcd1a,retained
cnews:8241,8241,科技,fe68883607931ebea7442263051d8443fdbba1005d95a0a9fdf2769cb141f91d,retained
cnews:8242,8242,科技,f416edf2586134eacef7ac76817c17b3d3ad7c2c1876f2f28fdf76d83f4b3986,retained
cnews:8243,8243,科技,52b1d41701fedcd5d82cce290764cc67412e9b20db6818644754e4e2603a1262,retained
cnews:8244,8244,科技,2fde286d8969b589c355cfc1b47dddd325bebd8e4568cffd6d47a631bd8e5ffa,retained
cnews:8245,8245,科技,10e8993821a6e1bcf4e7d3e5d51bd5f9b0c5d69243cb0d2cf7e7c281399117cb,retained
cnews:8246,8246,科技,3281da6246260de2d2252c424a5a09a195896b404c8f8358387fc4fb9caaaa67,retained
cnews:8247,8247,科技,f8e02d9dbc85a34d09693e1512fb458cf58a516ce05f1a9ef1ca5217d9f9f42d,retained
cnews:8248,8248,科技,2bf3f307d07435d7425426ef8d8fe96a0f97426adc8dccc867570a6b8b9e9f78,retained
cnews:8249,8249,科技,d2c4b3196ebe91a5ae9699f4f668678cc2f11a665b2fc91bef4ef1344f60c341,retained
cnews:8250,8250,科技,e6d834be1df17bb34babbfc7c57e4b784708bbeed69fbd582a53145b9c04cb2f,retained
cnews:8251,8251,科技,330079e40003932c1e795689440d621df72683fde3bb5ce2f216d50676766f9f,retained
cnews:8252,8252,科技,0c9476dea4858274207995e1f998c4016a3e0b99aad5da827869c8d3097b89f0,retained
cnews:8253,8253,科技,d34ceb6e2ad4de4eec47ae3726c5ad5dfb8dfb933474a19b3f04d6fd45e28ba7,retained
cnews:8254,8254,科技,a5b315b0d0163915f34755964ff326635664f1667ac2a95d9ffbab074c7b9a17,retained
cnews:8255,8255,科技,cfdae79125c4d840113a9470ef27cec7bdcdb8024ff03562b453ab7514228b4c,retained
cnews:8256,8256,科技,9fb21e4d6799edd1e5b57f6036dba0c05ca5783442eec82ce133be1ece122916,retained
cnews:8257,8257,科技,16d53a73e5488471944c593e0b72f742afced32ae5b278f6c5791b8526748ad0,retained
cnews:8258,8258,科技,daec6fb062d645005a1c006209bb4853096f60cef8c0a236bf3cd2ccc62b93db,retained
cnews:8259,8259,科技,d6326d58e4ed81735af72ae184134245c8b8ceae81787a14f152909c7f322a25,retained
cnews:8260,8260,科技,ae4ce251f6e0c9cc6acd6781cd51f94e7029606b1f98a81c998ac46a9fd1fee5,retained
cnews:8261,8261,科技,6aba5dc9bad82a1eb70849b86ae2b741722f47017665242801e010519dbd1372,retained
cnews:8262,8262,科技,21715ae358fc84cbbcb24e4314b4a5832382f0a701fa4ed6b5193281fae2511b,retained
cnews:8263,8263,科技,fd1b36932cef29c04b81f41135e3ebc55c5e9d7a6468b8603f9a2f352b8c88b6,retained
cnews:8264,8264,科技,8c69cadb0358964b935db2bfb74a7992da8293889ef7f0d66ec60271d86daf05,retained
cnews:8265,8265,科技,70c48853ff77374fa4a5f90b92e92196f23ed968456e7776205e32cca32aadb7,retained
cnews:8266,8266,科技,06edea367cfaee007e0a38c9db1b46223f621ee80e43605ef510842ebf3afd4e,retained
cnews:8267,8267,科技,decb33de0569f5175efead7db8dc69096f532eada480767efa98c33f6c263028,retained
cnews:8268,8268,科技,e8c1c4909f47149ab644a638a33dbaea53c6b1c0780f31aa2dc6fce708feea14,retained
cnews:8269,8269,科技,a2d85bbb559a01b60c6d715dd3b084282b03a066787b86a4c21dd26f7719b9b0,retained
cnews:8270,8270,科技,0f3a2f04641e6d27fd8ad8423d7bca918eaab9795bcfbc2d435709286cfbcfa1,retained
cnews:8271,8271,科技,06cbbbde6bde4d2f3875394a2028a660b057771a2fe6bc651d648d2d1f74ff52,retained
cnews:8272,8272,科技,ebcd978e575633a5fd76a6232b0a20eba31f8a477192cb11b1b9936e849dea1e,retained
cnews:8273,8273,科技,7c9b157d3bfa20bab7120ec02444da553c16da99f766326ba4b44791c222d9d6,retained
cnews:8274,8274,科技,094f1eae7ac3a1e14b54d152258cfd3685c74a2c1fc35fdb107ff31465e3fae7,retained
cnews:8275,8275,科技,adb0cced72906f679ba317b3c26f00fc739fe568a1b283f9e7b3df5b70dc45e6,retained
cnews:8276,8276,科技,9bc3c61f5380051d0161d924a04e55e93dd39123c24843f061508fa347decff9,retained
cnews:8277,8277,科技,57b7ed7cd36980976fb2d4fccd93747a26c2cea62b248cf127ce817ee1d66b6f,retained
cnews:8278,8278,科技,151f515a8f814df2144031d8b7642ea1a9d47ed892682e148ba0c1bd25606820,retained
cnews:8279,8279,科技,68ed3c33c946d0542451a4b5c82b3502fdbf810b2da5c4c1f7ff8ed6bb9951e1,retained
cnews:8280,8280,科技,aba5693587f856a607357c20163b442700f16a48222dff6662a76642a7e4ac49,retained
cnews:8281,8281,科技,af99120f0e568d1cecbfa8a35e66176e4c01a7a8b5812334c0f5ea0a9ed8cf85,retained
cnews:8282,8282,科技,a8e4ae5bc00178716fbe38184feb8f61abba19006e18a03d66f98a833a2f82a4,retained
cnews:8283,8283,科技,eef6fdf139f61ec64a763bd315104d58dec4b862a47d8550525f658b1c73164a,retained
cnews:8284,8284,科技,08424e97786b36b399198f878406484b6d70b7120935514f0f2ee3989ea9eced,retained
cnews:8285,8285,科技,09ddffa4934cf801f873057bcc2b6c25d61d3389d984584a663c3ca7e7974db4,retained
cnews:8286,8286,科技,178a8e3767b4bb316b5d03b71b3c8beec2351c77a064ce15a89fb365f76cbc40,retained
cnews:8287,8287,科技,b3e44800d7b7b72a69460faa64a83e0af7ff194c68bcb2a72b6ea5f20957b6da,retained
cnews:8288,8288,科技,7cfc8492b6ee4fdb88160ee132adbbc97619143fce41e245d5eecac87a0cd571,retained
cnews:8289,8289,科技,856a77f74b582b93be1bae0ce34ad76d41da37a02ed75ca701713b61fe7f55d7,retained
cnews:8290,8290,科技,e1b0210abf5e25b56153ad42a1ec47e5e1a03e9325b6d091e7f62ca1bdf90507,retained
cnews:8291,8291,科技,5b81d60d1c83f7d517ce24cd7d81584b14402eb023249b38446aada9b2f68b47,retained
cnews:8292,8292,科技,96af7c766ba22e7d606248e96e3fa0f1433adc42a82daf618c6b7725d846c584,retained
cnews:8293,8293,科技,6b5d9f09d55b85481d072ab552b33032245301e407612ec591822fbbb7b401a1,retained
cnews:8294,8294,科技,e728998d7a26707bbf9b182154a79be650a441d4fbc9dea19025b0a232a833ac,retained
cnews:8295,8295,科技,e1d5b91451c4c42fb699e638f617459033b26d8094f967ccf0d09ec972db23e6,retained
cnews:8296,8296,科技,af0e4888e880501ebf76dcf42b1f2c228322ed29c1510e36a63d9df89227feda,retained
cnews:8297,8297,科技,48e8d98cc08a6fd337a6c3ed0d01fc689a901165555726cf79c8f850d039148f,retained
cnews:8298,8298,科技,f66930b14916d5863af5d61f7012319939783b04071759c9de6d291d74766036,retained
cnews:8299,8299,科技,7b3004de77d06509ff07e5d2c9b0d4d5db9a15ccd652e587e588e90dda01b7bf,retained
cnews:8300,8300,科技,af301f22d8f94fd816a6c7d0543e3dbc02695669fc0234a195f96ba8c24b89ee,retained
cnews:8301,8301,科技,dad72af35a8b48337fde6ed2b9a06dd24267ead8e38aad139f91b64e9b7d51a0,retained
cnews:8302,8302,科技,a9fea8289dd39132e76fdf98a34a10fd98ac6bdb0838023699bc2ab91d1e0043,retained
cnews:8303,8303,科技,53224c2f3f01faf8558017378da8a444504ad80af7efdfc20e42869780c8afc2,retained
cnews:8304,8304,科技,807fe6667c6aa6d59edec2899783c752895bd45633332d9204a09fc62d176937,retained
cnews:8305,8305,科技,0401d10a94b5bd5cb7cc4e6bca7ae4879affbdf5c6542db2105d0768ae21362a,retained
cnews:8306,8306,科技,50ef0bf86c0d81d2d4e41a14f8c97d156483e4f32f7a3cfd7c9ce3b0c9afef82,retained
cnews:8307,8307,科技,2a138b2f32291ed7a9db5e2e86052d0e96fbf9503e358e6dfacd89c3c2a1675b,retained
cnews:8308,8308,科技,0a789d26f1919fd72f9c48b4896f1f7a0203a2e7674cd587fc2d6e2876815a6b,retained
cnews:8309,8309,科技,91db4d63d236eb013abeaf2e33181d075574b6252df33b655578368554cde4aa,retained
cnews:8310,8310,科技,138c044eeafaaf92d05ef0e43cc8a6a2a41b4be1592fcfbd7b78fde30910b72e,retained
cnews:8311,8311,科技,1adf718f0e3432900fde5e953803c7216663d7494fb7e4caf492bad4bab26bbb,retained
cnews:8312,8312,科技,7b50af2646adceee411cb52813a94c96dce919c1a5a0f4e8473f1418519ea468,retained
cnews:8313,8313,科技,f39c611bf97bb0ef1e92e6846ef41ccec9c3cf4a457a427765f938af6cd18a55,retained
cnews:8314,8314,科技,94812f69f72c03a5b8c527fc402fcc59c646df3a404ddfe6fca89096dfa6142f,retained
cnews:8315,8315,科技,1744f7095d85eeb7e3381618fd0b3a2e01d828183c630009fc075ffed6c0999d,retained
cnews:8316,8316,科技,fb5c80786742c6b06b934c673ee858f07714bf4d942f8cf7d9da6d6a3ddf70e7,retained
cnews:8317,8317,科技,7d592d974914bfb1353bd4f09a986c354ce9ff462e2e807f2b8fa671ff908808,retained
cnews:8318,8318,科技,05e55c1f44bb112c9944f2f58fc5017fa0c1f38b494cb7024cdd8ef2c9d19b81,retained
cnews:8319,8319,科技,2d95fe65893778854a0e78ce72d747772970497dc44f3c066fc05b8783aeb6f5,retained
cnews:8320,8320,科技,35bfc0a4394eae1b7a043f551b12159b3d0a4f557770237132bee69e41a5731e,retained
cnews:8321,8321,科技,75c44cd3993f3740003aaca2061b765c990efe2cd62cbbd44a76dcd184137907,retained
cnews:8322,8322,科技,a1a5a09a260d4f8641ce4eb4dacccb40e202dd0eedf434d9ad289b88e0f43a17,retained
cnews:8323,8323,科技,6a560f777b6c5a5acfe7ac04af1bdc594d3800260b7ae329790b1fa7e18d7fc0,retained
cnews:8324,8324,科技,51465d91af2f9fc3ba75bfba722de4afefd9d00226889dc3fde4b3682f893fad,retained
cnews:8325,8325,科技,a26aad7f04c5a4962b89254c7b40aea22409417e34f6ff6cb080aa18c7cd5501,retained
cnews:8326,8326,科技,ce6e49c22caa4fe3417586083a2e64696e5108d8057690160607ea954596e00e,retained
cnews:8327,8327,科技,13d2620cdbe3b247807b8c773bd7862ae9d5348aad7547ac8392d56b82beaffc,retained
cnews:8328,8328,科技,847ffecf077d8bff778e954befb49818245dcc6f22bca64a125843b2d06e60a9,retained
cnews:8329,8329,科技,0b33b1cd14dbbd21e96e13c39d1529d8dcc5486da6a8f31a565e877de091f9d3,retained
cnews:8330,8330,科技,748d66e64d640ef32ed49e8f969b8d8a0b708536e694205102bb92a5101a5894,retained
cnews:8331,8331,科技,4ff3806f4cc2b2568458d90db722a711fd3e48f2489806ccbd361c798dd9d354,short
cnews:8332,8332,科技,b8c37b76846281b72ec48ac7c5acb4b069be33b7f294cbdafd58698b3a8e7a94,retained
cnews:8333,8333,科技,22ee00c906945faecaa45cf8d8d934599b676054eb28e3cf3e61538c61163563,retained
cnews:8334,8334,科技,becd722a13157e4f0069bafd0423266a1b73ff27a4190e7e2deb614b3e45bc65,retained
cnews:8335,8335,科技,b165a42d8bb9010639a4ef7c1081655f5b38951c443bba1f3db6916f1139bd4d,retained
cnews:8336,8336,科技,42a35437c2e23e15299e4895b0bbd7072c3b177ab272249fa8e00965f073ef2a,retained
cnews:8337,8337,科技,6400eb70d208eee4bfea418859e1d025533415c551e847d8dd77fef4686cd157,retained
cnews:8338,8338,科技,ec66ee1ea668f5f26edd87982ba574fe3e9cd6945011b139e74420588dafc12b,retained
cnews:8339,8339,科技,303f0a5e689cf7e08534650b3be6b645859e8ab20403dd8b9793a4dee5f87ca2,retained
cnews:8340,8340,科技,d04249aec11102b66540a053590921aaeb3f1d5d6333e7cbd40779a7d64a2c90,retained
cnews:8341,8341,科技,95eac7cf35243caced33ab0926c8c032d8a318b4196ad3b98e53da06b6414c1b,retained
cnews:8342,8342,科技,5da34d32883e559eba577af99e50b40d39ecd1739a94f8cd843e159b832c29d0,retained
cnews:8343,8343,科技,f91addc4eae40d181c3b2f5001af0c2b4b5a27f7cf494a32da139c9473664bba,retained
cnews:8344,8344,科技,e12c10643c3ecf63f7babb614c711ec46b876cf21f66d6286dc11ccd5fe71541,retained
cnews:8345,8345,科技,0f25365d47f06847132b75bffcc2807c0c41b170cd88132313213513194b01fa,retained
cnews:8346,8346,科技,2f93c4a959626bca94852bf7f8aff0bee9418f621c7f6e84c33981c6f2f4077d,retained
cnews:8347,8347,科技,e21a60283debf92941a190a5a16d7bc46050587f61a400fce582a96502984faa,retained
cnews:8348,8348,科技,9c9af67b7b3f873210a94cc53101f5b5ac7e4b4d6c05f74fc26c9ce28d62c989,retained
cnews:8349,8349,科技,10936c4a183ceb8a6843ba75f3da50d7fb69f52bf75f6c8ada7027b5442b63d4,retained
cnews:8350,8350,科技,cfe7af56938438f7845e7e9181553526746136ef2e6f1257066e4dc67f3021df,retained
cnews:8351,8351,科技,1d785f83294ac42dd6f47dcb79f280fd5cfccf1a88998963991070f4f0ca20d9,retained
cnews:8352,8352,科技,a067cc5e8c2ce4f3fd545458d1d844454ac1a088f372dea345c74c12f9be2ca0,retained
cnews:8353,8353,科技,d8c6f2995398e30676c3d09bf68a264c388f4906b783a7ff6c7669cee6ca4e8d,retained
cnews:8354,8354,科技,246e0d0f67df7147476800be2de592ac30e92390b3d5f13da798e8ccfdb1be13,retained
cnews:8355,8355,科技,e65715672d48007c7b0c629952d1f6ef7f45a053dee2fb098344b4f373af6b96,retained
cnews:8356,8356,科技,db240ec284738e350559f921f8a0fac83dd44d3bc8409e16af77f0f221ab37da,retained
cnews:8357,8357,科技,36798b6620934262aefea703e8f8a17d28d43a506cf3eaa466a747bbe7c80518,retained
cnews:8358,8358,科技,de7ed4510e105a16f2166349732cc338d16ffb51f9fb45c9354b2b3641acc469,retained
cnews:8359,8359,科技,f679e45eaddbc6c0995ccc129a6562d82893c308d585478088b58e06087def52,retained
cnews:8360,8360,科技,4ba51c8539663954f3872a005c2fbced58e7d798eaf0565f7e7b2892eb6cbb6d,retained
cnews:8361,8361,科技,a19e41ea2fbfbc6d1ebde422f8381181a8b9175584634f4c1f53e8de773a4c4b,retained
cnews:8362,8362,科技,ac42433abe1e2ae099dd9ad537ceab75b48f74c2cfeae57e0981ef200e1616e2,retained
cnews:8363,8363,科技,3f66e636902862e27b4d207c0dfed38b9f947dfea983fad4b40b332dc2a3252a,retained
cnews:8364,8364,科技,7aded672d87b2c38ad1060f2aa3fcebdc578930cf72f77672c13b9c7e7adca84,retained
cnews:8365,8365,科技,bf99f2aabdc50633fd711e93d4dbf2e2ddcb2dbd9da5d2b2a10c859f267669ee,retained
cnews:8366,8366,科技,fbc134c000829b85198657e4b7e9ca0b749de9551fc44d8834cb2474ad9e3692,retained
cnews:8367,8367,科技,e8b4d6c326c2d20a5dc1264c3715b29d043c9a948a1c365c34c8c9472d02869b,retained
cnews:8368,8368,科技,f4f5b54356b250f983f02b01dc34887e2c84c6cde4dade225ecc5d0b5bd7fd20,short
cnews:8369,8369,科技,2dfe86891c756d1c45ad0cb10b0213aa1b20de9e9dc71b4469f285d034000699,retained
cnews:8370,8370,科技,5af507607b3edac98642795d1d98b1d6975b3aae8b4d8e83e1fb562e8a16b4d9,retained
cnews:8371,8371,科技,e34af4771d258d020ca2b35473b05fec241eff64f86c6811ca0621e055f8331e,retained
cnews:8372,8372,科技,7b1f911202f1e7298a4ecb73fa8c55ef05ff6e23edd46d6d69f8e5a22ece45fe,retained
cnews:8373,8373,科技,b7d2285ee9ed3c70953084a4a2dadab20de2e40ed07a828f131fe94a2deb1c35,retained
cnews:8374,8374,科技,d0eabb6715d6a1b5c45c2f05e4984e26d7b290c9ca43028804a2f19328721943,retained
cnews:8375,8375,科技,feb38fe3e02888dabf496d5e2eeee9697f7c86fd8cf391e55a7336768fa4459b,retained
cnews:8376,8376,科技,219195af6a27243e8b4f4ed8ac58094cb10f4ada1654389b890fb902ffd2ecbd,retained
cnews:8377,8377,科技,3af1c75ec20b35e565d252e5f484ea3c260e5c14116a5f064bf22f302281baf1,retained
cnews:8378,8378,科技,611ec737202aaf168412389eb8f339a209ea961fb4e66ca9624251593b500f22,retained
cnews:8379,8379,科技,8f5012c3ba674e2092c1bea1ef67534980fa3692b72e74b0789c626f476abbc5,retained
cnews:8380,8380,科技,bf4c67a4c7d9531b3fd46f3e137b5a0b51f62fb241bf8c9dc6e2c287eb1e5f8c,retained
cnews:8381,8381,科技,b670ec32de77a47eae6b92d3cc63b674047057e032e42c2cfbb3978e9fb7b92e,retained
cnews:8382,8382,科技,dba7e2650668668650c2b6d716c605fa5f4083daa2b1910f6dc01b89f1191805,retained
cnews:8383,8383,科技,ab52b92977895328ae2deedd28a7b48c5df3a6e1858fb69b43d27e5b59816b7a,retained
cnews:8384,8384,科技,dee419ba69e7163e7eb4be3f24070a333baaaedb04d764d2bf6a9a4b98061961,retained
cnews:8385,8385,科技,626ffbbeaae527d8c627582ce5ce2c37514412066167d507917bcc89419fe8e3,retained
cnews:8386,8386,科技,bc4e4638e7f5c0dce3efb0aaab6051b602bf61803174781554b9d0db5bf236e5,retained
cnews:8387,8387,科技,d18f5d6aee0b749ea99266afcb10a8494a740775a1fef7b4615d5d7ab82ffb79,short
cnews:8388,8388,科技,a89555547569241af9179dc9ceb27971aec31825d55d17c07371e283335079c5,retained
cnews:8389,8389,科技,cd08de4a2848ffee8b57377b3c9a187dec8ded3fa85f8a6b57b747941d5e97dd,retained
cnews:8390,8390,科技,cc5e57e76f30cc7c437e227b193c292d3759ead7015c30e38ca31fe261aa3027,retained
cnews:8391,8391,科技,c137bf5dab164a334c4f427a22241d763f77a3fb8be556173cae94356437f52d,retained
cnews:8392,8392,科技,89f597aecd0e123fdcc9eeccdbe9a2cfe2b1c9c45327c84e898f1eb423941a7e,retained
cnews:8393,8393,科技,626a191e10a8f1459603860ef6b39df2add9ae12a52cbe10cf1757fe54cec68e,retained
cnews:8394,8394,科技,f48a2ded490e82712f153d0fa96b3b1f8e64504d5d23a2e7417faf3be4bf2eea,retained
cnews:8395,8395,科技,4624a8d5451d4818acf04723278a1c03d4b8741f7153fcccc76d692392e12afd,retained
cnews:8396,8396,科技,600be8cf629dce38119e522bbed38ccd80cd98d7f71fa0efa5ee22ad3ee767e6,retained
cnews:8397,8397,科技,dbcb6c3d1b3f9275d70070ef0d284d635767047ad80ca14b7e47ab9133814ef5,retained
cnews:8398,8398,科技,c0c8721f59b566f91ff0f2783bf5ecb000c9e8ced76dd340c9b58ee53ffadea8,retained
cnews:8399,8399,科技,9991753cf87fb4f78443e403759a77a1bab0cd4fa2640c88b2f8393a000efdd2,retained
cnews:8400,8400,科技,97afd9b9d08205bdc2301fbaae5b22ca5398d4eb12e56015f9bb020189e246a4,retained
cnews:8401,8401,科技,2419c6d89df176197a552991df7cb455b31d27b15d8b12617485fbcbcc27ad67,retained
cnews:8402,8402,科技,ab004b10469b5b66db9cdfdd5529489bd0ba41998e41cb561ab7582c08d6ac87,retained
cnews:8403,8403,科技,ddbcb3ac2faa07537bec644460b7be34f7961323513f6869350fa143b2dc459c,retained
cnews:8404,8404,科技,937f58482af83c135dcc3eb174246f9309051ae23d0871010a0eadd85c16db0f,retained
cnews:8405,8405,科技,68acdf049cd0a0614f9bcc9192afb7c57cedb00ae44ba105f0a0d859946ccf7d,retained
cnews:8406,8406,科技,fa014f87b0a09bd03a98ea41fd71488073a9ebdb4f143dd25e24529a0af69e4f,retained
cnews:8407,8407,科技,dcac3aa4c810fa2f5e3ca0f1e72da7a1af34559447534dbf0b575e36c8fad602,retained
cnews:8408,8408,科技,054648eb0c2102edec7c41dad80d71a80c8e92b5c0abe040f2a8ea57d6e6d7fe,retained
cnews:8409,8409,科技,d30b25fafda852502c2f55a5241acf83538cd37d9f8f8af896b67a2e09296d23,retained
cnews:8410,8410,科技,7bc1e1c89e87f0ef3a5b63084dceeeff79b2a5e53fb69382f7a4425ba1609a1e,retained
cnews:8411,8411,科技,c4183e4f6badcbf3e42cd53cf8625172f4ab431fd92dae466b4feef0bcb35ff3,retained
cnews:8412,8412,科技,417504769afb24f11645c6948b67dd8215a6956f53464c55fd9375cd597f2b70,retained
cnews:8413,8413,科技,91791a1ae9d36a05baeadf419d371b6cb30ea43a937d2979222b3eaa2a1ffda7,retained
cnews:8414,8414,科技,3e944e71452f3ea42e6020d6a30a71b5d9ad46fdb5661da73cb50ab657badab0,retained
cnews:8415,8415,科技,1fe19e77576880184d18c40bde05f32cf321cc40da9443189bfab73a18f65cef,retained
cnews:8416,8416,科技,7f4bc631c36f4e52cb20be48b5e0ff58d4018b432c80b3e2f31020db5a7704fe,retained
cnews:8417,8417,科技,61f5ae67b86e51304db28e897e46fb40f917a08f90286c6baf9a3c2bcc10aa34,retained
cnews:8418,8418,科技,0eb051096ae939c74fb3ff8a05964ecbdeb69a31ec4725fa81c087d29f89939e,retained
cnews:8419,8419,科技,70239f614f2bdd6a1a9421a7478bd69d11775728bba3426daacf5fe5539967e6,retained
cnews:8420,8420,科技,6d97cbdba2b5eb66a12d6550c1ff33811c9e78543cbf4872e0e4c78ffab0bed3,retained
cnews:8421,8421,科技,d7abc8f4cd97358bab6d4b4ec1b5716050031a80f7bee2e56eb3b2a74824f831,retained
cnews:8422,8422,科技,5ba693441ed29299be19dea0e3dad16290f3daecef6538a002cc939712c85947,retained
cnews:8423,8423,科技,d8bcac8100e22ef3fd444ca7ce76adc93ee328375e268c750f7ba181c75da812,retained
cnews:8424,8424,科技,985689fc5e0ee800026b7906b4511f76907d9d52359faaa5f582e4294a4ca31e,retained
cnews:8425,8425,科技,8115eaa397348bfd0b1bdd94b38ad8b3b089129449b9fea3e1d63ed71a3eb973,retained
cnews:8426,8426,科技,73d269c2c8d29363373e55c80bc22b4018c4e17b8beec84154b7c1784c85d954,retained
cnews:8427,8427,科技,20ed74778f0846c50d52bdc104ba37bd9e0766d9f6978ec5f8b08d4642107fd4,retained
cnews:8428,8428,科技,b1359fd307d77ec491080223b204121f5de0b9807a1e9973c4fc0b2f393e971b,retained
cnews:8429,8429,科技,5c3e8b5320b98345776eae3ea5f191b8cd077c55e41150c0e9cd6bce11c583fe,retained
cnews:8430,8430,科技,a1577d947874a721be9dd56d1d506ee8bfacd235355bdfc242d200f3cf77268e,retained
cnews:8431,8431,科技,638a94445f0fd069ad31cc6c4b3ea98d788a57fb67c77d950ca0c6ad613a672f,retained
cnews:8432,8432,科技,cf2af50fe15e6f0096a79c77925c74534b0b5a27a0a5ddbca83a1974cff9abf9,retained
cnews:8433,8433,科技,669380d142619bdda1b288e2f9bb97e20ab62b99bc8b79a636abbb7acc108914,retained
cnews:8434,8434,科技,cc981dc09f8468caf3eafeba66cf0e3c9a257b8b292f114fde19fb26646b477d,retained
cnews:8435,8435,科技,2e5afe07f41a188921d4c33f089c2064abc596dbacc018ad121f462474f326e9,short
cnews:8436,8436,科技,06813b87561eaf1475ef379d5efb0fbf7ba6d28abfe9fca6210f9f54545540cf,retained
cnews:8437,8437,科技,dc38ffc249b737b10cd26d11a1f4468fd759031d57c8799cf19133d233bb7731,retained
cnews:8438,8438,科技,e1c0fbe5f9ef6b36a4c82665871b7d1573993231b85d46a10e6e8001af4a2104,short
cnews:8439,8439,科技,5ca4cf9dcca8ab4abfa6ab897659c61a418126cc51f99f31e735f68730801c56,retained
cnews:8440,8440,科技,47151f1922238ccab035f1ba20739b53d6ce4ebddcf6c4fcd21abf5096ae6ea7,retained
cnews:8441,8441,科技,71c60cdcf5a270018a4834a63c1c08f0ba728ad21f4d67fb95adcff706525eae,retained
cnews:8442,8442,科技,13d86bf3d7a968aed131e199e7bffb0eedbf5ceaacd2750f4d620061bd9b3910,retained
cnews:8443,8443,科技,a78240f99c401abc710e5aa2b9389c018141fa40fa7714ebcdd20f9c42f1c4fa,retained
cnews:8444,8444,科技,3db9b1d4789494555c71a3abf78da794ab5430e35da267e97feeb0e980355d9a,retained
cnews:8445,8445,科技,01d030217761c2e5b409e7f092aef8cdd2105127425cea0608182833a6f43b3a,retained
cnews:8446,8446,科技,8a490725783899e55de81455697a621a71fa92dced193703c0652a26f50d09a4,retained
cnews:8447,8447,科技,4e21220647688f0e484024773ba3016076005add8f4a1e9db6a33bf9f9cc4998,retained
cnews:8448,8448,科技,a349aa973814199e745b4491422fad0d690e7af9eb71fdc98cc9c030ea9dc651,retained
cnews:8449,8449,科技,61d72b66b394cd4ceb5df4aad382f13cd65feea331634869a65861b354c045e9,retained
cnews:8450,8450,科技,191a4929b75b7ab1e6f17a7b65c60842dc23911d4af483ea0a61e87f8234510c,retained
cnews:8451,8451,科技,183ce8bbccc8974b27073fd5f6ece5d52f4c456fb168ef4b765ccdc002342d8e,retained
cnews:8452,8452,科技,a853f115a0503502223e9c0b48d9077fbb77ae7f5d7af7ddf8a8460ebdac74c3,retained
cnews:8453,8453,科技,49365bedbbb47d6b91ec236a3cc074b5b8a7e0c6b592853b0b0f83fc348661f6,retained
cnews:8454,8454,科技,59587d48f06c94394bb11d990bbb59715de7cc536d19802f5e77309e4ad97d7d,retained
cnews:8455,8455,科技,294d123d9fb45856b9731f28a274dcdace4a25fae5cc29a91dcb42472dcefa6f,retained
cnews:8456,8456,科技,bd3b946d7360c611e6f21b168435df1af5075c4f794098577f2e0b743f8f9635,retained
cnews:8457,8457,科技,07702855ff8cf5af4304a768a97686bd931693b4bfba71582699b595f63ffd04,retained
cnews:8458,8458,科技,0d06f52aaf0b422ef17bca049b02e352a125f0c70c6a5721ae1723fcb3954aaa,retained
cnews:8459,8459,科技,97ff4e42edb0b91fc9517780cef8972e8a4cc4dce17bd2fd29485534b0900dba,retained
cnews:8460,8460,科技,18d2862d658a5ff68e335e6da399e81a199400a1c0eae4e9365aa3e33a2dd711,retained
cnews:8461,8461,科技,db0301420dfb0c70b6f996c1fd669e2bf68447b958ad2519fbba1148583d86d8,retained
cnews:8462,8462,科技,d3cf35731c81fc87ab2680ebd3b4147a7706083ac172f3be7948c6a58a2d04ac,retained
cnews:8463,8463,科技,314705426aa1927aad24b61ce1d4805cea21b4a240e17fc86ad5783077ff9f93,retained
cnews:8464,8464,科技,7257f48ce1ec9a6ed8881a8b718e5298a1f79bdde4303e954dc9ae7e740336b7,retained
cnews:8465,8465,科技,c2cd2b156c571f1a0c07263ae4e41623d3d2651e64d3554c754c3c84032a0c0d,retained
cnews:8466,8466,科技,9bc006df4fa929cb50f546e0aa07fa18936e81cb709b994b6aa03007af7a10b7,retained
cnews:8467,8467,科技,b5a56ae1b883900929cb7c5c855db8e24d88ea89a9b935e6cf39e1615c46f0a2,retained
cnews:8468,8468,科技,76198594d48706a55ed2d66e6cd8bef53133fd4028cf7e16e06a7d2368751636,retained
cnews:8469,8469,科技,709ed203b0c5b4227f889bc74102d2657228aaee33127d1f412ba213b819de86,retained
cnews:8470,8470,科技,aa3f42fd51928610d766a34cdc3cc3db834e365a5b7a56052818f109e0f1d5ea,retained
cnews:8471,8471,科技,6dea2fc5fe1461a3f5102c32cc0d64b015de3744cd9df86186ebe506cedfc0c9,retained
cnews:8472,8472,科技,9db0ae0bf6cd04eefde6ec60e4502e91438d19db3be511947b4a77073714fcb4,retained
cnews:8473,8473,科技,dd9839e0205553f569c62a20101b00d5f7bb1dec6885f9f31b551f060940824b,retained
cnews:8474,8474,科技,8895150974650f3de99307fdc12db88f23383de9c98fcb4854de05d0d0812c5d,retained
cnews:8475,8475,科技,6c99803b9e5f3b03a1a837cd4425a06b922b4c54b5377c13beea9a99cb24a92d,retained
cnews:8476,8476,科技,b303b48ee33ea261a23775f55a73d4fc59b95680aae6c223dac14a4192ddaec3,retained
cnews:8477,8477,科技,a337d2f19d8b1cd560906c44dc1e6b5e41de171b9bd412ba8057e2537742f8b0,retained
cnews:8478,8478,科技,72b7abea21429eb2e8bb097d062fe7435ef4880b4be3cec7dbf15030cc4aacb5,retained
cnews:8479,8479,科技,ffee5e520571a0bb56145d26ad35b4022514d034ba26d9a6d5618d804560e208,retained
cnews:8480,8480,科技,da82af7f145ce499ef3aac6d803d93bea9f7b2b357637ed5a2b79fcd87e7b528,retained
cnews:8481,8481,科技,aacfaf9811ec906ffc9f11b48c6c386891bdc6d04b61b35819a373bbe98b3920,retained
cnews:8482,8482,科技,197de9b51779a9dcde499c0dfeafd86deb9e0c27ece5abcf8ee20c409c0e4a83,retained
cnews:8483,8483,科技,cd8ac464481c8e390edfec861950013dd026a0c7e84ec3f4ebe18d563ec4f8cb,retained
cnews:8484,8484,科技,14361f2ee7898841dcdfcdbd94b89274e1ed10ce6ad9a3332dd52f054d9cfb6e,retained
cnews:8485,8485,科技,790fc881c9a65a0bb63ff03fa636e7f94d79d0c004a222f8c0a4e35690e6a84e,retained
cnews:8486,8486,科技,6b9bd67d216472029ef22716f8f7d2c4f83e1f54bbcda9e52f45d803da9ae534,retained
cnews:8487,8487,科技,d8d373168a0768820d844901a6c3185094f61df5430eb9487007b1f874cad44d,retained
cnews:8488,8488,科技,f5ab2b7a4d9e1f861ddc0bffa9542d1859d832fb7de7081552a44fd72a5e7ed8,retained
cnews:8489,8489,科技,e7c79a61ee9a09a8a9a5dda704fb33ef1859a8f02f1f875b048fd13002f9069d,retained
cnews:8490,8490,科技,3926fd1a725e9c766098b248971d4734549bd97ea9eb660b1a6614ac0347a3db,retained
cnews:8491,8491,科技,d6bb2c2a0a4f478cce04cde85f5fad03e209d50573a0988023f9c37019ee87af,retained
cnews:8492,8492,科技,4ee010753f76ba73898dfcf830c0e2603f788468072cc361960644b6ff5214c0,retained
cnews:8493,8493,科技,c641066a125f88d3bc2bc119bd89f644f531d39452d057c961d2bc58fc9bfe51,retained
cnews:8494,8494,科技,83a865a7e7e4d6da2c9f2f024dc4b085ed4d6fce1b6c24574941a831ba9bd075,retained
cnews:8495,8495,科技,1ddcc88edd8c8c6644c1d2f17d9447995d2467e8abf3e5f260b4bfb8cc0782ff,retained
cnews:8496,8496,科技,bcb7c9519e6906cdad99ff912dac533e4ce9e132dd03198d34b3e4d63dca9e47,retained
cnews:8497,8497,科技,8ec8d757462c2c0458b7ca0764025fc9cc8b08e7561c8f62190cce78e088cf15,retained
cnews:8498,8498,科技,05ce7c5ab7ab511564e483f30b29c476d349720e5e5a3297805e9b370e9c72f6,retained
cnews:8499,8499,科技,75ef302e4d868aa61d7fad7c2f66c10efe824b882069da4d6b90978347884ba7,retained
cnews:8500,8500,科技,185c4e4bd31561bdb659108943ef673fbb0779e1044cbea1b47d19efa25fe8d6,retained
cnews:8501,8501,科技,a8b5eed17ff8a2d1565c6019ba12c376036449104068b31cbb50c3ae4d3b2321,retained
cnews:8502,8502,科技,05bc8b736b4db3af3015cb9d46f73e6878207bde393b9e2dd599e2c8f86c4d83,retained
cnews:8503,8503,科技,8b071b1b81f5d357e301f2f77e05b7e6e1d4fc2bb21be7bac8208fdc3cbccfa3,retained
cnews:8504,8504,科技,5ce7a20673e4394813ed57cb991e6bb7ea55f5373b9a6e551d739cff5ab0546b,retained
cnews:8505,8505,科技,d0deb5753b76ff76cd4ef019b5558d9a05af1f7d5489e73bdbe0285a3cc13380,retained
cnews:8506,8506,科技,935363f28c875510892403d508304e3fadd52efb3d0b1629e7fb9a9b5c946022,retained
cnews:8507,8507,科技,bdd4cb3290c29a6cab6df0699e2ff063c72caee8095a5e895ae53650b3481eef,retained
cnews:8508,8508,科技,b290dbc1f2045c2bc32f0dc1485a46da8f7843f40c2676ac5f1a248343858259,retained
cnews:8509,8509,科技,538c7c81783579e1eba399e018a2babb91cab9ee8c72430fbe8dff4f398dcf76,retained
cnews:8510,8510,科技,105d858db4bdc6d6969a21aa159aebddb211b6bbd220c88ea273d9c130747b43,retained
cnews:8511,8511,科技,4e2bb57762da548fd255d1aaae9c95f380f542237dbd1345d9a2f667cb9fce72,retained
cnews:8512,8512,科技,156fb7c2fb1093fff86f57ccaf7e66df0165b29536f4ed0fc6bd1e601bb9b803,retained
cnews:8513,8513,科技,33d82055ba9bb192ffbdaa41b2a5e0413e09ae2d72b479a3dd4b2b898de016ea,retained
cnews:8514,8514,科技,80ec03747be774b8debb679ea42b98e5a6bfe672781edcadff8212591a112d69,retained
cnews:8515,8515,科技,f1b6e6b5b8d2dcec3fb80139728313e5235eb3127ed5ddd5105d86d3f50f3c6d,retained
cnews:8516,8516,科技,976c352e1fd150228c9d8c27729b0c674f99ab22f2a10643852356ad6205b085,retained
cnews:8517,8517,科技,4d1c5d30fb239a592d705f1f4ecdb12ad0e6f4e2477909aa5ad0e21dc12144d9,retained
cnews:8518,8518,科技,71702b30dd14219fc548d94e86b35f0af7bdb4418c8e64a778b90f4b97264480,retained
cnews:8519,8519,科技,baf2c7137efb39f06e6293da274c86c5752b4ea40cdda25ceb8d26ee1eab9276,retained
cnews:8520,8520,科技,5b1a3ac36ca418698c2e60d35c777726c1d647599be09f5d8df116ba7f147b99,retained
cnews:8521,8521,科技,3ad4e9dba06d9ec463ff16817b08f0ebcb35c2b8211a1e4609b60c4504afdb1b,retained
cnews:8522,8522,科技,08d12f0b7534e07c71423a55643457c588b5b8debb35ff00376b278c34fbf714,retained
cnews:8523,8523,科技,69a74c03c3831c62c9a3fb4f1bc53238913e8fa341128afd623c62eb87f21402,short
cnews:8524,8524,科技,b019cbdd3442a1de9a4b144e448e1007cddef588b0a78b97e0b214e738052078,retained
cnews:8525,8525,科技,46c16354336d1ad3bf7b43be45e989fb0ae45f4b84311fc8dc006158d71e1810,retained
cnews:8526,8526,科技,d1a2b60e226a27eff25c5c1431dafdace8026c9236b93a35c14de52a4f7b7400,retained
cnews:8527,8527,科技,7eca17cac8cb269b1551b94572966a55e08a415901f909433aeb624a97fe5af7,retained
cnews:8528,8528,科技,2801b91216016d01796769843c002ef4e03062e520e41e4cc0d4e2b3cdc55dae,retained
cnews:8529,8529,科技,eef54985fa1ae10b342e74c80a1745ef4bca15cce1d55011b211fc706af64625,retained
cnews:8530,8530,科技,f16d862f607a84b72c81ca03c45c4948b725af58bd83a4bd13482c362ab30d3c,retained
cnews:8531,8531,科技,f34ef4bbfd5158bdd4480ec8f042ede9034740bf15981435d39327f7b610bfe2,retained
cnews:8532,8532,科技,a2e99980a5c9eaef40310e2aa1796e109666ffe6bf5a3fa0df7db08fc7ef6bea,retained
cnews:8533,8533,科技,b5383b7cbe944c9a986e32a0526cb2b3290b488ea90ed79d722b680c61095fe2,retained
cnews:8534,8534,科技,dbc9f7e64245124558a6f74b602e8ab618651ef6aa12083d0cf99aaded987d14,retained
cnews:8535,8535,科技,36503e038d69539db2cea894bd90e11031d559c91fb8b0b76b48935273190b3e,retained
cnews:8536,8536,科技,01150e2e95074a22396c1e8b5d280a24937f2f628ad1bc501ef6bc8900b2d43d,retained
cnews:8537,8537,科技,0dd07ea4c0af95f48732a5ed99b7236458e3720b26d932dd5d11ef19b1d9e2b3,retained
cnews:8538,8538,科技,fff9b3765c95cf0257169a6f4adb963fb679d2dc9fb14168db187bf40255af31,retained
cnews:8539,8539,科技,97f3406f3df473d0a650c7a7529523b26368fb3654ad617bde897dfdb3cf1ea6,retained
cnews:8540,8540,科技,e25dd9812ecf582a19366686e2984a5a6323f46e915643ab0cc01ee2ba375784,retained
cnews:8541,8541,科技,a074de68f920e6e65092707eb5a86a5ba9a52802f4d0a29339f0b9d7335f4c66,retained
cnews:8542,8542,科技,521ea9b6fa5497d8fe5bb001baa3825bd49c33fcf337786a52fabde80ba2759f,retained
cnews:8543,8543,科技,bba8c297eb5fe96cf49034b7d1c9629c3a0ce8ef6675f387d23443b9b46d8d47,retained
cnews:8544,8544,科技,1259718b4d3407172cf786455ba1e7ebcba76f9aa06e1e39b163772f677ad3cd,retained
cnews:8545,8545,科技,a8da2ba6d41df78689c2304cdbf2f0b7702c7bc50b84e96d39308f159aed8f15,retained
cnews:8546,8546,科技,45463a4451177e26e92ea6cd1c082d4bd7cc19aaa80a851f5fc47db684ad543c,retained
cnews:8547,8547,科技,8312fe245740ca9c6f66e8e0bd27ba7afc15411a6fdad8f11007bbaac27fba22,retained
cnews:8548,8548,科技,e2f6849789a5e5f3e140fb89658981f35eb92b73a5d204f0babde7ef90d530ed,retained
cnews:8549,8549,科技,c4d41caef0f22387c300c05caf2616462fa3d53c736c649294a5a570641e2cf7,retained
cnews:8550,8550,科技,2a6ae725c82d237c588ba44a45c787dd307784165613675fbb819c920c3fc97e,retained
cnews:8551,8551,科技,d4652ddc311efe2a805c275901e71a8c46ed68dc5d31e49ecd9761b92f7346da,retained
cnews:8552,8552,科技,6cf851d8630dccfa7c35eff5e9f32e6944984f2a3bd214b1d68d8e225fbe7099,retained
cnews:8553,8553,科技,eb1027fdc82fa9d7f694b1ee4c59808d109d32115a04de6a248711788c064c9f,retained
cnews:8554,8554,科技,e819022cb8cceefd9343895e6294776bab536977b2ce1de379a1eead07420250,retained
cnews:8555,8555,科技,2caf85516a455a71b28e5ac65ce18eb7b0a8a03b83dbf2ae7ed3e4b60b29075c,retained
cnews:8556,8556,科技,c5063e17a3f5b333aee774bfe942a95460447db2738d56fa9e4057295bb2a12f,retained
cnews:8557,8557,科技,b62c2b15f0263e1c7ffc2f6d2e917167b24104fdc1fcc8da9322099552ecd9a1,retained
cnews:8558,8558,科技,78c5d365c916ef6dfe1976511db3d325b3a97971ab7d1c26935bdaf3fd17573a,retained
cnews:8559,8559,科技,81631bd75e2ee4d89f3efbe3d5fd585384b580b53fbb44a566b774adab0cd670,retained
cnews:8560,8560,科技,515a98ef67a7d29732ae7582bd01081586c8ffd0346d6bf5635a7266818f4494,retained
cnews:8561,8561,科技,4bee97af86a9f991c20fec4b5882888dfe3b5e7eba521ef245d7e0b30e2e48f5,retained
cnews:8562,8562,科技,542150c20628a22956f6037b19bed39d4022e099287354db19d4d61baf44a116,retained
cnews:8563,8563,科技,8adb386ba63b8bba6081ad052f78fb9df5fa3e11fed9a07a81c7be304021bbdc,retained
cnews:8564,8564,科技,3550d3bc5b621d1cf3da15f020139faa737a8b695b72a45c6925d1cd6bde5b98,retained
cnews:8565,8565,科技,64e4e66de3bf4f644a11edbd826fdfdc2956a83d688834722dc372f74d17df78,retained
cnews:8566,8566,科技,4edd71aebd6786e5c45338acf6266c75860081eddd9298a7d14e1fab44c5b273,retained
cnews:8567,8567,科技,9f296b26af7b55cf87b36e827274b2addbdfd74ad87ae96b0f9f74af50fd8fb8,retained
cnews:8568,8568,科技,e6d8330d97633204327080c97166f2514f22a28423672282ce575f3d4c4da788,retained
cnews:8569,8569,科技,d59bd694538189d93495838300e0e3d5413779c1cbc11b5fe8943b21ee905485,retained
cnews:8570,8570,科技,282d84ec03b6c6a4f1b33f6e6cece2df74ae567543753c0b898cf976c9313dae,retained
cnews:8571,8571,科技,4cf019dce8111f787cf70ba9cbfb90ae76053dd867c273aa5ef2816a11bfa985,retained
cnews:8572,8572,科技,efff2ef7f68ed3b19ab4f6ea40ee49992965ced4930ab3a25ca223ea33466b77,retained
cnews:8573,8573,科技,639477772ae230adfde1fed14ecac0633c5e81a8aafe2ee532a8376246b059e6,retained
cnews:8574,8574,科技,abdc008e609be87845430d7ef4536796c427e620e43a833e6dddb26d13790c21,retained
cnews:8575,8575,科技,602f4713c61af139419acf0069811edd18545cd39b76c833b9f881fecf1aad7e,retained
cnews:8576,8576,科技,ba54b1bf11ada30dca5dd2a4586c01bf19e398c14b8ee4f18d268395cf8d4c9b,retained
cnews:8577,8577,科技,3bcfb9eb2a933cad99dbb2e56732bedc46ab77f5462124f0307317daa64cef2e,retained
cnews:8578,8578,科技,06e4bbd972c7e5109ec670b9358fa959a186bf6d5bb8d906092ea1f4d6a4eaea,retained
cnews:8579,8579,科技,3dbd836dfeec04640a37045a41fe55c90a6ea47904e056986cbd5a143887baca,short
cnews:8580,8580,科技,b8965a51de8bf47de93698a04a005ad8909e9d91c6a0f165a8d97231bbd63461,retained
cnews:8581,8581,科技,972b22409b0449dccb57b1f1ad1aeb3e3a10717ed2f4c4fb75dfe1fe6c5b7721,retained
cnews:8582,8582,科技,56df7597dde5586f30917b95c8546bef2e7ae093e7baf7df01d24412d4a89c13,retained
cnews:8583,8583,科技,ee26fddf5a01d014cd4710ab51281fc5807cf47b46c6b856f30e36cc2267d8ce,retained
cnews:8584,8584,科技,4456967cd238632df41e119694f2f0ffd9abb9c76baa3376c149297781f177be,retained
cnews:8585,8585,科技,9f58135489fa1f4f9077e27e7ff32fa81af9c609fff8950b9f0f528c3aeb7fce,retained
cnews:8586,8586,科技,6cb96d38dada38869508784d0731d3d06ff51231ef22f3e4b3716081fc56925c,retained
cnews:8587,8587,科技,38fb43bc6f0c254dd3d50d4a045b17481a34ba49d8d047be4fb8aa32c79486b7,retained
cnews:8588,8588,科技,3fafeccbff53701ab639ae3ef58a9054d39591b81cfe11dc12afaeb7ac8255e5,retained
cnews:8589,8589,科技,4693c2c9de109d63fabf14611122d7f5f4dbafc6a2c0a1227bef1d15704a7c9d,retained
cnews:8590,8590,科技,c5f929b48c15724bb3624217ebbf55dd4e8a0a32df8756d77d5d8e3ff01f7014,retained
cnews:8591,8591,科技,d3d082d88b2f63ce10a9921d44f55cfa434e018c242d008672491041e95e41bb,retained
cnews:8592,8592,科技,0b1fc5f5c2997b48cf70ecce26a325e1bf9e788bede88f5eb71df535696d4340,retained
cnews:8593,8593,科技,02ff694b38de09611e8276e57d12cbc9c12aeecf500da996292424546b7ccc41,retained
cnews:8594,8594,科技,e9a2b7a482a044da9fa4318f1323a35973ecdb32fdb847cfaad2b77d2fa36d8a,retained
cnews:8595,8595,科技,4deab1e69182db5a8f30aa3cfe23d456c964d108487fd27265f84e86dac22cce,retained
cnews:8596,8596,科技,7a206f5a0d830aaece1ac3621eef3478e53a8ed6af52ee1a19841770a6d3eba7,retained
cnews:8597,8597,科技,f65eb01b16e9f070265d1294fece39bbe25cbfb705846fe805253e06baa7a79a,retained
cnews:8598,8598,科技,ce2ba244dac6767845acbf60de575e9e1cf44eff3b7bbbf5e7bb4a690ba05636,retained
cnews:8599,8599,科技,7528a91ac674496363ebb1567275e41d3d586b7921eff4abe40281bd5fb45678,retained
cnews:8600,8600,科技,d2beb4e9166ca1a3f327009a2e8c62624b0b8f1d3062ca3e07d51d9216f921d5,retained
cnews:8601,8601,科技,dae0d061ea63bc6cdc51404c12416acd7509a19cb3f3cce82a4d585a1b46377d,retained
cnews:8602,8602,科技,1605f6a8eb50264bdc42173a83b5d8683dd8a5e6f29652cd4e922f257b6d9cb3,retained
cnews:8603,8603,科技,c938c176c9848688a3f646556cb9d4ca0b2d636d97dca5a9e91fa6ccf501b80e,retained
cnews:8604,8604,科技,7522bb41b383087df98d445484330e07b2bab94a9728053a3b713c5405251e65,retained
cnews:8605,8605,科技,15a33ff98d8858608ebb27644d987fc860ec3c074b9d62721dae0c2c7a82b40a,retained
cnews:8606,8606,科技,d45a99cc6deea7538b40696e4d4b4b4e9c07fbdf2309d190cca5e6495887a161,retained
cnews:8607,8607,科技,06bde297ab4df9eb0bce045d6cf12b0e1e9fcf6a0dcbadad731792951c14e21a,retained
cnews:8608,8608,科技,6073e03c5993fb1285490dee09fa14afa6e9950001a2e984b6999d0679fadf3c,retained
cnews:8609,8609,科技,4ca3a22f0e0270fc5b4b3388fd0066e7747f28483a01dd3df71a908df4ab37b0,retained
cnews:8610,8610,科技,6235cfc5b7b1db6d216e8cf44f57c3e908d0f14131d0fe5f0f4cf43596703dbf,retained
cnews:8611,8611,科技,f3bf78b18de743a6e6981e8571a89b59aa6b8d5ea5c3d455a206f695e71e5bfe,retained
cnews:8612,8612,科技,0971e74f5d503775a9fc4549df91447118c1c5dac92ded8486a8ec9a465b5093,retained
cnews:8613,8613,科技,6c7244e2d887a43beba89807b4843cd585cfc3fed0f88d1dbe097e1e7da39e51,retained
cnews:8614,8614,科技,47ddf01562d8c14fd88805dbd33302a48f6327d6a25861d2e804feb9bd16563f,retained
cnews:8615,8615,科技,2827396fb5ff8df41dfc9dbb1266c3a971d14b75f57f89efdc002c85fb8b1994,retained
cnews:8616,8616,科技,02f496407513aa1db86f360c9f9898be5c87ceec7af2aee62c39ec3c9a3db7cd,retained
cnews:8617,8617,科技,d2d2b3927de46b0992e14046e503c26a2dab55498d4665ae3e3eff52bb81f194,retained
cnews:8618,8618,科技,f484b3accf8ddc34313f71b7064095a49a9add889453ff7b3c0441cebd493e55,retained
cnews:8619,8619,科技,57716b57a48d1b219aedd38f45a1d76677ff11996ee97ddee0b7f378027549f2,retained
cnews:8620,8620,科技,88559374fe5a1010ce8c145a93b86361512a446cc329caab49a34d4c6a3dcddb,retained
cnews:8621,8621,科技,eac56fe3b4bcc3864bcd8b1a1d8732aee54aae6a9d8cd53315a181a9b2ddc59a,retained
cnews:8622,8622,科技,d869df022c8956ce8441f69c88ddbfac6aa2b8f2deb5830c3ec5d7eea7c60e1c,retained
cnews:8623,8623,科技,9305be170a59c2cd9f7829caa2813a7d9c5ac1a18b7547bdf6400b88c56e8fee,retained
cnews:8624,8624,科技,ccecf724938851dbdb862361735c1a3e1d2ee5a4c44d1a8f7e64df20e932090b,retained
cnews:8625,8625,科技,0b938030192fd7665aff1dabeeacea16906bcb71539f10d8b79c3c67d112dce4,retained
cnews:8626,8626,科技,270a2faf453a0415090f86eb9a182e937d11f96b2e2faa48f7ec086e6c8ab90b,retained
cnews:8627,8627,科技,b4d8a2dd1363b4ceb2d0f557a51d3ec6ad12216d304d8ff96f5411f58e2f1c35,retained
cnews:8628,8628,科技,7aeb0b62b3c9b1c3323935ec86d373e4bfe8b67f564cefeba1880b93c28fb6f9,retained
cnews:8629,8629,科技,afb30db5261f0ab5770e98455577afc54945a8605d677f6fe9cfded8446f6afc,retained
cnews:8630,8630,科技,93d99811ff3cd764ce69b53a70b5b8b20ff26fd1b054365212b32f0d9277dcef,retained
cnews:8631,8631,科技,e817617a493553d2f098ec3ae006bb068e75868439287138e587e5607f42109d,retained
cnews:8632,8632,科技,6d0953eeefd678881bafb579ca65193c939826ea76e0af702a4b18c5d1a7e29c,retained
cnews:8633,8633,科技,7bdcaf6c25d42ba25bb86a181faae8fe51d843b405b8b5fe52c2e104f0e4fcaf,retained
cnews:8634,8634,科技,30c60b12a8c9d8f90bac65c3ce6c125cc1651f0075226c47cb7064a68d3ca17d,retained
cnews:8635,8635,科技,da61c4e27dd4ad9fd5414c423074851a4dfd8583d8261f665b259e439f14fe46,retained
cnews:8636,8636,科技,7c49288f69316934dd261feeaa53d88a1c24ed161ff33b7bda1e5adc2d9336e9,retained
cnews:8637,8637,科技,0137e95ff8c5f9042ce0b112c9b45d73323804a5f8e28467cd01f0cd81b512c1,retained
cnews:8638,8638,科技,a718b193f08070b1de0f824229396c74b581b13a8ded929ef85420da8967ab28,retained
cnews:8639,8639,科技,c7afef563faa345a9f2e2fc17c87b9a7dc96518ed84c67fac8cc986451a5ffe6,short
cnews:8640,8640,科技,00826f9b461f897314d96136dee42736c03446b9acd7f3c79a7b20c1b8217999,retained
cnews:8641,8641,科技,99fa16eaf8218e4c3301ea9d29e67bfe5469142e23b62025666fd5414b9758ef,retained
cnews:8642,8642,科技,a5afc1cd671aa833877453035c00bee9fcfba1808cb64fb259a717b690bef0d0,retained
cnews:8643,8643,科技,1df8e2bff297cd2169b4db42105e39daf00aad6c5b2a9be1edc0b458be402e6d,retained
cnews:8644,8644,科技,dbd912b88750316e4191996a4a153906f4f031907e7242852a525739a293e36f,retained
cnews:8645,8645,科技,7519b35d5bc9d43abbfb63ad45b5df03f14c6bb4327a25a5cb9dbd0e7fa3811f,retained
cnews:8646,8646,科技,98b6b6c663b99e9c823016b083a445e23e42673444c0dbbb32f5816e8a162f3a,retained
cnews:8647,8647,科技,a0f5ca16578c0f5e5ad1796ea91fcec75dcd46b7b1054d2e58f3afcaedca5f80,retained
cnews:8648,8648,科技,38c0e100df27f1fc722c8f19743fe2d5b37b80faecfecab5e9edbb0ea7e10e6c,retained
cnews:8649,8649,科技,1c6628fb435124296a26341444c2505906d56107c116fa7c8186462cafeac3a9,retained
cnews:8650,8650,科技,560cf67a1abdc7cf9bfccc4315b5a3ededaec36a241d2f3448bab8dcba0284f8,retained
cnews:8651,8651,科技,feddd24aee757ccca93ba3c01cf5d7aff71664c41004a23779970a5987861044,retained
cnews:8652,8652,科技,efb4c336946bb83eea3762fa5b3ce89c35b371df87eded3c1c81e0608dc243a8,retained
cnews:8653,8653,科技,00348323d4651f8a75e34344eaca49a60a83c15e935c92e7bc8551305dd528f9,retained
cnews:8654,8654,科技,269d1debd421f9779bd372629c237815be9b9b97831329f928fd1bb6867e42ca,retained
cnews:8655,8655,科技,01aaeb5e8f1b23206262e638b4e7a2d6cb70671176996b18a674af267dc76ca4,retained
cnews:8656,8656,科技,75b49f4b9b56e49af17fb71d9a10048e792a4ce59b01a8b52032f51cd89aec1c,retained
cnews:8657,8657,科技,ed8942d943f8ff9cce66cb6c5ea5233e8f27fb83bf3e941b91592dd550ef68a2,retained
cnews:8658,8658,科技,d707a4d612d225de562165f0907ea50f65ceb614314cdfdf6a600ef42334db88,retained
cnews:8659,8659,科技,0dd5c23c6da2759ed203861dfc72072b322f3cf2139b605b11615b6997a0c55a,retained
cnews:8660,8660,科技,a2b58ac5e7734ba1ea8ed255c9950f205d4531dc507055650f2508970249d170,retained
cnews:8661,8661,科技,34048c2fe4b3a3fcd0c03b3fbedc2fb3e3e120a4e4e53e38a2c069c73a425767,retained
cnews:8662,8662,科技,4bca3f81500e256b6b096cfd4558cd5e9d9622bfbb305d2f25573d6c08ddc2a9,retained
cnews:8663,8663,科技,6990b36d829d593a31b62675ed76db0e43b823b035c76e983e62c7a3f1351af0,retained
cnews:8664,8664,科技,ad74650e8d9fe3f46272db38136f85f2afbf059cb20818c25ab0b5904db598e7,retained
cnews:8665,8665,科技,9f165788b78d47c959cd1f0a9376309a3a0cb87125c06e6a59ab21ad32e13678,retained
cnews:8666,8666,科技,5b003796bfc75e3fa3703db90d58f180f8a0f68be0b010d16341cd8ce3a0d9cf,retained
cnews:8667,8667,科技,21d802d84f11e431ee63585206df013d26ddb9fe69da3f1d456381babad3b3b8,retained
cnews:8668,8668,科技,e908b921bef2cead58c75752a41aab65e800a62d8b83d83083e6ae41a82f507a,retained
cnews:8669,8669,科技,d2a09618131836196b9f6142534d061d03271f1da04bde958b882ad196784e3c,retained
cnews:8670,8670,科技,17df8db4c0f92cbce843b38a1fa0efe690df975ab474d0e0b088b7dc2eb60032,retained
cnews:8671,8671,科技,3b1c5fdd4543b8ef29d4aafc57ee32129be0938e0bf4a49b52e9466dee1d7f91,retained
cnews:8672,8672,科技,9e5a2ab15745c644954cc0de5ee5700fdb3f943531403d6c4e0c425701454b2a,retained
cnews:8673,8673,科技,de56c747cd6b95e8f1f8c1ac3fba0fe6d06bb06c9e3afcc6419171de35cd9688,retained
cnews:8674,8674,科技,fe02494c8a1b6884038673d511b5b5bfb9524d36a061e05b2fedae2573fbb649,retained
cnews:8675,8675,科技,904e7052d6a74fa7978975da3a9e79b0907f5c52f27f915d2aca79768e70132f,retained
cnews:8676,8676,科技,f9095a0e86614f698252416745404c8aded5866afa5799b2beea678ad04dfa72,retained
cnews:8677,8677,科技,9201f7af459a904c982bfac45ddfe32ed2734bd44dc45abd18f5f8a7746b2314,retained
cnews:8678,8678,科技,d63aecf8a0296c704862d3046bce87deaacfa27ab4730455b760fb608a509592,retained
cnews:8679,8679,科技,afca42bcd8252b64a85e264a698fc6eab262318cbe908fba5594d330ccf6fe87,retained
cnews:8680,8680,科技,7b1f404d11534c95a2bed3d80c50363feaf4dd2be58e2c78d97b35a5e1de8886,retained
cnews:8681,8681,科技,34a0e43f54c36cce1ab5040098ca3f9b1a9cff776cf8b829b38ff0e43c34b75b,retained
cnews:8682,8682,科技,50e3c18b0be6998bc3714b36e919f4011143ab3fdbe82f6556e341a32eb40f74,retained
cnews:8683,8683,科技,a0ee637f32ba696d91e8f4770ff2467b33bca7e1a8bcf9fc975eebe192c7c23a,retained
cnews:8684,8684,科技,82b989ac25e03a1c3b8e980512a86a23467897fd31c3d83c05bde67fff77acfd,retained
cnews:8685,8685,科技,fbdf42cbce8134e1801c02a6db0de643a724a215eb60014d38f86e4dc72cb963,retained
cnews:8686,8686,科技,3d6a337dd37bbc563418ba0643755a3c5879854004f7ca9a60565aca4cfcbbcb,retained
cnews:8687,8687,科技,e4123c3b71f3b1e5693c81055f97eb7da5402eafa9c4abea00f5c5606b4380d4,retained
cnews:8688,8688,科技,08f077435e765674ca9a87e32dff9d868c330e897740630598a43cb34edf5a2e,retained
cnews:8689,8689,科技,4569bd5a5d02973db0c73ef30f53d84dfd54a752be906d991eaf8fe5bcfcc508,retained
cnews:8690,8690,科技,164fb3a721f69aa5ce1c0c597f6ad1bb2a9111ae71b71d6e245c3e8b540893cd,retained
cnews:8691,8691,科技,0ecc010f22bb35760f4c5571776e50ecfaf5bab37bf2865b519d48e6645d79d1,retained
cnews:8692,8692,科技,b084635c88587f96af006bdde95f561acf2783f41576c817c080bda08270560d,retained
cnews:8693,8693,科技,8ad5a91fe9bcbf2d6372cdccf33e314e45fe67fa68f6efe656f57c1f1ba83ade,retained
cnews:8694,8694,科技,3b48598bfb2b1386746032b9a8278182a7df8551609df6d342f65724551f9ae8,retained
cnews:8695,8695,科技,f16bd9186ab899ae516b32d4c598df826440b74df82385156cff6725e678c42e,retained
cnews:8696,8696,科技,42f79c5a0f62f5fad7ef8874498c27ff42a5e733feff1ae33df25a919cd1bcc2,retained
cnews:8697,8697,科技,a2c0d065fa3d9675b6e0942c117fac18dbdd9e1c12059cf6aa2be12ae3b11032,retained
cnews:8698,8698,科技,449fa419a781147c8ca9e45fcc4aede38d33b6f4706b056c1be124adf80b5ee2,retained
cnews:8699,8699,科技,aeb8ae49c2c3eec0c27e78b5102e10ebd97d323ed86599759bddde78e79c9caa,retained
cnews:8700,8700,科技,25ebb8303773a06cdd0c41c6bc0e92201208a8c1fc21f7182f5dd304da3d6003,retained
cnews:8701,8701,科技,a3a862b54817774b3b9687a5cf641fe2d0b60ad4b80f7f9d35c250c12f62749b,retained
cnews:8702,8702,科技,af06362525caa41a5c3c646eafcc154074278565d943851f93c1cf4e3070bdc6,retained
cnews:8703,8703,科技,22cec4bec13b8ee49c78381024797c8dc3c88461f8160e674dcff370f990e844,retained
cnews:8704,8704,科技,f30e9db2942bd644c9065bce9643877e8eb7ce462b9cc19a6014cd273b8ec3c8,retained
cnews:8705,8705,科技,ddc8981750250e8febff9899f2eecc1b1eb603bfc9914d4fde0771aec8eb9bfc,retained
cnews:8706,8706,科技,799bb9a6297c494171cfb4c5318f2bd9598da8f35cb9d5fc1528d6631b4578d7,retained
cnews:8707,8707,科技,e8d4acd1ccece6956497e5f4345879d5435623e12566941538cb6fc9b352a503,retained
cnews:8708,8708,科技,cc14853c24e6e7324066b7b78ab3769a4d5e9341e0277c30d5ea510b14468d2d,retained
cnews:8709,8709,科技,eb363b33284b452ec2f32b1bdff21902fe9e04bf208b3fb2be5571f596416284,retained
cnews:8710,8710,科技,cb1292521b873a3467137f9ca4c0967828c64a77dd003214a02f9d6f3da3f86b,retained
cnews:8711,8711,科技,de6e95d5f42742f5e6961c98d60b2503f54fd5ff171ca16ecb1639ca7680ea5e,retained
cnews:8712,8712,科技,023f520cf8e357622910ef200ee6548e867886051cc885a10ba7ce4fc8d6397c,retained
cnews:8713,8713,科技,1be44c3b674dc249126a1c7b786ffe770a45ad3794ac7c0eebaca72e2902de08,retained
cnews:8714,8714,科技,a90c5906ea28e4f33a308528bc05c58f9f783177cb42fe64153d7f13244b168e,retained
cnews:8715,8715,科技,841ef8c8dd237c43c3a487bc6fa84f6fea6a058998ca3c4d7a09cd0204a53446,short
cnews:8716,8716,科技,39f827dc5951b4ef6b003cc0ee28eb3b8b0bfb98e2fb28737a515e51f8e2c201,retained
cnews:8717,8717,科技,ad985f567d69d1de85476f4c444d66d18686e4bb75e52e63bee51640d5a79c46,retained
cnews:8718,8718,科技,a4a31ffcd06a7cf3b64e68815fd24e707340f45005000d75444368b203c017e7,retained
cnews:8719,8719,科技,160970f29733ef7f6df7acaf7e5f3dfff4c31e0c809e2dbfd76f17c720fc5735,retained
cnews:8720,8720,科技,96440362619a542f1fb341e95bddd5f90b509faf927941825132b1704ae7f6be,retained
cnews:8721,8721,科技,7b9e64e692e771f1f8e8719bb4f75f257f28164104fd182d222a2b207d529158,retained
cnews:8722,8722,科技,7c808bdf210a389dde5c0cd1129ef3251260d5104d1f0f6b77e6d6d489309127,retained
cnews:8723,8723,科技,a330a2f6c048d3a88cb23a6b99b5f05f85ef53749c081f455efb47f8fa3be3ab,retained
cnews:8724,8724,科技,a2c5887c301122d460c98a9e2431e025f84c4a92bcbcdbcff8623f80759d1db4,retained
cnews:8725,8725,科技,a5b33b8a70f89dc62bb9e7b7de1a3a5c5cce9fa250f464fb0bbdd4b7a083659c,retained
cnews:8726,8726,科技,7570a286f42f461607fed221069534abe55b11affc587618506fab8d634b58b7,retained
cnews:8727,8727,科技,610a43f5fdb7cb886c34efde7c0a147bb2271a485c3b13f622c1c119b525ee89,retained
cnews:8728,8728,科技,28c390353026130b3180865229d4beceee8a8841a8341ce87107564517f0d250,retained
cnews:8729,8729,科技,6f9991e5bd6ea9cd105a56bbcbf6e9a506e8f6db756308a099cb7e5f6a12277a,retained
cnews:8730,8730,科技,582afb19808b2b8a4b6e3517abeff91bd3ddd97684fed13582d079738d91e4cb,retained
cnews:8731,8731,科技,3b66107566370044011f00616921514dc7abf4fb17d1210ca17c4481fa3db819,retained
cnews:8732,8732,科技,c0ccbbf700f607a45a79212c29638d6b01bfd65dec404cec435548496560ed24,retained
cnews:8733,8733,科技,96add11f670b67ab7c7d13c3d697db2d538cac50c976f62e960eb8227e73588f,retained
cnews:8734,8734,科技,fd2cd2a18ad8985ae57043af9e0249265243112f811084693ab3b3b3159390e6,retained
cnews:8735,8735,科技,15d18ed27d97a95df72c9e2dbe771618cc4a9b5eea8221f11ffb16462e014524,retained
cnews:8736,8736,科技,ff9972b8daa3b7447a6439eab0cbdb44295cf9d1c8a941f18507b3903c27b3bb,retained
cnews:8737,8737,科技,445b7cd33c877f8ee8459a7ccfa332e0f64b19fefed92b52836759c55b7c7e9e,retained
cnews:8738,8738,科技,270918b6ca7483e5991a5ad232ec88a1bcebc97ab76f2ad4aa76a51adf7563a6,retained
cnews:8739,8739,科技,b891f3e41f363c73d144c82fb49d7eed1cfc656fddb39e58df7e58837eaabe33,retained
cnews:8740,8740,科技,2035eff2000dc23af53d9bfd76271872bed12c3cde7aee17b8261c8a838240c1,retained
cnews:8741,8741,科技,151e9ed0d1b214784e9fe3ec2a7398cf8006b6baea3d5817cc137256cc89e6b2,retained
cnews:8742,8742,科技,3bf407777a1cee68a217ac35d66b30a4f81f7a878d50abe84d728d96f5ffaea7,retained
cnews:8743,8743,科技,58c8d259a1396b2c1856685e313d33c0b047474f790f3771b0864be518b7f61d,retained
cnews:8744,8744,科技,d04aeb50de2d607ef3dd8fde25f11a12b17668820acb1fec08fc5e2b88f707cb,retained
cnews:8745,8745,科技,84cce7877015963823d3f999c41da17a80d96e8b396820073fa93f3c68fabca4,retained
cnews:8746,8746,科技,b214fecdaa5925c348f659dfdb32c86cb9e442d70795dda174e61fb68aed86c6,retained
cnews:8747,8747,科技,2bd73d45128447136b6020e5d2f6a09543e50bcc90d0f6f6139a61d84fdd01f4,retained
cnews:8748,8748,科技,b117946789eba26ce7ed658c1683e84d9140cc2653b66ee76fff234c8c6c8d3c,retained
cnews:8749,8749,科技,f72c4cf9b92b75aefb776f6c2620cbbc9b609da969249d774185a609945cf797,retained
cnews:8750,8750,科技,d3a0ba8285563715e0b953c932a66e568ac4cdc1c1d43cc885875fbdb512d418,retained
cnews:8751,8751,科技,e7f11dae348964c2cc99c069f1c21c0ca018935e3c8f8bbdab08e3b99e3d00ac,retained
cnews:8752,8752,科技,7cea7a597fdc373c89ae5989965db95cf50e4071cf4d2fcc8d20ccbfcf5f8def,retained
cnews:8753,8753,科技,64038767c73f111c2beaf954efa41eeadadd34df392ec1e77eb966cac4ed6e66,retained
cnews:8754,8754,科技,a99d86c67f5975b159c31300a4cc647ce372f7be16293dc5854733965892f17d,retained
cnews:8755,8755,科技,ac58c0ccb167ed7f6ab2ef323bd05bf19eddc8e92ee5be87bb582c772094476e,retained
cnews:8756,8756,科技,40e83d0b037a36a827cf3419d63f1cf08c48e6496f59379695a9f13fe8eafd10,retained
cnews:8757,8757,科技,a5557f49d7d2cbe3fc5090377fa720135b92bd6a4957c3dff7c81ed4e2f7eb6e,retained
cnews:8758,8758,科技,f2b5270ff0bee35f5e441c657da49110a19cc7b901cf29764b498793399c1887,retained
cnews:8759,8759,科技,d7391d8a54c067b83e2bb341dd94ccf1627c3522838f0cc37798b62597d2f9e3,retained
cnews:8760,8760,科技,93711535fac996369a0cc060afb745d5c3d721118a39f0f5124e93a4d74c130a,retained
cnews:8761,8761,科技,6b84cf844c0259d1babfbb6ec181a2b759ab07ef91c6a532af17688e72ba21fb,retained
cnews:8762,8762,科技,dce798d0416071997897b8e867cfd495338421a892686fdc3bc2ab2b36fa9e8e,retained
cnews:8763,8763,科技,4fb2861efa4de325886d91604f0245ff266a02b639b20efa7770706b3e7d8473,retained
cnews:8764,8764,科技,34e6812f2cf916c4599589f201c5ac2574a54e748a410e329340bde3e5ae8b0d,retained
cnews:8765,8765,科技,f5dc6179ef2d23a0461d575a7503af3bc4ba903a367ef365f90d90cb0424a182,retained
cnews:8766,8766,科技,7e6e062974cab2c805a78cdf08719bd0435c14462a627b277314b7f523268f75,retained
cnews:8767,8767,科技,b97ab8bffe61c8a961016004948f2d64eb8ee8c7d640aba3cd6132ec66999574,retained
cnews:8768,8768,科技,ae8b12c4b3adc1dc777273b8df5f4cc3d0a8df5e1f048b5580828020120643d3,retained
cnews:8769,8769,科技,d6515b58bc54e1e100f38f72edd47c5ffdfcc6d81ae62a25acb109eb0300ba21,retained
cnews:8770,8770,科技,b08381c6efb022c1399b98e621af108c13dc40b21654801d6ee6f55c1c379247,retained
cnews:8771,8771,科技,a7c18567453bffa5e410862f9719688b5ae4bebc5b1c0072eef811b24395793f,retained
cnews:8772,8772,科技,9a53811a8bb07b238072f04bcd61e1da98f7d69e9deaf039dd58471775d8dfcc,retained
cnews:8773,8773,科技,9d1dc764a2528d23ab02d6d2ad3ace89b2bbefe3b71f7abe5ea79fdd8320f4d4,retained
cnews:8774,8774,科技,eb063c45ccf659ceddcdf974a8821f7e2456b6bf70be4e0a4228bbe37b1e5c7b,retained
cnews:8775,8775,科技,281e6834fc91e22d448373d1c7d965a2490a606b4393090b18ef80042d52dba3,retained
cnews:8776,8776,科技,deea3b35be5007ff8ee3e75091f5bd118953309b543b143722d6b8f4740e1c1c,retained
cnews:8777,8777,科技,6dd3bae8b05cad8726b3b509a301bca78de17ac8077f2b8c36aa7a7fbf96aed7,retained
cnews:8778,8778,科技,92b259be4dc9408c9b83752b71fe3aa7c5fb8df22d4032b2fb572ea378c7221b,retained
cnews:8779,8779,科技,71d79c76194ce813e09dfc60b7f10fa14626bc21370670f07aa6dd51295bb61c,retained
cnews:8780,8780,科技,b6403e1402c0b212b12ee4a4e887c39826752b3cdd84d8c951112a0cab8d71b3,retained
cnews:8781,8781,科技,724e81fb82e20b43cafef395fe94331fe86bea568aaf81f9546b8b5b11b7af87,retained
cnews:8782,8782,科技,d0433f3b578e897b315007c83de15c5d5f97a3d3eedf68b94c47050b8cb35df3,retained
cnews:8783,8783,科技,c8e1d635c131f040922f94feb851ca2a2d396ad3c3c448df2ad10c254112a16f,retained
cnews:8784,8784,科技,f9275061c854dffce51ea3027087fc19960946ea8455e5d7a9158ba77ed76898,retained
cnews:8785,8785,科技,5d1696bd9feefad052ff31ff40ac6bf166e9ae8da38b9351672e440615dfae31,retained
cnews:8786,8786,科技,236f24581ec8900a8f4979fb4e66f16904b62574326186f737e99cfbcef8929d,retained
cnews:8787,8787,科技,ab2035d113a2d08f85217e8c982b3a9995a3b33bee94571559533e497f4d6a6a,retained
cnews:8788,8788,科技,0f9edafb751e6f4105b389d43edc6fa23468408e748f0bff2f33a62b95f3f3df,retained
cnews:8789,8789,科技,bb9fef159cb3ae2d5c9207e0478695ef0890706b8e3a3b3c21f37513b0475424,retained
cnews:8790,8790,科技,e202039cd54033fa9827f9a6933547ccc7e4ea573902352f39662b3122bd6ea1,retained
cnews:8791,8791,科技,079feee4d609ff6d011793ca9bdfac232e86a63bc617b099745a2ac0e8e88e1d,retained
cnews:8792,8792,科技,c23362042f62ce5b0aa7049816bb910c1b46c22f51057f3faa7c5b2c5fe4fd87,retained
cnews:8793,8793,科技,0bdec75cf6a63f11205dc490cafd8ebddf0d603e3bde2f59304bb3735f4298c3,retained
cnews:8794,8794,科技,7c44f1d3a632b453e6acd6f7e3e85c272bc00ed6c11358e6a7ad24acb1f70e09,retained
cnews:8795,8795,科技,95f2ce8ecc36ee597be4bc768172737223c25c62deb777a9f93576fd677a0cfd,retained
cnews:8796,8796,科技,2b65ffa5a47df175cc201ed4e841457b61d5517218bc6f2138929266ff63b577,retained
cnews:8797,8797,科技,3fa9c36bd3177dc56996c2f9d17de8d6b7f62a8dcf87cd36d28dc6bce4fa56b5,retained
cnews:8798,8798,科技,f3e195cab0ee2cb8d1c1322248c32fb37417f972537c627f164888f4dc4d29f6,retained
cnews:8799,8799,科技,ef1cac8dd5fc48be45e4fc14c23e9ccbdc12c68a232ebe0d7bd2c6f3a0b22582,retained
cnews:8800,8800,科技,25d942d8e2c9d10c6f5b902a46c1ab1d23b3df40a2a8223863efb5fbcedf9ab0,retained
cnews:8801,8801,科技,7d216ccdc3e5ffed006f86fe08adf0ab5a8f945c21298205bb0ee04bafbe522d,retained
cnews:8802,8802,科技,5b772cd5015fd2b93ab5470c9452fb35da1f3934200e73ae2643dc22a9be6c17,retained
cnews:8803,8803,科技,461098fe006d0de1ef851a420b28a42dce12aa2c1b3dc8ce524a8035bc920c82,retained
cnews:8804,8804,科技,8a8158418550a037389b4e3bcdf93ecb66a63f7335f11839619d53696bb1951a,retained
cnews:8805,8805,科技,aaa5f86ae0f8eb3ddeb7fed30350e345ba9e294cf249887e8dce60c026d59452,retained
cnews:8806,8806,科技,41df60cadbdbd57618ee92960b03c3215dd86c2ec9cb96cd718f12726e0618ae,retained
cnews:8807,8807,科技,28bbbb91e2a1006bd9910a2b198d8240cd95ab9d609f9b055fc235ee9d12af10,retained
cnews:8808,8808,科技,55413eb79d1e807fe328d904ff6a54d0f61c645010e7794e66ba1d851825d3b0,retained
cnews:8809,8809,科技,fdab198eab28c92a541b263ec5abb0200f250711a74dbd5a96285dd705bc704f,retained
cnews:8810,8810,科技,3c2b4b66651107ef669d675d0026e90983e59f462baf5855954e4bf29852b614,retained
cnews:8811,8811,科技,7d7900758350307ff4c161738fa6b0cb8402d1447187d64bb1f279bf620e1a69,retained
cnews:8812,8812,科技,7749543f7aab9858a77d1c59f6bb8b188791cb1be589289902d2c415ccf99814,retained
cnews:8813,8813,科技,7c5244995d7a1d3c005d1fcf09e9f9376c287c30ceb6e892b6bb12d623bef1a4,retained
cnews:8814,8814,科技,ea7ef72e9e1e19634cdf89d426022920bb5536fc3a9e3ed3d555379655c5a13b,short
cnews:8815,8815,科技,6fe6ec1d92e5f454b4ac410f25920f0a45726519671a390c4ed2cc653cfdc767,retained
cnews:8816,8816,科技,5b618c87aa91b188168240122f44d00d1d2db5796a418888e4ff95d57c9fa81d,retained
cnews:8817,8817,科技,282c0d89ef5d287d233bc88d45893a02eb6e71097773906358f1df30897d23c6,retained
cnews:8818,8818,科技,21d3382a5d478d52ea388183b0b46aac736ea79547c166406e454e7761ec9fa1,retained
cnews:8819,8819,科技,3980569ceae328dafe7dded2821633508a28e54bdd8a9ff65bba012b38bbc9c3,retained
cnews:8820,8820,科技,75b7b98a40308b8a93824378e97bd3488d9790696e6b0b1187d35f7a85994476,retained
cnews:8821,8821,科技,ce255971808d67ba0e851c7dffe349f0ecfae2f8338be54b8939650e54f3bd5b,retained
cnews:8822,8822,科技,6445148eb326cf799770eafe471316b8e0b7420dff89cc874a7a4ae2eeca756a,retained
cnews:8823,8823,科技,50fc126dced26da1b295000e3a96f23c57ac94c29c96cf7c984c135db8f9c2a0,retained
cnews:8824,8824,科技,64e3bc8f2d7a8940492cbcb8d06319f26220b5edaa5f446df5fd847e02d8c4ae,retained
cnews:8825,8825,科技,6c715f3eb4c7b4c43cb5eadc9867fc9b3f9c75151fffea9683af11440e93d60b,retained
cnews:8826,8826,科技,7889dc3b78d56b7f3062e0799044a8ef946f8ed5bafd194a0e6b8b6a550a8d85,retained
cnews:8827,8827,科技,c450d80a03e026905ee6719d19fb92594967968d539293c0b25f276d4e7ebfb4,retained
cnews:8828,8828,科技,e05008459a7d142f808ba4f7892b9ee6d098ba19a9dbb064368e3bedf64849dc,retained
cnews:8829,8829,科技,79ff2329080c62bcfc32c5d6b4aa1f1c3239798d99acc7cd529434abfb2ae662,retained
cnews:8830,8830,科技,c03f5eb33c39bd4b9d0a54b42d0e4d6aa00d44a4e0aee78d313dab069a307a77,retained
cnews:8831,8831,科技,35391ddaaac22c69fb70dc108c1e3968564a20f78e3b438fb4e69dae9b8844b1,retained
cnews:8832,8832,科技,ac520540e1f824953dbf0e926d568ffc8b8885391bb8834767dd1d22b69362c2,retained
cnews:8833,8833,科技,bcd8699d6e64f51ea506aab50c8ba155f77f2a55d6490241f9cae5a4d0501ae4,retained
cnews:8834,8834,科技,8d8ea57016407ab5974918d6f8d9ddfd80e1f1b2fff7572782811ec0a8c2e6cb,retained
cnews:8835,8835,科技,f2182e92d13aae4ebc9279c46778807b0b80b162483f2e8ae01ff8664fa6e5eb,retained
cnews:8836,8836,科技,0e75234cab7b5c653e40b903ddc8f2a267d18c1574873122123a909f9e69022c,retained
cnews:8837,8837,科技,1244ec57846156dc4638987ef80fb816caa385bb571a86de4bebb978b32920f9,retained
cnews:8838,8838,科技,3bb81c94f66852ec9927858a8da89739886baa7e6d75b485333a8d0628bfa61a,retained
cnews:8839,8839,科技,2e65407c930e307292ee0bf0a903106990e71828469d2c391fad2551c2b9900e,retained
cnews:8840,8840,科技,bad829fba84e8b559ffa4d312bf63c469b12d7e43d665053660010ec0eec7206,retained
cnews:8841,8841,科技,1160d0f95d232ecd461958555916be28ce0a0c30b794cf1ebf82edd43168b4a4,retained
cnews:8842,8842,科技,cf10295e817c1cb79ae1e47ab527adf198ba0af3873197450727a36d7e23f8df,retained
cnews:8843,8843,科技,88a2d56a7b0ae6ac38bdd47f7228167589ba5809bb974b8d59cb90924af74701,retained
cnews:8844,8844,科技,3f6a8d0c8d024ec4350085ec69f20a6087c9cee07c7c456c02911691bb359954,retained
cnews:8845,8845,科技,e8530468eb83c19f1e597709e0db191e7fc0c40e63e752d0836c1db4a94d626f,retained
cnews:8846,8846,科技,5d383a12e108f88f4c2fafdc2e3363037a01f2d951d1d8f46ae86c3b5a5b57aa,retained
cnews:8847,8847,科技,8564baa6823b8fc8d2429f2ec14343d36596897ff85fb75c1e12defab708b2ea,retained
cnews:8848,8848,科技,178022d5a9046aebf22b7e578ec4c7e00bdcdba324acf5087402cfe05256ecbc,retained
cnews:8849,8849,科技,5aa59f6430fdf2d02e7bb6671eaae2719c58dad6e6d54aa01198db10e5c3ce01,retained
cnews:8850,8850,科技,1415698a09316dd5b9131f24cc5ddfaba2f819c06edf5b4265ea5ba565f9de60,retained
cnews:8851,8851,科技,2acae13b633bbee01a234d64413a1adb3fdebb9eab1a1d0aecd85bcd2fd42e35,short
cnews:8852,8852,科技,b2ef63683768916b64c5a3d8823359158a8d110fa5d458262d21dbcbb6b6a070,retained
cnews:8853,8853,科技,8cb40c63d8c6cf301d1f3b3694ad2bbebf9196d908be95955a71a55540d3bc8a,retained
cnews:8854,8854,科技,51ad0b4435b1e3262807a8e0e97d03c3c10d5afb2227e6dcf214fd05490b61e3,retained
cnews:8855,8855,科技,652739c4c943243fc0d3e85bd253c1b9d835ffb9580d64725892a31d9c57b2a4,retained
cnews:8856,8856,科技,c1e9ef8b2d6ffe66dc9d706e699e372364074e0b932dcd990c60631ee96d98fe,retained
cnews:8857,8857,科技,c5bfeeca0aa8505ed728046015e92f8a023e084828b936bc52f6597c5346435c,retained
cnews:8858,8858,科技,6ff141d57ebe2d827a97045f426c19df5763b25e831b7ae3fde0116491efe079,retained
cnews:8859,8859,科技,42e11e48c0aca92d54c684ae69b7dbd36d1d5f546ba1dfe4a3c7161930f4277b,retained
cnews:8860,8860,科技,774d4abf857749d10a98ad83e035ccf67fc6335bee7d49f79cda6f48f5bd9ab5,retained
cnews:8861,8861,科技,98e9fb46743bf484a0ea3678104dbf9b4ac545e2bb42239e3c27f49011c85d68,retained
cnews:8862,8862,科技,e9873e1417f220f2a103ba433a2cededcdd3f2786caacf0473528ec0a0f3a4e6,retained
cnews:8863,8863,科技,fcaa4e26a3809a4542d1743cbcf6dcfaa59d8be01e62732a4a976bc8ccf0701b,retained
cnews:8864,8864,科技,93d006fde59921f0d68225f340780f2c2a9d44f2c59b4cb9374764429b1cb669,retained
cnews:8865,8865,科技,4f2a17c8341535366ff30944677ff5f2d5ec0d092fc8dac24d5108086ba20cc3,retained
cnews:8866,8866,科技,2ecd61ca8ce8db86275921b930f8c4f2f8e61f8be5f45bbba12f31521a820065,retained
cnews:8867,8867,科技,2fd36f09dfe66c0eef4105724cf737515968b1643541495b534fb8a1117f390e,retained
cnews:8868,8868,科技,6a350ea2a6952844d5972eb2068d0cbb65e03ebf74c0ea6c53c7cee88e37717a,retained
cnews:8869,8869,科技,c127326e692cc23d25514c30d8b5bd8f1437ca22f331cd143b3869de75c00ecd,retained
cnews:8870,8870,科技,558ba0ee1139a719f34db26fff584604971f08ebcd004a169c19fe05e3ad0071,retained
cnews:8871,8871,科技,c37aea15a258925169f1766d0079957421633abd74dd248107b80dd5bffe0e05,retained
cnews:8872,8872,科技,db593a2b84cab90ffdd486dd3bf113a24b8752d86c9a50b5ad001a2eb6020639,retained
cnews:8873,8873,科技,9365e48428368be210880dc8d1b81aeedbf3ce8c840b7ce17432b1dc782fb812,retained
cnews:8874,8874,科技,c2b93fb756491926a9aa6ecbcfa3908f4ce5f7a5475782e7c615065db699e425,retained
cnews:8875,8875,科技,1b02831e4311788ae7b5dc92ae39a3748f8348382f431c1cda53fd29635f8d38,retained
cnews:8876,8876,科技,98d2416ea0e6d17b3b413b417b502a361da011741d7bff41cfa12f2980622238,retained
cnews:8877,8877,科技,7a29a698c4e9270e9478ea2a51787605e7831fd821fe8c6c88fd6114d75bb2a3,retained
cnews:8878,8878,科技,b9b843a1138ed6a2820cf88eadbaecc888d2724834f5bb954b1b4f2e674ad0e0,retained
cnews:8879,8879,科技,325d2df11cfa70552bccc05877aacaa05a50e5b8b6ac23b7e3996c34c2c59e47,retained
cnews:8880,8880,科技,d3702875a0ada54e11b28bbdf2e261b125b29e1c2097aa922c6265ae675f559b,retained
cnews:8881,8881,科技,1a5cb219a3e17f568b5735e9abcf20df5f617cf42db9aa2483d21fbb10e62c75,retained
cnews:8882,8882,科技,002e5279615ca2157c59e77742a2cc7e23b3e691b93c8f585d8344755b5adc3a,retained
cnews:8883,8883,科技,2aaf590a1eb603db45b68714455bcf0e1292143350083a5e1a6967b8bc83f31a,retained
cnews:8884,8884,科技,51fb4e7ebde18e9b6a796896a4b2c30402c1e690d5974dcfed63dce1abf82f26,retained
cnews:8885,8885,科技,24323ed090493985b4e8d605ad0f768a987e8fcb774c2ecc45b41f6a6bd64f79,retained
cnews:8886,8886,科技,4353995881bfbf38d51c110910ca0773d6ffb888fd117a75deb5b63f12a98d44,retained
cnews:8887,8887,科技,a5eefc3c6b62c339c55381b62e604e8192f1c75dfd85bf7b1e427e5aea75008c,retained
cnews:8888,8888,科技,325f5b60a59e44d05ab4e081c025892d6d64654e9cfadbdff03095f3079930b5,retained
cnews:8889,8889,科技,be525d830f545581eb73e5f6be5ca896098302b95c0d54f23a4ef04aa486087a,retained
cnews:8890,8890,科技,8419647dcedf3d7c97455f5e3d39ddfb4eec833832120633711847565e22b8c6,retained
cnews:8891,8891,科技,9338b21e291edcd1fe9b1722b44f7e0b7e735448c15669a6f862b5d9df3161ae,retained
cnews:8892,8892,科技,b75bc98771bbc98d056c973af16e577243aab38421b87e6647a73331ff9648ab,retained
cnews:8893,8893,科技,6e50337dda455bf38394bd6f22cb0790203a124545c67ad62160b74d9b3e5c02,retained
cnews:8894,8894,科技,ac4b5c3e71b341010d93e19681798c7cfb0a7144655767de41f4a95589828397,retained
cnews:8895,8895,科技,093b684270fea45b0972ad5dde1a235d4cf2970194643aade39cb23e8e95e110,retained
cnews:8896,8896,科技,d274e3ca5a7b9dfd54e6b9d4c4274c759186f4fbffb924911222e05453e8972c,retained
cnews:8897,8897,科技,87137881f0c44a44c59704bfc2334359b6dfdf3228af8f5208451c334e10ee43,retained
cnews:8898,8898,科技,96ab0f4d18f6a531c2247ea94d8ee7f5e74e8be173b47ae540a62f7e4e3f23c1,retained
cnews:8899,8899,科技,3a6ba243fa456f8f98232ae3e9d71b68d10827b85daf6034534497fb3c23ba7f,retained
cnews:8900,8900,科技,16fc188afdfb884aab6bd9fdab8c9fd2d8ca54086c387de35093c79ea068d7ab,retained
cnews:8901,8901,科技,f8bd6bd7509980dba1f77366b5a1ceb6dc0399f18d2009642fea17f6d85bbd77,retained
cnews:8902,8902,科技,92023c43c1515bbfc4463f94ee78b016d6c146c1757d0182ac150f5484591640,retained
cnews:8903,8903,科技,03084dd40b78ecfded5fac1d8e8698a4ab25e72f6f206414d55b4aec0af99e9b,retained
cnews:8904,8904,科技,f4fe95cda686086cbcf1b171edd7b11b59ba20004214dc6786a67133fe5b5511,retained
cnews:8905,8905,科技,f22c468201c7faad011475a00f13e841f1ed5302130ebbf08fa5848aa0108d5d,retained
cnews:8906,8906,科技,ba2a24ecbf5c07192f729010ef739309b429f03e8b63c3b5b9a9991835c11e90,retained
cnews:8907,8907,科技,967c5a5bfe25abd9ca875001a937feb33604f0922350df77c552f39af7b2bce1,retained
cnews:8908,8908,科技,cda23e30ad2744cbbe4ea5b45ff9637896a8f4b8b9839ebde799486b208096f6,retained
cnews:8909,8909,科技,660575ad4c81cc9b3c4ba4caebce2051fb83dd9631fba18769b3813591273328,retained
cnews:8910,8910,科技,51d4746f503a80db43a842a8dedf03be6afe1de9e09d2858b377927abc19d81b,retained
cnews:8911,8911,科技,02fd34bd552bd37dd9c7594b2fd3c75e508fe6d79fc8cc52686e24a5e79e735c,retained
cnews:8912,8912,科技,4ef6e16feed920f3823756bc7aa04a6a428b52222233c8544296d5ad8206babb,retained
cnews:8913,8913,科技,f23ff47548e6f2197ec36892e572861a5c8243906b2a735097e97bc688f7dab5,retained
cnews:8914,8914,科技,cc997404fab387ddba3c82f31824278c44f453ab4fc0315d606eae2a7f019167,retained
cnews:8915,8915,科技,87954434086216a73c8c35461fda1670bc4eb330cafd2bbcf88c93de649e6ff2,retained
cnews:8916,8916,科技,c46300d3733c29d7a87f5604a5443069fd1066b460fa0b2357dab0aa5833dcf6,retained
cnews:8917,8917,科技,33b9f7ffe9d36295e968c2ed746aedbbea90f8a7ccdb57a492837d0dddd31936,retained
cnews:8918,8918,科技,e56d923d890f999d0154f9ea49e2071ddc9120e614b33307a65467b4b773ed20,retained
cnews:8919,8919,科技,0b9b73867c70a51fc7b95d11e80b609d590edf2f999c094e9b4bcf6f8f74637b,retained
cnews:8920,8920,科技,d1fad4651bc5965e01b33e2c899c1278193fb8e4533882a9eeaca2c4abea9cdb,retained
cnews:8921,8921,科技,a51a6704bd1e84940a65fc52a41204f5eb7a45ca1d8efbf5eb789370618dbd9f,retained
cnews:8922,8922,科技,ab9de565f7cb5101aa4d2617f955838b984d1f6426f6d9d4383e7256ea36b2cc,retained
cnews:8923,8923,科技,747bb2b94852f61224f77c11f42a4a1686289a449d85216c94308496d73205a7,retained
cnews:8924,8924,科技,1a37bfd26f2a43e411b37cd960e639653207b71dba4d508320c5d89bae7aadd0,retained
cnews:8925,8925,科技,1c77fe3fa64f0eaaa032597c1e879114b9abe00f0967f3b1827d7833daab1af4,retained
cnews:8926,8926,科技,cf5ad3373063d20172fc1d789e8d528d3aaee4ecd4f855dfce9c2e28afbe48d2,retained
cnews:8927,8927,科技,5639b756503e3ad4e1c4dc7ff75949915fc700ebe6d74db8a4763e47c93efcad,retained
cnews:8928,8928,科技,cfa9e08c604b624217d57e6f9c4367adf4f68cc18050f1ac1e5f106f5a000058,retained
cnews:8929,8929,科技,b42f769a79f4235b48249eda002753d082207873afc37d2c4be4f037bb34a087,retained
cnews:8930,8930,科技,0613fcd1320ab15faf54bf7d45c2d7f16d24fcbbd1b1fbc1e26f0af6bd428abc,retained
cnews:8931,8931,科技,85acfa7bd8faf7014d6791fa09757b03f9e9090b7ddd6a108d15236dc7b16093,retained
cnews:8932,8932,科技,f4259a3181705b9e73459b11c3781f27ecde5b97dcf2a98c80c276839eea25cf,retained
cnews:8933,8933,科技,d2e07680954f0fb6f980297aebd5e3c1026e88f6ef182500f16a5c88b38a1495,retained
cnews:8934,8934,科技,ec0636d63e9b5f62cb97e9df6b94a7e85a41cda9656fc920b15002b5f589705d,retained
cnews:8935,8935,科技,7fa39236ac5cefb22674c81cafd07ef35ff5b8eb1045a9cd767564a7ffa2ddbe,retained
cnews:8936,8936,科技,b9dd15350a0b96b6670828710a42e104388cd212babe78f88e154dd5641c6621,retained
cnews:8937,8937,科技,db0133ce4fe9d29501a0d30f5b9bf6b687148ca9f91080f3ab9e12acab854e63,retained
cnews:8938,8938,科技,a3c111ddb8870fe26402b42bdc85c8afec2843dac4b408d15389fce0913bb7ba,retained
cnews:8939,8939,科技,c353a58cefb553618474a89c84b798aa970964dd0e068598d5997b5591758ca0,retained
cnews:8940,8940,科技,569c88e5ded3ea337e1f54137b40bb1edc927f1cc63a7d98a66adf1aee221eca,retained
cnews:8941,8941,科技,934303f3acb29ce1dfc9e31df69cd2e47a8eb572635d60e74345d9eaea036cc5,short
cnews:8942,8942,科技,55b66aade947f306209127d9adfe825a8a94b777f9818781d4e4a7d7bf1eb671,retained
cnews:8943,8943,科技,c631d407e556099398b8b37aa69daa1677096ccda87925d16ddc5a5e00d3abe5,retained
cnews:8944,8944,科技,5bd361677da37602a718e5d02c97b9f6345d4a67af4200120d5551addea74d35,retained
cnews:8945,8945,科技,741f37eb1f2f5b9e858e1f94c43f69817c099bb6dcd888dde3b5208d56ffbcab,retained
cnews:8946,8946,科技,4ea48a22645923b0033f7abed2efae0d8e0956820fcf9c93d48eb19056c78a20,retained
cnews:8947,8947,科技,8851325697aefe0736c6a398eca24fa98c5b405f4784a29210d842c8f038dea5,retained
cnews:8948,8948,科技,a7a16a2ca984cd2791c363599314a95068d5f49316cbc3d614bc12faa7fbaa91,retained
cnews:8949,8949,科技,da2747e1fad9211b7626ca5b3ce5aecdbaab0bf3a76d2ec4c0b913de94afa48a,retained
cnews:8950,8950,科技,97dbf61bda69733ea39744b30cfe438f9bdb2ce0978532321e689c51ef408693,retained
cnews:8951,8951,科技,b1e6113f9b92431ba4d5f099bcd9901602f2137f54f0679c3feb859ffc6faff5,retained
cnews:8952,8952,科技,c7fdb22ab2ec3d72432af9a5689567bad78e540be7b9f0d8ea99d2e8e324e87c,retained
cnews:8953,8953,科技,73f062fe41b195a3a9b539a7d5e22fcb8e88a4a1800133dfa92963aad8dffe0f,retained
cnews:8954,8954,科技,9f95491c0f7537eaeff6b75f679259c3de995d31b7fab66f9783628c2f973c19,retained
cnews:8955,8955,科技,906c916017f037d82bd1ea199e79642db133bbf11c53cdca73195d64ca3434ce,retained
cnews:8956,8956,科技,edbedb730d556900a2752f06899c817e53b26c572add0d053d8e5a9af10368a8,retained
cnews:8957,8957,科技,c58c44b0421a2fdc0c6490ad9d707dafde3a1b450b910c2b7921ddf04fbe2ff8,retained
cnews:8958,8958,科技,e2042c3f972e3061a8735efbd8c9a2dec74b881c44421adbd5bc73a34ec8f134,retained
cnews:8959,8959,科技,a32a5c8cd5ca047189112b0edfbe6a2af2c4859a6f55b09f92a9318cd3c7ac0a,retained
cnews:8960,8960,科技,3d5ed93e3ea10c45ea8facc8b63cc37fca91979cacfd89d39df06efb528662b2,retained
cnews:8961,8961,科技,32eec198c6d5cd8428b5178d5b89b662fe080643bad121318fbd2c9d5e1f911d,retained
cnews:8962,8962,科技,1d5656e7b7361a2960fac1563a55fefc6bbe8d4f49791c879b67b5a2db6c8669,retained
cnews:8963,8963,科技,ea011b9501ee13783a4ab1ab76061fa4e3901dc274f1145de0ac7ddccc6de930,retained
cnews:8964,8964,科技,4a85301b596e153ee63898693cd9302290cdb084500056813aebbbe83d64f30a,retained
cnews:8965,8965,科技,7fba8a690ae2d8e30dabb6798746d15955a6868e4abfc3fc63378db3e199970d,retained
cnews:8966,8966,科技,800f015eeb37bb8190392c5e8d0fcbb170374a6367573507835f4e9a04d73588,retained
cnews:8967,8967,科技,d4d9f3f8f8dedc1c315b760d0d7fab14beef7546db33deefa61cdee0d081c626,retained
cnews:8968,8968,科技,20068c7121611ba3a233765c1b832095742568196f49bfc7b3516cee10fcfd0b,retained
cnews:8969,8969,科技,5e124196ac78ebedbd517418b775f17633792e6be919293d1245d3b219868dd1,retained
cnews:8970,8970,科技,cae59b24d6b097e4df7bc3b04d3ca3b43cea3057dc0f832cb97149c442b922aa,retained
cnews:8971,8971,科技,40d531a83ec42ea5527205d6e3ceaef9a98d4ab1dbc72278bef7993a8c79edda,retained
cnews:8972,8972,科技,a53bebddc2e3fa9a09f225860e38935fe44375d2bee848569142165be24dc28b,retained
cnews:8973,8973,科技,bf0081bbe6d60d48f47c14c277e7b76efddf882fcffe50b88e7f8b0f56e08c38,retained
cnews:8974,8974,科技,17c50b65acfe4c1a9360eef6eb2b64eadb63ad3db92f12a6e42f7f355358e1fd,retained
cnews:8975,8975,科技,847f0ba6d1c4c2f99c0ceaaabdf3f59007de4df9ed6843780a14326eac9e4bd3,retained
cnews:8976,8976,科技,2101393017b81fd9d72b1485fef4e929cdc6fb6f167dca32d347778b0cfd6afc,retained
cnews:8977,8977,科技,d601153fe313f23c07710b14e4bfb516ec786a0fb3d6081f4ea051595450e055,retained
cnews:8978,8978,科技,4e960e173b54f5b53ef98d67ff89422c247c379ba5ddb5ddc3a3b6fd0b9020ec,retained
cnews:8979,8979,科技,b6ff802d24ef51a2cbeb21c8deb111061a277800aae35914abddbf9c1315da5e,retained
cnews:8980,8980,科技,8549b188d27ed7aa981dfb6723536a1730e0998b057ebc5b197435433b8881d4,retained
cnews:8981,8981,科技,a50717727a9d2d22c73c37bee60c2a1db368c6bd529057ae197ccd39d71c5fa2,retained
cnews:8982,8982,科技,a08f0e7d761737d289510e820bfe9004cc8b785e993c2b3baf718dfa4320f265,retained
cnews:8983,8983,科技,0c837331d46e9d73579a4ea7ffb404147c2db3f7e1743c5e99d74408f73b273d,retained
cnews:8984,8984,科技,0ede3ae289622e36646b4eb2f9c0378be0b6712f154116d9974d415a5ab15855,retained
cnews:8985,8985,科技,43dc728079c79160a00533bf6b49021da2ce52f19668582d6f1685122c23d0df,retained
cnews:8986,8986,科技,a9591cc9b995e87924fae1fe7a88440f0677b00ad6c9c06a8399ff36ce7072d9,retained
cnews:8987,8987,科技,acfb05ba44cee8cc2a164dc42377eb3afbd5e00d523611a336a69f0216e17bd8,retained
cnews:8988,8988,科技,0f3fa358ac284c40405f1dce4385829eb2cc647c84ed14299c525cb8a19baed0,retained
cnews:8989,8989,科技,70705f80e7133cca9525aa7a37f120bf0417997f28ce9fd12bf6adc005769dd2,retained
cnews:8990,8990,科技,418971bb034709780fec21d5ad38ea722127624af5d7deb28b122be0160f44ab,retained
cnews:8991,8991,科技,a70416673f31700545d85ca918d4c316c5a821d45c31167e87c8da9056b802db,retained
cnews:8992,8992,科技,b8e525ee8848805563cace42de074e27e225254116b8ac9b397441bb0f410094,retained
cnews:8993,8993,科技,977c99322de56f61ea2ca52ee22781c2bbf43adddaedc0a509c78d331f05663a,retained
cnews:8994,8994,科技,ed382f929b0bfc67dd52e007dc2af6e15530c893d4db589f69d2d1865c56896d,retained
cnews:8995,8995,科技,df1db559c80c91ad87b92910f99e3a8d2b900f46d14f1fc4832b11ece28e407a,retained
cnews:8996,8996,科技,a0986a544ae3e4300f21d59eabd3aec3c91e85ae39cf5883e618154070270f83,retained
cnews:8997,8997,科技,b8d53f70d03df886416d1792c5e7354213b3b8e7a1251d5720e6851fca8444f6,retained
cnews:8998,8998,科技,30df769951975fe8591805efec9a251071c23da70a54375ede19ea25ace58121,retained
cnews:8999,8999,科技,6b8dcdeda26862b4d24f3d667ed3968d2583b5d9fa0b9f51fe958005ab93e460,retained
cnews:9000,9000,财经,e5ede641a875b638cebfb34c448afe4376886f0f6a18043d2f6158ad82704dba,retained
cnews:9001,9001,财经,ad381dd9c9b51caa1ff673b14efc996b763cbfdabb0fee319a34a66127995dc0,retained
cnews:9002,9002,财经,b1031bc7805d41ab97804474b28de4b90d04cbc979051e090e53632d6042af95,retained
cnews:9003,9003,财经,6fb27e4ba1f9359466f6a5a9b0e499cb569a679cb05da0c3291a81ed3a7721e7,retained
cnews:9004,9004,财经,ca9a776ba7afa0d999550c1533dd04da818410541cae8cd997f2b79240e4762c,retained
cnews:9005,9005,财经,edd0b62adcfdd52bd1deaa4cfdd3639c29547cecb2e9ee7d7f20d3fea8465103,retained
cnews:9006,9006,财经,35bd9e803153fa3ac2e97826a9ca5611f53670907aeb7d33e46a9ed1ee493aa9,retained
cnews:9007,9007,财经,8348211ddf1c413a27bfc3ea56ab5af71a6dd61a8aa659e2e8162d95989f8539,retained
cnews:9008,9008,财经,600e9b26de5b3dc7526e870d677e2094859af9e39c0af36926af839275d0301c,retained
cnews:9009,9009,财经,3356bcab9dfd296e0b8c5dd030d93bc508797b5872f6ec9489d5a38f8abe3a5b,retained
cnews:9010,9010,财经,815853225a38eec0397b7ebc937e5892c7be3ee46e5f8e3c20321bf43e1dcf6f,retained
cnews:9011,9011,财经,acc921f82b20c76ec3ecfca84080f63a09bb9d207fe0824b0507178297bac060,retained
cnews:9012,9012,财经,6b03daad1e53e7e7114d625e17a46a1bf23b5f99ddd2ca3ee664cbf6d9ad5d15,retained
cnews:9013,9013,财经,b261df19cf91dc967260cc84f595ae186df6a202a6b84d7960e4f3fbb3401219,retained
cnews:9014,9014,财经,0fd0e973cdc9172b2e1d4da0bc35ef17939f23aa544f68f3e549120f3a9947aa,retained
cnews:9015,9015,财经,eeccb023d1160c1d568587fb994986af922114dc784661b3b8744d17f7edb883,retained
cnews:9016,9016,财经,b31a3ec4767844d5233dd73db9f58ee1692db85b2f371b8eaedceab298761068,retained
cnews:9017,9017,财经,0802ff579db393f11f113b5db7590aa1a0319c73b4044edf76318c3a2f775d0c,retained
cnews:9018,9018,财经,6d0445130416bb0680863475affb4e5cb10ebb9f0bb9abc69b4799ac9688a60b,retained
cnews:9019,9019,财经,bdb3b7e437f79e62b8f18da50050679c29890ccb44eb2abd41c1e0185b9e4e64,retained
cnews:9020,9020,财经,c21555d756aa26471a6be435b50cf08e3f34ac45b2477e5b564d6bb29b333114,retained
cnews:9021,9021,财经,8b10423da503fc7844c1e4c117696cff3cb1c08cbf363dbbbe7d2150074af765,retained
cnews:9022,9022,财经,d0a89b0ea628a24c08c320071e5206255fa23bba5ac4b04836aaa19c53c9f79b,retained
cnews:9023,9023,财经,50e4733e09b7175efe7d4212ab939e0cddd9919c7d5e42fdeb794552d0f8bf1e,retained
cnews:9024,9024,财经,17ec4ce852f8f67b9f64fffd1b9287abd7ebbd95555f4c42337415983d748f44,retained
cnews:9025,9025,财经,d6cdd0508fec30eb1bd247be632aa2a4105985142cdbd058b028565e5c858cba,retained
cnews:9026,9026,财经,2d1dd95ec00dea2990519f7a260032054ee9bdd38e050d53fd6de13a2850c81c,retained
cnews:9027,9027,财经,0ed4cbcfb16379a7a6923b72f141f1fad6df1236d002e8d52da7119ab5747464,retained
cnews:9028,9028,财经,93853335404c0145f6fb6609018aaafa81ed9e1c65afdbfee202499ee0892919,retained
cnews:9029,9029,财经,198014819375b3d78b67c79fcaa3214c68f8f91dc0aa42079cc1edc0c11d89d2,retained
cnews:9030,9030,财经,89e70aade0d0ca5175040584fce5664c2ce6faebb83230e0df9e696ece086133,retained
cnews:9031,9031,财经,5514babe7789d7fb06b41e739505a769503b012865083daaed59550338d71f26,retained
cnews:9032,9032,财经,dbb129401d0013e6a1e7409d7edd46ba5890e4a5fe73efe1e8d0985fdd90990b,retained
cnews:9033,9033,财经,f907c948363c13eee046b9c79ff91cbd56ed3b6b85f401458f73c2f5906ac8fa,retained
cnews:9034,9034,财经,70d5a93d37f554bb79d8561e72443403ca414d5aa8e001b1f14ca7507937c8c2,retained
cnews:9035,9035,财经,87d1532075e3b76d98974a691499d3ec12cbb845096b013d20c465d906d2a962,retained
cnews:9036,9036,财经,dd3f0e777c7fe3ae4f79f7697c2694ee4b2bc768380184b31a71b79cca9455fc,retained
cnews:9037,9037,财经,afb4ca4e06c9f4734f01ee95768e3f301b8603722402d222b92dc1047014b7d8,retained
cnews:9038,9038,财经,d32ecf30461219f189164a1cc4a170457f96283e611eee36e6f97797127cc55d,retained
cnews:9039,9039,财经,d4a86d66ec7f34ac33013c296889f85f6d1c3422ddd7010c81a5cf0614c57e3a,retained
cnews:9040,9040,财经,ab9c68eb96dd321d68cecb31d05e190eb22211dc2b514c56bbaca51ead34fbdb,retained
cnews:9041,9041,财经,c42e4522bec05e866834a293acff4606c75f3394972ebf4a3d7f3d14ee713b76,retained
cnews:9042,9042,财经,953c2d20aa305dc39b97b56f14fb5a88850f31bfa9c5e338760b7651f3680142,retained
cnews:9043,9043,财经,1552dc70e6b91c04ac5aba84db6543ae75d6954649c0c3d0766a758c146d3c54,retained
cnews:9044,9044,财经,3360760df973326394fccd9d2f2fa36ead79fcf44e28f4ad2308182dd9bce34d,retained
cnews:9045,9045,财经,61129ab9a6b98f98cce796458fc813229ffab21acdf675eb98fa21445e003c59,retained
cnews:9046,9046,财经,fbc10a8b53c80d46091cbbcbcbdda3bc5d211d60490226a1530c9276360c7dbf,retained
cnews:9047,9047,财经,12738bd1d4b9743bc0cb086f21159c79318895644a834877722785807b2b9a42,retained
cnews:9048,9048,财经,7bcacc9cb04d31b19bd558e860f4d6eb6e00db78abcb4584fc113ee8a82e6971,retained
cnews:9049,9049,财经,2846c11db3c0a256359a0124b9f78e77b7d4971e58fcd17c2c19978d8dfae878,retained
cnews:9050,9050,财经,8c0f551e713a01b0322e10d8455274eb12e51c611ad21a6c248b5f04c5bb2355,retained
cnews:9051,9051,财经,1bd5e1b08a4c540826646b18ffd63261667fa6f31370900390d16eb9be8b80cb,retained
cnews:9052,9052,财经,71c494a7e6f14714583612675cf01cb5e8c59454a6d0b81dea1e3fc59d35d8af,retained
cnews:9053,9053,财经,bb9360c3f4e0df96bce91d999491886e2aaf91df9922093d87c5f494553ddc3d,retained
cnews:9054,9054,财经,a6416b28c0c1222781a68f41b13b6de3f2ae351f48d4786971bda123e4a8eda1,retained
cnews:9055,9055,财经,6b93377e0687dcc91a87b85e08a8f2c4ab0a64d4476c2d14d8500afe50be2615,retained
cnews:9056,9056,财经,3921dfb804f783a9d847da85b370ce2d096d522d6829bfccf120a41ef360b552,retained
cnews:9057,9057,财经,3302c488984b518ca765c59e604820059d1b028bcf38919e17c2997a31e1586b,retained
cnews:9058,9058,财经,ae7caceaf70ddb032ded19baa7c099a38034b5d74dad36df397c83023054cb5a,retained
cnews:9059,9059,财经,f062348d05873e260ebb742f81ed086a9b41e5f8579c0a4d5e1ee0f55958c6ba,retained
cnews:9060,9060,财经,36dd825ed970998185b1849c155ce7847df26763aa9be0ff6e9b24b7226b6b6d,retained
cnews:9061,9061,财经,b040ba8a5f773a646edfc38c3c527d9129ab0de69773a53be41e6c2254eb9c61,retained
cnews:9062,9062,财经,83b175ca2879097aae19956419f69ed238aafcd059a8a7141bff4cab7c5e2992,retained
cnews:9063,9063,财经,f30955fe04239ad17cebb39fb1fe7c9b5d0c904e27da2422cca417cb4a9473e6,retained
cnews:9064,9064,财经,48529e511259d63c43085096a24ce34227038b2380a57866c6e95eca838b885e,retained
cnews:9065,9065,财经,3a5f2146a14494bc3b5fce2ef11ab9780be696ea0742721ba1efb96aad92cae1,retained
cnews:9066,9066,财经,539129705a730c32ff1ca47094dea074660a70acde086a78dee463b13063acbe,retained
cnews:9067,9067,财经,50ae1bdc90757c170b351c00f35f5de3b86827e61a6aee8ba8f3a56f0e947ae9,retained
cnews:9068,9068,财经,87036d98992fbbd4a700ec1c790e69510afed0646dc5cdf5d4bd2cfcd0d4a643,retained
cnews:9069,9069,财经,270866d92875ac9fcd65a3db92083061714f84707397844ae10d8f9e45b5c3d9,retained
cnews:9070,9070,财经,b310bea0ef12e968af8c6b72b4e29545396b4c70787ef62fbb7abb46360203f6,retained
cnews:9071,9071,财经,8b32ff9bd1554f9ab1551eab8da345c18b9e20e0196cbac1d84e8ec89c612e04,retained
cnews:9072,9072,财经,aaf750f3c8bd76e26c83760b4e0f6a12f32a8dc1a75288fb813403c4d609585c,retained
cnews:9073,9073,财经,de41fe745ac367b904dd310196f867c2a4b2d4ac3c345ffb4ea11d1c0ac0572d,retained
cnews:9074,9074,财经,3a4d0b3947a7a2a2888e2f8da569e448463b05c0037090329549b6bbf2412b70,retained
cnews:9075,9075,财经,8ff4e48f27e6f8cc05333a6e6223e8f83850864e877525a948b12b20d63bad4a,retained
cnews:9076,9076,财经,a9379c71e7348e33ec8c98bd053050221e0fad30aebfad55b977099c36192e8f,retained
cnews:9077,9077,财经,d65ee470a0d63fa959bcd4d530e10fc8e35baae97acf962dd8eb5dec0da481af,retained
cnews:9078,9078,财经,73d107407cfdd11fd5e81588f2a132906bf69e122965bccf1f378962c1aa4671,retained
cnews:9079,9079,财经,598644da173163b519f1b59e47b442bde7bb27cdedd8488008eedbaf181be69b,retained
cnews:9080,9080,财经,fc17a66722e5c4e81dfcfe7ea0d9c6cf3c6870d161ac1c383a0cee200d73d258,retained
cnews:9081,9081,财经,063dbbcfce75dfccd409399b3ac181beb86b157c4a0ec7828602cce3c4e30f9a,retained
cnews:9082,9082,财经,a546e2956082bc6f3eee41ad401c5525c519452b5f747d08c338a2134b57a2db,retained
cnews:9083,9083,财经,cdff96637bff78a819b72f501975fdfc6ab8c40ec601cdf7028156cb731293b6,retained
cnews:9084,9084,财经,a4de7977093d71779c879297b1ba4d250c58a149206aeefe4bbb861a280f56f1,retained
cnews:9085,9085,财经,ff7b3374a6076bc40e939f6626653f32e92bff41d000bedb29bc710448909ee5,retained
cnews:9086,9086,财经,e7039211d57c58cf63d86aaf6e9c44b7d51ced23d8d6829003ca201f0dd723ad,retained
cnews:9087,9087,财经,1f2372f17d7d2fb2ba0b99fc157bb260df9117643334b0d33ca08efca950b97a,retained
cnews:9088,9088,财经,f69cffc0490122dcc66f07278e3115a0f553b47867752294466fcbf8893a181e,retained
cnews:9089,9089,财经,b0443033b5c37f43d9e9a40057bf2d58a03f066103d7d46bd5aae18b1ea11340,retained
cnews:9090,9090,财经,96a5220affe120a42cd3d48ac182f0e07850efb05ef73ffe3f8a568f2b5be0b0,retained
cnews:9091,9091,财经,a02931356848c7701f1a4554832e87d8e13f7f25796bb0616453f7abd9b0a01f,retained
cnews:9092,9092,财经,8bbda37f843e759043e98bb87dfabab6ce7cdd48150270a3036d96cbed169ebb,retained
cnews:9093,9093,财经,ce0896860cba13ba1b34577442a26636ea0cc1258afaef4522da4bd046b13c82,retained
cnews:9094,9094,财经,64b25a9690cdeb432b4c11ea41cc75c46395277fac3b94f5e81ae05cd15137e3,retained
cnews:9095,9095,财经,8ee0912d1108ff9a833eecede32c11dc17973ce96debb65c02292fe3a89a460c,retained
cnews:9096,9096,财经,c425689829ad9cb035f7e9421b50657561c5379b8276b3404369ba719de19743,retained
cnews:9097,9097,财经,3295921acfd5a341146346f73b0eeb45a97fad4934ffca770142b48ef3c13af1,retained
cnews:9098,9098,财经,2994a0d3909581346a2b34528ac44fbc0acbd86ef8dcaa3201e17a421d0ef948,retained
cnews:9099,9099,财经,ae125f141111322bf27e716e71ffe36d24b864025c861853a1a39d9279c0f38e,retained
cnews:9100,9100,财经,a80deeb2b2c750cbe5007089297fa522d5cde688fd6b7b35d05a8180b6af0f23,retained
cnews:9101,9101,财经,8a1a66bbc9e272d7e9f052dd1a5fa681a761b9a31db250d357e7d2ac61163a49,retained
cnews:9102,9102,财经,582831f0ebcb71bd31f873a69f3722763b3a9f14033cc24ecc07d000f31d681b,retained
cnews:9103,9103,财经,cbe2d7a76b6b7eae00f01c2b0f1cdfab8018c523d9d455c2e5e13d421caa4f0a,retained
cnews:9104,9104,财经,ace93a2785dfc565418ce6ae2cab02254b849d3790260109d2fea15b1bbad0ec,retained
cnews:9105,9105,财经,aa6abf4c24770fb1e0b1c44cc49f0b565c8297b44205344f2bbae6dc95218128,retained
cnews:9106,9106,财经,a2a189e29f4b92b956a5253a48b67b8bdc69546fb88823d73c391492f0d1bcfc,retained
cnews:9107,9107,财经,c5670d0ffe3aef925af90d5f4a7809ef9bbd5de12ae57218d726cf6b0bf476dd,retained
cnews:9108,9108,财经,930d94abfcda56ac3110ad41fec70fc7f4b6cf9d486b0caced9f99e4a6886694,retained
cnews:9109,9109,财经,4b83f76ffe41308fad3c11486232b0504e18a069ffa7fb27098eb830fc349b9e,retained
cnews:9110,9110,财经,af561c7ab79712dd4d59ab582af9789012e811e8f309590b5c4e761f9e2faa05,retained
cnews:9111,9111,财经,c0e97655aabebf75d13e1b63360104bc23530c39b274c9b5ca5e0fb8da45b620,retained
cnews:9112,9112,财经,f944da193652a892b499c3ddff3929e6f90075e9fb835b76fcbabc3485196095,short
cnews:9113,9113,财经,054c50632b5940278fcded565b52418b28a559df96d3b96196548b82e80231e2,retained
cnews:9114,9114,财经,56fb17ff7b0b0cf56e2e10aaabcd50fd5f311c9a285fbb81a4e7864e841280e8,retained
cnews:9115,9115,财经,b1a92656b630b14c37e2f2b93b32318acc4b1dfd86fcbd431e4c8d7baf216d7f,retained
cnews:9116,9116,财经,268c6c1557640dea1cb48484640b6afef3f703f8cff5a38a8ec757e405da1883,retained
cnews:9117,9117,财经,fb93c4f89c2efa0c732e2775702e1ee3b4be0317c11bf58371ebfe995c61f855,retained
cnews:9118,9118,财经,2e2e32d2154d1d531d0cf8b989bd66696c51e2c16eb6a218c484482aa7654f54,retained
cnews:9119,9119,财经,50a9e337f3a42f52eba36bd86cd75d7cd970536532c4d75e0b5bb91994980486,retained
cnews:9120,9120,财经,5cd5e1af3ba1b2c399985310f7b1c11c17935b76bf70fc6dc3f460ed18233325,retained
cnews:9121,9121,财经,1c0a59944cc28a380bf4524e0988546435aac9841af57ea8618d48bb25a020a9,retained
cnews:9122,9122,财经,7d5b7d2c5fe3d416838593f4573e16665f7326ebd91aa1fd2780aead747d9714,retained
cnews:9123,9123,财经,9d37aaa3e6f5922b08f6b7a6a03c3d459ac51ce398b0199cd29a32a312c9591a,retained
cnews:9124,9124,财经,6fd48d6fe686d6983a458157c320d32ba66c12ead777b32b0cf597415b639154,retained
cnews:9125,9125,财经,7b8561b98d14dbb38be0859dba1987c945bd6abc0808c4969beff16f8cc794eb,retained
cnews:9126,9126,财经,884c4647635d4664c15e005a6cc9b2786957f3bec9e52fb2e432254b02ac570f,retained
cnews:9127,9127,财经,3f777b7705440374f162264e2da9263f0a44c6bc58cc257dbd1f00a96f880e80,retained
cnews:9128,9128,财经,c6695ee3e3e2930830450cb7e901b8680aa6a8d493524361a62e0ebfe5e23334,retained
cnews:9129,9129,财经,a3d873fd57a603c6be98c2dc56e33a158918700c0a2b122b4ee857d61a2c6614,retained
cnews:9130,9130,财经,9e8b8d4fdc0834f9d407cf1938e2f10f69891a197131f4ed0139f2b3ff0d77cb,retained
cnews:9131,9131,财经,d6e27f5aae964bfca0c23edff1373bf132036ba06a27c7ad78026bcd4c84c60b,retained
cnews:9132,9132,财经,a90349e018cd124adb486ed62eb997ac168d7486e40089e969ead1fa5a74161c,retained
cnews:9133,9133,财经,713a14de8319d31c4cad4700ea6ab55cdf72653d2fd0d9e476e47ee1afb2d003,retained
cnews:9134,9134,财经,661d8a6181e0e3526a206ef52cfd07ed86b7fd1924b5503f07eb9dfa4a0dc0af,retained
cnews:9135,9135,财经,4d541162b696a1d2276c03751193e7357925c4484969f92f5814157778546a41,retained
cnews:9136,9136,财经,6e8cbc8f4627f8fdda58d050b3b7d9583310093da9290147c7e233e769e580dd,retained
cnews:9137,9137,财经,8a16b3872c3b7d4ecf593be77b4161c079a7e224d87eb9d5b1e900172739cd8a,retained
cnews:9138,9138,财经,34ae8e078f1d915f155192a466b36401906886d15c8e8eb5345a93b0b8885faf,retained
cnews:9139,9139,财经,ebe1b20194453ee878fc3b652e517689a8e2ce7b5f0d8b4b672a1866c79f55fc,retained
cnews:9140,9140,财经,47c4646555952108aa34eb0fd0d1c5b940c12722e3711c8fe5f5a345ced03a3d,retained
cnews:9141,9141,财经,625059b365d8adba89b0f17d72fcdb95b2c9c0e94039233f9586d240114cb221,retained
cnews:9142,9142,财经,d6692f889c1333b9ab4f4854b0414da1bd3ca41aae63c4f307dca55d7f1a0cd7,retained
cnews:9143,9143,财经,acf5adf55f741c76adbc2cdd270e165473658ab6f523cd405bb74b9d48e4b72e,retained
cnews:9144,9144,财经,ceddb59fea2204dcbf2b1f5ec9498eea8e25b44ac86c67771bda6c7cb75362f8,retained
cnews:9145,9145,财经,0daa113a19ef102529d163b742ec149584124a90b2b6893f89df70048454c29d,retained
cnews:9146,9146,财经,f568f986f66e1c1fc2768357b5eb52416717e629841edd087fca95a1d0293687,retained
cnews:9147,9147,财经,0cc8aacee51ebb25de8e70c740988da67049668aa565d4e5271d55ea52b5bdef,retained
cnews:9148,9148,财经,3a4f64824f094c923bf5d45b3da5c4c57c467f49bc2f8385b8b37c8b74f1ccf5,retained
cnews:9149,9149,财经,2d41b849ca5c8d6c040a7b492c6790c13442f808f38e6e550018460aca9b72d6,retained
cnews:9150,9150,财经,cb18ba25f5a901dac6c39ce3b1994b8544ac812ee343e6ec4e52bdd89855da85,retained
cnews:9151,9151,财经,6b02f035013a4f9bb027e81857de1868c91aa99ad05c920c9cc936f0531fef74,retained
cnews:9152,9152,财经,6d8f20a1a5f26ae4e80b11d250af2b2919e87e3543f8e6fd3121cb3dfb711993,retained
cnews:9153,9153,财经,05b61163440acadb0a75350d4a9de4192760ee9614b9a99060e0b7405f8f9d5c,retained
cnews:9154,9154,财经,d16f99144b6a62c6f6828d1ea43dcac1d1f55923aa9c86b8f68f28ad00f1178b,retained
cnews:9155,9155,财经,970236302df1648cc943004fbd96d72162d2ee5c6f0d2a48380d9d7e8d67a3a9,short
cnews:9156,9156,财经,8e18ab67c192ffe36694c3f3bf08e966da7dc55ffe91af4f894278bda58f7369,retained
cnews:9157,9157,财经,2254149041bacbe075601eccae08139809c939691b9ce0440058f55c878d4a7f,retained
cnews:9158,9158,财经,96ec188ed64856b9e40c6d3d292049fec47ccce37cd4644140e616a6b5760d41,retained
cnews:9159,9159,财经,6382fca12ae7ade694c1d570291c08e28bb6f31df9a75281b248798352a57bb9,retained
cnews:9160,9160,财经,7c01ed1a36a170196c1e9328f6e8cfaffab2988d67c18b322108b65a6d662248,retained
cnews:9161,9161,财经,0db654851935c55142c1a38d9051dfffcfeeca18ef378d974d9deac5bafcfdd9,retained
cnews:9162,9162,财经,0c4aab8ade5fd34517c17a74ccaed90d5d182b94c3e197acdb57ee3c0d67babf,retained
cnews:9163,9163,财经,ccb4c02d8eeaf8a7daa94a58666b42fb739fc68297d4e65b9d2bf073fd9c730e,retained
cnews:9164,9164,财经,b3d8d7bd2714d52a21095f5f0720712f32c8a4db7809e4f434e18519f594c14c,retained
cnews:9165,9165,财经,584c8374cd4aa5b8b37072e944fc41a4a40bd27ab846ec41c191353d03524626,retained
cnews:9166,9166,财经,caec6af3bc2781a39bdadddc9e847528bef07f7c3bdf294405034b4de33909ae,retained
cnews:9167,9167,财经,15bb7c75a13631739a58080df58011084617e06787a41979497d1c367a9e2384,retained
cnews:9168,9168,财经,4f45e7015b64398d56cf9921451f919db20f1e1a030aba986678bc749fa19a1a,retained
cnews:9169,9169,财经,965008822305dff0f7a40bb3b57baf0a0f55bd89a38b0453ff7327c11d980290,retained
cnews:9170,9170,财经,1023ae4221bf208e618a961876ad648340c06c78f5bbacbabd8796d3bbf00213,retained
cnews:9171,9171,财经,c61ab71897500e15a05f9998efcc49adec3911112fd1e7cfa909a4184809f711,retained
cnews:9172,9172,财经,8f3fbe0ad9fc32d6ef590c89c4325ca188c4b0c23587859b683b5a94a5e48f58,retained
cnews:9173,9173,财经,72c1df9dcc628886a790b6a9671fe1fa88109d1bf1049ce3846ba55f69ea17eb,retained
cnews:9174,9174,财经,a7480b9d1900936ac6b8a473def90b8bc83bf3246ef46dd212543017bac67553,retained
cnews:9175,9175,财经,59bc6277b693c5f4afc67d15858391300a67ee62f3d9dd9066daea96a8700eac,retained
cnews:9176,9176,财经,3b545ef25bb6dd1509baef0d08bb1715ea52d2c2f5c03f97783b21de377c3ece,retained
cnews:9177,9177,财经,c312e377a1eca18aff0cd209af48409234e02ef762a704545454fbc0b3ba5691,retained
cnews:9178,9178,财经,ab6660e06c0aeff64e0134997662fc85b3019e53da553a74072ce633720b51e6,retained
cnews:9179,9179,财经,b6136f122a6d18bdaafd1e09dc66978a8ab3917b996d3bc34b55a19e4a13ed99,retained
cnews:9180,9180,财经,b0b0430d72705f010c3f8b4dd0d379a6bd0fc56b0105a18e7ae2958f2a5cfdee,retained
cnews:9181,9181,财经,1430c1d6f42d95f94f9ef7cbb667842cc02612489c30aad71e81fa64d84481ef,retained
cnews:9182,9182,财经,bb2513fccbc1b6b7711caca3d48a848e2d81ee2d4de4991699a4a0739c4b8803,retained
cnews:9183,9183,财经,a359de61cca7dfaa97ac775d5daf4b1cee99b12d5836df042664c5e125fc2e9f,retained
cnews:9184,9184,财经,913cd3ac673ea67adf41a9a4fc49c1fe18b567ebfa8fbb58b0624e23fbffe29b,retained
cnews:9185,9185,财经,2869fffdb9f386f12529a7c7c5cb29c541388f623996fbcf95a859d1e63fa258,retained
cnews:9186,9186,财经,4c1ca9f2d3710ee8bfaac98717f379bea81de7977659e60f7454aeb0662dc144,retained
cnews:9187,9187,财经,92412d1f39057cb810350eba8f0511d8644dffdbcebfa5fdaf44d8af2b0685c9,retained
cnews:9188,9188,财经,823ca724f510b6fa997b0ae823005fcb3ff80b5ecbaf702e511f1ba62610a952,retained
cnews:9189,9189,财经,11b285dd1dbd52fb11d45022406d38dce8ffe283c373b6305ce61f5f26a6c331,retained
cnews:9190,9190,财经,690d2d14b0304f7c7305ca1414bb192abf5bd3159082030d35c434508395053b,retained
cnews:9191,9191,财经,b7cd926125ab8336059e7d0a6e6c4b7a1e328aff2bdce4dafbdff873c9a0db02,retained
cnews:9192,9192,财经,c596db5c992d8d72f11fb2845c7652e09b3558654ce3545dbe0827ff549a7003,retained
cnews:9193,9193,财经,141db6195edfb44f52134294f41248ff6b2ccd8bd05c1f18428f8f9d22cb881b,retained
cnews:9194,9194,财经,0f16c64535798e54806bdcdbb8d1f5d46b81b7723020e543957e7f9bf91de3dd,retained
cnews:9195,9195,财经,6ce2bdff922630560164b8b3273deeec956f7f726590cfbd7af3b91e50b708e1,retained
cnews:9196,9196,财经,8030c78fdf8ac79ba54534c4f189e9b22272f4f49189e126b3e06cabfed3baaa,retained
cnews:9197,9197,财经,37bb8d58655aea512d131f4070183868bd49f6b00dbfcb6d79970495c24808af,retained
cnews:9198,9198,财经,35d7116d929e68c31769f8a87e4b3f96125d7dc88c5aa4831359ad5b3a31b261,retained
cnews:9199,9199,财经,a17ef27d7248aae455d53958762f586acc021b9e9060d535ef45009d6ed8624f,retained
cnews:9200,9200,财经,7c2235fafbf9f6858002eb27f42c4c4e480243417ae359cb4883298628b5a703,retained
cnews:9201,9201,财经,8f5ff9fa1268c16a756736ca2195578dc7be43fa0916937b9580b660433330c7,retained
cnews:9202,9202,财经,acda2d240281f0ad741a3ce7acf0583ce69d1c3b4db1490bd51fd4ea73f6307d,retained
cnews:9203,9203,财经,3b6635b7649c44040b6a85e667a30548de0f49f4011057a6b021f3884038bf10,retained
cnews:9204,9204,财经,29b183bfaef4f45c778c26b2f4ceb4c0a7646aaa64311de27d7064ea9ae1dded,retained
cnews:9205,9205,财经,6f0bfc15b3e1c021a157917173f8d64f3773bf32541f0ab1e00be896727c405f,retained
cnews:9206,9206,财经,927ddf0ddeb59cfede45c05d82a959a2ffc31848afedf4f11770131aa72c7f2c,retained
cnews:9207,9207,财经,d21303b1558afd44f2eddc03f3bcc286cd79e3562a9cc7d38e8a95eb3447fca2,retained
cnews:9208,9208,财经,43a4a1f8cfb4fe96e90f65edabd65cf833693db73a4c372aa258fa6a5df48cb1,retained
cnews:9209,9209,财经,8d774366615174b0bf2faf3d8de776b4f4501a8c5e5786737c517d7655657e38,retained
cnews:9210,9210,财经,2463c703e4a080cbb5a49b533c9bffdf779697b863b5228ff7a55f110208f867,retained
cnews:9211,9211,财经,b162f5480596846e91b0dd4ed6a5c96f18ddf1560837291e0c54e64c77d7c37c,retained
cnews:9212,9212,财经,f582be696fbacd605030ea618fbd2b81692c5157e4cc5b03cf8a7999072ebe2a,retained
cnews:9213,9213,财经,d5bf4ca2b5476adcb2fbbc06fa74b8fdb36872c10ce8958ddb9f2f08345dc615,retained
cnews:9214,9214,财经,31277ccbc9b559b888dd8402e5666c72754e2182db14f362c58cf9e6c0661c02,retained
cnews:9215,9215,财经,e38f2e9a3db13e07af130492408596cf9da19d91938120767a7c56bf27cd6a09,retained
cnews:9216,9216,财经,074edcac5b0a16f73088b8a3635aca3ee0d4a0de8e5f51f7eb3da6c49234b16f,retained
cnews:9217,9217,财经,e5ebe8747b2164ee57de63d7cbc63cd7b5207487c8542bda5d4202cb84ea2785,retained
cnews:9218,9218,财经,58da0de7d4722447a498193be78c23d83505cec297f5130e1c3d3c0d79d48f02,retained
cnews:9219,9219,财经,07605726e9ecad5f7f97ddb2b1378eb36af8b52a09cf73dc6bef7e61e943974d,retained
cnews:9220,9220,财经,ece48a6c839ae378c8e2f14579b7dbf9cf10a454d19ba73539c798042993ed11,retained
cnews:9221,9221,财经,8858b3fe71c7689a6297d6d100d39283a035f280a70667aeebe4234cff3343e9,retained
cnews:9222,9222,财经,ede71fdb19b5a7114b123ca6c99f7a608d1a14fca493b0f478ec9e5a4585a9df,retained
cnews:9223,9223,财经,652e4623c0e2abf01cc485f7816e619498c00e03f698ff5436f9c4fe784befe7,retained
cnews:9224,9224,财经,18dd48047b5e02c7a1372572a184d09093ba27e187acc40f7cacaa58889050dd,retained
cnews:9225,9225,财经,6a03237390ef0ce07a26a06582e7004c677bb25528ea4b29263363d4799eea8f,retained
cnews:9226,9226,财经,a2c0cc0135bebf5b25d29ad63d79354b038da16bca35c125eb73550a840ac60d,retained
cnews:9227,9227,财经,a4a15ea611e518ad702d2b7513821b5e40022af3afb36c09ada3170f55157363,retained
cnews:9228,9228,财经,12aeccf6a076756256740264a5217a805d536962215456d390c7dfce007141ee,retained
cnews:9229,9229,财经,8be2419e721a4e6a3b0168b041a2f4dde4133531d26c0ebe617fde828603c013,retained
cnews:9230,9230,财经,12d3c790aef33c1cbd8ac0663103c3e43a394df083deb6ad9e906680b59201a4,retained
cnews:9231,9231,财经,9c33581b44079121ba5f8e54558a8baff9564941adadf740c5abbcb49ebadec0,retained
cnews:9232,9232,财经,01b94c1338c067769cdb164b328297e601d3fe5f18bf1a845808cdc5da004df5,retained
cnews:9233,9233,财经,9640b01e8a8002b79a6c764241e2f4dd0e6985b6372ed4f9e7aa3ab31c73fb4d,retained
cnews:9234,9234,财经,c754e971aac36dec49439f417b79125099f0324570d926f8e7a8f9924c36455e,retained
cnews:9235,9235,财经,fec78fe621e48576fa39e2c7d6df1f30c79a81ed716e8c3dc72a591ad06063cd,retained
cnews:9236,9236,财经,bc34755189270b1a388b87d49fd3bf5cab366337ab2d2741ab19ebfd6a2bdb0d,retained
cnews:9237,9237,财经,ae178969612854436173310e1206a3b93939f81e685c5e8a91b2eba0d7c690b6,retained
cnews:9238,9238,财经,5a25e4bb73689b8b8b404875ef151da88ee7da9fa14cd7205d3291b219346a9f,retained
cnews:9239,9239,财经,19d2d7b8045a81233e4ac03bc0ab65161252d1dc9f9ca556e12276427f7132da,retained
cnews:9240,9240,财经,662b9546e6c90faa31097868ed823de88985e7aff96dc0d07dc91f71bba1d215,retained
cnews:9241,9241,财经,102d3988b7b9e7a39f46d9a5e8e406cd263d669aa00b769a3b70ed165ad26649,retained
cnews:9242,9242,财经,89cf3442419f4724e081db8bf9094b2089691e4c0c8a1242a94f92c5da5608c2,retained
cnews:9243,9243,财经,5e8d8e6bea9bf63bbd7996a670c6069258df0f7f724bd82380ca401f50ec8de9,retained
cnews:9244,9244,财经,b65ba7cbb83f437be331467e4c2df2284f6d4bacc52f432601578a299e576722,retained
cnews:9245,9245,财经,99599e4beaeed52d2deda4dc1693216761a72d4113532f9dd375bf407d5bbd7b,retained
cnews:9246,9246,财经,b21ff5b85fe3a72eb8cc56de1ef5514acb5ef44672acb9d2018e7b10ac2e7cb2,retained
cnews:9247,9247,财经,e0f52df9e0668f0fa908bc919ffdf079abf353b27c418f15b3d51561f327c65a,retained
cnews:9248,9248,财经,4599d41e7dece06f2be9937ffe09cd8cca4169b2959dc34888e5d497b9899977,retained
cnews:9249,9249,财经,7bfc3f44928a4cd5d6ce9a4a0f45c5319030607d1b1772050aaae61a27767bf4,retained
cnews:9250,9250,财经,02aaa12c6685be2b53e4bd0a138595bab85c33ea05bcddde33dc6f4131ec115d,retained
cnews:9251,9251,财经,cbde2ec8beefdbdd86755f27869e48db308096eb77a262038198a817d710bab4,retained
cnews:9252,9252,财经,2c0ad34c58d63675e16421cfd2a883bce66b267238409046c7cd03c7bb3ab0dc,retained
cnews:9253,9253,财经,ac9fd65afa1b417ae583f4946fa3d85e92dc2767bffdd7538d0c14ca5b37a51b,retained
cnews:9254,9254,财经,82dc07e7ac667c855464c02f63d4e782ae4b790310b61e0959751469b69f80bf,retained
cnews:9255,9255,财经,7bdb2ddbc4997acf3f8c5210745e7e38001eb4353d2c16e7580df5718909a15e,retained
cnews:9256,9256,财经,e78955d4b2c3ba1a4892d57890e123a8d93a328250b70485960072738551a696,retained
cnews:9257,9257,财经,4ac220db461c4e7dbcc4b8fd3fe93cc0aba71b2e8f9a78ebd547eca89cbd0ab9,retained
cnews:9258,9258,财经,9a075755609d94fd547e75cae9fa043cceedd43effb712f8cf67d8f22dce94b6,retained
cnews:9259,9259,财经,08b4369facf3c39008ab3f872f084026646c7fcf88a80936df1cb9be33541c79,retained
cnews:9260,9260,财经,702c3e23cc8e03d50037168250104d1a2337ec17fcf91da57ee8d84bccbe9485,retained
cnews:9261,9261,财经,7afe1b58b1d2353148efbdc2bf58ed951f8018a21c9b53f82267312125c9ba23,retained
cnews:9262,9262,财经,23c030e027faa29648b0393ec29237b81a2ae8836c0c68e1cc6e9305df6259a7,retained
cnews:9263,9263,财经,9fe7fff055e027dbd68c020751fffae64080932e2f3d60c80401d99473d80fe4,retained
cnews:9264,9264,财经,bdee51f51e53666b468cfbbeb169fab927d4c1e9e9add208c9abee5bfc2f7586,retained
cnews:9265,9265,财经,5f9a0d55dde7a2303100fd3e1e1278b39b2c91717ae32056f68208344e6fc253,retained
cnews:9266,9266,财经,5c29ba1b1b480a78ec9d15e589c787140070b6978b00a43a8a6d9c923ee9146d,retained
cnews:9267,9267,财经,75f4b268b7cf000d11c9b76150f9faab5f2fbd359015d3ae053997aef5a0be89,retained
cnews:9268,9268,财经,eaf3f285ee2a2d74b1199802bd9475fc06b0df61a5763fa8f12988e84f4a3607,retained
cnews:9269,9269,财经,7a07e1492d73092a4bb0efb195560a6c7bf08af4de945717146f333a1a3af242,retained
cnews:9270,9270,财经,4aac8e0fdc3af8c683e4e458dffa31ae17d8e187df7db3ac693a742c8ed75d07,retained
cnews:9271,9271,财经,feb226b1894585464b876203191e90b5240edced5bdac802291c77eff09ebbe2,retained
cnews:9272,9272,财经,cf568e8dec7a4aa18a3a06cdc953ae3fc4d1b4254e05003b1ddc0bcf5a39f48d,retained
cnews:9273,9273,财经,bf19ad2b9629842aaecd31247726b2bf3a32975fb86b7115e29489224c68ded2,retained
cnews:9274,9274,财经,e784bdad54949aac3ca0792e5f21f37474c2c9a1488b16f905efc0ef27cbaca5,retained
cnews:9275,9275,财经,5ab119b505a2acfdd7810f23bcf0a000206d59bcf50f1e16f2624fe0cc393c13,retained
cnews:9276,9276,财经,b5836bd0d4c2ba2748bd710d742a1b2fbd5b9ece4d1be029986303623f3218b7,retained
cnews:9277,9277,财经,349e3aef5cf9ad11b580f89c820e2fa83107308c1aa9a3dd5382585730450d01,retained
cnews:9278,9278,财经,86729dd9c58255bad786738716d11f16382d4e591c3aaf258750fe80cd72c68e,retained
cnews:9279,9279,财经,b0adb221972a16f391150cecc796d1533e802ade53beb720ffaad69ae0532018,retained
cnews:9280,9280,财经,e6cf977d637006ebde9776efcfa604cb936bfa35032c15f526cd42914805c627,retained
cnews:9281,9281,财经,9700c7cb3b5dad453a43e577dd7c0cf8e8242e3d8b9272ece31507e48e4688d9,retained
cnews:9282,9282,财经,7a805414e16089b52c27f4f3666857fbb39b0bfe2f14005881b15316fb5522d5,retained
cnews:9283,9283,财经,4c21ad51aa31d428994ee4ffea8b082f183bf1bc71f550d5763eb0ccfb0d5cbc,retained
cnews:9284,9284,财经,351fd3aafe345e2ab497028aff2dd9e09dfde317463348aa0eac3c1a76c61d23,retained
cnews:9285,9285,财经,fabd7b480c28660f048eeaf1759e61f46e3f5633a245f33b516c2fb73d8b8b79,retained
cnews:9286,9286,财经,a05eb8bd49f0b3e7cc8f5fb0f55451060daeabe9ba0a0d36d619a292e84f4f84,retained
cnews:9287,9287,财经,d0c9e9c14bcd6a6ab88c0d0c4d9df030d5e43892617604a59d238c2958d0adb1,retained
cnews:9288,9288,财经,7e07ed6ee2ce8c3c8e1f3c3180b003cb299ef3d9b3555502e27817e74056d593,retained
cnews:9289,9289,财经,53c0b1ab7ac6f8c83b3cf8588fd6114f72356726e5feea645eed06623cf03038,retained
cnews:9290,9290,财经,a0e153af92857ae7677129051e4fdfbb17798daa43d2cd190d9a4cf5238dd2dd,retained
cnews:9291,9291,财经,1ab33c396102fd1893fe2cc974614ef2f6531ecf59b7cdda0c377e62cd9865ca,retained
cnews:9292,9292,财经,f2884b96414b8e1188df56b66b6777e2973e68ca5919bf847b8ce1995aed744e,retained
cnews:9293,9293,财经,9e7203c554f61d793c156583691d669ececcd553904000703d08ab7117433dab,retained
cnews:9294,9294,财经,293ee7100bd45149e947e6fbc62e81d6e72cd3f8018b121fe44a2a1a8b66e39b,retained
cnews:9295,9295,财经,63a43d1173e30018c447a871071fb69580412d9cc13bff51169ba719e2e9a18c,retained
cnews:9296,9296,财经,ec39fe63b118554ceb8c4c58530a6b4acc347e08f45a74d70cd3d9cdc0a2592c,retained
cnews:9297,9297,财经,3a41473e0acf2f67b2eef964821e4cd0e681ec4badc503f81da32eb4989ceaed,retained
cnews:9298,9298,财经,7261e4c74e19e6e9053369b33db34c820f9df196b68d444c664541882397cd72,retained
cnews:9299,9299,财经,2012786b17ed2e039671dc283b1401990777ee1fc03ab9db73de762ab75f562f,retained
cnews:9300,9300,财经,1915dca966801122cc5a2315bbd1540a92d3501ffe591b325e1340e2001ce157,retained
cnews:9301,9301,财经,843267012686078d3d739b79d9e917f05ae58986f1d84143906f343e5391955c,retained
cnews:9302,9302,财经,bde7a33ed6bdb030cde9c695e53d98d01cebe522daca4738c062a8382db84bd7,retained
cnews:9303,9303,财经,8f384aca66f0a28099f63e6034bae648e3da3765c8035143344045ed70c5ff06,retained
cnews:9304,9304,财经,7e7d34249b5844d8f39c07efbf217c5ffcd08971605ddf0a13435be7c511ab93,retained
cnews:9305,9305,财经,fd6a0b91b56c0e9e7b041f31e354e79279b0e54481f8e402fb1a3d5f1da7676b,retained
cnews:9306,9306,财经,8388c2a115dd9ea26862c65c124a587a24f0bae25cad378f5bdd781a90cdf8d4,retained
cnews:9307,9307,财经,9107d3eec67f127aee88aef1d7a8ee74a2208c2dc8c86d312ca06de101dd4181,retained
cnews:9308,9308,财经,bb28383550144961c2ca8491de0ad919cc58149a5b7ec5237bd5580789504783,retained
cnews:9309,9309,财经,b7fc6392dca926e0c3a61e98eae380f59aaa47e521a58fc7a4e3ff6b6582887c,retained
cnews:9310,9310,财经,6ac103ed992f5cb18447df8b120451ba3f001fa4ae1cb42dea303a69d2ee7518,retained
cnews:9311,9311,财经,ad18d802aeb2dde404f326cb8e9e68ce611c4f66991e07d38facff874f971e8b,retained
cnews:9312,9312,财经,a8db506b0ff4c6dc0f56fcbde2a09186d449e03e48ffedb92c8a65838bc8f219,retained
cnews:9313,9313,财经,b69a5ec024cc116802b7cfb7e268ba18d37e6771c73ff3d7fb873044f9203812,retained
cnews:9314,9314,财经,572deec8d04fbe248bda5a3b8bf99059abd8cf1d8d909aa74c3fad2c291932bf,retained
cnews:9315,9315,财经,cf38b974b5b96af40e04487c17cea2114c5772bd46e0f107517e5698dc2ae4e8,retained
cnews:9316,9316,财经,cbb630df7f316e857a2ec22d8fef03b795a195f6e82c1ed761941f25c7ba0cf8,retained
cnews:9317,9317,财经,801bd1934819db057f3f3d1164b61bb120cfe29d40f6448094139901daba2d7c,retained
cnews:9318,9318,财经,9f6fa67483099ee2b44cc487c20cfcf9170aabd0e6870b459134670f34b7a419,retained
cnews:9319,9319,财经,bd5a70ee8157323e8f6ac9a2b4af3c658b78da4c25826e320d68be6103825596,retained
cnews:9320,9320,财经,6be51892f6f37792e3dfd6ccd66707a4d984387baf5e7d3c98296644a9aaef60,retained
cnews:9321,9321,财经,336faa4ee3989386a62240f5281ad9ca5c0d9c7650295795893d3248deb4d163,retained
cnews:9322,9322,财经,61a2a68ea67c16452c89fff781d081b041765f5ae787037debd0351a52ed8b8d,retained
cnews:9323,9323,财经,f75fb06fe300ea2749454880e1a2880cd9508df4022f2ad367a6c16c5f1bd678,retained
cnews:9324,9324,财经,690109e62651f762f1f80406b60079a105ff02c9fd18552ac712b0f98838cad7,retained
cnews:9325,9325,财经,9afae0b9eedfde7bb60634ec0f37812fe7e64b12cdbafc7dce83942e2fbe6d79,retained
cnews:9326,9326,财经,b1c7d1d85c0aba81a04a1b9cface58a1978fd0ce3ba543fa6d0a7e51dfb758c3,retained
cnews:9327,9327,财经,d2f8d1fddcf21f4f0ddd163a4ae4c176e085ff1ec96cf42fe0c225b6e45a5a01,retained
cnews:9328,9328,财经,6dbcd4e7da4c7bf5ed693a06d8ff197e062001598be1b593b094826f547a2a78,retained
cnews:9329,9329,财经,891308ac3a6a3518dff96d97f83e5ee1168c13bf87747e080decf39a14b740bb,retained
cnews:9330,9330,财经,8aa36590c61fc07e5709b967dc11d06e3a45ea7040fb2ec493c03d0c82f4c684,retained
cnews:9331,9331,财经,d1afe9ab3049936191d069d7ed4328e0499a2998865c1c6f34837137e39c692e,retained
cnews:9332,9332,财经,ee181d8019746f93383d9d5b6618ca44691e3960a61d74522374f80ed993662c,retained
cnews:9333,9333,财经,8f4edb1064979676fffb2f18ed6447705f8d4f927880b911953eb2dd62ec1431,retained
cnews:9334,9334,财经,fe6352347381bb79aca1b79e28f805fc84c1407bec6608aaf2d4bfabd1d7ded9,retained
cnews:9335,9335,财经,72d79bc58801cb35ac0b4e1803c7dd12bc7e2e22c2586c598a1877689e52bedf,retained
cnews:9336,9336,财经,2457d749b908fdbbd0970b67a24e675b9cfe1a2c69108cafe6d5d6f1b01f3996,retained
cnews:9337,9337,财经,6298a94a2be17c6d7b8e7d3f9e1d8728e3df6ed5cf207d94e944b59d1d33f393,retained
cnews:9338,9338,财经,b1d1ec027e011ba7fde49ab68f04d2ccbe23356ebed60f26ddec222e935811ed,retained
cnews:9339,9339,财经,221ab1a923c1a0d74926ea7f94a9bdca605c0d2c11189fd687a911bb8a4929c2,retained
cnews:9340,9340,财经,f285876f8755c9f25361a7a30a50061e9a17f4b50dad1c8144e176caa8a07a07,retained
cnews:9341,9341,财经,e9c24217fec78f7154c752a8110b42530463b73472d2c255b73c7c5cf35c4b5a,retained
cnews:9342,9342,财经,a1b09ea5ce1d3e9406bccc980afffa1880c519c67345caa0ee49f8383489dc12,retained
cnews:9343,9343,财经,ae72765667ee0e23f21fe8e0143fbd44a4b4b7f9489dc4ed6bceb3f70be89d73,retained
cnews:9344,9344,财经,a805972abd95abff5072353146887b315c4a255b2401047b69007d07a7347cae,retained
cnews:9345,9345,财经,578f495daaa077b0b6607d823ddcd2fe9dc4e205ce2266328aa8ed7da1edda57,retained
cnews:9346,9346,财经,ac2f6ddbab1bf37e1e6bfcba6bb089917debeaab17a7168e0303733c7e82f400,retained
cnews:9347,9347,财经,b417d5bd5f135755c8ba67ae6e784a022ea4abcb0e62baadcb9bfa330ee232cb,retained
cnews:9348,9348,财经,94d1f255a2c060b042ece5afa0dff573392708c1a3b4dc6f6379cbc7e486cc5d,retained
cnews:9349,9349,财经,dd970f480162cae0000284674f86f447f5674df63c36c9394a4c8e923fc78771,retained
cnews:9350,9350,财经,ba05b72c57aae11dcef2c6e90566eefeb6ed719ea9eb90311d104c19c31450f7,retained
cnews:9351,9351,财经,c21870e773c88d02cfa807da00a3393db3f78b801640e119ebb6322c5193215f,retained
cnews:9352,9352,财经,64c43c635803e0a4dab18f24936799c9ba518fbcf8776314553780a0e1be2e4a,retained
cnews:9353,9353,财经,783180940cf3da6f4bc1ea44a7020b21c1601994e445b3c105fd660c7192bba0,retained
cnews:9354,9354,财经,b266f714b8e567fbeeb812d8e21dc244848a80759dafb14df03f8c64d84dc174,retained
cnews:9355,9355,财经,26b53659af79c6afe114fbe401454e78566afc643ba2e8a29a28886431fd6199,retained
cnews:9356,9356,财经,c2498a83bf57a5e4f8bab8649908ec4c20d154889c5f2422c791dc24bbbfc494,retained
cnews:9357,9357,财经,442f718aece388242a75cf9a8dc57a2c3e2496133f804788fc43dcdeaea200bb,retained
cnews:9358,9358,财经,1d77ee53550474c4b027078db49366b03f0bfa638288f18b6c22714444670f56,retained
cnews:9359,9359,财经,8f40cf0f91bb99d6366d539a1e1e2d0baa87dfbfd2f3cb3d604ea48dc1c6f3d6,retained
cnews:9360,9360,财经,ec6d7d014f348b5cd52bddc13c945478789a9532be0af6e4789566aac75a0682,retained
cnews:9361,9361,财经,35fdb580e66d7d37680025e5e4b08b55c1b137da9968d12617eeedcdeaa09407,retained
cnews:9362,9362,财经,c085511a41afab53793b8aa1276a6c3d0029d6b6b4767d92b94381ff19a99f86,retained
cnews:9363,9363,财经,d79d95a3611f4cf946e1c36609d4d3b46514714a132940a6f2a9e9f4fc719297,retained
cnews:9364,9364,财经,78f7978d3a3d509d98ee3d98685a2cf7364a90237eacec29409c743fcc91d1d3,retained
cnews:9365,9365,财经,94b902364c3390eb64f9ffefbd8040ab3daca0751f3c3e6c681a967d297109d6,retained
cnews:9366,9366,财经,caa7e6cb405eda1ee74a64e9894e9775a3a9f3fce5dd600420be1e0e16468b1f,retained
cnews:9367,9367,财经,5a609fbaa290a78b2fe38eddd5c140d007ea9c6e152f10c9ee19664b020570b8,retained
cnews:9368,9368,财经,451c122e33119ec1dcf821c41a9574ce308dc66b3c413029561fc5da8f440920,retained
cnews:9369,9369,财经,a6ab6dbb81d4d78f51640f0e7a5ae9f62962c8cec10413b9d92e54a1be845f06,retained
cnews:9370,9370,财经,c3b2f54931cbfa2c1c10ccd83d283aeb59ade35db67ba58acb7ea4c7317a39f6,retained
cnews:9371,9371,财经,77911e59f3361c0d40fcec7058732d996f93ce2b6c79fafc98906286738f39b2,retained
cnews:9372,9372,财经,a325bcde6fccd1262a87ab35b733c9ca138708df6f1f4d623a01fd40f8fe2a4f,retained
cnews:9373,9373,财经,212afd84838d310d7a2a5f14be5bf5508d13a18299e54d7d739d41ba8e3f1205,retained
cnews:9374,9374,财经,c62a45d9724a183b8600d8ee22392b195c9919f0d2cedcd1bed48c403721f34a,retained
cnews:9375,9375,财经,29fd8299c8aa5d441731794a42a952a83fa846a2e744a9db2db4d0d633943983,retained
cnews:9376,9376,财经,ff21097175cf6f0124398f936e697af059d3d3fe6bb84478c4d88262b0e9d7c5,retained
cnews:9377,9377,财经,a8f27ea6a1b3ca09fe026e9c53208f72c66b320410745a91f0815eb9395b2cae,retained
cnews:9378,9378,财经,c1ca3799545c6df8bac28483321e8578c9ed42c6159e6d0ea32afcc59473f94d,retained
cnews:9379,9379,财经,dc5dc061fe81785d75953783604416e934fe7ad52d4d5a0ef817d418f2ab6c86,retained
cnews:9380,9380,财经,a6e8e5751c5698a94b16b9f05e1ef8d55d59105d8ad3cfd488470b5bc1bf86e1,retained
cnews:9381,9381,财经,08d306df9c95eb4789c1dbd317f7dedb782c3f710ef9a63459e6b01d0c0e356f,retained
cnews:9382,9382,财经,6b69f9598718ca83c391de0e8cb1453820d349064fb59ef82bd6155efbed0b55,retained
cnews:9383,9383,财经,49dfc8702f5888409a3e522f652bd69151fd3a92fe79912a34d96a8874eae56d,retained
cnews:9384,9384,财经,087e1ba1097d53a2e6ca2aa7d2cb7c664aaeb7c2b7ba5555d478fd77a984175a,retained
cnews:9385,9385,财经,d322336bb4eaaf4b4342354065038949081ffa5a1641e8d1e44e1113107d2cb2,retained
cnews:9386,9386,财经,4b5d1f1c7a2316f84bcae1294a369facb16a968e241251698d8abdc7f7828653,retained
cnews:9387,9387,财经,c8e5f8748f8206762034f5bef6bb8f6de86446d8c7ec98814f3efd4fae6daea9,retained
cnews:9388,9388,财经,729d293633b2d9adeaf7078924e58c70173ca738b593bdc93c42f6697cb9a775,retained
cnews:9389,9389,财经,8fac60df3020c2c4259d5fc28251b2c7aac6592483e072164d92d6a3a781e18f,retained
cnews:9390,9390,财经,195dc251d130a96233fb548843943cc3a74a32631562aeb3cef4f3e451626705,retained
cnews:9391,9391,财经,eb0428b3e8723ed5bed9db9c601d75b4ff359633009b2b9bc559464959fb928e,retained
cnews:9392,9392,财经,e84ca10e11c0c2c658496ba9efc0df853288cfcce4486389e8ac8edb38a57f1b,retained
cnews:9393,9393,财经,f51a37d3581f20400a51f17e52039386b9cc022f120dce74fda47ab532974e5e,retained
cnews:9394,9394,财经,f61ce107a143b347cd17ab558cec3c3f777a8c0e4d119e140d6f373ddf7b62a4,retained
cnews:9395,9395,财经,2fc8f4896dc6d1744240ddc0b4efdc53daa03a6d6afea6eac95ddfd7c4e9a97f,retained
cnews:9396,9396,财经,e7d35c679571c5104146febe14595b72770f89b0dbdeb6c7c4c22e56da74fe07,retained
cnews:9397,9397,财经,b3f27d77461108d4e42ed6ebf5a27142c25422f20fee5c09139fbd86cec5320e,retained
cnews:9398,9398,财经,73725ae68a4d6daffbba35fe397ee71e4f356c6f9a5f8ce3798dad246e7e12bb,retained
cnews:9399,9399,财经,fdb3dc6000c163725b4ff8055de867f98c69f566a95b0d88febf6ec41c8f7556,retained
cnews:9400,9400,财经,72595ddfbf78033060a91570fcbf16263595de6a4e4f3ed048415bb7c90c8d1d,retained
cnews:9401,9401,财经,e210db49ffc91845fdcf39f5fb6ab7cc2728c79a23067001900d148add4e298b,retained
cnews:9402,9402,财经,d2848f57d9a8ea1796fde50eb5a733ceb17bc7896f29435af4f95ecf23b4a400,retained
cnews:9403,9403,财经,c78d2cb015c39aa97a9d5122aa4014d7f193b8ec0f3d0431571b62fffc7e97d9,retained
cnews:9404,9404,财经,4cd9b56fd597d0df7a7bdb2168cd99ebe9e0b1b90cde29a21626a20c32e6b72e,retained
cnews:9405,9405,财经,581f126db4ffdc8d929723cafbd912208bd42dfc58a2484f9b17b1df18b626c4,retained
cnews:9406,9406,财经,7fb821e600426d7d72b69d85243bc16b127c3b562fab835bd050a9306627fe86,retained
cnews:9407,9407,财经,86ee7f3af43010a268f2c96f1d48a097c01629c7918dfd303caa598d29b74137,retained
cnews:9408,9408,财经,5c92b939f4f2bbf93d6a3d39c1e57cde7522a94c2c26aac5d5692e958d79c857,retained
cnews:9409,9409,财经,eb5ecf7820f0241e74d56c60c619ce3385b165cc1bff3126543d9c615b254686,retained
cnews:9410,9410,财经,1bd5ce584b82761e775f6b5a6da192745e8da1084c799481aa91f9e5861282e9,retained
cnews:9411,9411,财经,f8becdf0a4d3e69b698578cac5814e7fe8090df180a9793d60c126168467c63c,retained
cnews:9412,9412,财经,c63f9589be1d9511b50f7d365de864e9538ad1cdef5c08c7471a6dd71fe5f38f,retained
cnews:9413,9413,财经,bf66f317fdc4640f34ec41f21b31951ffdca3e6d81301893dadbe4ef87ee97af,retained
cnews:9414,9414,财经,c8d9f35c6e5e378238e6d13e612c6447b1edf93fff9d21ecce24607202757b04,retained
cnews:9415,9415,财经,9203fad7ec5bc9e84b7c694c5d07e44c9ed48abd719cc155b584cffb63a89a51,retained
cnews:9416,9416,财经,c69da10c3e0b1e91324f8b0bff3d2acee8d6cd71fc6cd9321f7cec79e9be9896,retained
cnews:9417,9417,财经,d07a6071f3e6ce6ec8d6277506c8aff085a473f53119d5c78c285475cb3422de,retained
cnews:9418,9418,财经,a0eb6cf9fb1a897f7605a17e1b50d92763ac3b46d3bfbd3592a22a7f397ff5c0,retained
cnews:9419,9419,财经,8b6cbc635f1cd7cd12400f72d72cb08bb18bc3670a8d6372de85c2bbfe42d5b9,retained
cnews:9420,9420,财经,1161695596f23263f941b13c96139bfaadd427188574fd32f85b5c793c0445a6,retained
cnews:9421,9421,财经,5225a1eb6a47f4a4692ec6e5421e128a85582a35c9af17b2bf8477d6e44dac5c,retained
cnews:9422,9422,财经,5aeeb8cda9b4ff3475af1877a2c1822b828eb7212a1e6e6f8d8e2de659790293,retained
cnews:9423,9423,财经,f55724c16e6b6930243dfd51526427d83b81347536fa6f47c6e4eea3909d31ce,retained
cnews:9424,9424,财经,dd13016db4f3824916ab2eaf5af2ea1e735cb3b50de5ffe45a3f73d8f37f7b65,retained
cnews:9425,9425,财经,c2407c6cdbc5ec77a2ab92f31a053a050417056f7ce7eb92c5f85c2a73d7b74a,retained
cnews:9426,9426,财经,d61633900fb21a9e3efe94b3d330974160bfbb20ee9e6b2a8336a5e748596ada,retained
cnews:9427,9427,财经,424c827204fea264566eeacdc92cfc464b913f099a5471bfc4c60bd4e5900adc,retained
cnews:9428,9428,财经,341ba3678d5d41ba2a0c0e08062f5a90ec7af430a409a5198c96d3f951d4014b,retained
cnews:9429,9429,财经,acce3117956dc773f6f63430b220341d0a228ac87a90377cc4856e75060523eb,retained
cnews:9430,9430,财经,f771db36c76ef78458cbc96ce4ab0831e7b955d3da0b6c79b00d194ac5fa8a35,retained
cnews:9431,9431,财经,463febe11098351c0d6839a7243b9f3f0d1dffb3cf939559cbdc8ad0ac888357,retained
cnews:9432,9432,财经,61460ccc91e71a2affccb4174843137a4faff24beb69fd6bb0a257bce081b2d4,retained
cnews:9433,9433,财经,e9084606c8e8e8756124979b980decb1420287dfdaad7e2a22a87508d396b7d7,retained
cnews:9434,9434,财经,a91a4dfa0b82bebabff8e0bc2f26ac98bb69256e324eaabd46b920548b678089,retained
cnews:9435,9435,财经,687d2d8ed3aef9586a16e5e3fa43ea54cd9bf8bbb14f484dbeea3798f06afbc5,retained
cnews:9436,9436,财经,58c2a6e0c34c542ef48d348c40482c56cd91e3a13e63357d30919d463e377bd3,retained
cnews:9437,9437,财经,4723ca25f7dc8fef38559976c758c18832662c74dcf344cdfd9d549d2c68d9fd,retained
cnews:9438,9438,财经,acc8e4d97ccba948bc7d2f6c8b19a1122b7399bbfb72185ec5efa2122d6115fe,retained
cnews:9439,9439,财经,d464b0fb6b5bb16639d099737161b3a6711bec9378b79da7e0ab535124566d79,retained
cnews:9440,9440,财经,c84c5707b5d832ffefd3a281dc6fa0aa2a9f1a94d4878333c1af59238e9d3e5d,retained
cnews:9441,9441,财经,d226a98979f24d3cf1b779b661214b222b2e75818179f199a10facf7d318de38,retained
cnews:9442,9442,财经,57ef5a6d640f1947b567795c2c2ee002d52fb475be9d15b1a7cf82ca1b76b579,retained
cnews:9443,9443,财经,cc209f838019256063d23755c320e84426195df4372b0060b0c69bd1262a5dc4,retained
cnews:9444,9444,财经,75a3ba04b5701b30efcdef601a8362a4c0cdf2c29ea7bca48b612fae875f5ac5,retained
cnews:9445,9445,财经,093eca2d58be88789efa6b168dc54ad67b8d4c8743a3e72ff4ad0af614691026,retained
cnews:9446,9446,财经,348613df734f727b563015e02a9982c996dccab143189a89189ce1216a2a57d2,retained
cnews:9447,9447,财经,0386b99656c5c76294b5787486a9180a9e08a763c53bad725be3bcb76932f626,retained
cnews:9448,9448,财经,a66aecc19a8ece106e5c08d4f8b8d39fb492e6709eb3f7ff22ccd75dcf697472,retained
cnews:9449,9449,财经,5a3a94c00f23209fcf01d6313be5bdd91aa6a6d879fa79820c43acba5cc1f52a,retained
cnews:9450,9450,财经,2746140f22cb57119257f35e384bfadf36dedaec5003697f7597b1a3527e3e6e,retained
cnews:9451,9451,财经,69836e1dd9f18e8a3e1893657e36fd42ae5d451067dbc66712a872b7662d3b44,retained
cnews:9452,9452,财经,1dada3b29bcaf2b988a19b4dcbbee63b2641e1c01b754dc95987d187f431b37d,retained
cnews:9453,9453,财经,451ff5842475839502ab38341375f0e38392e4995bd38c45d076b386e4698f4e,retained
cnews:9454,9454,财经,6119cb12334717941c4a937c7cbe99d130499744af7718c559f117cffab671ee,retained
cnews:9455,9455,财经,3d9983bc9ff444f4dfde2a4c501fcad40af140dcb88dbbe698dbef2907804825,retained
cnews:9456,9456,财经,d4bb54f481c0524e090ab16df49060dab5c45ebb3457a45c78af9f2e2aa8bf74,retained
cnews:9457,9457,财经,93085e5d4090f4bc95ca5a1857e25527b395f7ddaf45c0427758b31f53f11473,retained
cnews:9458,9458,财经,4897292d34d23c5b0da1adf53716118ec57ee0aad96ae3d4fd61c54cd4880c5b,retained
cnews:9459,9459,财经,c5136d376ae8f562244c2ac0cb4e3178b7fd60ce69ed50676b65a065599de607,retained
cnews:9460,9460,财经,023b559e9cfe52cc8cd367229be3ed3d7404b0746fc69ffdcb1a8133db02c9e9,retained
cnews:9461,9461,财经,bdf28e36de4f1eb55644964d165a13ce38c6d426e3f812023d946fc0e0e9a12e,retained
cnews:9462,9462,财经,67087a5b2e12731cc450191805bd37b499b3a6ae194328d8cca6f113799e709b,retained
cnews:9463,9463,财经,926784e332e1b8362cf654b73fd60c04f87e2d388edc317a72b7518d57f4eb78,retained
cnews:9464,9464,财经,ecd03a79f5acca33dc03b1bc39e36cfd0a53c003dba86f65deea629d8c5a2e5f,retained
cnews:9465,9465,财经,2102dfaf05d86f2fb47cac3d31de6510f4a6d05d62a142232f6e089a588a63d8,retained
cnews:9466,9466,财经,0c8f98688d04b2e486579aac1744bcc8a86fb9d37d953c9ac8eb4a4825e975da,retained
cnews:9467,9467,财经,813dcc3cc221217bff4e61ed2bfb4595b4ad0dc15226c1c99df21d0642a19d35,retained
cnews:9468,9468,财经,9161126af27907cddc8e71ab5945fd7a65a28072a655666a0132f01a83b5a9c8,retained
cnews:9469,9469,财经,f8e8e620ff50570145f37e03f341524c77e65b72f7a27e6fd194a5e9e0f65a3f,retained
cnews:9470,9470,财经,a3691f32d0175223b42ff52a444c353fb17ceecff8556ebd5dc1c3db1573ac95,retained
cnews:9471,9471,财经,3b569f79ed40e656725a8820cc56f8237453773cc9f3d84c7fe15fcb006464b1,retained
cnews:9472,9472,财经,73d1f9ba0a63e1eda934ff666a73d3fd5d2807296e7fcb1332f2ba47219ac13d,retained
cnews:9473,9473,财经,f5df94c5d5fa76168625951a88c236b728c603cd988bcaf9af4673329b202e9b,retained
cnews:9474,9474,财经,1e372d3dd164d2ea81856f4475947bbea4608ec05100f7855b6e7206ee6ad008,retained
cnews:9475,9475,财经,6088c90f9f45832fd8912a5aa0087e5a80d24db40adde05908f8f04e1f2000ce,retained
cnews:9476,9476,财经,023b9c7ce39dad65243bc4472a7f427bdae09812f9a580fc809a150a122b29e6,retained
cnews:9477,9477,财经,be56fd3e1100dc607c6676498c4322d41cf5079aea89bb7829acfeeb6d424dee,retained
cnews:9478,9478,财经,4119d9b92817075170ed975618355d683c795f0ca9d7fd55099415e3a17e93ef,retained
cnews:9479,9479,财经,b399493ddf7afde87afb85b25ec3b29ac758700e2e4028369ad29baf120998e1,retained
cnews:9480,9480,财经,10fe9d3e62a6c776dc4d8b164b8e96626d0e602698aeab3694a446428185bbee,retained
cnews:9481,9481,财经,842aa54de6ec53267b2e002654751849982e4633dc03de1f38a9038187585435,retained
cnews:9482,9482,财经,5e32955d6f2755d843376d4d5a2f638cebc65ee5ca21c5e73b56b977dc80d1df,retained
cnews:9483,9483,财经,3e32bf80c26991ef015b86b4b987534283fb17299a141249ee2fe4f296591334,retained
cnews:9484,9484,财经,97c19fe3e22c0be1588f6afe384c890ffc877958df7743c1b47d028bb17338bf,retained
cnews:9485,9485,财经,f102003a8004eb8312e0f1171b5b85d269d39fbad93b8e8e79c67ca0cfe6b4b6,retained
cnews:9486,9486,财经,cb7066bd12c7402379ff376fb6ad8b760e6bd29af9a26e48fcb62738fd53fe3f,retained
cnews:9487,9487,财经,afc8272ad435874db79b2350440016e3d5757f1f3fa6e3e13e100bf8afa4b8db,retained
cnews:9488,9488,财经,b6ac3ce610fde68d988cb1d140eb620396d66849e1bb235faf45a74403842e2f,retained
cnews:9489,9489,财经,6ef0cba4351bc4c188f8eb34851d1e0956cb8912c33ad204734e5a774d80c4ac,retained
cnews:9490,9490,财经,4756f089bb64974eae6a27adeeab5a36d0b43fdac17635caff86de6fbc98d42f,retained
cnews:9491,9491,财经,3854602c7cfac9831b9690fc44bf0f650aa45cec6f0163fc0d5f8a8e6c7e060f,retained
cnews:9492,9492,财经,e3049441b20b81ee09760d9beba79f1dffeca3f8bff6008376f5af569fd6f369,retained
cnews:9493,9493,财经,fedc60e3677f776b432786debe63e3116551024926918b8397c446fa4c861254,retained
cnews:9494,9494,财经,aefb169cd95aeb0d9f12d15cbbc9b85cc7979144a937b9b171ff6fd1384d6b00,retained
cnews:9495,9495,财经,1b989c11e5304fd694ba5fea9ec3c036ad5644d9eaa3987be817186d783a6461,retained
cnews:9496,9496,财经,294d069b9593ce88aae94776fea45af675d24d76a980174826f17743f822655b,retained
cnews:9497,9497,财经,33e5cd812c10a0bafdee187ff1c04810aa8c75988e271ecd73c55e993201b78f,retained
cnews:9498,9498,财经,e288ab96fae08b7c9b631b04baee7c842e36c5e19bbf9a36e7d10bc548cf06cf,retained
cnews:9499,9499,财经,da79f5b637184f27a0ededd934d43406a0d644e61ba4ee337549b4738866a724,retained
cnews:9500,9500,财经,bad25be57e39f8621f3b92eb3b4daa33e8e4fcf797e9149c027928b87fc1bc7d,retained
cnews:9501,9501,财经,2e12754b58bc28afd802c8eca036230e853492848b87eb757117620ff00eacae,retained
cnews:9502,9502,财经,7ce4da499b7f7c30db80be0edbc16e7efda17b659a9aada6be8dfc3f4c6ba15a,retained
cnews:9503,9503,财经,883875506654e2ee95e85b6e85f3a9e70f1daa0b9f46860c2a77dd306ed825f7,retained
cnews:9504,9504,财经,918d4dec6a36159cf7a0cbb85d6a9ada6c8d9378253fde70874d5a508c7b5376,retained
cnews:9505,9505,财经,01b297d305ae218a3549f4af3b9ef737d8073288e0e82f5f887c0296ee74c7a4,retained
cnews:9506,9506,财经,112557144a99de40b07d7b2775b9aba3169643fb3dcfec5eac8e2c3621421712,retained
cnews:9507,9507,财经,a2c00d98cbc21979d2d9811cbb50d40d3792e02d6197f381e77550eb12f00c25,retained
cnews:9508,9508,财经,22b0aebfb8b333c5875cff3b742c5f655f34c240c90148125430c6f638c440a6,retained
cnews:9509,9509,财经,3f06d7aee3f86ed319845f9230752a7c5962d079a0fe742426af7236cd2b309d,retained
cnews:9510,9510,财经,376d76bc687c48cc18a5131e3f075b649ad88e05a1436d424db5af0b07c7821e,retained
cnews:9511,9511,财经,24ab56e86781519f4eccc7fed2948ec75483e7bd32ad313754ad683b1adee698,retained
cnews:9512,9512,财经,4a91b2f4af12a5d308dc09984eee36fd34769750d4a51a31ce1f611dece08a88,retained
cnews:9513,9513,财经,c6fa7427bc74c6017e81e29d612308c1d1501a30ad823ca30bc9648f586670dd,retained
cnews:9514,9514,财经,253dd20772f85da81450e244fda92bb81a7d2d76d237bb3e6b24706f9fa1f275,retained
cnews:9515,9515,财经,007c33ed5eadbd916d223c09a8a1434abd0defb19fc30441d8797bda56906cf8,retained
cnews:9516,9516,财经,5db79ebf1bed72e5faaeb483796110835a37a5ec005060e5be37d2bb29258042,retained
cnews:9517,9517,财经,db9d688f36f3436160610e2ca472da6a7e719d80f94666528c71c9dc5dd71890,retained
cnews:9518,9518,财经,ba9e685bbf1648e5364873e780899f59fe0d6f0d3d7286730a7a7f9e49f830d0,retained
cnews:9519,9519,财经,19f3d7bfc307e70b5deac1b49f8f15576d9060261f1e61b5b957cc7e8bb9ec4a,retained
cnews:9520,9520,财经,8d21166227f5c51d72b0b11bc52835d0b58363375c80bd9b28b3cffa98e0fe07,retained
cnews:9521,9521,财经,75fa9ed695489ce16452cd2b8fcdf7017dad7a5ac45b839b33d1f17590b731f4,retained
cnews:9522,9522,财经,41b3b9cb95d7f5d9760902275b7d01ae134d086cb6f5efc37f1d079f5e75b6e7,retained
cnews:9523,9523,财经,f30081bd3d05c3a20a336c5689d3416071205cc29b6556bc669d9c248d185036,retained
cnews:9524,9524,财经,51ccd55d9c64a5e324efd5b39ac7934f2847d108a32dab4a0dc08021b6e15fd3,retained
cnews:9525,9525,财经,86a62dc1f78498081ded453b9676761ea66a0d3a2ba238472c0de7c44d4d2beb,retained
cnews:9526,9526,财经,c99a2d776926162b04ff714c1bd5d899d329c973f98b8d457c90d186f12b6e11,retained
cnews:9527,9527,财经,d4513361eee0020b960e19be2d9112de49994cd8cebddc795f3453c0115b4afa,retained
cnews:9528,9528,财经,ccd24805a6f4ba1e1b5fe4eac6892e44ff9dc29857363d80ea448e740b9b6769,retained
cnews:9529,9529,财经,2a2a1dae4f210b5bcdb2d2b45a818fcf74d9ad69a3ee3a965a9aebf3014f8d2f,retained
cnews:9530,9530,财经,91dab2dc735aceb306fb3b85d392c4312be2e465940f4f0c02adf560541783d5,retained
cnews:9531,9531,财经,94f23647e3f435365fb5fa960da555890e08962644e78f2acae1a9031fa6716e,retained
cnews:9532,9532,财经,fd34e9d94e184ab811e212f2cfe2d6bb9faeb20dd7875ff1a8d69d54cb97c562,retained
cnews:9533,9533,财经,04b1bfaa7bb51c18203fa2c2bfcbcaa825e78671152539ca581bd22750880420,retained
cnews:9534,9534,财经,4df8807b00ed9a7d805dedb14caf4e8c08bb46551679f66170d429c22f4c264b,retained
cnews:9535,9535,财经,6b7adde7824de385e164a41fecd5263add4cc0bf0639f13ada96c17a1af932fe,retained
cnews:9536,9536,财经,572914052d3a598b518850ef559f96379b302c2e35ad870b03dfa57c6b6d48c8,retained
cnews:9537,9537,财经,8ded5de26a22d0c7788719c19fae41d60244edebeda19bed5a443861796dce83,retained
cnews:9538,9538,财经,3bbfcb2558661d07f6ea0c73cd8720ef509afabf696a9bef8d1b658561cfa14e,retained
cnews:9539,9539,财经,4fcd4e9219be4a2ca11ebaccc1d4fd40f216e689b0eed2aead569f2d373d3171,retained
cnews:9540,9540,财经,ab2613d9454fe8c32d943ad3d969a2d08826d85b78f139465324d3f6eb416d5c,short
cnews:9541,9541,财经,8737cd595bd9096ea65944eb40c218cf13ce8de55c00cd715416a8363d71192f,retained
cnews:9542,9542,财经,8e3cb145881eb2beece409c7224299ee04e8c494f54af47118f4733778605865,retained
cnews:9543,9543,财经,4b9f6a75bb0d8916ac97e7b25d7bb2e3ffeb96eed4dc00fbd61adaef9958d5d5,retained
cnews:9544,9544,财经,cf991d904dfc3369c8f07c439de326e878afefd3ca89decdc9d3d20618c87c31,retained
cnews:9545,9545,财经,79669eff87ef2671935d832a050b0e963a2ba5d725b7963144381839e857b52e,retained
cnews:9546,9546,财经,8431036fa43d1cbf0780cafab550e168b37060179d9acd153191a2a35fb34f78,retained
cnews:9547,9547,财经,0ee99cc8ef7ce5ec9ded9e4d2a7b68d9a43b0ad2082eee88fc2885d389332f8f,retained
cnews:9548,9548,财经,2a5ae99badb4aa2b1361f3d15d413700e889c04671e310b58cf97f3cb9f1c105,retained
cnews:9549,9549,财经,9e5790adaf415cb7974f5e3f7a38e598ac8e2e1afb0ff3a914a0af47b4b8909b,retained
cnews:9550,9550,财经,d987e6ab60c79d3f6d9947ac8a0f43c97e744336a4101a69da21aeb8bfdc78fd,retained
cnews:9551,9551,财经,d30e58ae1ca56a269cdb0566f57250ccece87e8c5bb74a581843470b5bcf1862,retained
cnews:9552,9552,财经,ed279e0ebd0ba70f683af8803280e78e85d6d848fa41b0761b0ba65b85e5778c,retained
cnews:9553,9553,财经,314b6172dc2ca10f2ff1abf7707f2b684a7e049ca4540c7f07aaa4a998b132a1,retained
cnews:9554,9554,财经,1ea40d24671285ff2405d426f72869e5c37882e0f4548ed515b18f35b497b2c9,retained
cnews:9555,9555,财经,3c19e346033eaeb4de4cac372b5c9b3ac9703848caeb085642cb1ac66dd5940b,retained
cnews:9556,9556,财经,e5188e49d6a56b869cde22379a0c120f1d101b4ec954f4b0b38df835d6d5b805,retained
cnews:9557,9557,财经,3e34a4e31a1bb23ddf1eb61bb8b4fd26e0329c9eb14cdd80262d8235510fd726,retained
cnews:9558,9558,财经,b9b745350e05b9951d69b22775393c064d70ceb444667e267a618949e2cb5f5b,retained
cnews:9559,9559,财经,6795f95936a983029f5a23058b90e5977110b048fc57cdd2d993beceec5b00af,retained
cnews:9560,9560,财经,7449c40398e4eb5132640da8398f87cf2d4cecf9ce064d097c06ec39d3841176,retained
cnews:9561,9561,财经,7b008f8e5fba7118ba4e1cb2400cfed45e1cf7b266e7b96cad6da27415c77c82,retained
cnews:9562,9562,财经,65878c9b72f10294539a57c987e1cc6ca19615a2ac81088250500f69b4c2b5e9,retained
cnews:9563,9563,财经,29fb85894417bfb13a07229166006af8e70fa55860d8fb02cf38f1cfefe882db,retained
cnews:9564,9564,财经,fd6ac54a5f1a8751c684c905ceda4ca9deafc915f2a24fdbc578ea33febed463,retained
cnews:9565,9565,财经,9faa8fc72fbfcd5e44baffe8ea88f6ab373e8197b4c1a2a872c289e3b6105a6b,retained
cnews:9566,9566,财经,fda269f6d8adc049f9d2ade0dae18cf91237da45791d4d5a4d0a607b0e8e319b,retained
cnews:9567,9567,财经,c4095bc668b4e657171bf770dcb2d35cee776e4e89d6b706caaebce7d38985f9,retained
cnews:9568,9568,财经,9ae2cbcbdbfda90f4eb2fd42b6f6439831617963dbec025e9764b05f9568c0c4,retained
cnews:9569,9569,财经,643a18b7afba998acc087cd6f591636bff4a8f2d41b8a09e00508d0ea006d3fc,retained
cnews:9570,9570,财经,cf94e97fa7f7b7930f5970001fad2ab99074ab5204cc9bca3b8a58c55b119ad0,retained
cnews:9571,9571,财经,ea57090e5f037afe5c616c4d84df4b55462c46b4833e959e067904e521ef287c,retained
cnews:9572,9572,财经,4f5a0c1a1154eaa4ecb01ea5a1d5039e6a07582d595d0fe6dc0f42e18ceb07d6,retained
cnews:9573,9573,财经,7bd2109f885341c3e395f919bda3f727dd65bd2e65d90ac23144d7f7f368709b,retained
cnews:9574,9574,财经,7b8703e9685bbfa548ebab890c82110351edb46edf3efcb48e03372004fb0f85,retained
cnews:9575,9575,财经,c967c367dd6765ff0bb9c18be14830eca483666992aeb8fecd8611e3c82882f8,retained
cnews:9576,9576,财经,6a1b3e87874f9cffc78cf7b4dffd24c010c95eaa9ebce87dd6fd7ab18e412bfe,retained
cnews:9577,9577,财经,b276b380e34172ac43d526a2bb8c49701e806d3b6c4a1c1ca5624ce51ce244d9,retained
cnews:9578,9578,财经,35397ec400f6e90d19413a6a6d2e157de99601601f8af07aa9c3b44710665d90,retained
cnews:9579,9579,财经,c7d0694314e6b2044ea37eaebc45f1e2024ebcd742299363f2cfea89d268bafc,retained
cnews:9580,9580,财经,829a8f7af0bfe570fee81e19d5cd7ddc5c640233e406933a4362b4da682cce8b,retained
cnews:9581,9581,财经,3a6c7f58e7389f3c92999cb0bf1aeecf8bc9534b4ecc2e9359165cbd8f79103b,retained
cnews:9582,9582,财经,8c03ba05119e0dad18709eff227ef2a8cfee7c295ba99d20232a63ecee057a25,retained
cnews:9583,9583,财经,70f414cf17fbbfeb5bc345cd9b06c72a98553058685645240bd294d0df1093a9,retained
cnews:9584,9584,财经,92cffdc27c776dcbcea980a628a1e6dcd1d220186ebad6f39ee4a4dd0b66cdab,retained
cnews:9585,9585,财经,d667957db7648fff9d1435bb6dc4ae23a035496220308bf8cff50317dc9a739a,retained
cnews:9586,9586,财经,f72247aa02c6c9f45084b43aebb330aeefa7afd39b55837eae8864ca8d96dd27,retained
cnews:9587,9587,财经,ef7a83c2ae95e32c8b0bd2e1048200d1d9c1c988fdefe9eaf4923155afd07584,retained
cnews:9588,9588,财经,bc13783f6450389de5cff0cb47e69fe9973b9a80cf1faba6beafeae5c3c159f3,retained
cnews:9589,9589,财经,2df5472a73071812fcd2e2ba43ab083abb82e1ea8f780ceecb489a0d6672e980,retained
cnews:9590,9590,财经,b8cfedcd34edb53864ca01fbcd9331c4ef730ee39908d0cd67f2ec7201357268,retained
cnews:9591,9591,财经,580c60ecec0fd582f85e0ac945e4f1128ae9830cec44f12b82a20058f6f68793,retained
cnews:9592,9592,财经,5908bca0fbe7459002ac52c16793175f40477fd8a0a49a983d863967d79e2391,retained
cnews:9593,9593,财经,9f3f6063f50c49088c32b5cca852e611e1ea538f8a728235bd9da369661e1530,retained
cnews:9594,9594,财经,edf47e31de2aead4264e949c2d773fe926aa5fa90c8e3083516c4cdeb0934141,retained
cnews:9595,9595,财经,a276b04f1ae8d88191d56c777ae3c29abe3c5e121e895ae3455037ad888981e6,retained
cnews:9596,9596,财经,528537bfc1c43ae3a17ed800ec7efb7de846998e1ee5f64d413c07da5e14fb0c,retained
cnews:9597,9597,财经,564034dc4b57fef88fcbc82a107e3215023981e28e294815dc22fb5bec4f3fd6,retained
cnews:9598,9598,财经,afa02ca6346f0dfd719e259afb044efa5affd0a53fa02ecfcc8b20684f315752,retained
cnews:9599,9599,财经,c31f99ae94f614339f2c20fd224bfdb1424d45a7dee942ff64b181fef4b7c175,retained
cnews:9600,9600,财经,045027b9b9bd31addd0507ef85cf57822ac9330a05a64fed685b4fe534b00dcd,retained
cnews:9601,9601,财经,4a1a30ba10b8bf804fe2b2802467496e677666bc8b1a6cb45735340747378001,retained
cnews:9602,9602,财经,a73b6fc901f49ac99930887cb2595cec5f5b1883e577283c6d6eb97022e5c868,retained
cnews:9603,9603,财经,4bdcc7701992eed0f5a51bef4974fdedb790a2db4114fdaab55b278b7dd6620e,retained
cnews:9604,9604,财经,3a86b4f1b1027f2ae2c832e0b78044751bb3137ae2c72cf5f7dfe7290038a869,retained
cnews:9605,9605,财经,5718e48a487f094c404bb1c7f9f6b114af87a0dd977135c14b3bcaa6a0adc5be,retained
cnews:9606,9606,财经,22d2b34d78d6955ef89eb7ccc9b11e835e03ebed6946a3590a6b128b2814a943,retained
cnews:9607,9607,财经,118c440215700c24cadc190206121be7d7aeb71b945ef2a0bfae4f2cbc320c93,retained
cnews:9608,9608,财经,d3e467a76ef68857665182c733901414c0faf2a4eab87a086b56c49b1e3c4e8e,retained
cnews:9609,9609,财经,745ac851e001ad8028b51d4d99cbec4d60f65f65a905397c48e24216493810da,retained
cnews:9610,9610,财经,46fb4c301946d721333991daa91e60683831629cccaa5777b2168c4dcdd0df2c,retained
cnews:9611,9611,财经,b0c11d0f7585df3c485099d4d80e1d0242c5d76a09b1628f3167f3541440ed9f,retained
cnews:9612,9612,财经,a22431c99d44b7081052cc298446dba5bd1db1b1e03b6e44fe897620263fedf1,retained
cnews:9613,9613,财经,67adbf9d45eba85298fdb97c09d77b399ffdb92437ebd3d90093a3be921afe6b,retained
cnews:9614,9614,财经,940baee0007438232c7432fb5155e045f8a73f206f2c9e8fd19ae62f9923f64a,retained
cnews:9615,9615,财经,298117ee11d0c1ef836501d3778659ebcd4031fb813858805930bb7c04da314a,retained
cnews:9616,9616,财经,6a1bd6d0e388dbb8d64e45dec9b099ffa98c195604c919091df43a27d22e619f,retained
cnews:9617,9617,财经,4fc6cb0479ae71d620431473ee0a37d24e5cb8fe5298616883a4a09171ca4b1e,retained
cnews:9618,9618,财经,6b2ee22df4e0b9e4903c2ebd94fdd8a318fd7004268263595bb178baf77be13a,retained
cnews:9619,9619,财经,9c4592e58121e9ce5510a821bdb49952b10f34dbe96d9bb8365a43ee81b8f7e9,retained
cnews:9620,9620,财经,c6b285c62c1b2b18641d8a6d4d09049cc089dfdb72502dc29d4fb9e90fea35bb,retained
cnews:9621,9621,财经,8cef309622a4aa5952b89dacf1a8685099a66157cf2ab33b48e253c1ba04461e,retained
cnews:9622,9622,财经,9817f970accbc1e9f5722d6a4d27cfe4f6b19e1fc2c26a895fa45d115b499b6c,retained
cnews:9623,9623,财经,95f3a148b1794eabe0d705244f7683372ab25b8dfca50185e59eebe561b1db98,retained
cnews:9624,9624,财经,44f86d32c8dc62752dc44d0d26c53e8cb2a23350e09d29d5d27be7cae951e10c,retained
cnews:9625,9625,财经,c112474cbf3bb9706462dbf2099bdf0b199043610ceb188774cb0815f7d94452,retained
cnews:9626,9626,财经,8db068b19c5896c0538325ca1150791c899c05f519e6d656efb1c4b581aec53d,retained
cnews:9627,9627,财经,a49072c3960e5cbc6e1fae007ef9fe21d26a5874a64cfa50ebfad93be3ce8c45,retained
cnews:9628,9628,财经,bb259fa0a2a323362ab15daf0a560e09f1adc9a1a3d70db77a46d9a131451772,retained
cnews:9629,9629,财经,1f4886f9d3b8962f18f49229ecbb8655b1b012bb6aac7ae52dc618b79cff9638,retained
cnews:9630,9630,财经,db124518bbe81d1ebc83bdae0ecec6bfec17405b5bfe1440847bc8284460e8c9,retained
cnews:9631,9631,财经,a529fb91e843e8e39c4011a49c99e8d48fc44c6cfa1e5a52a009a3eaa9804347,retained
cnews:9632,9632,财经,96f8b81733dc84a00a2e227cdd2b5b47d84234a9c81ba43e7a5a1eb12d7fcc10,retained
cnews:9633,9633,财经,ab834912fd2a79b3eeaf5035ef4c0b0c6288d3f23fc38805f64e808eb450fcde,retained
cnews:9634,9634,财经,3d8457a38cc952c8733a77944d319f5df99c681f3cb4f1514b44024458ce2f99,retained
cnews:9635,9635,财经,0e3ad6c20a8c89c228c6755ed94819cc4e97d5032afec82cb4360644fc35c8cc,retained
cnews:9636,9636,财经,8b31eddf09ada341865ec5f38364ebded762373b948d62518f648398b1f3773b,retained
cnews:9637,9637,财经,f743bc4f6a30a62c0f9bdf4d7e136a61e095e75504fe4350208685489687ea60,retained
cnews:9638,9638,财经,d0deb624c4dd1dfc983a7f836f4396c39175d010bc28e79786dd6dd1e9d59de7,retained
cnews:9639,9639,财经,1f67a0806ddf5d8892bae36dd484bf12899976aa5065f50260ff8ef58cbbe62a,retained
cnews:9640,9640,财经,9cbb024c15ddc727464bc4b249470781dcf532b77a982fa0ef169e2a8590d8c7,retained
cnews:9641,9641,财经,0b45e063d52084257eeed76bac82030fb7b7aabe2d9353f616f1f9fc17a45a5a,retained
cnews:9642,9642,财经,fb45435e02bdd45bc08a57be9b260bcc2f63a75864677dad6e34755a4d1d1804,retained
cnews:9643,9643,财经,f50ca5408a5ab9cad32ebc830e85bfb022acff03fcdd76c1c5468df3c9e822d2,retained
cnews:9644,9644,财经,b4a0af2644c4ffa1f212f824463b8b7701532dd0ac950eb4ce775408371c9ef0,retained
cnews:9645,9645,财经,87c1a36556b6999de65e636bd3594ec63d6c5311b42da516e8cf9d536f447a3f,retained
cnews:9646,9646,财经,f00134c355b5be80ec655e1dd1ac734948f1e3be39d9edf0a41233744965aa1d,retained
cnews:9647,9647,财经,f25d853b3b580c51b34623319490b88a2e65b099589c70cf4f23966804d61c46,retained
cnews:9648,9648,财经,8537f9ee187eb32039274ce7b2a0b3041fce1366c5dedbcf9cad298e90058677,retained
cnews:9649,9649,财经,a4c9de269a0b508d5cfb50b4adc2f1b2fde7ee698d955f56a6fa16e380292f1b,retained
cnews:9650,9650,财经,a8b97ef6a4e10c5fffb6929b3b63d6a70816523816db26059dfadc31686f6e82,retained
cnews:9651,9651,财经,4e189150982fda6a2a070fe60e208d8375ace4d0e2fe0dadc99a31216766587f,retained
cnews:9652,9652,财经,ef7133be5b3f74082259996c4b5d5e1576fdf84de7c5e9285be94a9968c7280f,retained
cnews:9653,9653,财经,c54dae31a4f9a1fe3c8f99cafaec1e2bf8ab15f1a64db9794377d195403aaa92,retained
cnews:9654,9654,财经,dc47e1fd91dbc0a918c7d7901e4c79cab8a5cc1655fcd7a9dd6fde6a10b356e8,retained
cnews:9655,9655,财经,3deb0981a0277d16c8c2f90674fd873bc6f70093c5e8f7e74fef73fb615f84aa,retained
cnews:9656,9656,财经,dfbf0509f4f498123c6964f8ac1abb5bdabb8293d739afe658796f433cba28f3,retained
cnews:9657,9657,财经,6a5cb4f1601d0732e9e6ffbb46423d3d72c90535bdc29063f0765c0ab70d3392,retained
cnews:9658,9658,财经,56788c93e3253d9d94c162906b518a82c10b5d77536705344c6ca56c3180c601,retained
cnews:9659,9659,财经,db9c2124e15a725f0e980086f79c6f5a2769ab067c522767c479a3335f1e6d6d,retained
cnews:9660,9660,财经,9bea00468547ab53974ecc05762954a28e6d011c222351779f065dd26feb529e,retained
cnews:9661,9661,财经,59e570f6eaaf25e943e641f52ddb4a9a39b03ab25e2aef9909bede8b97789b16,retained
cnews:9662,9662,财经,773b5501b89cc21719dc790782e6dd433e0201a32c7a19736bd2812c7111a71b,retained
cnews:9663,9663,财经,513c3259b3b37c481d239667c8f34f2320bb13578e48af8337f6bd8aaca796cf,retained
cnews:9664,9664,财经,d2413b2201307b475d3c0002e5c4dcba82d8fce6764e3573033607d24bc98cee,retained
cnews:9665,9665,财经,7fea1105b3849c10d81d8b3c1929eb8b6e009820ca928a2e0256135dbca5c637,retained
cnews:9666,9666,财经,dba506707498180a958d4bbf770d015187b9eeddfc87150baaa6dfd9495ef12e,retained
cnews:9667,9667,财经,0ae3fe385ee0e89048238439b90ddb0e825db9fb747cbb5b2bfa81cc62aad600,retained
cnews:9668,9668,财经,a940547fc24b50642a8b12e8912f60be8e3813c404cb56f37372d2ffcd07d170,retained
cnews:9669,9669,财经,27264dea93b787015bfbaa94a95abd89af767e821d5dffc9f2d32582ed0a46d6,retained
cnews:9670,9670,财经,2a2484977963d4ed92a11698b1550ad07f884e44aff4780463e8b0bef4875657,retained
cnews:9671,9671,财经,45d096b699b925d11ae170707c1ed8df54099b7f6d84cb79b62934882d09fbee,retained
cnews:9672,9672,财经,677ba453af00e09c84c9073c14ef7e99d617796be8735cd39a581714acf79ab2,retained
cnews:9673,9673,财经,f7b3f14b2d84f2311f9fbb176f57f8c9f65ef58c721ab3cc31d0956d9a64bc71,retained
cnews:9674,9674,财经,3adfb1f3633d00bf3d81d23e3d92caa8ec542e16b403221b1b9398904a8d5ba2,retained
cnews:9675,9675,财经,cad8d89cc9b6c1a276ee8c146c9458f1cd39903a5c9832a23b6c65c8b731198b,retained
cnews:9676,9676,财经,ed68b37189a79c3b554f25c962712a70439ba3a647d9c46dff27dd82b0511f1b,retained
cnews:9677,9677,财经,46c6c1d2bc504dd39fb976fdc7ae79a54829725db5d93d0e61be2e4299f2c12c,retained
cnews:9678,9678,财经,bf7ef5668872deaa706201804b280999a14d47ca7cacafaa9626eddb0dea051b,retained
cnews:9679,9679,财经,b2fed3d7afd45c48bb4eed37ebe0f84cced5d07536fa6d33bb8714efc6a8d747,short
cnews:9680,9680,财经,9f96bb28961288e2e0dc49d36ec91762587f314bef1ecc088fa7377b0d485a9c,retained
cnews:9681,9681,财经,74519b84e13964cacb5416ecfd66fd57255444f818c35e1bef56736f254e1072,retained
cnews:9682,9682,财经,768b8153a067c20ee0646f59890868f6a2c7f413114a0fc3b47e39e43363baf0,retained
cnews:9683,9683,财经,f7ac836f6161116d4c7e56c58b661e634e14becd6aef0236fe55626da987e333,retained
cnews:9684,9684,财经,d4224ff36fea359a4682c4784f66a2506701f41133c18ea7fc11ca2f49aae4a1,retained
cnews:9685,9685,财经,af0cb17608188e6fb21bbf7b3acf72065936f73404f67c6af0ec4a35adcb61b2,retained
cnews:9686,9686,财经,4309a300b70011b224ab96c529b095a0d2515eafc0fb0c29bde6d4c186980f84,retained
cnews:9687,9687,财经,d0aa541c1f904412ed90ad4978ad7509b16e2b13e6cda5801c5ee93d4dff77c7,retained
cnews:9688,9688,财经,92627d00b5b2f0ba963d77bad19fff3d16d69768b6a8e4a5031e22ae727a6e46,retained
cnews:9689,9689,财经,4b0126ef7b2f1e1dc4cb73b028af829d925d3d89a9b77e0f7f42f5b6421a3cd5,retained
cnews:9690,9690,财经,3d42b19eba901a745d42789ee439f18dfc61e1acd7dc5912c66a1ffb628a7efd,retained
cnews:9691,9691,财经,ee1f8c5d03926cf94cb23c2b4140c64c181cabd182bbbf25d60fa9ddad17540c,retained
cnews:9692,9692,财经,56427500f30484b97df3766b3d4e319434809198d5df47d669ac896146f6730a,retained
cnews:9693,9693,财经,29dd4c43096f92cd7f428a03ff96c2de5937935b30fc2a6617f64a2c01225390,retained
cnews:9694,9694,财经,918086a06b0dfd168029f39435a9bcfd6600e1652359dd03310fd46e6d66b4a1,retained
cnews:9695,9695,财经,f6d4af65c7417749e3a1fa714442acd81dd5f7469c0c04f86273cb6fc9288dcb,retained
cnews:9696,9696,财经,8c597f4f262a50cdd02ae900e89593d55726a686f9c436d512173d13b627864a,retained
cnews:9697,9697,财经,62e96e2a613e6d3c8fee0078e02905cd0c1a9546397299e3437e690afb7ddd16,retained
cnews:9698,9698,财经,1ee44f36e322efaed704b3698aa4aa03946b1e7dcfa3b450fe345bf85f3b6639,retained
cnews:9699,9699,财经,a75f377ae513572ec56a55c7b3696feeab3a65512710b385548df8129c04b262,retained
cnews:9700,9700,财经,b12e358cb58fb0603583f2c45652486490b44209e2d86a66bea56646a31f350f,retained
cnews:9701,9701,财经,b9016c606dbc6a3572788d6b79e41c2550e628adf4e2b44b231be10785aa8004,retained
cnews:9702,9702,财经,12ad18955bc0d784be280235b538bd2a1f5d1400d42cb6600364631c16415ea4,retained
cnews:9703,9703,财经,7e9a97a476d1f4707b0bee3c9e9f406e82188756e26733bced636e49152b0cea,retained
cnews:9704,9704,财经,dae6b613a1d0aa13f35c0525462cf8b76ffcb05f74f1ab810ec3d08ea0cc897b,retained
cnews:9705,9705,财经,3683082c3063353f67e8c3929ff8d540ff91e7bc680ed4549e76d0793701d58e,retained
cnews:9706,9706,财经,c3363bfa17accb5b0cd4b642a1d569bf51b23efe99abb27812649306f608eaa3,retained
cnews:9707,9707,财经,4be2f11681fa97a6c21f9c0e7843bf2b11ff93ae154a9f62a1fa95cd4d416ca5,retained
cnews:9708,9708,财经,e18642c38e32679dbae61663cfa65f5a391bb87778a2cfa5f0beb380a3d7b6a7,retained
cnews:9709,9709,财经,130c93283a597b384f6a08fe4dcfef8975401cd0c81b82e6428d0552899b469e,retained
cnews:9710,9710,财经,dd255fdf4687428e21587283a00a60657dbe486c82b8ec533486294fc4ddf999,retained
cnews:9711,9711,财经,c7e3762640a4cd692dbfb160c770d26248b49e57d17b5d18dd5fc6e14edbd625,retained
cnews:9712,9712,财经,68b28949ce96774f24019a09d5b2d3b88c698691d06a25b67269f8aa64966850,retained
cnews:9713,9713,财经,7f212d00984eb647f0b3fdea3e813e788061d86916bd9496c4938caba4ef3a18,retained
cnews:9714,9714,财经,752d8f032959e4ba933c54c4094c93302c0157a40a3f4dc4e1ede90d4185b5c5,retained
cnews:9715,9715,财经,834ff8fb06368115ce4e8a96a3bf848250775cb2d4fc7edbeee04a2cb4cf8603,retained
cnews:9716,9716,财经,2cd85514650a68836dc39c5025557624b0ec43633342136fd5940090b84ff6bb,retained
cnews:9717,9717,财经,a7cda5de39e200e8ee8fdf516a48ae63d17bc9e56fecf5a93a675ec196f4657e,retained
cnews:9718,9718,财经,afb513101c341d4764106c2213da35e531742c6000f713b50ae67d1e73caaf04,retained
cnews:9719,9719,财经,f23dea915c186a828924380e1bb6b531abbe9093da1cb87f4d08fffd52095a92,retained
cnews:9720,9720,财经,b90a9777962cdd33ff53a54e67e91edad2450ed8366bc3a087905fa100ad4638,retained
cnews:9721,9721,财经,96893ab3ca3dc23c4ee050c1d6eadf79fbd3a5bac11c4395cdf35a370d50a5fe,retained
cnews:9722,9722,财经,0ea2df3a8f677f7b44954f9baa3499656cf45e44471af01b4c91e65d647cf12a,retained
cnews:9723,9723,财经,48ded5c93d4fd920e2fe45dd39c22cc69dd39bbddd325321f17d2eeb4bcf723a,retained
cnews:9724,9724,财经,ab3a56c9cdca6ae52bfec5b8125dc00e239a0625b057e2ebce2f7d2df1448718,retained
cnews:9725,9725,财经,b648018ec400c557bcf5676bb676dea5fe3b911cd2e29844f455e8ae164166fe,retained
cnews:9726,9726,财经,5e132e545c2f4f7919424881929f182376685883d6536ca8c3e8351fd7e43254,retained
cnews:9727,9727,财经,baf750c4637b3656f1a722d20b9cae2661c545450f1daa607cf62c8758becb43,retained
cnews:9728,9728,财经,cb836f438f1f15f271286ef522734f615cda7d7e19e3b0492c2b86446e8f7fc8,retained
cnews:9729,9729,财经,4af24ab89c3380e3ce3086c9a5571d3183b4b1b68a3919308832ee2f23d4a7f6,retained
cnews:9730,9730,财经,a09b936625e5da5eef707b9d0ed17a763fd2915525bfe5a0b4d7423b8ee3f0b7,retained
cnews:9731,9731,财经,aec15b4945f981f51d5a3d4c8c9ed992fe9f008df210006a92053a6c8707a3fb,retained
cnews:9732,9732,财经,5dd2cb45efb875cacc3011ac32f4cc5c53d2b4fedcf3c903e69e3e0a57cc1e8f,retained
cnews:9733,9733,财经,cd0003cac00e4475edad232a2da6bd85a7394df0b9233e75051ab48b35f62d2d,retained
cnews:9734,9734,财经,62a413bae22eb643ef4d8967a42a4b8e74fce5d12e0063b4d023e4980046aed4,retained
cnews:9735,9735,财经,dfa3f1dd1e2ae7aa9151378bef6247ab2b1549736f659449227d42e5f292f273,retained
cnews:9736,9736,财经,9e20b074fd5f6cace4c5b7e779c38f774b47a31b9429008e8b1c94c9407aff7d,retained
cnews:9737,9737,财经,1fe5301eb03c8c73e126be1474069007e66c54ab00b0f3ae5244e5a94558b4b1,retained
cnews:9738,9738,财经,d4361d871579a145ec54b247da700765ff5442dd2ffd6442f80fab738421ebfb,retained
cnews:9739,9739,财经,c425d06bcf0bb3190148f03ec1e834a69fb790bec8a4f5f5739ba004c72748c6,retained
cnews:9740,9740,财经,7771419d4f63ea05848c0dd46be5827dd43968c7e34aa41373b6fdd643812b6b,retained
cnews:9741,9741,财经,d6270cd2f510a4d48014c24d3d64dba7e107a09cf11219eb05dc0a93d8b251bb,retained
cnews:9742,9742,财经,d0af95fbd80ae5e7b8cdc439ebceb9458b7a9887d90e3ecb056544188dea723f,retained
cnews:9743,9743,财经,a5b1d3028e2a0f990a2802187accf8c58528c60a25c06a53a4ca44a9a652d238,retained
cnews:9744,9744,财经,1201a84fb3168bc3cdef6f60ad71352bc839a3256f4c78ad6275d03e8f07e202,retained
cnews:9745,9745,财经,ac1720396e3f7acb35205fd03acd9c131c069fb3f23857f5f9078a45bfa1fde9,retained
cnews:9746,9746,财经,7f1e499383fd68709e525b993628330adc09a09bdababaf8814b6cd67be1a8fe,retained
cnews:9747,9747,财经,b9baf2f4cf9c661dee9d53ecc3cb7679d962fd888e1ffb81d7b3df96b7c60fcd,retained
cnews:9748,9748,财经,d44e502202b31a93aad91a6413659e4f286c3e047f8d7cf46f0c1cb3532e295e,retained
cnews:9749,9749,财经,6af08c8b515ba9ff569db94d33dfc76de8d0f95a3613db6a007b588cf46d57fd,retained
cnews:9750,9750,财经,b9476e604952b5835854d7cb86aeb7dcaf85c93e917fe33c90ae761069532de2,retained
cnews:9751,9751,财经,4b25f52652601e63b4944246d156896d74b22f7c3faf33f5e2f3f4905aaa3c4a,retained
cnews:9752,9752,财经,9a54c136db91401b252eec9aa96e86782a63f943cae613f5ec73070f8b98ea2a,retained
cnews:9753,9753,财经,b89e4bbc84deaced24903479c6780ad4bdac8151fa06ead4e514b78bcc3eefac,retained
cnews:9754,9754,财经,d54c10b7cbb7ef44d89d52ae12c1301cbc789e3dc5e4fd1a1d95133bac1eab71,retained
cnews:9755,9755,财经,6768e6dd4ec0c9120b98fa46917a3582a0574025b47c7a51f757ee4b54b1ec68,retained
cnews:9756,9756,财经,415da9f8879902d450d83317c1f74805129a97882d5ee0493c42b6a0c64308ec,retained
cnews:9757,9757,财经,b4f1fc6f698931f470f6ab9c30080a27f8f8665e04de23ae702575a030c71f4c,retained
cnews:9758,9758,财经,a777815307dc2407564d940e971a28c9ec776defdc63955960e6653a77de6eac,retained
cnews:9759,9759,财经,c60941ae2260168629a866af8e485a7729173c6e0056d7a93fe2828d7b8b2156,retained
cnews:9760,9760,财经,f07ab69e4498bb1d531eac2818c9bfff50fd53f6b5d14f7cb2f8fd9d81964981,retained
cnews:9761,9761,财经,7db5b34fc1b46657e1d161a360cbea6b52c45f3a5a9c4e1928bb4b9256bfe69b,retained
cnews:9762,9762,财经,d41b2bd4d13fd717fb6b9e3bb654759da66ae26faf7fa09c8a26a461fdd8d787,retained
cnews:9763,9763,财经,cfbf5eb835a88f8037051d985393a6d828beefbb1a41d702ee90a77892e3d895,retained
cnews:9764,9764,财经,732edb23ab1553358de6f775d287ce4a5af4daff5a6c1179286ea254851ce1d3,retained
cnews:9765,9765,财经,3e5530e557cdc89d558400a23bbfded71fcb617eb536c7a7c7e27629397877a9,retained
cnews:9766,9766,财经,21b87f9c260ec88671ac9e88e7be9d063e48b9810972d3e8adcef6330a979d4e,retained
cnews:9767,9767,财经,6ced83c453a8c9891887b71d7015defb9d54859cd44a5435f74539dca69f8f79,retained
cnews:9768,9768,财经,71a89d7b515866c18d5beef479a42c3f6f1b9c9883614a65462c75697e02f242,retained
cnews:9769,9769,财经,57f1daaa077888c3ab20fb0c4737b19e302938c8b0a952c64c05850152a8af8b,retained
cnews:9770,9770,财经,ab5d4ebf32eab90880c298c3b8409e463c08d6b617c2c74a38297e43a0ac1536,retained
cnews:9771,9771,财经,8d44c472ef376e098e9657897b8b897c7c70ec70b070a460d16d9299a57a0e0f,retained
cnews:9772,9772,财经,8e99d6db5552b434a4f26f9b3d2bf853252b2155b7fcd49e3d1b7e8b98212d88,retained
cnews:9773,9773,财经,bb8f621a3baa29e6bd6e425944d8dcb361c3f30cabcce1974cf2faad1d776156,retained
cnews:9774,9774,财经,2cd768ec787b28a9d9da168789f8daca05d97e073f26c96d6995256dfa4bf491,retained
cnews:9775,9775,财经,46f80102313a3cccc0ee51830c8c792672cdf8aca2da583d53a78a0f4456f616,retained
cnews:9776,9776,财经,aa8182b748972175473659c803dad272910d0bd27dd0dce1dc81a3535a91b681,retained
cnews:9777,9777,财经,3877ed34b56c4db4b8a7140845c944fcb95c6efcf1632580392b8491dd791276,retained
cnews:9778,9778,财经,d2b775657fac68cf73c22ce11b4002a483e98c7f6ccdf1d17225bde306882f37,retained
cnews:9779,9779,财经,d81927bad18cca14e5a97b386a5a94ee9a9319faed155d69c37243678e453020,retained
cnews:9780,9780,财经,e4b9f9ef1c62a4c6d23cf0c4552508470096f35fff575f775ec65f5c450ea66d,retained
cnews:9781,9781,财经,21d9bfdd241b8339bebb97c0416b3596ee2ad869d5f85c38436959ea5bb1193c,retained
cnews:9782,9782,财经,63fdb5a6dd9f06d0cf18126118d15efcfb65584bd8d38b94dd286b7563ee27d0,retained
cnews:9783,9783,财经,120e2b5f5f507802cfb803c753d59b1cb5dd21a60704307125a7badd101b2156,retained
cnews:9784,9784,财经,8277891b1e68b77e740b9b8f2fce95687e3cf0e89c9ec6727c95315e829e0e55,retained
cnews:9785,9785,财经,bfddad476d905439e5c24024eb786fc81b0697c734c93c6ab4fae7b84da77bff,retained
cnews:9786,9786,财经,6665f00bb07b1581ac59aeb9e19146dbfce7a9dd7b3f2c4f766aadffec4339b2,retained
cnews:9787,9787,财经,aef0690f162748912f2c110070c39826bff31c5262c48f7f62ab567b85cef8a0,retained
cnews:9788,9788,财经,0e1e4da9122c281ca6aff81e6102da6627955f583c4072b3acb89e1a4b15d785,retained
cnews:9789,9789,财经,cb226b62962e793840dc06603c8eec99251a4c3b8be99281d8107835206b4dd8,retained
cnews:9790,9790,财经,b1febc8b6d2f988ff81e1c507e643693ccc1f7008ff141eeeb6d5125336b1151,retained
cnews:9791,9791,财经,69d68e19aa6d97c573a01c65e4fab94a5e11f8aee843ea42e9307d6cc93f3347,retained
cnews:9792,9792,财经,ebfe85a4d125c3d7aa9598c936d224acc01eecbab444b8c88cd9eca4ea944de6,retained
cnews:9793,9793,财经,fc7458bfa985966dbba2834a7fba0e5773dff8271ed7ee7c47151f63ec83fccf,retained
cnews:9794,9794,财经,d581dc21759148fb16fa970637049bb7e1249a71457083a069d6c913ced2ff88,retained
cnews:9795,9795,财经,9e849d6247ac63b1ec5a3d7dff5aefd66efef3ac5b574ee19b254f4e0b30bcf1,retained
cnews:9796,9796,财经,822cd1504a6bf9676e017277e15c6f9551e17055a4eb066eb77ae4d748f1aa69,retained
cnews:9797,9797,财经,a5d5c69ad46c1961702d5ffe9ce9d6e7c49c7221394ecb6d5dbd585d26add1c4,retained
cnews:9798,9798,财经,84224e780fd14d420782503aba06a104483a4d74df96ec3a9b08dfcbfa1a51ef,retained
cnews:9799,9799,财经,7c01c5d93ad090df4d6f526879b32d77ea2137b13a4ad65ddbec439d25912f07,retained
cnews:9800,9800,财经,7155a6122734c0ae7417416a7f32a1b19bbb7aee489d811e6bd7915faa3a1d35,retained
cnews:9801,9801,财经,db3e0234f17e0e4efc4a7091704255671895cfcce0ec841ca2968273ed961bd5,retained
cnews:9802,9802,财经,2c2ec17ef337eb9181d3bdfc7ef71fe50d3202657a4d2642d0e210e366caf10f,retained
cnews:9803,9803,财经,12de59dac9c71a3528588a62703b971ae0243229232110dcf25a39d5bf13a2de,retained
cnews:9804,9804,财经,fd245e104bf16ba2259586e74812a5598a1b4fefc413bb49e86244820808ef6a,retained
cnews:9805,9805,财经,d8db8d75f7d6346508a7c45cf95929689c52c487ff0d754858c00af6368c8bc9,retained
cnews:9806,9806,财经,d7390d8bfaeece7534f303b39082f1d7345f3bd895c4b8c978d1a0bedda46305,retained
cnews:9807,9807,财经,3286d9ad014caa3b9c496f17e913c5bd2f6170b295ecb5056c1ba0640974233e,retained
cnews:9808,9808,财经,67a0e585de3b8cf85d52d15d69b481a4198d0a7ba373dfc6ad7769f0fc190199,retained
cnews:9809,9809,财经,a8bd52db56df56e24e650192f02d64780ff49a387a2e73ed7f39edce5c827dc5,retained
cnews:9810,9810,财经,e5b43c48ea5f5da448e3714a7437c329539f38327cac662f55878d9b6a3fc1ff,retained
cnews:9811,9811,财经,bc548c690e30b2580859542cb1cc14ba62a25f2855441d7c761a88039b858100,retained
cnews:9812,9812,财经,6f32467495f1f23ae27e338dd5103ad932ba347e1013147cfad40ab39dfac6be,retained
cnews:9813,9813,财经,e9bdfcc0318f581e9082a7946ae7d9d72686135c582e270132412ac7568197b0,retained
cnews:9814,9814,财经,7a614f801a511dd4a4d064124b7b8bd8b15ed1dd97b93a20cad6620da8d93fe5,retained
cnews:9815,9815,财经,dd280ff4f1b17abe75b4f118c3210b903bfbac50560b4c54de60d3788f9e265c,retained
cnews:9816,9816,财经,06acc84641493051ebd5d4df5acebdad0601615f7e2b9b4baa32be3f4270de12,retained
cnews:9817,9817,财经,a8eba2ece70ba4e5e54111cb27327bdf4d37bd86452a2ba5a397b6891fa1ec76,retained
cnews:9818,9818,财经,ac75f5447c9b5fdaa7b37bc3edf088e5f0c80221703e026e61765ca14d4dde68,retained
cnews:9819,9819,财经,1748838217bbee366b58bc0e6ae76ee6bb8926b0dfe20f1aba916d47bef3115a,retained
cnews:9820,9820,财经,4dfe306591e400e8631c265a9728074ee2880d3505e000bb4c5d5d855c5e4d6e,retained
cnews:9821,9821,财经,55fc884e35c20462c0c2cb273dc50c870d82880bea7a69d45be09e0a27e7d4ab,retained
cnews:9822,9822,财经,ae0e0c129d5d0cede6d56fc65c11399015008aca5348b47d92e2d4cf2e8293f1,retained
cnews:9823,9823,财经,76cc5b87c67c71ea3a8b1888054b2e06926d4bd9bacfec76bda888d3042649c4,retained
cnews:9824,9824,财经,b50b581338f4b7e2d346767af93a525fcc66e35a3858d8a4f3fe84e24f14a541,retained
cnews:9825,9825,财经,d6952808ce9be5d63f952b57508ce101f579f7532b63dee286523c806fc22343,retained
cnews:9826,9826,财经,49acc71fdadd60a7681c2f450aa00545294e0ff0b8087f14d6c32cebc6f38f15,retained
cnews:9827,9827,财经,bfa3c529cb4a5cdcb3abf29884e6ba7eee6c324bd33580685d8f03b98bc8bad7,retained
cnews:9828,9828,财经,6cadb1364f504c2444d6176746ad9fc1fd8129ae0f7f0887e40f977eef1ab79d,retained
cnews:9829,9829,财经,688198b1d2a42de22a378fa6e4db2a7e2c1597aa03d021ab418e2b6bf7748553,retained
cnews:9830,9830,财经,f5b52148bb6903507b4e5e9b8aab5b59ead4250b5c508e23831e86ea138e8be2,retained
cnews:9831,9831,财经,74f124cbce85b14f4e8809755f09428dd1f4f5034cec560a4d87e15109c3c27f,retained
cnews:9832,9832,财经,f3e6c035d320c218551f5a51c7e577d5173b8c27ca12157891bfb2e3eabf5942,retained
cnews:9833,9833,财经,6f779bfe397cd3d9585bd5e957a1bdeaa1297fce829b9a39d624d391fa1ae5e7,retained
cnews:9834,9834,财经,efb0c8db856c02d751587c07cd818e1c4d5d213b2cfcd1e2452819024fd8eccd,retained
cnews:9835,9835,财经,d886103890bac3cede079f159be1f3f34a89fdca7640a3bfc82ff92dc89becac,retained
cnews:9836,9836,财经,a1aa1c73ff93f43793db4d09857f092303274d9195345f446bc23e81cd634d33,retained
cnews:9837,9837,财经,8d6e30a56b18cbd5bd9144f3988bd24a3c7100b11208466720d97dd456465c0c,retained
cnews:9838,9838,财经,c734ae7730077dda2b51440b3c0b5ed963dd9c753583003ec87ab80e4ebf04da,retained
cnews:9839,9839,财经,cd08f7981452534a13bdf99928414d40b959525fd8fd06e2a72f5b4dce6aa7a9,retained
cnews:9840,9840,财经,82140ac00cd959663170d237e260aa3101f83bc00139c6560a60c17693bd9c33,retained
cnews:9841,9841,财经,e275bb63873c061ab6840d2019f8cffe0bbf17e8d5a5805ea3db23ab7f9c87cd,retained
cnews:9842,9842,财经,81673b09c87999e482e9c7d7982f0dbeeabfdb112405d0b793c475198375ee3a,retained
cnews:9843,9843,财经,ab51aed5d2b1566927f6377a22708f0303da01e71367d55b239a4e953e7cce8b,retained
cnews:9844,9844,财经,0b0091e231854e176228298203be3e59e2456cb4ba5008cd4a3068fd84ff2940,retained
cnews:9845,9845,财经,0a66285ff46600dcb96994e87365ed60a0f5076d1b92596c05d2d3329fb08361,retained
cnews:9846,9846,财经,a1d3c36bbbe8039c5faee3695ea6b0cf201b93db43987f3cea0aa8b6f4733ea9,retained
cnews:9847,9847,财经,fe514f5f21bed018ca84b3be4adfcc694566186436cfc6b15e0f0e9548d12aa1,retained
cnews:9848,9848,财经,f58ad2e3061b85f727ebe62dcda57cf413a3b178585667620e320c27279e83b2,retained
cnews:9849,9849,财经,5c28107cd7be8771c2bb317036f7f2ba069aa8b6e4e6c3ffde5ad319fc54f2b6,retained
cnews:9850,9850,财经,1980f6f0098c9baff9842e134cfb9178df16a6e9a5f8b6346d973534b84e4711,retained
cnews:9851,9851,财经,d91a4f1f7126e9b0d435f152fb9ef2e77ee6b8d9725dc3305a659df81f22d0ec,retained
cnews:9852,9852,财经,f2b56c35a708e5f75bd0a21d2dbe856f33b321aa67417435d21a7ee8c18764a2,retained
cnews:9853,9853,财经,86772704c062cc6c97aac6b46a976ad1a5fd452d766d130ff539c97d5538b91b,retained
cnews:9854,9854,财经,d03ab751d014d17d16f30b9ccd5aac20f11282757b0e585e9ac5674d157fa8b0,retained
cnews:9855,9855,财经,34b3696f9cebb777bd702a5c74ab61ac89368637f7016e6182d7e1e13d3cc8fb,retained
cnews:9856,9856,财经,77959bafe3381e5206cfed73c5a8c90fe741305e7bfe108e2ca061be2b0d8a8b,retained
cnews:9857,9857,财经,ed2cc2647a521ac1a88eb70fca90542300830e1762f862749e6d6839b5007de3,retained
cnews:9858,9858,财经,166239eda609af155b319d6dd30b647092d897714ecb2b2515f5339973d83e20,retained
cnews:9859,9859,财经,07a089517a096be74aca9522efc46eac56a4f185f0067040c75a5d36911e456e,retained
cnews:9860,9860,财经,b9a97442d902b895bfadcbd03bf1c5277dff00c2f7d6ba5756b680db4f64f536,retained
cnews:9861,9861,财经,0ad2f254705721349ac9b0fa5ee0e6b0ff999a9b5bd5ecacd3ee0fae7c16125a,retained
cnews:9862,9862,财经,fe748853cb62c091ec27a059c075cea969557bd739edb190d248ef5e9a763d8a,retained
cnews:9863,9863,财经,8760e827efb8a6fc94f16cc9c72685f0117ad621c53fd26949f62e0ccdb53a44,retained
cnews:9864,9864,财经,fcb27b140fcb24c1bc660d9a2573e0934de347e47a3b2c37a11a7583418e6ee8,retained
cnews:9865,9865,财经,ba5859fcad0461056a62a37b3cf874f49d072739ab84c6a280539c8e595cc2df,retained
cnews:9866,9866,财经,4aa2069c3b8d0a87b00fb60f6657f652789bff97dbe1e92aa8a65df9ced64264,retained
cnews:9867,9867,财经,aec96f12a528abc8769241931c9c4ad8d96242578b97824e1b4db436d8d15f80,retained
cnews:9868,9868,财经,7968b69450d50b545a80bd4bae366d8dc9aaeef7c248dcaaa903a0d72702ab35,retained
cnews:9869,9869,财经,5eaca50c59505a823162925118c849b11e6eb19f6f7630a0c50a4cad7daee3ca,retained
cnews:9870,9870,财经,668fa4c72b37f94455a07847f0209a1bd168f964688da3cd91f4e59bbbef956b,retained
cnews:9871,9871,财经,04769cf206c3306fcaf498309583ebb5e94068a1c70cfcb28eee67088786d6be,retained
cnews:9872,9872,财经,59f1d0c2a277a2997d2f3283c5beb07769a4fe32de4ad552f207eb5f253a1f99,retained
cnews:9873,9873,财经,c6e58707d1963ade5625b6ca4d2617e4883020f5282d7ba3c90c92bbb74dfae8,retained
cnews:9874,9874,财经,a23ea7838baa355ae79e8cab4aa4d7d3c449d7ff09cf4cf6e2c90344ba4af4c4,retained
cnews:9875,9875,财经,2fb2aae32c6cc400dc622d60f294088be453afeb5445f1bf186e750df7a29e33,retained
cnews:9876,9876,财经,24e8eb2cbf5a264f3199bd2b9fa0cec12d2a1aedbbf1d02d68b4d87ea9f08af7,retained
cnews:9877,9877,财经,c8bebe40b6909a49f6eabb9181c0a1e2045a7d161fe9c541ee740ed1b4db4910,retained
cnews:9878,9878,财经,5a43ca18e672ee4d5cffdf072207bbf244355511160ddaff997e0cfabf3e4803,retained
cnews:9879,9879,财经,b918f8d36ead447bd12fc7e2f3a924ce337e1a50bfde30191033673052c39a70,retained
cnews:9880,9880,财经,014ab4142b6389c5659206f877e79a243da618283c848a0c4cf316bfe0c634e2,retained
cnews:9881,9881,财经,cb38e3d663fde51dc1aea9236a10243c120bacdad1bbe7e754164cb2addf02a7,retained
cnews:9882,9882,财经,2a0f0fc2cac651357db631e75095e7dbded5f245239897d819a5f4ab9f6eab93,retained
cnews:9883,9883,财经,266906bae6be31e8f81cbb0eaac643fa745b19e0996d9380a098f0bcf03df590,retained
cnews:9884,9884,财经,a6583b665ade9939606dce0c61fd174388fbd483f2e340c19da3aef33e1d06f4,retained
cnews:9885,9885,财经,962fc1e7d37850572e061355f4944c98572122847b0c1bc2f38d2cf304642039,retained
cnews:9886,9886,财经,e9e9a533f8212ed95b5927a819ba515d42962d0b603eae9a08354a7f1af05a0a,retained
cnews:9887,9887,财经,8303f49fc1827a3cfc6f926c0d4fcd125424e0f3aa28358292cc20634a59d107,retained
cnews:9888,9888,财经,424c95166d047b72cf072be72d7a416d13f2b6f01e0d4c972bd57bc76dcfac13,retained
cnews:9889,9889,财经,a617898909d4e733e9839eb4c6f1673692fbcc10c63c49fff3273f02e8897a9e,retained
cnews:9890,9890,财经,4fe76ed0c9a9179b737c16010939c78ab56b4e32ad2656dca829a98446d15f81,retained
cnews:9891,9891,财经,16e5fa2378c9af0a16d61fabad21576bffa8f836f969ba7fbf239eafc47a9979,retained
cnews:9892,9892,财经,751fad62cdb887f3d95d4801784a3935383bb362e0e00cc58003c002464777a1,retained
cnews:9893,9893,财经,a19ce2c9bda603c9642b89636d8646ab3a05470751a7b8eca6d7088fe132ce8a,retained
cnews:9894,9894,财经,f926078ea95f53ccb1eac2963adbda75a4705cebb16b8052fad52b2aa17bb097,retained
cnews:9895,9895,财经,be7782ad9c27463b40138efd428a3dd1e0c2f938c9be029734a49126e570d141,retained
cnews:9896,9896,财经,a4edf28f2f7dd145567e327e9baffc7e8d3bf5e193dc49698b7ffb4d0d0de8bc,retained
cnews:9897,9897,财经,f9d7269224da143e7c409d766be0a363a36e612fc98c85dc7145feb4e58c0a4a,retained
cnews:9898,9898,财经,74255223e00d8f1b7949d424609ce5cbad357fb8c185d51995c21969585329ad,retained
cnews:9899,9899,财经,aef07588317a05136ee1956ce5139353a7b3569c0eb589283b6fe06834201a91,retained
cnews:9900,9900,财经,8c8a16f511357992f848de009dc3627d93ae1e0cc72b50689b804b219fe4ea3b,retained
cnews:9901,9901,财经,23f87ce51e848f0edd309aed76a3fa82a2a93bd03291b07480cb70299c3d44c1,retained
cnews:9902,9902,财经,60e5ecd8670066ec6440634c6448d6963492bd8a98b5ce30f395a81f0788beac,retained
cnews:9903,9903,财经,088a46337874826ba339d9898870084e3506a7d11ad41ec6129f723c862430f4,retained
cnews:9904,9904,财经,007b0d325b825ce1c06c3a1f19ab4c8655a251a913fec7c7ad9630b454de8e8e,retained
cnews:9905,9905,财经,f9bd27911f08394d25574a393049ebaee0e064701a0c3663bcaed0da0257e38c,retained
cnews:9906,9906,财经,f1d0ebd00a6fd93346c015ca56ca3364d78c23a4ec2a0eb90370f11fb105d19c,retained
cnews:9907,9907,财经,b961d0171adf19a3f360bc4b788effdc51e9b7fbe127295de0ccd7c4effc0e38,retained
cnews:9908,9908,财经,7a3edace502ce18e141f9391abbe1414afb14f20a15c74474b7cbb9fc440827f,retained
cnews:9909,9909,财经,1367f2cfeb23d1ed149f3abbfe6c04017f7d2ccea6e5d85cf8c08e4ef4a71086,retained
cnews:9910,9910,财经,f55f4eb62c894e5465b4ee9c6bfb7e084278d0051306437dd7b4c06fc79e4148,retained
cnews:9911,9911,财经,0784ab1888a7f93ffd1e64d471ac27dbbb02d6ba01c3cb0104167b25bd703c64,retained
cnews:9912,9912,财经,d0f91bf4e89f66dc019f84526e84dd98ffd7c38e91484b52aa1808c85a90a673,retained
cnews:9913,9913,财经,a2f05e22f492c0c58b6cfb4afbe54ecd29366c57083980cb051d4bd2d1668907,retained
cnews:9914,9914,财经,e725d1fae40f6e0910ad917e2c092f77ebe9b147d9d45567a6a746cc58032f63,retained
cnews:9915,9915,财经,cbca4b78c90d5a3360dfdbe67cc1ebe01cc1506790936ef1f5172392624d3274,retained
cnews:9916,9916,财经,5c93526008564fee5bade913f339a7f0a46f17c39b1a1bdf72facdade3cd4eae,retained
cnews:9917,9917,财经,63f8525fc6d4072d64c4648149d68e209dc3d873b91e5ee7ff678786719b765e,retained
cnews:9918,9918,财经,f43c0b5932de48f03e710bd4125071529dfaa010e095b0eec8beffb0689cff8b,retained
cnews:9919,9919,财经,72da8d4f287a20d2d2c43b1a0ed9aaff28dedc5484e5ed176c154493de8a7788,retained
cnews:9920,9920,财经,3dde4cd0366554b8ab2121639518d2d65fa0d1f3d04c5cdae62026832445e4ee,retained
cnews:9921,9921,财经,94bed708d7f50469817af23414e67d0a8d4afd795c4c141d251a8a2154538fb0,retained
cnews:9922,9922,财经,652cbc07e46527205bd95a06ace312d779719835f92eefb5b66c67b49fd466b3,retained
cnews:9923,9923,财经,3a376a738792aebf5bcc4f6fdc03652c115d70471e031d1bca8e411dd2a46c9e,retained
cnews:9924,9924,财经,5992ff44c9aa773e436a19b349a28b3307566ac157d62965ba2bf9eeb3ad7a9d,retained
cnews:9925,9925,财经,e06c7205c024a7d96f0f04c4fe4faf35bc0b59bd27510261745e2ecaf3f75789,retained
cnews:9926,9926,财经,4b2517b50f832f2b44b029da0af05bac1d895797bc968066d91c435cf8f2e2e0,retained
cnews:9927,9927,财经,a3b2f1e05e7579ce33cb549efdea72f7d1560955129fbcef25a910f76329c30a,retained
cnews:9928,9928,财经,f7a93e6423ff22256eb30b37d44d7f19c89ba7a0d9ef63da7c4ca3ab5d446da8,retained
cnews:9929,9929,财经,ea7074e71597263b05c518762c17d2cb73f4ba6733296e48c98751302331c5d3,retained
cnews:9930,9930,财经,b6c3101981d99666b21b7a248ba7de3df1d2bfddc76c3322e37f1261af6a1ddb,retained
cnews:9931,9931,财经,c5904222bd683e5d9f78435705db7028919c194b678a79e6e2241dfaa3ebaadf,retained
cnews:9932,9932,财经,3a607b2bef56a74d7cea94db5666ad6088346e58a17dad77c53cdf73f860879f,retained
cnews:9933,9933,财经,9dec36705da15d687cb97476643cda88336bfeb095d99d45f7b4e8a9de620cd0,retained
cnews:9934,9934,财经,f289c460bd8d78c8b0d467c77c6421a69f9e532ac72ae843797a43772ffe3271,retained
cnews:9935,9935,财经,e59d26564142b12a28c127273aa31d343ceea9d907e94d85b868a5527b7fa080,retained
cnews:9936,9936,财经,cb6d44a6a50d083bc585a782da71dc461c22713b8ed2dc2cdb82df0fa4b372ba,retained
cnews:9937,9937,财经,493b2211e1b99ee777e394622315ea27e4734a7af5ca72f2661754990ab0b868,retained
cnews:9938,9938,财经,7f4d1746e8a72ed4f46e7a33abc3f45833231febe4eb2fbbb2649d9fae05dd55,retained
cnews:9939,9939,财经,d3ad71873928642cf46d73f5f0dd8a86120af7a50bc40cab65dc7b6f4b53c569,retained
cnews:9940,9940,财经,2050807faba1c039894be4864df7ea13d9c1597b9db237431e0441b696e326d9,retained
cnews:9941,9941,财经,ed4e889c3de744bf195739e2bc838bf0bffb0971362ce8f827930271693c4f2c,retained
cnews:9942,9942,财经,bbb6e63d820205d0197086698d716bc206380e0a4099c847b4d1c105f8a1cff4,retained
cnews:9943,9943,财经,7f2dd1cddd735473be82d00114ae5bd85bb966f233513f97be3c15978adde925,retained
cnews:9944,9944,财经,16131df7f2f5eef4736a43906508a1955ce4ee0cf899b8c68221060cc38888e3,retained
cnews:9945,9945,财经,c64f5f3bd8790fbb9c3b7358da896256b9e41b69944dcdf15327d52a488bcecc,retained
cnews:9946,9946,财经,de6b42c6e6fc5f197886169bf02f160a63e8c550b16482fdaebeae81a23f121d,retained
cnews:9947,9947,财经,44b69ce087c55e8a08845ee72cd27f02401e100713aa336be585398314265aa0,retained
cnews:9948,9948,财经,6a4b2f59f0c90cd70acd1c1177489693b0219f42ed821a3fac30a023b51e4119,retained
cnews:9949,9949,财经,2033fbb4dccaff08d22d58f9823b256842fced6d725c6ab475bb53fb3c8cb2d5,retained
cnews:9950,9950,财经,508ca17459fc0bae6aa624515f705870df3590f6e566aa6eb31e6fc75fa4530f,retained
cnews:9951,9951,财经,19bfa3398c881e7f9908762b96a3bc904786fb400f6c43afb98a3d30528f8ba8,retained
cnews:9952,9952,财经,86a9d349c3bffe6ecfde5e289f10093d63116690201f19666ed4e3fd87f676a8,retained
cnews:9953,9953,财经,1e9a4080fd9fb3a7bdf1ef014341271dd054810c1de0d928f3c2f1c8f02caf42,retained
cnews:9954,9954,财经,4365f9c2866c6f9c604b7c30810f0f4820d74ff500165e43e577f6a774d30597,retained
cnews:9955,9955,财经,8e130d39d0500f320203de9135aba779923e5e52dbf522a033ec90d6f10ef2a3,retained
cnews:9956,9956,财经,f4684157b9d3a0d9cc215e4e794118492645087fbbfff9cc7f13f819d76754c5,retained
cnews:9957,9957,财经,cfab561d3542bac3858f61a23746da46e85380fb96eddb9500a10aa4c1a1b63d,retained
cnews:9958,9958,财经,adaaa44b41d20b3269e479b552d640b362c5661ac4067695087ec8c1acb50f29,retained
cnews:9959,9959,财经,561927cc75d054bc8ab745954055f9c9a803cc6459b5f5e2c1fbe71ca98921cd,retained
cnews:9960,9960,财经,ba941e2494f8af37dde2ea48f32fffb9a6bab6c733509d0de34ec4179b069369,retained
cnews:9961,9961,财经,b722c6dcde7c9b58d870ff5cabcc14c004f84646dc818670ac9345c01411ccfe,retained
cnews:9962,9962,财经,5677ebb0637cfc552caf8a80e7b86cedc60916d6bf7208838748b6ec9a4934e5,retained
cnews:9963,9963,财经,59f87e24b92238ef391113afa295cbf1f13f73ef7d203fb468edad7ae879ee02,retained
cnews:9964,9964,财经,00d45b98f41348fca3ec971632e75f5fd6d14befb4688617ae19cfad593b6e28,retained
cnews:9965,9965,财经,5c644ace4cfa213fb8c79dcd7461f8f5cf9c35e8bca529a9c51933b4afc1d0d6,retained
cnews:9966,9966,财经,345462bfa429483c171608f69379ab42eadc4b96e81f7768b68a4c0227823106,retained
cnews:9967,9967,财经,2906a1a7ebea999db6c963a989b35c6e3e678e83f76215f17851bd2b70e5428b,retained
cnews:9968,9968,财经,65f23efeabf1897f1d60b7aa040ae90c904ab95705593532fc065e9382b7a4e2,retained
cnews:9969,9969,财经,70eca28030ad907196a82f5ab2295593201bb0b34730e032f4ce64bb443bbf53,retained
cnews:9970,9970,财经,eaa0d59cc354e93fdbfa15ebfedcd8f4cdb7210d87a456558adbcfd23def3046,retained
cnews:9971,9971,财经,e75998f535c6108f38e3ffdbe5c00d73eeef5c64e5f69f5500e194680bb1393b,retained
cnews:9972,9972,财经,50cb77b39cd1e6a360af342fbf5f42a6ab7e865823bf6a9d371d565e27d64fb9,retained
cnews:9973,9973,财经,a3901e16dfc3046a30bb154a5f4de1b37d32b4e262f3f625db9cf7bbf8053605,retained
cnews:9974,9974,财经,f40fe12528f5183524ec28710e5e3de10e14e205a32a42d345ea4a1c39f42e78,retained
cnews:9975,9975,财经,a6b45fa006c8970c5e02d8d810b41a143c7015e31c095e0396c080ba3e728062,retained
cnews:9976,9976,财经,3798551c5493cc05207854a3323e3abc2d7262e92a80b868b262725497499122,retained
cnews:9977,9977,财经,60babf87b953fd8d12c310c58c4b66eb50e49b9df67ebfa659bb49927e6b76ff,retained
cnews:9978,9978,财经,677bbcb43f0d0a8b803c42432185f2feb7d7178085fe66ea916b6e50d87df45e,retained
cnews:9979,9979,财经,b10037812396153de82c84a213895e268046e7867b9be550e0571199eb9755c4,retained
cnews:9980,9980,财经,0e38a9ad1047f4ee457e28707a7d5b41942fd08c36d9d22f1315a75360036209,retained
cnews:9981,9981,财经,373856bac94a10b4bfa7de472f3c9f0b1291a9e58e9494db02064bb73b86cc21,retained
cnews:9982,9982,财经,25c1479523a123d2716b89277b909176688543570df50d55c9296a936d1760e2,retained
cnews:9983,9983,财经,400661129388773a4db545aa312828b1d3f2fdad344c546d4b33cc667e55f5b5,retained
cnews:9984,9984,财经,4652afbd207118cd3bb77a0d777d72d02793c064b605a58c63c4abe68f3cd72e,retained
cnews:9985,9985,财经,65fbd39eb0ea8973c0479f0c15dea8ade6a95d91fc29708db46ebefc50e83058,retained
cnews:9986,9986,财经,d5b2df09547b20cff6da7f4f5b0d420fa8cd937a9fc8dfd44d214a57e0cf8230,retained
cnews:9987,9987,财经,89c836ee879c6aa2a83d1fcdb96121e8eddf6c1b344e4e2038a6a090a688146c,retained
cnews:9988,9988,财经,d26b26d9f30292d639073a4b4d58111caf5d0515035b5634603d3869f5426450,retained
cnews:9989,9989,财经,a90b23ac349f8177e3c870a0aac4007097e3ea23ea6c9b701e9b4e0e65879ff1,short
cnews:9990,9990,财经,f565945dcd1a3b111defb84be424a039d2ff7c38e638d786b43d84e0ca9c3a68,retained
cnews:9991,9991,财经,0aa1c252bf9b5e42bb0ea55f5f2c0b62626e01954e514f44dda748919267d994,retained
cnews:9992,9992,财经,5d35170783dc323e6a7a151c5927409411aecef5bc37b5b769b6c0dc35615e42,retained
cnews:9993,9993,财经,6fd1964dfee9ecca8cf826a29743a7e563b787b0a2729598b1c314a843995f65,retained
cnews:9994,9994,财经,79146e0d12dace715b04f7230da3ca242642fbd1d5d1d83e86635f67a774a8d7,retained
cnews:9995,9995,财经,1f9be86c1aabea70cc327c097e9606218c2807362f8a910b2065f29d88593a0a,retained
cnews:9996,9996,财经,cecfe443480ee8cb15698b311089f9c613c5f206d9dd4f6dd019b7df1e8b4063,retained
cnews:9997,9997,财经,3acb18e7924c073d090b2441a1480d47ff4dcb1bdea7a50783c63d6bfcb8b7a7,retained
cnews:9998,9998,财经,caf7f74987f6058fb901d70378859e10a2b37f0b6cc7fa464ae63c5464380c8c,retained
cnews:9999,9999,财经,5a2a2891f90208a82fda685aad15682152faef8d4073053a59eb462d7e1bb04f,retained
